{"type":"FeatureCollection","features":[{"type":"Feature","geometry":{"type":"Point","coordinates":[75.56937,22.62229]},"properties":{"cell_id":"4524_15114","acq_date":"2026-04-21","frp":69.28,"bright_ti4":348.94,"daynight":"N","alert_type":"new_source_at_industrial_site","severity":1.0}},{"type":"Feature","geometry":{"type":"Point","coordinates":[79.50381,22.27203]},"properties":{"cell_id":"4454_15901","acq_date":"2026-04-13","frp":54.87,"bright_ti4":345.24,"daynight":"D","alert_type":"new_source_at_industrial_site","severity":1.0}},{"type":"Feature","geometry":{"type":"Point","coordinates":[82.61884,23.95729]},"properties":{"cell_id":"4791_16524","acq_date":"2026-04-14","frp":97.82,"bright_ti4":367.0,"daynight":"D","alert_type":"new_source_at_industrial_site","severity":1.0}},{"type":"Feature","geometry":{"type":"Point","coordinates":[82.62431,23.95334]},"properties":{"cell_id":"4791_16525","acq_date":"2026-04-14","frp":51.39,"bright_ti4":334.74,"daynight":"D","alert_type":"new_source_at_industrial_site","severity":1.0}},{"type":"Feature","geometry":{"type":"Point","coordinates":[72.6311,21.74516]},"properties":{"cell_id":"4349_14526","acq_date":"2026-03-27","frp":103.33,"bright_ti4":343.95,"daynight":"D","alert_type":"new_source_at_industrial_site","severity":1.0}},{"type":"Feature","geometry":{"type":"Point","coordinates":[92.85323,23.43699]},"properties":{"cell_id":"4687_18571","acq_date":"2026-03-06","frp":167.56,"bright_ti4":367.0,"daynight":"D","alert_type":"new_source_at_industrial_site","severity":1.0}},{"type":"Feature","geometry":{"type":"Point","coordinates":[92.85007,23.43309]},"properties":{"cell_id":"4687_18570","acq_date":"2026-03-06","frp":167.56,"bright_ti4":342.93,"daynight":"D","alert_type":"new_source_at_industrial_site","severity":1.0}},{"type":"Feature","geometry":{"type":"Point","coordinates":[79.44729,21.31506]},"properties":{"cell_id":"4263_15889","acq_date":"2026-04-11","frp":71.69,"bright_ti4":367.0,"daynight":"D","alert_type":"new_source_at_industrial_site","severity":1.0}},{"type":"Feature","geometry":{"type":"Point","coordinates":[82.6194,23.9528]},"properties":{"cell_id":"4791_16524","acq_date":"2026-04-14","frp":97.82,"bright_ti4":336.01,"daynight":"D","alert_type":"new_source_at_industrial_site","severity":1.0}},{"type":"Feature","geometry":{"type":"Point","coordinates":[92.84947,23.4364]},"properties":{"cell_id":"4687_18570","acq_date":"2026-03-06","frp":167.56,"bright_ti4":367.0,"daynight":"D","alert_type":"new_source_at_industrial_site","severity":1.0}},{"type":"Feature","geometry":{"type":"Point","coordinates":[79.37048,21.18932]},"properties":{"cell_id":"4238_15874","acq_date":"2026-04-21","frp":48.28,"bright_ti4":345.46,"daynight":"D","alert_type":"new_source_at_industrial_site","severity":0.9656}},{"type":"Feature","geometry":{"type":"Point","coordinates":[80.26688,13.13829]},"properties":{"cell_id":"2628_16053","acq_date":"2026-03-14","frp":48.23,"bright_ti4":367.0,"daynight":"D","alert_type":"new_source_at_industrial_site","severity":0.9646}},{"type":"Feature","geometry":{"type":"Point","coordinates":[92.7769,23.30634]},"properties":{"cell_id":"4661_18555","acq_date":"2026-03-06","frp":44.14,"bright_ti4":349.87,"daynight":"D","alert_type":"new_source_at_industrial_site","severity":0.8828}},{"type":"Feature","geometry":{"type":"Point","coordinates":[85.56017,23.79745]},"properties":{"cell_id":"4759_17112","acq_date":"2026-03-03","frp":42.64,"bright_ti4":349.23,"daynight":"D","alert_type":"new_source_at_industrial_site","severity":0.8528}},{"type":"Feature","geometry":{"type":"Point","coordinates":[82.62164,23.95958]},"properties":{"cell_id":"4792_16524","acq_date":"2026-04-14","frp":39.72,"bright_ti4":367.0,"daynight":"D","alert_type":"new_source_at_industrial_site","severity":0.7944}},{"type":"Feature","geometry":{"type":"Point","coordinates":[82.61674,23.95907]},"properties":{"cell_id":"4792_16523","acq_date":"2026-04-14","frp":39.72,"bright_ti4":311.37,"daynight":"D","alert_type":"new_source_at_industrial_site","severity":0.7944}},{"type":"Feature","geometry":{"type":"Point","coordinates":[72.76736,19.68245]},"properties":{"cell_id":"3936_14553","acq_date":"2026-02-02","frp":39.48,"bright_ti4":337.55,"daynight":"D","alert_type":"new_source_at_industrial_site","severity":0.7896}},{"type":"Feature","geometry":{"type":"Point","coordinates":[79.32284,21.32609]},"properties":{"cell_id":"4265_15865","acq_date":"2026-04-12","frp":39.42,"bright_ti4":367.0,"daynight":"D","alert_type":"new_source_at_industrial_site","severity":0.7884}},{"type":"Feature","geometry":{"type":"Point","coordinates":[78.07158,8.80808]},"properties":{"cell_id":"1762_15614","acq_date":"2026-04-18","frp":38.0,"bright_ti4":346.57,"daynight":"D","alert_type":"new_source_at_industrial_site","severity":0.76}},{"type":"Feature","geometry":{"type":"Point","coordinates":[82.13437,21.21685]},"properties":{"cell_id":"4243_16427","acq_date":"2026-01-17","frp":12.6,"bright_ti4":355.84,"daynight":"D","alert_type":"escalation_at_known_source","severity":0.7358}},{"type":"Feature","geometry":{"type":"Point","coordinates":[76.60249,12.35745]},"properties":{"cell_id":"2471_15320","acq_date":"2026-02-20","frp":36.03,"bright_ti4":341.28,"daynight":"D","alert_type":"new_source_at_industrial_site","severity":0.7206}},{"type":"Feature","geometry":{"type":"Point","coordinates":[77.26285,30.04536]},"properties":{"cell_id":"6009_15453","acq_date":"2026-04-26","frp":35.85,"bright_ti4":344.52,"daynight":"D","alert_type":"new_source_at_industrial_site","severity":0.717}},{"type":"Feature","geometry":{"type":"Point","coordinates":[79.32623,21.32243]},"properties":{"cell_id":"4264_15865","acq_date":"2026-04-12","frp":34.75,"bright_ti4":367.0,"daynight":"D","alert_type":"new_source_at_industrial_site","severity":0.695}},{"type":"Feature","geometry":{"type":"Point","coordinates":[78.07268,8.8058]},"properties":{"cell_id":"1761_15615","acq_date":"2026-04-18","frp":34.05,"bright_ti4":346.43,"daynight":"D","alert_type":"new_source_at_industrial_site","severity":0.681}},{"type":"Feature","geometry":{"type":"Point","coordinates":[80.26628,13.14183]},"properties":{"cell_id":"2628_16053","acq_date":"2026-03-14","frp":33.49,"bright_ti4":343.68,"daynight":"D","alert_type":"new_source_at_industrial_site","severity":0.6698}},{"type":"Feature","geometry":{"type":"Point","coordinates":[86.11111,22.75279]},"properties":{"cell_id":"4551_17222","acq_date":"2026-03-04","frp":32.29,"bright_ti4":349.5,"daynight":"D","alert_type":"new_source_at_industrial_site","severity":0.6458}},{"type":"Feature","geometry":{"type":"Point","coordinates":[72.91125,19.3633]},"properties":{"cell_id":"3873_14582","acq_date":"2026-02-19","frp":32.1,"bright_ti4":334.67,"daynight":"D","alert_type":"new_source_at_industrial_site","severity":0.642}},{"type":"Feature","geometry":{"type":"Point","coordinates":[82.60743,22.33113]},"properties":{"cell_id":"4466_16521","acq_date":"2026-03-05","frp":14.99,"bright_ti4":346.32,"daynight":"D","alert_type":"escalation_at_known_source","severity":0.6419}},{"type":"Feature","geometry":{"type":"Point","coordinates":[79.32082,21.32114]},"properties":{"cell_id":"4264_15864","acq_date":"2026-04-12","frp":32.09,"bright_ti4":349.66,"daynight":"D","alert_type":"new_source_at_industrial_site","severity":0.6418}},{"type":"Feature","geometry":{"type":"Point","coordinates":[77.09935,15.17817]},"properties":{"cell_id":"3036_15420","acq_date":"2026-02-15","frp":9.74,"bright_ti4":349.0,"daynight":"D","alert_type":"escalation_at_known_source","severity":0.6354}},{"type":"Feature","geometry":{"type":"Point","coordinates":[92.84631,23.43251]},"properties":{"cell_id":"4687_18569","acq_date":"2026-03-06","frp":31.68,"bright_ti4":330.03,"daynight":"D","alert_type":"new_source_at_industrial_site","severity":0.6336}},{"type":"Feature","geometry":{"type":"Point","coordinates":[76.74269,18.94737]},"properties":{"cell_id":"3789_15349","acq_date":"2026-04-23","frp":31.24,"bright_ti4":352.43,"daynight":"D","alert_type":"new_source_at_industrial_site","severity":0.6248}},{"type":"Feature","geometry":{"type":"Point","coordinates":[71.74913,21.15894]},"properties":{"cell_id":"4232_14350","acq_date":"2026-03-22","frp":30.61,"bright_ti4":345.74,"daynight":"D","alert_type":"new_source_at_industrial_site","severity":0.6122}},{"type":"Feature","geometry":{"type":"Point","coordinates":[68.88135,26.09177]},"properties":{"cell_id":"5218_13776","acq_date":"2026-01-31","frp":9.44,"bright_ti4":367.0,"daynight":"D","alert_type":"escalation_at_known_source","severity":0.597}},{"type":"Feature","geometry":{"type":"Point","coordinates":[81.59183,21.31046]},"properties":{"cell_id":"4262_16318","acq_date":"2026-04-20","frp":6.11,"bright_ti4":313.16,"daynight":"N","alert_type":"escalation_at_known_source","severity":0.5838}},{"type":"Feature","geometry":{"type":"Point","coordinates":[77.50228,12.98337]},"properties":{"cell_id":"2597_15500","acq_date":"2026-02-28","frp":29.16,"bright_ti4":367.0,"daynight":"D","alert_type":"new_source_at_industrial_site","severity":0.5832}},{"type":"Feature","geometry":{"type":"Point","coordinates":[80.27094,13.13896]},"properties":{"cell_id":"2628_16054","acq_date":"2026-03-14","frp":28.57,"bright_ti4":335.26,"daynight":"D","alert_type":"new_source_at_industrial_site","severity":0.5714}},{"type":"Feature","geometry":{"type":"Point","coordinates":[68.5843,25.3885]},"properties":{"cell_id":"5078_13717","acq_date":"2026-02-02","frp":17.13,"bright_ti4":339.1,"daynight":"D","alert_type":"escalation_at_known_source","severity":0.5643}},{"type":"Feature","geometry":{"type":"Point","coordinates":[75.73739,23.21315]},"properties":{"cell_id":"4643_15147","acq_date":"2026-04-10","frp":28.2,"bright_ti4":349.77,"daynight":"D","alert_type":"new_source_at_industrial_site","severity":0.564}},{"type":"Feature","geometry":{"type":"Point","coordinates":[77.96445,23.90108]},"properties":{"cell_id":"4780_15593","acq_date":"2026-04-24","frp":27.02,"bright_ti4":367.0,"daynight":"D","alert_type":"new_source_at_industrial_site","severity":0.5404}},{"type":"Feature","geometry":{"type":"Point","coordinates":[85.56155,23.79749]},"properties":{"cell_id":"4759_17112","acq_date":"2026-03-03","frp":26.62,"bright_ti4":344.99,"daynight":"D","alert_type":"new_source_at_industrial_site","severity":0.5324}},{"type":"Feature","geometry":{"type":"Point","coordinates":[80.35753,26.43469]},"properties":{"cell_id":"5287_16072","acq_date":"2026-04-22","frp":26.5,"bright_ti4":354.55,"daynight":"D","alert_type":"new_source_at_industrial_site","severity":0.53}},{"type":"Feature","geometry":{"type":"Point","coordinates":[71.73485,21.09862]},"properties":{"cell_id":"4220_14347","acq_date":"2026-02-18","frp":26.3,"bright_ti4":341.89,"daynight":"D","alert_type":"new_source_at_industrial_site","severity":0.526}},{"type":"Feature","geometry":{"type":"Point","coordinates":[81.59195,21.30924]},"properties":{"cell_id":"4262_16318","acq_date":"2026-04-17","frp":5.58,"bright_ti4":310.67,"daynight":"N","alert_type":"escalation_at_known_source","severity":0.5234}},{"type":"Feature","geometry":{"type":"Point","coordinates":[72.76142,21.71013]},"properties":{"cell_id":"4342_14552","acq_date":"2026-04-15","frp":25.79,"bright_ti4":352.87,"daynight":"D","alert_type":"new_source_at_industrial_site","severity":0.5158}},{"type":"Feature","geometry":{"type":"Point","coordinates":[83.12504,27.39006]},"properties":{"cell_id":"5478_16625","acq_date":"2026-04-11","frp":25.73,"bright_ti4":349.85,"daynight":"D","alert_type":"new_source_at_industrial_site","severity":0.5146}},{"type":"Feature","geometry":{"type":"Point","coordinates":[83.12933,27.3908]},"properties":{"cell_id":"5478_16626","acq_date":"2026-04-11","frp":25.73,"bright_ti4":367.0,"daynight":"D","alert_type":"new_source_at_industrial_site","severity":0.5146}},{"type":"Feature","geometry":{"type":"Point","coordinates":[75.58611,29.72316]},"properties":{"cell_id":"5945_15117","acq_date":"2026-04-27","frp":25.54,"bright_ti4":335.82,"daynight":"D","alert_type":"new_source_at_industrial_site","severity":0.5108}},{"type":"Feature","geometry":{"type":"Point","coordinates":[72.76318,21.71872]},"properties":{"cell_id":"4344_14553","acq_date":"2026-04-17","frp":25.49,"bright_ti4":349.88,"daynight":"D","alert_type":"new_source_at_industrial_site","severity":0.5098}},{"type":"Feature","geometry":{"type":"Point","coordinates":[72.54894,22.95942]},"properties":{"cell_id":"4592_14510","acq_date":"2026-03-04","frp":25.45,"bright_ti4":367.0,"daynight":"D","alert_type":"new_source_at_industrial_site","severity":0.509}},{"type":"Feature","geometry":{"type":"Point","coordinates":[75.67805,27.855]},"properties":{"cell_id":"5571_15136","acq_date":"2026-02-14","frp":25.18,"bright_ti4":346.17,"daynight":"D","alert_type":"new_source_at_industrial_site","severity":0.5036}},{"type":"Feature","geometry":{"type":"Point","coordinates":[75.04173,15.41312]},"properties":{"cell_id":"3083_15008","acq_date":"2026-03-16","frp":25.1,"bright_ti4":354.61,"daynight":"D","alert_type":"new_source_at_industrial_site","severity":0.502}},{"type":"Feature","geometry":{"type":"Point","coordinates":[81.90855,25.33377]},"properties":{"cell_id":"5067_16382","acq_date":"2026-04-26","frp":25.08,"bright_ti4":349.87,"daynight":"D","alert_type":"new_source_at_industrial_site","severity":0.5016}},{"type":"Feature","geometry":{"type":"Point","coordinates":[93.66691,24.58967]},"properties":{"cell_id":"4918_18733","acq_date":"2026-02-10","frp":24.84,"bright_ti4":333.95,"daynight":"D","alert_type":"new_source_at_industrial_site","severity":0.4968}},{"type":"Feature","geometry":{"type":"Point","coordinates":[73.1305,18.51347]},"properties":{"cell_id":"3703_14626","acq_date":"2026-03-14","frp":24.77,"bright_ti4":356.09,"daynight":"D","alert_type":"new_source_at_industrial_site","severity":0.4954}},{"type":"Feature","geometry":{"type":"Point","coordinates":[80.2472,13.19476]},"properties":{"cell_id":"2639_16049","acq_date":"2026-04-04","frp":24.76,"bright_ti4":346.88,"daynight":"D","alert_type":"new_source_at_industrial_site","severity":0.4952}},{"type":"Feature","geometry":{"type":"Point","coordinates":[76.91182,30.23428]},"properties":{"cell_id":"6047_15382","acq_date":"2026-04-22","frp":24.71,"bright_ti4":367.0,"daynight":"D","alert_type":"new_source_at_industrial_site","severity":0.4942}},{"type":"Feature","geometry":{"type":"Point","coordinates":[74.48864,16.72781]},"properties":{"cell_id":"3346_14898","acq_date":"2026-03-02","frp":24.68,"bright_ti4":339.94,"daynight":"N","alert_type":"new_source_at_industrial_site","severity":0.4936}},{"type":"Feature","geometry":{"type":"Point","coordinates":[70.42465,21.73388]},"properties":{"cell_id":"4347_14085","acq_date":"2026-03-30","frp":24.65,"bright_ti4":367.0,"daynight":"D","alert_type":"new_source_at_industrial_site","severity":0.493}},{"type":"Feature","geometry":{"type":"Point","coordinates":[84.12875,21.83277]},"properties":{"cell_id":"4367_16826","acq_date":"2026-02-21","frp":24.59,"bright_ti4":340.39,"daynight":"D","alert_type":"new_source_at_industrial_site","severity":0.4918}},{"type":"Feature","geometry":{"type":"Point","coordinates":[84.1332,21.82993]},"properties":{"cell_id":"4366_16827","acq_date":"2026-02-21","frp":24.59,"bright_ti4":336.98,"daynight":"D","alert_type":"new_source_at_industrial_site","severity":0.4918}},{"type":"Feature","geometry":{"type":"Point","coordinates":[83.84436,21.7581]},"properties":{"cell_id":"4352_16769","acq_date":"2026-04-25","frp":12.5,"bright_ti4":342.85,"daynight":"N","alert_type":"escalation_at_known_source","severity":0.4885}},{"type":"Feature","geometry":{"type":"Point","coordinates":[74.93521,31.61314]},"properties":{"cell_id":"6323_14987","acq_date":"2026-04-26","frp":24.34,"bright_ti4":347.51,"daynight":"D","alert_type":"new_source_at_industrial_site","severity":0.4868}},{"type":"Feature","geometry":{"type":"Point","coordinates":[81.67879,21.37518]},"properties":{"cell_id":"4275_16336","acq_date":"2026-04-17","frp":9.16,"bright_ti4":312.17,"daynight":"N","alert_type":"escalation_at_known_source","severity":0.4848}},{"type":"Feature","geometry":{"type":"Point","coordinates":[86.00617,20.96541]},"properties":{"cell_id":"4193_17201","acq_date":"2026-02-17","frp":16.64,"bright_ti4":340.56,"daynight":"D","alert_type":"escalation_at_known_source","severity":0.4839}},{"type":"Feature","geometry":{"type":"Point","coordinates":[86.20891,23.77743]},"properties":{"cell_id":"4755_17242","acq_date":"2026-04-10","frp":10.82,"bright_ti4":343.67,"daynight":"D","alert_type":"escalation_at_known_source","severity":0.4828}},{"type":"Feature","geometry":{"type":"Point","coordinates":[76.78545,15.1729]},"properties":{"cell_id":"3035_15357","acq_date":"2026-04-27","frp":5.11,"bright_ti4":308.85,"daynight":"N","alert_type":"escalation_at_known_source","severity":0.4816}},{"type":"Feature","geometry":{"type":"Point","coordinates":[77.65539,13.2456]},"properties":{"cell_id":"2649_15531","acq_date":"2026-02-06","frp":24.08,"bright_ti4":367.0,"daynight":"D","alert_type":"new_source_at_industrial_site","severity":0.4816}},{"type":"Feature","geometry":{"type":"Point","coordinates":[77.44992,12.70001]},"properties":{"cell_id":"2540_15490","acq_date":"2026-03-01","frp":23.91,"bright_ti4":356.62,"daynight":"D","alert_type":"new_source_at_industrial_site","severity":0.4782}},{"type":"Feature","geometry":{"type":"Point","coordinates":[77.45044,12.69586]},"properties":{"cell_id":"2539_15490","acq_date":"2026-03-01","frp":23.91,"bright_ti4":355.24,"daynight":"D","alert_type":"new_source_at_industrial_site","severity":0.4782}},{"type":"Feature","geometry":{"type":"Point","coordinates":[73.79244,18.4737]},"properties":{"cell_id":"3695_14758","acq_date":"2026-03-06","frp":23.83,"bright_ti4":348.59,"daynight":"D","alert_type":"new_source_at_industrial_site","severity":0.4766}},{"type":"Feature","geometry":{"type":"Point","coordinates":[85.17698,20.97344]},"properties":{"cell_id":"4195_17035","acq_date":"2026-02-08","frp":12.3,"bright_ti4":331.37,"daynight":"D","alert_type":"escalation_at_known_source","severity":0.4725}},{"type":"Feature","geometry":{"type":"Point","coordinates":[72.64748,21.10696]},"properties":{"cell_id":"4221_14529","acq_date":"2026-01-02","frp":46.92,"bright_ti4":345.8,"daynight":"D","alert_type":"escalation_at_known_source","severity":0.4717}},{"type":"Feature","geometry":{"type":"Point","coordinates":[68.56498,25.4014]},"properties":{"cell_id":"5080_13713","acq_date":"2026-01-05","frp":4.64,"bright_ti4":339.93,"daynight":"D","alert_type":"escalation_at_known_source","severity":0.4677}},{"type":"Feature","geometry":{"type":"Point","coordinates":[77.57351,13.25287]},"properties":{"cell_id":"2651_15515","acq_date":"2026-03-08","frp":23.37,"bright_ti4":354.46,"daynight":"D","alert_type":"new_source_at_industrial_site","severity":0.4674}},{"type":"Feature","geometry":{"type":"Point","coordinates":[83.72826,22.04159]},"properties":{"cell_id":"4408_16746","acq_date":"2026-02-15","frp":33.27,"bright_ti4":346.28,"daynight":"D","alert_type":"escalation_at_known_source","severity":0.4669}},{"type":"Feature","geometry":{"type":"Point","coordinates":[84.01994,21.76766]},"properties":{"cell_id":"4354_16804","acq_date":"2026-04-26","frp":8.75,"bright_ti4":341.67,"daynight":"D","alert_type":"escalation_at_known_source","severity":0.4636}},{"type":"Feature","geometry":{"type":"Point","coordinates":[84.84711,23.81044]},"properties":{"cell_id":"4762_16969","acq_date":"2026-04-27","frp":10.95,"bright_ti4":349.59,"daynight":"D","alert_type":"escalation_at_known_source","severity":0.4549}},{"type":"Feature","geometry":{"type":"Point","coordinates":[84.84206,23.80664]},"properties":{"cell_id":"4761_16968","acq_date":"2026-03-05","frp":5.5,"bright_ti4":339.29,"daynight":"D","alert_type":"escalation_at_known_source","severity":0.4524}},{"type":"Feature","geometry":{"type":"Point","coordinates":[77.92162,11.81027]},"properties":{"cell_id":"2362_15584","acq_date":"2026-04-19","frp":8.16,"bright_ti4":340.28,"daynight":"D","alert_type":"escalation_at_known_source","severity":0.4487}},{"type":"Feature","geometry":{"type":"Point","coordinates":[77.7621,13.05682]},"properties":{"cell_id":"2611_15552","acq_date":"2026-03-02","frp":22.34,"bright_ti4":347.9,"daynight":"D","alert_type":"new_source_at_industrial_site","severity":0.4468}},{"type":"Feature","geometry":{"type":"Point","coordinates":[80.05388,16.83287]},"properties":{"cell_id":"3367_16011","acq_date":"2026-04-07","frp":22.2,"bright_ti4":354.97,"daynight":"D","alert_type":"new_source_at_industrial_site","severity":0.444}},{"type":"Feature","geometry":{"type":"Point","coordinates":[76.76277,15.22599]},"properties":{"cell_id":"3045_15353","acq_date":"2026-04-03","frp":9.85,"bright_ti4":341.86,"daynight":"D","alert_type":"escalation_at_known_source","severity":0.4431}},{"type":"Feature","geometry":{"type":"Point","coordinates":[83.70744,27.30412]},"properties":{"cell_id":"5461_16741","acq_date":"2026-04-22","frp":22.15,"bright_ti4":367.0,"daynight":"D","alert_type":"new_source_at_industrial_site","severity":0.443}},{"type":"Feature","geometry":{"type":"Point","coordinates":[86.00687,20.96188]},"properties":{"cell_id":"4192_17201","acq_date":"2026-02-17","frp":16.64,"bright_ti4":340.08,"daynight":"D","alert_type":"escalation_at_known_source","severity":0.4422}},{"type":"Feature","geometry":{"type":"Point","coordinates":[71.06334,20.84635]},"properties":{"cell_id":"4169_14213","acq_date":"2026-03-17","frp":22.07,"bright_ti4":350.89,"daynight":"D","alert_type":"new_source_at_industrial_site","severity":0.4414}},{"type":"Feature","geometry":{"type":"Point","coordinates":[71.06389,20.84301]},"properties":{"cell_id":"4169_14213","acq_date":"2026-03-17","frp":22.07,"bright_ti4":345.58,"daynight":"D","alert_type":"new_source_at_industrial_site","severity":0.4414}},{"type":"Feature","geometry":{"type":"Point","coordinates":[85.5638,21.79773]},"properties":{"cell_id":"4360_17113","acq_date":"2026-02-06","frp":5.74,"bright_ti4":332.56,"daynight":"D","alert_type":"escalation_at_known_source","severity":0.4403}},{"type":"Feature","geometry":{"type":"Point","coordinates":[72.55029,22.96287]},"properties":{"cell_id":"4593_14510","acq_date":"2026-03-04","frp":21.96,"bright_ti4":367.0,"daynight":"D","alert_type":"new_source_at_industrial_site","severity":0.4392}},{"type":"Feature","geometry":{"type":"Point","coordinates":[77.09921,15.17442]},"properties":{"cell_id":"3035_15420","acq_date":"2026-04-24","frp":5.14,"bright_ti4":310.92,"daynight":"N","alert_type":"escalation_at_known_source","severity":0.4307}},{"type":"Feature","geometry":{"type":"Point","coordinates":[72.54012,21.67106]},"properties":{"cell_id":"4334_14508","acq_date":"2026-01-19","frp":21.44,"bright_ti4":340.59,"daynight":"D","alert_type":"new_source_at_industrial_site","severity":0.4288}},{"type":"Feature","geometry":{"type":"Point","coordinates":[82.6287,24.16287]},"properties":{"cell_id":"4833_16526","acq_date":"2026-04-26","frp":18.53,"bright_ti4":350.28,"daynight":"D","alert_type":"escalation_at_known_source","severity":0.4284}},{"type":"Feature","geometry":{"type":"Point","coordinates":[81.64242,21.37416]},"properties":{"cell_id":"4275_16328","acq_date":"2026-04-17","frp":6.79,"bright_ti4":305.57,"daynight":"N","alert_type":"escalation_at_known_source","severity":0.4235}},{"type":"Feature","geometry":{"type":"Point","coordinates":[81.66077,27.57058]},"properties":{"cell_id":"5514_16332","acq_date":"2026-04-13","frp":20.94,"bright_ti4":367.0,"daynight":"D","alert_type":"new_source_at_industrial_site","severity":0.4188}},{"type":"Feature","geometry":{"type":"Point","coordinates":[78.97356,29.2069]},"properties":{"cell_id":"5841_15795","acq_date":"2026-04-20","frp":20.84,"bright_ti4":349.97,"daynight":"D","alert_type":"new_source_at_industrial_site","severity":0.4168}},{"type":"Feature","geometry":{"type":"Point","coordinates":[79.08599,13.38902]},"properties":{"cell_id":"2678_15817","acq_date":"2026-04-10","frp":20.8,"bright_ti4":335.43,"daynight":"D","alert_type":"new_source_at_industrial_site","severity":0.416}},{"type":"Feature","geometry":{"type":"Point","coordinates":[79.08971,13.38968]},"properties":{"cell_id":"2678_15818","acq_date":"2026-04-10","frp":20.8,"bright_ti4":344.91,"daynight":"D","alert_type":"new_source_at_industrial_site","severity":0.416}},{"type":"Feature","geometry":{"type":"Point","coordinates":[75.13283,22.26402]},"properties":{"cell_id":"4453_15027","acq_date":"2026-04-25","frp":5.49,"bright_ti4":318.23,"daynight":"N","alert_type":"escalation_at_known_source","severity":0.4121}},{"type":"Feature","geometry":{"type":"Point","coordinates":[82.16781,19.10498]},"properties":{"cell_id":"3821_16434","acq_date":"2026-04-21","frp":12.23,"bright_ti4":333.52,"daynight":"D","alert_type":"escalation_at_known_source","severity":0.4098}},{"type":"Feature","geometry":{"type":"Point","coordinates":[79.47483,26.64046]},"properties":{"cell_id":"5328_15895","acq_date":"2026-02-17","frp":14.14,"bright_ti4":342.52,"daynight":"D","alert_type":"escalation_at_known_source","severity":0.4091}},{"type":"Feature","geometry":{"type":"Point","coordinates":[77.36154,16.30958]},"properties":{"cell_id":"3262_15472","acq_date":"2026-03-04","frp":20.45,"bright_ti4":354.66,"daynight":"D","alert_type":"new_source_at_industrial_site","severity":0.409}},{"type":"Feature","geometry":{"type":"Point","coordinates":[86.20911,23.78152]},"properties":{"cell_id":"4756_17242","acq_date":"2026-01-09","frp":19.52,"bright_ti4":354.42,"daynight":"D","alert_type":"escalation_at_known_source","severity":0.4086}},{"type":"Feature","geometry":{"type":"Point","coordinates":[82.53737,22.31818]},"properties":{"cell_id":"4464_16507","acq_date":"2026-04-18","frp":6.38,"bright_ti4":331.29,"daynight":"D","alert_type":"escalation_at_known_source","severity":0.4073}},{"type":"Feature","geometry":{"type":"Point","coordinates":[87.37148,25.03419]},"properties":{"cell_id":"5007_17474","acq_date":"2026-04-04","frp":9.88,"bright_ti4":336.14,"daynight":"D","alert_type":"escalation_at_known_source","severity":0.407}},{"type":"Feature","geometry":{"type":"Point","coordinates":[83.8396,21.75286]},"properties":{"cell_id":"4351_16768","acq_date":"2026-03-28","frp":7.89,"bright_ti4":320.61,"daynight":"N","alert_type":"escalation_at_known_source","severity":0.406}},{"type":"Feature","geometry":{"type":"Point","coordinates":[84.84725,23.81224]},"properties":{"cell_id":"4762_16969","acq_date":"2026-04-26","frp":9.92,"bright_ti4":344.46,"daynight":"D","alert_type":"escalation_at_known_source","severity":0.4055}},{"type":"Feature","geometry":{"type":"Point","coordinates":[76.70888,15.13704]},"properties":{"cell_id":"3027_15342","acq_date":"2026-03-29","frp":4.69,"bright_ti4":308.7,"daynight":"N","alert_type":"escalation_at_known_source","severity":0.4039}},{"type":"Feature","geometry":{"type":"Point","coordinates":[82.11301,21.63082]},"properties":{"cell_id":"4326_16423","acq_date":"2026-04-26","frp":6.06,"bright_ti4":312.29,"daynight":"N","alert_type":"escalation_at_known_source","severity":0.4025}},{"type":"Feature","geometry":{"type":"Point","coordinates":[85.26278,20.79213]},"properties":{"cell_id":"4158_17053","acq_date":"2026-04-09","frp":11.04,"bright_ti4":331.6,"daynight":"D","alert_type":"escalation_at_known_source","severity":0.4013}},{"type":"Feature","geometry":{"type":"Point","coordinates":[83.15105,17.96751]},"properties":{"cell_id":"3594_16630","acq_date":"2026-03-01","frp":5.84,"bright_ti4":298.39,"daynight":"N","alert_type":"escalation_at_known_source","severity":0.4011}},{"type":"Feature","geometry":{"type":"Point","coordinates":[79.31884,21.31325]},"properties":{"cell_id":"4263_15864","acq_date":"2026-04-16","frp":19.99,"bright_ti4":367.0,"daynight":"D","alert_type":"new_source_at_industrial_site","severity":0.3998}},{"type":"Feature","geometry":{"type":"Point","coordinates":[77.53861,23.0604]},"properties":{"cell_id":"4612_15508","acq_date":"2026-04-16","frp":19.98,"bright_ti4":348.0,"daynight":"N","alert_type":"new_source_at_industrial_site","severity":0.3996}},{"type":"Feature","geometry":{"type":"Point","coordinates":[73.43938,19.0385]},"properties":{"cell_id":"3808_14688","acq_date":"2026-03-23","frp":19.96,"bright_ti4":347.8,"daynight":"D","alert_type":"new_source_at_industrial_site","severity":0.3992}},{"type":"Feature","geometry":{"type":"Point","coordinates":[80.05818,16.83332]},"properties":{"cell_id":"3367_16012","acq_date":"2026-04-07","frp":19.94,"bright_ti4":352.47,"daynight":"D","alert_type":"new_source_at_industrial_site","severity":0.3988}},{"type":"Feature","geometry":{"type":"Point","coordinates":[82.16378,19.10431]},"properties":{"cell_id":"3821_16433","acq_date":"2026-04-21","frp":10.27,"bright_ti4":336.39,"daynight":"D","alert_type":"escalation_at_known_source","severity":0.3987}},{"type":"Feature","geometry":{"type":"Point","coordinates":[85.39259,23.64005]},"properties":{"cell_id":"4728_17079","acq_date":"2026-02-26","frp":4.06,"bright_ti4":335.7,"daynight":"D","alert_type":"escalation_at_known_source","severity":0.3975}},{"type":"Feature","geometry":{"type":"Point","coordinates":[87.28219,23.50806]},"properties":{"cell_id":"4702_17456","acq_date":"2026-03-15","frp":4.98,"bright_ti4":331.59,"daynight":"D","alert_type":"escalation_at_known_source","severity":0.3971}},{"type":"Feature","geometry":{"type":"Point","coordinates":[72.63411,21.10227]},"properties":{"cell_id":"4220_14527","acq_date":"2026-03-14","frp":28.38,"bright_ti4":352.29,"daynight":"N","alert_type":"escalation_at_known_source","severity":0.397}},{"type":"Feature","geometry":{"type":"Point","coordinates":[71.23779,21.58743]},"properties":{"cell_id":"4317_14248","acq_date":"2026-03-27","frp":19.84,"bright_ti4":348.69,"daynight":"D","alert_type":"new_source_at_industrial_site","severity":0.3968}},{"type":"Feature","geometry":{"type":"Point","coordinates":[86.20813,22.79858]},"properties":{"cell_id":"4560_17242","acq_date":"2026-02-17","frp":29.27,"bright_ti4":339.62,"daynight":"D","alert_type":"escalation_at_known_source","severity":0.3966}},{"type":"Feature","geometry":{"type":"Point","coordinates":[85.03671,21.08122]},"properties":{"cell_id":"4216_17007","acq_date":"2026-01-05","frp":13.55,"bright_ti4":345.41,"daynight":"D","alert_type":"escalation_at_known_source","severity":0.3953}},{"type":"Feature","geometry":{"type":"Point","coordinates":[87.08486,23.56158]},"properties":{"cell_id":"4712_17417","acq_date":"2026-04-17","frp":5.42,"bright_ti4":332.86,"daynight":"D","alert_type":"escalation_at_known_source","severity":0.3951}},{"type":"Feature","geometry":{"type":"Point","coordinates":[76.65656,15.17712]},"properties":{"cell_id":"3035_15331","acq_date":"2026-04-08","frp":11.43,"bright_ti4":350.04,"daynight":"D","alert_type":"escalation_at_known_source","severity":0.3935}},{"type":"Feature","geometry":{"type":"Point","coordinates":[72.31292,22.75201]},"properties":{"cell_id":"4550_14463","acq_date":"2026-03-30","frp":19.65,"bright_ti4":356.33,"daynight":"D","alert_type":"new_source_at_industrial_site","severity":0.393}},{"type":"Feature","geometry":{"type":"Point","coordinates":[82.16736,19.10221]},"properties":{"cell_id":"3820_16433","acq_date":"2026-03-05","frp":9.68,"bright_ti4":345.61,"daynight":"D","alert_type":"escalation_at_known_source","severity":0.3916}},{"type":"Feature","geometry":{"type":"Point","coordinates":[83.48969,21.87071]},"properties":{"cell_id":"4374_16698","acq_date":"2026-02-16","frp":19.58,"bright_ti4":342.91,"daynight":"D","alert_type":"new_source_at_industrial_site","severity":0.3916}},{"type":"Feature","geometry":{"type":"Point","coordinates":[86.39192,23.68147]},"properties":{"cell_id":"4736_17278","acq_date":"2026-04-07","frp":9.08,"bright_ti4":333.24,"daynight":"D","alert_type":"escalation_at_known_source","severity":0.3913}},{"type":"Feature","geometry":{"type":"Point","coordinates":[72.64845,21.10529]},"properties":{"cell_id":"4221_14530","acq_date":"2026-01-12","frp":44.56,"bright_ti4":343.5,"daynight":"D","alert_type":"escalation_at_known_source","severity":0.3908}},{"type":"Feature","geometry":{"type":"Point","coordinates":[86.43491,23.73878]},"properties":{"cell_id":"4748_17287","acq_date":"2026-04-21","frp":14.63,"bright_ti4":350.75,"daynight":"D","alert_type":"escalation_at_known_source","severity":0.3894}},{"type":"Feature","geometry":{"type":"Point","coordinates":[85.16782,20.96441]},"properties":{"cell_id":"4193_17034","acq_date":"2026-03-14","frp":12.02,"bright_ti4":345.63,"daynight":"D","alert_type":"escalation_at_known_source","severity":0.3885}},{"type":"Feature","geometry":{"type":"Point","coordinates":[86.01292,20.96961]},"properties":{"cell_id":"4194_17203","acq_date":"2026-02-03","frp":22.9,"bright_ti4":367.0,"daynight":"D","alert_type":"escalation_at_known_source","severity":0.3882}},{"type":"Feature","geometry":{"type":"Point","coordinates":[78.96822,21.33529]},"properties":{"cell_id":"4267_15794","acq_date":"2026-03-26","frp":11.56,"bright_ti4":349.0,"daynight":"D","alert_type":"escalation_at_known_source","severity":0.3882}},{"type":"Feature","geometry":{"type":"Point","coordinates":[87.30177,22.36769]},"properties":{"cell_id":"4474_17460","acq_date":"2026-04-15","frp":9.0,"bright_ti4":333.7,"daynight":"D","alert_type":"escalation_at_known_source","severity":0.388}},{"type":"Feature","geometry":{"type":"Point","coordinates":[73.80109,18.7854]},"properties":{"cell_id":"3757_14760","acq_date":"2026-02-04","frp":19.39,"bright_ti4":349.24,"daynight":"D","alert_type":"new_source_at_industrial_site","severity":0.3878}},{"type":"Feature","geometry":{"type":"Point","coordinates":[76.66785,11.42673]},"properties":{"cell_id":"2285_15334","acq_date":"2026-04-18","frp":19.38,"bright_ti4":340.76,"daynight":"D","alert_type":"new_source_at_industrial_site","severity":0.3876}},{"type":"Feature","geometry":{"type":"Point","coordinates":[81.65131,21.36418]},"properties":{"cell_id":"4273_16330","acq_date":"2026-04-25","frp":5.41,"bright_ti4":311.78,"daynight":"N","alert_type":"escalation_at_known_source","severity":0.3876}},{"type":"Feature","geometry":{"type":"Point","coordinates":[85.18642,20.96201]},"properties":{"cell_id":"4192_17037","acq_date":"2026-02-10","frp":12.76,"bright_ti4":339.54,"daynight":"D","alert_type":"escalation_at_known_source","severity":0.3843}},{"type":"Feature","geometry":{"type":"Point","coordinates":[76.96095,15.13463]},"properties":{"cell_id":"3027_15392","acq_date":"2026-03-15","frp":19.17,"bright_ti4":367.0,"daynight":"D","alert_type":"new_source_at_industrial_site","severity":0.3834}},{"type":"Feature","geometry":{"type":"Point","coordinates":[82.71162,24.20407]},"properties":{"cell_id":"4841_16542","acq_date":"2026-04-16","frp":7.97,"bright_ti4":344.24,"daynight":"D","alert_type":"escalation_at_known_source","severity":0.3815}},{"type":"Feature","geometry":{"type":"Point","coordinates":[83.29893,20.96237]},"properties":{"cell_id":"4192_16660","acq_date":"2026-03-14","frp":19.04,"bright_ti4":345.71,"daynight":"D","alert_type":"new_source_at_industrial_site","severity":0.3808}},{"type":"Feature","geometry":{"type":"Point","coordinates":[84.86504,22.21279]},"properties":{"cell_id":"4443_16973","acq_date":"2026-04-26","frp":9.8,"bright_ti4":344.95,"daynight":"D","alert_type":"escalation_at_known_source","severity":0.3791}},{"type":"Feature","geometry":{"type":"Point","coordinates":[84.84471,23.81035]},"properties":{"cell_id":"4762_16969","acq_date":"2026-04-25","frp":9.34,"bright_ti4":345.26,"daynight":"D","alert_type":"escalation_at_known_source","severity":0.3778}},{"type":"Feature","geometry":{"type":"Point","coordinates":[78.35782,22.69884]},"properties":{"cell_id":"4540_15672","acq_date":"2026-04-07","frp":18.84,"bright_ti4":367.0,"daynight":"D","alert_type":"new_source_at_industrial_site","severity":0.3768}},{"type":"Feature","geometry":{"type":"Point","coordinates":[77.62857,23.0157]},"properties":{"cell_id":"4603_15526","acq_date":"2026-04-16","frp":18.81,"bright_ti4":367.0,"daynight":"D","alert_type":"new_source_at_industrial_site","severity":0.3762}},{"type":"Feature","geometry":{"type":"Point","coordinates":[68.58433,25.38706]},"properties":{"cell_id":"5077_13717","acq_date":"2026-04-26","frp":8.56,"bright_ti4":367.0,"daynight":"D","alert_type":"escalation_at_known_source","severity":0.3702}},{"type":"Feature","geometry":{"type":"Point","coordinates":[79.17381,19.72267]},"properties":{"cell_id":"3945_15835","acq_date":"2026-04-22","frp":4.56,"bright_ti4":312.04,"daynight":"N","alert_type":"escalation_at_known_source","severity":0.369}},{"type":"Feature","geometry":{"type":"Point","coordinates":[86.32394,23.80455]},"properties":{"cell_id":"4761_17265","acq_date":"2026-04-15","frp":8.79,"bright_ti4":344.11,"daynight":"D","alert_type":"escalation_at_known_source","severity":0.3688}},{"type":"Feature","geometry":{"type":"Point","coordinates":[77.01685,13.55516]},"properties":{"cell_id":"2711_15403","acq_date":"2026-04-09","frp":7.23,"bright_ti4":340.03,"daynight":"D","alert_type":"escalation_at_known_source","severity":0.3658}},{"type":"Feature","geometry":{"type":"Point","coordinates":[77.10267,15.17776]},"properties":{"cell_id":"3036_15421","acq_date":"2026-04-24","frp":4.77,"bright_ti4":312.91,"daynight":"N","alert_type":"escalation_at_known_source","severity":0.3651}},{"type":"Feature","geometry":{"type":"Point","coordinates":[87.30132,22.36969]},"properties":{"cell_id":"4474_17460","acq_date":"2026-02-10","frp":8.56,"bright_ti4":333.66,"daynight":"D","alert_type":"escalation_at_known_source","severity":0.3641}},{"type":"Feature","geometry":{"type":"Point","coordinates":[84.01503,24.72334]},"properties":{"cell_id":"4945_16803","acq_date":"2026-04-19","frp":18.17,"bright_ti4":367.0,"daynight":"D","alert_type":"new_source_at_industrial_site","severity":0.3634}},{"type":"Feature","geometry":{"type":"Point","coordinates":[85.16782,20.96311]},"properties":{"cell_id":"4193_17034","acq_date":"2026-04-22","frp":11.39,"bright_ti4":342.42,"daynight":"D","alert_type":"escalation_at_known_source","severity":0.3628}},{"type":"Feature","geometry":{"type":"Point","coordinates":[84.86257,22.20893]},"properties":{"cell_id":"4442_16973","acq_date":"2026-04-16","frp":9.82,"bright_ti4":353.69,"daynight":"D","alert_type":"escalation_at_known_source","severity":0.3623}},{"type":"Feature","geometry":{"type":"Point","coordinates":[87.29748,22.36847]},"properties":{"cell_id":"4474_17459","acq_date":"2026-01-04","frp":8.2,"bright_ti4":328.27,"daynight":"D","alert_type":"escalation_at_known_source","severity":0.3617}},{"type":"Feature","geometry":{"type":"Point","coordinates":[86.34781,24.11391]},"properties":{"cell_id":"4823_17270","acq_date":"2026-03-26","frp":4.46,"bright_ti4":341.15,"daynight":"D","alert_type":"escalation_at_known_source","severity":0.3605}},{"type":"Feature","geometry":{"type":"Point","coordinates":[74.64163,15.79878]},"properties":{"cell_id":"3160_14928","acq_date":"2026-03-06","frp":18.0,"bright_ti4":350.21,"daynight":"D","alert_type":"new_source_at_industrial_site","severity":0.36}},{"type":"Feature","geometry":{"type":"Point","coordinates":[84.84541,23.80701]},"properties":{"cell_id":"4761_16969","acq_date":"2026-03-05","frp":4.38,"bright_ti4":337.77,"daynight":"D","alert_type":"escalation_at_known_source","severity":0.3593}},{"type":"Feature","geometry":{"type":"Point","coordinates":[83.70581,22.06469]},"properties":{"cell_id":"4413_16741","acq_date":"2026-04-17","frp":3.62,"bright_ti4":332.5,"daynight":"D","alert_type":"escalation_at_known_source","severity":0.3576}},{"type":"Feature","geometry":{"type":"Point","coordinates":[73.4246,19.13211]},"properties":{"cell_id":"3826_14685","acq_date":"2026-01-23","frp":17.86,"bright_ti4":355.27,"daynight":"D","alert_type":"new_source_at_industrial_site","severity":0.3572}},{"type":"Feature","geometry":{"type":"Point","coordinates":[73.42406,19.13548]},"properties":{"cell_id":"3827_14685","acq_date":"2026-01-23","frp":17.86,"bright_ti4":347.1,"daynight":"D","alert_type":"new_source_at_industrial_site","severity":0.3572}},{"type":"Feature","geometry":{"type":"Point","coordinates":[81.39226,21.18719]},"properties":{"cell_id":"4237_16278","acq_date":"2026-03-24","frp":7.95,"bright_ti4":341.77,"daynight":"D","alert_type":"escalation_at_known_source","severity":0.3564}},{"type":"Feature","geometry":{"type":"Point","coordinates":[85.17088,20.96611]},"properties":{"cell_id":"4193_17034","acq_date":"2026-02-08","frp":11.23,"bright_ti4":331.97,"daynight":"D","alert_type":"escalation_at_known_source","severity":0.3563}},{"type":"Feature","geometry":{"type":"Point","coordinates":[75.60966,22.57026]},"properties":{"cell_id":"4514_15122","acq_date":"2026-03-28","frp":17.73,"bright_ti4":367.0,"daynight":"D","alert_type":"new_source_at_industrial_site","severity":0.3546}},{"type":"Feature","geometry":{"type":"Point","coordinates":[79.47564,26.64259]},"properties":{"cell_id":"5329_15895","acq_date":"2026-02-17","frp":15.73,"bright_ti4":356.29,"daynight":"D","alert_type":"escalation_at_known_source","severity":0.3532}},{"type":"Feature","geometry":{"type":"Point","coordinates":[83.33377,27.18517]},"properties":{"cell_id":"5437_16667","acq_date":"2026-04-12","frp":17.61,"bright_ti4":357.02,"daynight":"D","alert_type":"new_source_at_industrial_site","severity":0.3522}},{"type":"Feature","geometry":{"type":"Point","coordinates":[70.10729,22.92753]},"properties":{"cell_id":"4586_14021","acq_date":"2026-04-26","frp":18.03,"bright_ti4":367.0,"daynight":"D","alert_type":"escalation_at_known_source","severity":0.3504}},{"type":"Feature","geometry":{"type":"Point","coordinates":[73.14486,19.53011]},"properties":{"cell_id":"3906_14629","acq_date":"2026-04-18","frp":17.48,"bright_ti4":350.61,"daynight":"D","alert_type":"new_source_at_industrial_site","severity":0.3496}},{"type":"Feature","geometry":{"type":"Point","coordinates":[76.86933,29.45973]},"properties":{"cell_id":"5892_15374","acq_date":"2026-03-03","frp":15.49,"bright_ti4":336.66,"daynight":"D","alert_type":"escalation_at_known_source","severity":0.3475}},{"type":"Feature","geometry":{"type":"Point","coordinates":[76.71161,15.13657]},"properties":{"cell_id":"3027_15342","acq_date":"2026-04-14","frp":4.14,"bright_ti4":311.89,"daynight":"N","alert_type":"escalation_at_known_source","severity":0.3463}},{"type":"Feature","geometry":{"type":"Point","coordinates":[79.11395,19.92092]},"properties":{"cell_id":"3984_15823","acq_date":"2026-04-23","frp":4.51,"bright_ti4":307.6,"daynight":"N","alert_type":"escalation_at_known_source","severity":0.3459}},{"type":"Feature","geometry":{"type":"Point","coordinates":[77.36369,16.31224]},"properties":{"cell_id":"3262_15473","acq_date":"2026-03-04","frp":17.25,"bright_ti4":343.57,"daynight":"D","alert_type":"new_source_at_industrial_site","severity":0.345}},{"type":"Feature","geometry":{"type":"Point","coordinates":[74.644,15.80165]},"properties":{"cell_id":"3160_14929","acq_date":"2026-03-06","frp":17.13,"bright_ti4":345.22,"daynight":"D","alert_type":"new_source_at_industrial_site","severity":0.3426}},{"type":"Feature","geometry":{"type":"Point","coordinates":[86.17122,20.9311]},"properties":{"cell_id":"4186_17234","acq_date":"2026-01-16","frp":17.12,"bright_ti4":347.29,"daynight":"D","alert_type":"new_source_at_industrial_site","severity":0.3424}},{"type":"Feature","geometry":{"type":"Point","coordinates":[86.17189,20.9276]},"properties":{"cell_id":"4186_17234","acq_date":"2026-01-16","frp":17.12,"bright_ti4":336.7,"daynight":"D","alert_type":"new_source_at_industrial_site","severity":0.3424}},{"type":"Feature","geometry":{"type":"Point","coordinates":[86.01111,20.96838]},"properties":{"cell_id":"4194_17202","acq_date":"2026-02-03","frp":17.07,"bright_ti4":345.94,"daynight":"D","alert_type":"escalation_at_known_source","severity":0.3406}},{"type":"Feature","geometry":{"type":"Point","coordinates":[73.39271,19.28255]},"properties":{"cell_id":"3857_14679","acq_date":"2026-03-14","frp":16.81,"bright_ti4":345.1,"daynight":"D","alert_type":"new_source_at_industrial_site","severity":0.3362}},{"type":"Feature","geometry":{"type":"Point","coordinates":[83.83947,21.77784]},"properties":{"cell_id":"4356_16768","acq_date":"2026-04-21","frp":4.86,"bright_ti4":317.2,"daynight":"N","alert_type":"escalation_at_known_source","severity":0.3355}},{"type":"Feature","geometry":{"type":"Point","coordinates":[84.36753,22.10198]},"properties":{"cell_id":"4420_16874","acq_date":"2026-03-14","frp":16.77,"bright_ti4":348.46,"daynight":"D","alert_type":"new_source_at_industrial_site","severity":0.3354}},{"type":"Feature","geometry":{"type":"Point","coordinates":[88.12489,22.06122]},"properties":{"cell_id":"4412_17625","acq_date":"2026-04-09","frp":10.53,"bright_ti4":354.32,"daynight":"N","alert_type":"escalation_at_known_source","severity":0.3348}},{"type":"Feature","geometry":{"type":"Point","coordinates":[77.35905,13.29597]},"properties":{"cell_id":"2659_15472","acq_date":"2026-03-05","frp":16.7,"bright_ti4":367.0,"daynight":"D","alert_type":"new_source_at_industrial_site","severity":0.334}},{"type":"Feature","geometry":{"type":"Point","coordinates":[86.34304,23.78303]},"properties":{"cell_id":"4757_17269","acq_date":"2026-03-30","frp":6.07,"bright_ti4":334.5,"daynight":"D","alert_type":"escalation_at_known_source","severity":0.3331}},{"type":"Feature","geometry":{"type":"Point","coordinates":[84.84209,23.80889]},"properties":{"cell_id":"4762_16968","acq_date":"2026-03-15","frp":6.56,"bright_ti4":337.53,"daynight":"N","alert_type":"escalation_at_known_source","severity":0.3324}},{"type":"Feature","geometry":{"type":"Point","coordinates":[82.6058,22.33285]},"properties":{"cell_id":"4467_16521","acq_date":"2026-03-04","frp":6.44,"bright_ti4":334.16,"daynight":"N","alert_type":"escalation_at_known_source","severity":0.3323}},{"type":"Feature","geometry":{"type":"Point","coordinates":[79.10071,11.18117]},"properties":{"cell_id":"2236_15820","acq_date":"2026-04-09","frp":3.64,"bright_ti4":307.65,"daynight":"N","alert_type":"escalation_at_known_source","severity":0.3282}},{"type":"Feature","geometry":{"type":"Point","coordinates":[79.81519,21.31987]},"properties":{"cell_id":"4264_15963","acq_date":"2026-04-24","frp":16.33,"bright_ti4":351.27,"daynight":"D","alert_type":"new_source_at_industrial_site","severity":0.3266}},{"type":"Feature","geometry":{"type":"Point","coordinates":[77.42953,12.88284]},"properties":{"cell_id":"2577_15486","acq_date":"2026-02-20","frp":16.26,"bright_ti4":342.01,"daynight":"D","alert_type":"new_source_at_industrial_site","severity":0.3252}},{"type":"Feature","geometry":{"type":"Point","coordinates":[79.3242,21.32279]},"properties":{"cell_id":"4265_15865","acq_date":"2026-04-23","frp":16.21,"bright_ti4":344.82,"daynight":"D","alert_type":"new_source_at_industrial_site","severity":0.3242}},{"type":"Feature","geometry":{"type":"Point","coordinates":[83.10724,27.41177]},"properties":{"cell_id":"5482_16621","acq_date":"2026-04-14","frp":16.18,"bright_ti4":345.13,"daynight":"D","alert_type":"new_source_at_industrial_site","severity":0.3236}},{"type":"Feature","geometry":{"type":"Point","coordinates":[72.24502,23.01342]},"properties":{"cell_id":"4603_14449","acq_date":"2026-04-23","frp":16.08,"bright_ti4":348.97,"daynight":"D","alert_type":"new_source_at_industrial_site","severity":0.3216}},{"type":"Feature","geometry":{"type":"Point","coordinates":[72.55199,22.95679]},"properties":{"cell_id":"4591_14510","acq_date":"2026-03-04","frp":16.0,"bright_ti4":367.0,"daynight":"D","alert_type":"new_source_at_industrial_site","severity":0.32}},{"type":"Feature","geometry":{"type":"Point","coordinates":[72.55147,22.96375]},"properties":{"cell_id":"4593_14510","acq_date":"2026-03-04","frp":16.0,"bright_ti4":347.44,"daynight":"D","alert_type":"new_source_at_industrial_site","severity":0.32}},{"type":"Feature","geometry":{"type":"Point","coordinates":[83.44608,27.37367]},"properties":{"cell_id":"5475_16689","acq_date":"2026-04-17","frp":16.0,"bright_ti4":353.67,"daynight":"D","alert_type":"new_source_at_industrial_site","severity":0.32}},{"type":"Feature","geometry":{"type":"Point","coordinates":[86.96279,20.82977]},"properties":{"cell_id":"4166_17393","acq_date":"2026-02-07","frp":15.19,"bright_ti4":343.43,"daynight":"D","alert_type":"escalation_at_known_source","severity":0.3153}},{"type":"Feature","geometry":{"type":"Point","coordinates":[72.8485,21.10046]},"properties":{"cell_id":"4220_14570","acq_date":"2026-01-08","frp":15.76,"bright_ti4":344.42,"daynight":"D","alert_type":"new_source_at_industrial_site","severity":0.3152}},{"type":"Feature","geometry":{"type":"Point","coordinates":[72.84921,21.09686]},"properties":{"cell_id":"4219_14570","acq_date":"2026-01-08","frp":15.76,"bright_ti4":336.17,"daynight":"D","alert_type":"new_source_at_industrial_site","severity":0.3152}},{"type":"Feature","geometry":{"type":"Point","coordinates":[71.16932,22.02316]},"properties":{"cell_id":"4405_14234","acq_date":"2026-04-16","frp":15.74,"bright_ti4":342.8,"daynight":"D","alert_type":"new_source_at_industrial_site","severity":0.3148}},{"type":"Feature","geometry":{"type":"Point","coordinates":[77.15691,28.72882]},"properties":{"cell_id":"5746_15431","acq_date":"2026-04-15","frp":2.59,"bright_ti4":306.14,"daynight":"N","alert_type":"escalation_at_known_source","severity":0.3142}},{"type":"Feature","geometry":{"type":"Point","coordinates":[75.81495,19.8793]},"properties":{"cell_id":"3976_15163","acq_date":"2026-04-20","frp":15.7,"bright_ti4":347.47,"daynight":"D","alert_type":"new_source_at_industrial_site","severity":0.314}},{"type":"Feature","geometry":{"type":"Point","coordinates":[84.12922,21.82874]},"properties":{"cell_id":"4366_16826","acq_date":"2026-02-21","frp":15.63,"bright_ti4":338.76,"daynight":"D","alert_type":"new_source_at_industrial_site","severity":0.3126}},{"type":"Feature","geometry":{"type":"Point","coordinates":[84.13312,21.82931]},"properties":{"cell_id":"4366_16827","acq_date":"2026-02-21","frp":15.63,"bright_ti4":337.23,"daynight":"D","alert_type":"new_source_at_industrial_site","severity":0.3126}},{"type":"Feature","geometry":{"type":"Point","coordinates":[76.69186,15.17371]},"properties":{"cell_id":"3035_15338","acq_date":"2026-04-19","frp":7.1,"bright_ti4":342.0,"daynight":"D","alert_type":"escalation_at_known_source","severity":0.3124}},{"type":"Feature","geometry":{"type":"Point","coordinates":[88.22095,22.8438]},"properties":{"cell_id":"4569_17644","acq_date":"2026-02-09","frp":15.61,"bright_ti4":367.0,"daynight":"D","alert_type":"new_source_at_industrial_site","severity":0.3122}},{"type":"Feature","geometry":{"type":"Point","coordinates":[93.66304,24.58874]},"properties":{"cell_id":"4918_18733","acq_date":"2026-02-10","frp":15.55,"bright_ti4":367.0,"daynight":"D","alert_type":"new_source_at_industrial_site","severity":0.311}},{"type":"Feature","geometry":{"type":"Point","coordinates":[93.6598,24.58796]},"properties":{"cell_id":"4918_18732","acq_date":"2026-02-10","frp":15.55,"bright_ti4":367.0,"daynight":"D","alert_type":"new_source_at_industrial_site","severity":0.311}},{"type":"Feature","geometry":{"type":"Point","coordinates":[93.66443,24.58289]},"properties":{"cell_id":"4917_18733","acq_date":"2026-02-10","frp":15.55,"bright_ti4":335.49,"daynight":"D","alert_type":"new_source_at_industrial_site","severity":0.311}},{"type":"Feature","geometry":{"type":"Point","coordinates":[77.49827,12.9829]},"properties":{"cell_id":"2597_15500","acq_date":"2026-02-28","frp":15.52,"bright_ti4":355.31,"daynight":"D","alert_type":"new_source_at_industrial_site","severity":0.3104}},{"type":"Feature","geometry":{"type":"Point","coordinates":[73.52765,18.11773]},"properties":{"cell_id":"3624_14706","acq_date":"2026-04-23","frp":15.49,"bright_ti4":342.6,"daynight":"D","alert_type":"new_source_at_industrial_site","severity":0.3098}},{"type":"Feature","geometry":{"type":"Point","coordinates":[77.7885,29.43991]},"properties":{"cell_id":"5888_15558","acq_date":"2026-04-10","frp":15.45,"bright_ti4":344.85,"daynight":"D","alert_type":"new_source_at_industrial_site","severity":0.309}},{"type":"Feature","geometry":{"type":"Point","coordinates":[76.08481,23.00432]},"properties":{"cell_id":"4601_15217","acq_date":"2026-04-05","frp":15.42,"bright_ti4":367.0,"daynight":"D","alert_type":"new_source_at_industrial_site","severity":0.3084}},{"type":"Feature","geometry":{"type":"Point","coordinates":[74.949,24.45087]},"properties":{"cell_id":"4890_14990","acq_date":"2026-04-23","frp":15.39,"bright_ti4":345.52,"daynight":"D","alert_type":"new_source_at_industrial_site","severity":0.3078}},{"type":"Feature","geometry":{"type":"Point","coordinates":[73.3644,18.39967]},"properties":{"cell_id":"3680_14673","acq_date":"2026-03-29","frp":15.37,"bright_ti4":339.67,"daynight":"D","alert_type":"new_source_at_industrial_site","severity":0.3074}},{"type":"Feature","geometry":{"type":"Point","coordinates":[77.35996,13.29696]},"properties":{"cell_id":"2659_15472","acq_date":"2026-03-05","frp":15.32,"bright_ti4":367.0,"daynight":"D","alert_type":"new_source_at_industrial_site","severity":0.3064}},{"type":"Feature","geometry":{"type":"Point","coordinates":[77.87015,13.10359]},"properties":{"cell_id":"2621_15574","acq_date":"2026-02-14","frp":15.28,"bright_ti4":340.89,"daynight":"D","alert_type":"new_source_at_industrial_site","severity":0.3056}},{"type":"Feature","geometry":{"type":"Point","coordinates":[72.65659,21.82518]},"properties":{"cell_id":"4365_14531","acq_date":"2026-04-12","frp":15.06,"bright_ti4":352.43,"daynight":"D","alert_type":"new_source_at_industrial_site","severity":0.3012}},{"type":"Feature","geometry":{"type":"Point","coordinates":[77.64163,23.01691]},"properties":{"cell_id":"4603_15528","acq_date":"2026-04-12","frp":14.81,"bright_ti4":332.95,"daynight":"D","alert_type":"new_source_at_industrial_site","severity":0.2962}},{"type":"Feature","geometry":{"type":"Point","coordinates":[72.76681,19.68622]},"properties":{"cell_id":"3937_14553","acq_date":"2026-02-02","frp":14.73,"bright_ti4":334.97,"daynight":"D","alert_type":"new_source_at_industrial_site","severity":0.2946}},{"type":"Feature","geometry":{"type":"Point","coordinates":[71.30251,19.34922]},"properties":{"cell_id":"3870_14261","acq_date":"2026-01-20","frp":18.15,"bright_ti4":367.0,"daynight":"N","alert_type":"escalation_at_known_source","severity":0.2936}},{"type":"Feature","geometry":{"type":"Point","coordinates":[83.55778,22.41644]},"properties":{"cell_id":"4483_16712","acq_date":"2026-03-03","frp":14.68,"bright_ti4":337.37,"daynight":"D","alert_type":"new_source_at_industrial_site","severity":0.2936}},{"type":"Feature","geometry":{"type":"Point","coordinates":[84.84304,23.80837]},"properties":{"cell_id":"4762_16969","acq_date":"2026-03-15","frp":7.56,"bright_ti4":350.95,"daynight":"D","alert_type":"escalation_at_known_source","severity":0.2926}},{"type":"Feature","geometry":{"type":"Point","coordinates":[78.44632,22.93674]},"properties":{"cell_id":"4587_15689","acq_date":"2026-04-04","frp":14.61,"bright_ti4":348.76,"daynight":"D","alert_type":"new_source_at_industrial_site","severity":0.2922}},{"type":"Feature","geometry":{"type":"Point","coordinates":[79.4802,26.64163]},"properties":{"cell_id":"5328_15896","acq_date":"2026-02-17","frp":14.14,"bright_ti4":328.11,"daynight":"D","alert_type":"escalation_at_known_source","severity":0.2906}},{"type":"Feature","geometry":{"type":"Point","coordinates":[78.06789,8.80757]},"properties":{"cell_id":"1762_15614","acq_date":"2026-04-18","frp":14.47,"bright_ti4":336.67,"daynight":"D","alert_type":"new_source_at_industrial_site","severity":0.2894}},{"type":"Feature","geometry":{"type":"Point","coordinates":[82.65718,24.14711]},"properties":{"cell_id":"4829_16531","acq_date":"2026-04-27","frp":7.73,"bright_ti4":337.96,"daynight":"D","alert_type":"escalation_at_known_source","severity":0.2886}},{"type":"Feature","geometry":{"type":"Point","coordinates":[86.17189,20.93165]},"properties":{"cell_id":"4186_17234","acq_date":"2026-01-16","frp":14.27,"bright_ti4":337.48,"daynight":"D","alert_type":"new_source_at_industrial_site","severity":0.2854}},{"type":"Feature","geometry":{"type":"Point","coordinates":[77.6542,13.24242]},"properties":{"cell_id":"2648_15531","acq_date":"2026-02-06","frp":14.22,"bright_ti4":367.0,"daynight":"D","alert_type":"new_source_at_industrial_site","severity":0.2844}},{"type":"Feature","geometry":{"type":"Point","coordinates":[77.92245,9.59174]},"properties":{"cell_id":"1918_15584","acq_date":"2026-03-28","frp":14.2,"bright_ti4":342.21,"daynight":"D","alert_type":"new_source_at_industrial_site","severity":0.284}},{"type":"Feature","geometry":{"type":"Point","coordinates":[76.86392,29.45847]},"properties":{"cell_id":"5892_15373","acq_date":"2026-03-02","frp":14.09,"bright_ti4":331.0,"daynight":"N","alert_type":"escalation_at_known_source","severity":0.2826}},{"type":"Feature","geometry":{"type":"Point","coordinates":[85.55688,23.79699]},"properties":{"cell_id":"4759_17111","acq_date":"2026-03-03","frp":14.12,"bright_ti4":338.65,"daynight":"D","alert_type":"new_source_at_industrial_site","severity":0.2824}},{"type":"Feature","geometry":{"type":"Point","coordinates":[70.72733,22.65437]},"properties":{"cell_id":"4531_14145","acq_date":"2026-03-25","frp":14.06,"bright_ti4":356.48,"daynight":"D","alert_type":"new_source_at_industrial_site","severity":0.2812}},{"type":"Feature","geometry":{"type":"Point","coordinates":[77.35873,16.30585]},"properties":{"cell_id":"3261_15472","acq_date":"2026-04-15","frp":5.19,"bright_ti4":309.76,"daynight":"N","alert_type":"escalation_at_known_source","severity":0.2812}},{"type":"Feature","geometry":{"type":"Point","coordinates":[83.70117,27.34854]},"properties":{"cell_id":"5470_16740","acq_date":"2026-04-21","frp":13.96,"bright_ti4":356.68,"daynight":"D","alert_type":"new_source_at_industrial_site","severity":0.2792}},{"type":"Feature","geometry":{"type":"Point","coordinates":[73.15086,19.13126]},"properties":{"cell_id":"3826_14630","acq_date":"2026-03-21","frp":13.96,"bright_ti4":367.0,"daynight":"D","alert_type":"new_source_at_industrial_site","severity":0.2792}},{"type":"Feature","geometry":{"type":"Point","coordinates":[83.70057,27.35188]},"properties":{"cell_id":"5470_16740","acq_date":"2026-04-21","frp":13.96,"bright_ti4":345.86,"daynight":"D","alert_type":"new_source_at_industrial_site","severity":0.2792}},{"type":"Feature","geometry":{"type":"Point","coordinates":[77.2466,29.42037]},"properties":{"cell_id":"5884_15449","acq_date":"2026-02-24","frp":13.94,"bright_ti4":340.92,"daynight":"D","alert_type":"new_source_at_industrial_site","severity":0.2788}},{"type":"Feature","geometry":{"type":"Point","coordinates":[77.62599,23.01615]},"properties":{"cell_id":"4603_15525","acq_date":"2026-04-16","frp":13.85,"bright_ti4":346.82,"daynight":"D","alert_type":"new_source_at_industrial_site","severity":0.277}},{"type":"Feature","geometry":{"type":"Point","coordinates":[77.1211,28.7681]},"properties":{"cell_id":"5754_15424","acq_date":"2026-04-25","frp":13.84,"bright_ti4":350.1,"daynight":"D","alert_type":"new_source_at_industrial_site","severity":0.2768}},{"type":"Feature","geometry":{"type":"Point","coordinates":[79.33232,19.96388]},"properties":{"cell_id":"3993_15866","acq_date":"2026-03-25","frp":3.81,"bright_ti4":330.25,"daynight":"N","alert_type":"escalation_at_known_source","severity":0.2767}},{"type":"Feature","geometry":{"type":"Point","coordinates":[77.56138,23.0828]},"properties":{"cell_id":"4617_15512","acq_date":"2026-04-18","frp":13.82,"bright_ti4":354.89,"daynight":"D","alert_type":"new_source_at_industrial_site","severity":0.2764}},{"type":"Feature","geometry":{"type":"Point","coordinates":[71.62181,18.97125]},"properties":{"cell_id":"3794_14324","acq_date":"2026-04-04","frp":7.11,"bright_ti4":341.32,"daynight":"N","alert_type":"escalation_at_known_source","severity":0.2755}},{"type":"Feature","geometry":{"type":"Point","coordinates":[75.04518,15.4126]},"properties":{"cell_id":"3083_15009","acq_date":"2026-03-16","frp":13.77,"bright_ti4":342.93,"daynight":"D","alert_type":"new_source_at_industrial_site","severity":0.2754}},{"type":"Feature","geometry":{"type":"Point","coordinates":[70.77171,21.92868]},"properties":{"cell_id":"4386_14154","acq_date":"2026-03-25","frp":13.72,"bright_ti4":334.98,"daynight":"D","alert_type":"new_source_at_industrial_site","severity":0.2744}},{"type":"Feature","geometry":{"type":"Point","coordinates":[76.86828,17.27419]},"properties":{"cell_id":"3455_15374","acq_date":"2026-04-08","frp":13.69,"bright_ti4":344.74,"daynight":"D","alert_type":"new_source_at_industrial_site","severity":0.2738}},{"type":"Feature","geometry":{"type":"Point","coordinates":[73.63247,18.72034]},"properties":{"cell_id":"3744_14726","acq_date":"2026-03-17","frp":13.66,"bright_ti4":348.94,"daynight":"D","alert_type":"new_source_at_industrial_site","severity":0.2732}},{"type":"Feature","geometry":{"type":"Point","coordinates":[80.14796,14.32906]},"properties":{"cell_id":"2866_16030","acq_date":"2026-03-02","frp":13.63,"bright_ti4":337.16,"daynight":"D","alert_type":"new_source_at_industrial_site","severity":0.2726}},{"type":"Feature","geometry":{"type":"Point","coordinates":[77.43101,13.29639]},"properties":{"cell_id":"2659_15486","acq_date":"2026-03-13","frp":13.57,"bright_ti4":346.0,"daynight":"D","alert_type":"new_source_at_industrial_site","severity":0.2714}},{"type":"Feature","geometry":{"type":"Point","coordinates":[79.32404,21.30982]},"properties":{"cell_id":"4262_15865","acq_date":"2026-04-16","frp":13.57,"bright_ti4":348.2,"daynight":"D","alert_type":"new_source_at_industrial_site","severity":0.2714}},{"type":"Feature","geometry":{"type":"Point","coordinates":[73.12286,19.64132]},"properties":{"cell_id":"3928_14625","acq_date":"2026-01-14","frp":13.56,"bright_ti4":343.37,"daynight":"D","alert_type":"new_source_at_industrial_site","severity":0.2712}},{"type":"Feature","geometry":{"type":"Point","coordinates":[73.12195,19.64567]},"properties":{"cell_id":"3929_14624","acq_date":"2026-01-14","frp":13.56,"bright_ti4":348.96,"daynight":"D","alert_type":"new_source_at_industrial_site","severity":0.2712}},{"type":"Feature","geometry":{"type":"Point","coordinates":[77.44677,23.22911]},"properties":{"cell_id":"4646_15489","acq_date":"2026-04-25","frp":13.54,"bright_ti4":332.2,"daynight":"N","alert_type":"new_source_at_industrial_site","severity":0.2708}},{"type":"Feature","geometry":{"type":"Point","coordinates":[77.44737,23.23241]},"properties":{"cell_id":"4646_15489","acq_date":"2026-04-25","frp":13.54,"bright_ti4":332.86,"daynight":"N","alert_type":"new_source_at_industrial_site","severity":0.2708}},{"type":"Feature","geometry":{"type":"Point","coordinates":[79.03652,13.19715]},"properties":{"cell_id":"2639_15807","acq_date":"2026-03-02","frp":13.51,"bright_ti4":356.1,"daynight":"D","alert_type":"new_source_at_industrial_site","severity":0.2702}},{"type":"Feature","geometry":{"type":"Point","coordinates":[78.20525,17.47337]},"properties":{"cell_id":"3495_15641","acq_date":"2026-02-10","frp":13.47,"bright_ti4":348.16,"daynight":"D","alert_type":"new_source_at_industrial_site","severity":0.2694}},{"type":"Feature","geometry":{"type":"Point","coordinates":[76.875,28.19828]},"properties":{"cell_id":"5640_15375","acq_date":"2026-04-22","frp":13.44,"bright_ti4":367.0,"daynight":"D","alert_type":"new_source_at_industrial_site","severity":0.2688}},{"type":"Feature","geometry":{"type":"Point","coordinates":[75.87944,30.24015]},"properties":{"cell_id":"6048_15176","acq_date":"2026-04-25","frp":13.43,"bright_ti4":344.32,"daynight":"D","alert_type":"new_source_at_industrial_site","severity":0.2686}},{"type":"Feature","geometry":{"type":"Point","coordinates":[73.52577,18.11679]},"properties":{"cell_id":"3623_14705","acq_date":"2026-04-23","frp":13.35,"bright_ti4":343.93,"daynight":"D","alert_type":"new_source_at_industrial_site","severity":0.267}},{"type":"Feature","geometry":{"type":"Point","coordinates":[73.79179,18.47761]},"properties":{"cell_id":"3696_14758","acq_date":"2026-03-06","frp":13.34,"bright_ti4":344.17,"daynight":"D","alert_type":"new_source_at_industrial_site","severity":0.2668}},{"type":"Feature","geometry":{"type":"Point","coordinates":[95.28778,27.05322]},"properties":{"cell_id":"5411_19058","acq_date":"2026-03-09","frp":13.32,"bright_ti4":357.25,"daynight":"D","alert_type":"new_source_at_industrial_site","severity":0.2664}},{"type":"Feature","geometry":{"type":"Point","coordinates":[78.0426,9.60007]},"properties":{"cell_id":"1920_15609","acq_date":"2026-04-23","frp":13.31,"bright_ti4":353.74,"daynight":"D","alert_type":"new_source_at_industrial_site","severity":0.2662}},{"type":"Feature","geometry":{"type":"Point","coordinates":[77.85712,12.79484]},"properties":{"cell_id":"2559_15571","acq_date":"2026-02-02","frp":13.23,"bright_ti4":344.41,"daynight":"D","alert_type":"new_source_at_industrial_site","severity":0.2646}},{"type":"Feature","geometry":{"type":"Point","coordinates":[79.86674,13.87261]},"properties":{"cell_id":"2775_15973","acq_date":"2026-03-31","frp":13.19,"bright_ti4":340.27,"daynight":"D","alert_type":"new_source_at_industrial_site","severity":0.2638}},{"type":"Feature","geometry":{"type":"Point","coordinates":[79.872,13.87359]},"properties":{"cell_id":"2775_15974","acq_date":"2026-03-31","frp":13.19,"bright_ti4":341.92,"daynight":"D","alert_type":"new_source_at_industrial_site","severity":0.2638}},{"type":"Feature","geometry":{"type":"Point","coordinates":[74.08403,17.74937]},"properties":{"cell_id":"3550_14817","acq_date":"2026-04-13","frp":13.19,"bright_ti4":349.5,"daynight":"D","alert_type":"new_source_at_industrial_site","severity":0.2638}},{"type":"Feature","geometry":{"type":"Point","coordinates":[83.49252,25.38538]},"properties":{"cell_id":"5077_16699","acq_date":"2026-04-24","frp":13.17,"bright_ti4":343.9,"daynight":"D","alert_type":"new_source_at_industrial_site","severity":0.2634}},{"type":"Feature","geometry":{"type":"Point","coordinates":[73.56309,19.62131]},"properties":{"cell_id":"3924_14713","acq_date":"2026-04-13","frp":13.1,"bright_ti4":344.91,"daynight":"D","alert_type":"new_source_at_industrial_site","severity":0.262}},{"type":"Feature","geometry":{"type":"Point","coordinates":[77.57858,22.99063]},"properties":{"cell_id":"4598_15516","acq_date":"2026-04-12","frp":13.09,"bright_ti4":345.91,"daynight":"D","alert_type":"new_source_at_industrial_site","severity":0.2618}},{"type":"Feature","geometry":{"type":"Point","coordinates":[83.93542,26.75808]},"properties":{"cell_id":"5352_16787","acq_date":"2026-04-21","frp":13.06,"bright_ti4":367.0,"daynight":"D","alert_type":"new_source_at_industrial_site","severity":0.2612}},{"type":"Feature","geometry":{"type":"Point","coordinates":[83.45428,21.05981]},"properties":{"cell_id":"4212_16691","acq_date":"2026-04-20","frp":13.05,"bright_ti4":348.88,"daynight":"D","alert_type":"new_source_at_industrial_site","severity":0.261}},{"type":"Feature","geometry":{"type":"Point","coordinates":[79.32613,21.32362]},"properties":{"cell_id":"4265_15865","acq_date":"2026-04-23","frp":13.03,"bright_ti4":353.21,"daynight":"D","alert_type":"new_source_at_industrial_site","severity":0.2606}},{"type":"Feature","geometry":{"type":"Point","coordinates":[73.36364,18.3972]},"properties":{"cell_id":"3679_14673","acq_date":"2026-03-29","frp":13.02,"bright_ti4":351.48,"daynight":"D","alert_type":"new_source_at_industrial_site","severity":0.2604}},{"type":"Feature","geometry":{"type":"Point","coordinates":[70.16918,23.19384]},"properties":{"cell_id":"4639_14034","acq_date":"2026-04-21","frp":13.0,"bright_ti4":367.0,"daynight":"D","alert_type":"new_source_at_industrial_site","severity":0.26}},{"type":"Feature","geometry":{"type":"Point","coordinates":[83.90947,24.09731]},"properties":{"cell_id":"4819_16782","acq_date":"2026-04-24","frp":12.99,"bright_ti4":367.0,"daynight":"D","alert_type":"new_source_at_industrial_site","severity":0.2598}},{"type":"Feature","geometry":{"type":"Point","coordinates":[83.90466,24.09693]},"properties":{"cell_id":"4819_16781","acq_date":"2026-04-24","frp":12.99,"bright_ti4":343.07,"daynight":"D","alert_type":"new_source_at_industrial_site","severity":0.2598}},{"type":"Feature","geometry":{"type":"Point","coordinates":[82.44212,24.24126]},"properties":{"cell_id":"4848_16488","acq_date":"2026-04-11","frp":12.98,"bright_ti4":340.8,"daynight":"D","alert_type":"new_source_at_industrial_site","severity":0.2596}},{"type":"Feature","geometry":{"type":"Point","coordinates":[84.37852,25.02983]},"properties":{"cell_id":"5006_16876","acq_date":"2026-04-25","frp":12.97,"bright_ti4":367.0,"daynight":"D","alert_type":"new_source_at_industrial_site","severity":0.2594}},{"type":"Feature","geometry":{"type":"Point","coordinates":[73.70093,24.3375]},"properties":{"cell_id":"4868_14740","acq_date":"2026-04-12","frp":12.94,"bright_ti4":348.63,"daynight":"D","alert_type":"new_source_at_industrial_site","severity":0.2588}},{"type":"Feature","geometry":{"type":"Point","coordinates":[83.55312,26.09773]},"properties":{"cell_id":"5220_16711","acq_date":"2026-04-21","frp":12.85,"bright_ti4":351.6,"daynight":"D","alert_type":"new_source_at_industrial_site","severity":0.257}},{"type":"Feature","geometry":{"type":"Point","coordinates":[69.86535,22.34177]},"properties":{"cell_id":"4468_13973","acq_date":"2026-02-25","frp":11.97,"bright_ti4":355.01,"daynight":"D","alert_type":"escalation_at_known_source","severity":0.256}},{"type":"Feature","geometry":{"type":"Point","coordinates":[75.5799,31.57813]},"properties":{"cell_id":"6316_15116","acq_date":"2026-04-27","frp":12.75,"bright_ti4":345.73,"daynight":"D","alert_type":"new_source_at_industrial_site","severity":0.255}},{"type":"Feature","geometry":{"type":"Point","coordinates":[77.43178,12.88178]},"properties":{"cell_id":"2576_15486","acq_date":"2026-01-20","frp":12.74,"bright_ti4":354.43,"daynight":"D","alert_type":"new_source_at_industrial_site","severity":0.2548}},{"type":"Feature","geometry":{"type":"Point","coordinates":[83.93482,26.76143]},"properties":{"cell_id":"5352_16787","acq_date":"2026-04-21","frp":12.74,"bright_ti4":351.2,"daynight":"D","alert_type":"new_source_at_industrial_site","severity":0.2548}},{"type":"Feature","geometry":{"type":"Point","coordinates":[77.15092,24.48178]},"properties":{"cell_id":"4896_15430","acq_date":"2026-01-28","frp":12.67,"bright_ti4":338.92,"daynight":"D","alert_type":"new_source_at_industrial_site","severity":0.2534}},{"type":"Feature","geometry":{"type":"Point","coordinates":[77.78058,27.98895]},"properties":{"cell_id":"5598_15556","acq_date":"2026-04-27","frp":12.65,"bright_ti4":353.87,"daynight":"D","alert_type":"new_source_at_industrial_site","severity":0.253}},{"type":"Feature","geometry":{"type":"Point","coordinates":[77.63427,22.98346]},"properties":{"cell_id":"4597_15527","acq_date":"2026-04-12","frp":12.65,"bright_ti4":367.0,"daynight":"D","alert_type":"new_source_at_industrial_site","severity":0.253}},{"type":"Feature","geometry":{"type":"Point","coordinates":[72.75314,21.90716]},"properties":{"cell_id":"4381_14551","acq_date":"2026-04-20","frp":12.6,"bright_ti4":350.68,"daynight":"D","alert_type":"new_source_at_industrial_site","severity":0.252}},{"type":"Feature","geometry":{"type":"Point","coordinates":[78.46808,9.58749]},"properties":{"cell_id":"1917_15694","acq_date":"2026-04-19","frp":12.59,"bright_ti4":348.39,"daynight":"D","alert_type":"new_source_at_industrial_site","severity":0.2518}},{"type":"Feature","geometry":{"type":"Point","coordinates":[76.76472,13.76199]},"properties":{"cell_id":"2752_15353","acq_date":"2026-03-06","frp":12.56,"bright_ti4":345.04,"daynight":"D","alert_type":"new_source_at_industrial_site","severity":0.2512}},{"type":"Feature","geometry":{"type":"Point","coordinates":[73.32082,18.77245]},"properties":{"cell_id":"3754_14664","acq_date":"2026-04-12","frp":12.54,"bright_ti4":352.53,"daynight":"D","alert_type":"new_source_at_industrial_site","severity":0.2508}},{"type":"Feature","geometry":{"type":"Point","coordinates":[74.07218,15.54443]},"properties":{"cell_id":"3109_14814","acq_date":"2026-01-27","frp":12.53,"bright_ti4":350.34,"daynight":"D","alert_type":"new_source_at_industrial_site","severity":0.2506}},{"type":"Feature","geometry":{"type":"Point","coordinates":[80.14516,13.30961]},"properties":{"cell_id":"2662_16029","acq_date":"2026-04-15","frp":12.48,"bright_ti4":341.24,"daynight":"D","alert_type":"new_source_at_industrial_site","severity":0.2496}},{"type":"Feature","geometry":{"type":"Point","coordinates":[77.80782,12.90252]},"properties":{"cell_id":"2581_15562","acq_date":"2026-03-07","frp":12.46,"bright_ti4":352.04,"daynight":"D","alert_type":"new_source_at_industrial_site","severity":0.2492}},{"type":"Feature","geometry":{"type":"Point","coordinates":[76.72691,28.76867]},"properties":{"cell_id":"5754_15345","acq_date":"2026-04-26","frp":12.41,"bright_ti4":356.52,"daynight":"D","alert_type":"new_source_at_industrial_site","severity":0.2482}},{"type":"Feature","geometry":{"type":"Point","coordinates":[77.82109,9.40666]},"properties":{"cell_id":"1881_15564","acq_date":"2026-04-25","frp":12.36,"bright_ti4":343.64,"daynight":"D","alert_type":"new_source_at_industrial_site","severity":0.2472}},{"type":"Feature","geometry":{"type":"Point","coordinates":[74.4892,16.72838]},"properties":{"cell_id":"3346_14898","acq_date":"2026-03-03","frp":12.36,"bright_ti4":344.4,"daynight":"D","alert_type":"new_source_at_industrial_site","severity":0.2472}},{"type":"Feature","geometry":{"type":"Point","coordinates":[78.0379,9.00653]},"properties":{"cell_id":"1801_15608","acq_date":"2026-04-19","frp":12.32,"bright_ti4":346.12,"daynight":"D","alert_type":"new_source_at_industrial_site","severity":0.2464}},{"type":"Feature","geometry":{"type":"Point","coordinates":[79.50364,18.89505]},"properties":{"cell_id":"3779_15901","acq_date":"2026-04-11","frp":12.25,"bright_ti4":345.33,"daynight":"D","alert_type":"new_source_at_industrial_site","severity":0.245}},{"type":"Feature","geometry":{"type":"Point","coordinates":[79.50258,18.89994]},"properties":{"cell_id":"3780_15901","acq_date":"2026-04-11","frp":12.25,"bright_ti4":348.42,"daynight":"D","alert_type":"new_source_at_industrial_site","severity":0.245}},{"type":"Feature","geometry":{"type":"Point","coordinates":[79.352,21.37444]},"properties":{"cell_id":"4275_15870","acq_date":"2026-04-26","frp":12.23,"bright_ti4":347.62,"daynight":"D","alert_type":"new_source_at_industrial_site","severity":0.2446}},{"type":"Feature","geometry":{"type":"Point","coordinates":[72.71786,19.7852]},"properties":{"cell_id":"3957_14544","acq_date":"2026-03-07","frp":12.22,"bright_ti4":350.11,"daynight":"D","alert_type":"new_source_at_industrial_site","severity":0.2444}},{"type":"Feature","geometry":{"type":"Point","coordinates":[86.91132,23.86016]},"properties":{"cell_id":"4772_17382","acq_date":"2026-01-12","frp":12.2,"bright_ti4":351.52,"daynight":"D","alert_type":"new_source_at_industrial_site","severity":0.244}},{"type":"Feature","geometry":{"type":"Point","coordinates":[82.54,22.0811]},"properties":{"cell_id":"4416_16508","acq_date":"2026-04-17","frp":12.19,"bright_ti4":341.18,"daynight":"D","alert_type":"new_source_at_industrial_site","severity":0.2438}},{"type":"Feature","geometry":{"type":"Point","coordinates":[73.07817,19.10157]},"properties":{"cell_id":"3820_14616","acq_date":"2026-03-03","frp":12.13,"bright_ti4":345.49,"daynight":"D","alert_type":"new_source_at_industrial_site","severity":0.2426}},{"type":"Feature","geometry":{"type":"Point","coordinates":[77.28747,13.06914]},"properties":{"cell_id":"2614_15457","acq_date":"2026-02-17","frp":12.07,"bright_ti4":367.0,"daynight":"D","alert_type":"new_source_at_industrial_site","severity":0.2414}},{"type":"Feature","geometry":{"type":"Point","coordinates":[73.38899,19.28333]},"properties":{"cell_id":"3857_14678","acq_date":"2026-03-14","frp":12.02,"bright_ti4":344.77,"daynight":"D","alert_type":"new_source_at_industrial_site","severity":0.2404}},{"type":"Feature","geometry":{"type":"Point","coordinates":[85.37984,22.13319]},"properties":{"cell_id":"4427_17076","acq_date":"2026-02-19","frp":2.47,"bright_ti4":297.76,"daynight":"N","alert_type":"escalation_at_known_source","severity":0.2403}},{"type":"Feature","geometry":{"type":"Point","coordinates":[86.3586,24.11621]},"properties":{"cell_id":"4823_17272","acq_date":"2026-04-26","frp":11.96,"bright_ti4":341.91,"daynight":"D","alert_type":"new_source_at_industrial_site","severity":0.2392}},{"type":"Feature","geometry":{"type":"Point","coordinates":[77.45303,13.0682]},"properties":{"cell_id":"2614_15491","acq_date":"2026-02-22","frp":11.93,"bright_ti4":356.7,"daynight":"D","alert_type":"new_source_at_industrial_site","severity":0.2386}},{"type":"Feature","geometry":{"type":"Point","coordinates":[77.55247,23.09526]},"properties":{"cell_id":"4619_15510","acq_date":"2026-04-14","frp":11.93,"bright_ti4":348.14,"daynight":"D","alert_type":"new_source_at_industrial_site","severity":0.2386}},{"type":"Feature","geometry":{"type":"Point","coordinates":[81.66422,27.56967]},"properties":{"cell_id":"5514_16333","acq_date":"2026-04-13","frp":11.9,"bright_ti4":356.27,"daynight":"D","alert_type":"new_source_at_industrial_site","severity":0.238}},{"type":"Feature","geometry":{"type":"Point","coordinates":[86.16287,20.92971]},"properties":{"cell_id":"4186_17233","acq_date":"2026-01-16","frp":11.89,"bright_ti4":333.6,"daynight":"D","alert_type":"new_source_at_industrial_site","severity":0.2378}},{"type":"Feature","geometry":{"type":"Point","coordinates":[77.91008,9.26096]},"properties":{"cell_id":"1852_15582","acq_date":"2026-04-14","frp":11.88,"bright_ti4":348.25,"daynight":"D","alert_type":"new_source_at_industrial_site","severity":0.2376}},{"type":"Feature","geometry":{"type":"Point","coordinates":[83.67089,26.0741]},"properties":{"cell_id":"5215_16734","acq_date":"2026-04-27","frp":11.87,"bright_ti4":347.9,"daynight":"D","alert_type":"new_source_at_industrial_site","severity":0.2374}},{"type":"Feature","geometry":{"type":"Point","coordinates":[79.93156,12.91926]},"properties":{"cell_id":"2584_15986","acq_date":"2026-03-25","frp":11.83,"bright_ti4":349.64,"daynight":"D","alert_type":"new_source_at_industrial_site","severity":0.2366}},{"type":"Feature","geometry":{"type":"Point","coordinates":[86.02988,25.41642]},"properties":{"cell_id":"5083_17206","acq_date":"2026-01-25","frp":11.82,"bright_ti4":339.93,"daynight":"D","alert_type":"new_source_at_industrial_site","severity":0.2364}},{"type":"Feature","geometry":{"type":"Point","coordinates":[83.93877,26.76199]},"properties":{"cell_id":"5352_16788","acq_date":"2026-04-21","frp":11.76,"bright_ti4":347.99,"daynight":"D","alert_type":"new_source_at_industrial_site","severity":0.2352}},{"type":"Feature","geometry":{"type":"Point","coordinates":[78.04443,9.60145]},"properties":{"cell_id":"1920_15609","acq_date":"2026-04-23","frp":11.73,"bright_ti4":344.77,"daynight":"D","alert_type":"new_source_at_industrial_site","severity":0.2346}},{"type":"Feature","geometry":{"type":"Point","coordinates":[75.0436,15.38338]},"properties":{"cell_id":"3077_15009","acq_date":"2026-03-09","frp":11.69,"bright_ti4":367.0,"daynight":"D","alert_type":"new_source_at_industrial_site","severity":0.2338}},{"type":"Feature","geometry":{"type":"Point","coordinates":[75.64141,31.66592]},"properties":{"cell_id":"6333_15128","acq_date":"2026-04-26","frp":11.66,"bright_ti4":349.25,"daynight":"D","alert_type":"new_source_at_industrial_site","severity":0.2332}},{"type":"Feature","geometry":{"type":"Point","coordinates":[85.45023,23.87687]},"properties":{"cell_id":"4775_17090","acq_date":"2026-03-26","frp":11.65,"bright_ti4":352.71,"daynight":"D","alert_type":"new_source_at_industrial_site","severity":0.233}},{"type":"Feature","geometry":{"type":"Point","coordinates":[76.74451,18.94682]},"properties":{"cell_id":"3789_15349","acq_date":"2026-04-24","frp":11.64,"bright_ti4":342.16,"daynight":"D","alert_type":"new_source_at_industrial_site","severity":0.2328}},{"type":"Feature","geometry":{"type":"Point","coordinates":[78.99158,15.91518]},"properties":{"cell_id":"3183_15798","acq_date":"2026-04-18","frp":11.57,"bright_ti4":352.57,"daynight":"D","alert_type":"new_source_at_industrial_site","severity":0.2314}},{"type":"Feature","geometry":{"type":"Point","coordinates":[77.90298,12.71317]},"properties":{"cell_id":"2543_15581","acq_date":"2026-03-13","frp":11.56,"bright_ti4":348.26,"daynight":"D","alert_type":"new_source_at_industrial_site","severity":0.2312}},{"type":"Feature","geometry":{"type":"Point","coordinates":[81.40279,21.20088]},"properties":{"cell_id":"4240_16281","acq_date":"2026-01-19","frp":11.54,"bright_ti4":343.89,"daynight":"D","alert_type":"new_source_at_industrial_site","severity":0.2308}},{"type":"Feature","geometry":{"type":"Point","coordinates":[80.30588,23.66924]},"properties":{"cell_id":"4734_16061","acq_date":"2026-04-15","frp":11.53,"bright_ti4":353.48,"daynight":"D","alert_type":"new_source_at_industrial_site","severity":0.2306}},{"type":"Feature","geometry":{"type":"Point","coordinates":[73.3736,19.02272]},"properties":{"cell_id":"3805_14675","acq_date":"2026-03-22","frp":11.51,"bright_ti4":350.37,"daynight":"D","alert_type":"new_source_at_industrial_site","severity":0.2302}},{"type":"Feature","geometry":{"type":"Point","coordinates":[77.85857,12.79482]},"properties":{"cell_id":"2559_15572","acq_date":"2026-02-02","frp":11.5,"bright_ti4":354.19,"daynight":"D","alert_type":"new_source_at_industrial_site","severity":0.23}},{"type":"Feature","geometry":{"type":"Point","coordinates":[72.55086,22.95591]},"properties":{"cell_id":"4591_14510","acq_date":"2026-03-04","frp":11.48,"bright_ti4":347.58,"daynight":"D","alert_type":"new_source_at_industrial_site","severity":0.2296}},{"type":"Feature","geometry":{"type":"Point","coordinates":[72.93216,18.85968]},"properties":{"cell_id":"3772_14586","acq_date":"2026-04-21","frp":11.47,"bright_ti4":340.44,"daynight":"D","alert_type":"new_source_at_industrial_site","severity":0.2294}},{"type":"Feature","geometry":{"type":"Point","coordinates":[77.80151,16.22787]},"properties":{"cell_id":"3246_15560","acq_date":"2026-03-03","frp":11.44,"bright_ti4":346.21,"daynight":"D","alert_type":"new_source_at_industrial_site","severity":0.2288}},{"type":"Feature","geometry":{"type":"Point","coordinates":[88.22168,22.8476]},"properties":{"cell_id":"4570_17644","acq_date":"2026-02-09","frp":11.43,"bright_ti4":367.0,"daynight":"D","alert_type":"new_source_at_industrial_site","severity":0.2286}},{"type":"Feature","geometry":{"type":"Point","coordinates":[83.40215,27.43732]},"properties":{"cell_id":"5487_16680","acq_date":"2026-04-21","frp":11.43,"bright_ti4":353.1,"daynight":"D","alert_type":"new_source_at_industrial_site","severity":0.2286}},{"type":"Feature","geometry":{"type":"Point","coordinates":[77.30186,14.796]},"properties":{"cell_id":"2959_15460","acq_date":"2026-04-24","frp":11.42,"bright_ti4":343.46,"daynight":"D","alert_type":"new_source_at_industrial_site","severity":0.2284}},{"type":"Feature","geometry":{"type":"Point","coordinates":[74.91524,30.22946]},"properties":{"cell_id":"6046_14983","acq_date":"2026-03-03","frp":11.4,"bright_ti4":347.49,"daynight":"D","alert_type":"new_source_at_industrial_site","severity":0.228}},{"type":"Feature","geometry":{"type":"Point","coordinates":[75.81364,19.87728]},"properties":{"cell_id":"3975_15163","acq_date":"2026-04-20","frp":11.38,"bright_ti4":343.28,"daynight":"D","alert_type":"new_source_at_industrial_site","severity":0.2276}},{"type":"Feature","geometry":{"type":"Point","coordinates":[72.90944,19.01525]},"properties":{"cell_id":"3803_14582","acq_date":"2026-03-21","frp":11.36,"bright_ti4":367.0,"daynight":"D","alert_type":"new_source_at_industrial_site","severity":0.2272}},{"type":"Feature","geometry":{"type":"Point","coordinates":[72.91015,19.01018]},"properties":{"cell_id":"3802_14582","acq_date":"2026-03-21","frp":11.36,"bright_ti4":351.52,"daynight":"D","alert_type":"new_source_at_industrial_site","severity":0.2272}},{"type":"Feature","geometry":{"type":"Point","coordinates":[74.93831,31.61691]},"properties":{"cell_id":"6323_14988","acq_date":"2026-04-24","frp":11.35,"bright_ti4":351.37,"daynight":"D","alert_type":"new_source_at_industrial_site","severity":0.227}},{"type":"Feature","geometry":{"type":"Point","coordinates":[81.40499,21.2013]},"properties":{"cell_id":"4240_16281","acq_date":"2026-01-18","frp":11.34,"bright_ti4":338.24,"daynight":"D","alert_type":"new_source_at_industrial_site","severity":0.2268}},{"type":"Feature","geometry":{"type":"Point","coordinates":[73.65268,18.71455]},"properties":{"cell_id":"3743_14731","acq_date":"2026-01-11","frp":11.33,"bright_ti4":346.47,"daynight":"D","alert_type":"new_source_at_industrial_site","severity":0.2266}},{"type":"Feature","geometry":{"type":"Point","coordinates":[76.00636,11.25994]},"properties":{"cell_id":"2252_15201","acq_date":"2026-02-04","frp":11.32,"bright_ti4":336.95,"daynight":"D","alert_type":"new_source_at_industrial_site","severity":0.2264}},{"type":"Feature","geometry":{"type":"Point","coordinates":[81.87634,21.46158]},"properties":{"cell_id":"4292_16375","acq_date":"2026-01-13","frp":11.28,"bright_ti4":339.58,"daynight":"D","alert_type":"new_source_at_industrial_site","severity":0.2256}},{"type":"Feature","geometry":{"type":"Point","coordinates":[87.87325,24.86617]},"properties":{"cell_id":"4973_17575","acq_date":"2026-04-05","frp":11.26,"bright_ti4":346.51,"daynight":"D","alert_type":"new_source_at_industrial_site","severity":0.2252}},{"type":"Feature","geometry":{"type":"Point","coordinates":[76.74483,18.9511]},"properties":{"cell_id":"3790_15349","acq_date":"2026-04-23","frp":11.25,"bright_ti4":340.32,"daynight":"D","alert_type":"new_source_at_industrial_site","severity":0.225}},{"type":"Feature","geometry":{"type":"Point","coordinates":[76.74545,18.94628]},"properties":{"cell_id":"3789_15349","acq_date":"2026-04-23","frp":11.25,"bright_ti4":344.98,"daynight":"D","alert_type":"new_source_at_industrial_site","severity":0.225}},{"type":"Feature","geometry":{"type":"Point","coordinates":[75.91433,22.82864]},"properties":{"cell_id":"4566_15183","acq_date":"2026-04-22","frp":11.24,"bright_ti4":349.07,"daynight":"D","alert_type":"new_source_at_industrial_site","severity":0.2248}},{"type":"Feature","geometry":{"type":"Point","coordinates":[78.75093,10.7945]},"properties":{"cell_id":"2159_15750","acq_date":"2026-03-09","frp":11.24,"bright_ti4":348.85,"daynight":"D","alert_type":"new_source_at_industrial_site","severity":0.2248}},{"type":"Feature","geometry":{"type":"Point","coordinates":[76.24372,31.55594]},"properties":{"cell_id":"6311_15249","acq_date":"2026-02-15","frp":11.2,"bright_ti4":330.45,"daynight":"D","alert_type":"new_source_at_industrial_site","severity":0.224}},{"type":"Feature","geometry":{"type":"Point","coordinates":[76.24443,31.55264]},"properties":{"cell_id":"6311_15249","acq_date":"2026-02-15","frp":11.2,"bright_ti4":354.15,"daynight":"D","alert_type":"new_source_at_industrial_site","severity":0.224}},{"type":"Feature","geometry":{"type":"Point","coordinates":[76.2404,31.55201]},"properties":{"cell_id":"6310_15248","acq_date":"2026-02-15","frp":11.2,"bright_ti4":335.51,"daynight":"D","alert_type":"new_source_at_industrial_site","severity":0.224}},{"type":"Feature","geometry":{"type":"Point","coordinates":[76.69771,12.15209]},"properties":{"cell_id":"2430_15340","acq_date":"2026-03-26","frp":11.18,"bright_ti4":353.84,"daynight":"D","alert_type":"new_source_at_industrial_site","severity":0.2236}},{"type":"Feature","geometry":{"type":"Point","coordinates":[79.59928,13.3061]},"properties":{"cell_id":"2661_15920","acq_date":"2026-02-27","frp":11.16,"bright_ti4":335.59,"daynight":"D","alert_type":"new_source_at_industrial_site","severity":0.2232}},{"type":"Feature","geometry":{"type":"Point","coordinates":[83.84579,21.74807]},"properties":{"cell_id":"4350_16769","acq_date":"2026-03-17","frp":11.16,"bright_ti4":349.4,"daynight":"D","alert_type":"new_source_at_industrial_site","severity":0.2232}},{"type":"Feature","geometry":{"type":"Point","coordinates":[83.84435,21.74963]},"properties":{"cell_id":"4350_16769","acq_date":"2026-03-30","frp":11.15,"bright_ti4":346.61,"daynight":"D","alert_type":"new_source_at_industrial_site","severity":0.223}},{"type":"Feature","geometry":{"type":"Point","coordinates":[78.75171,10.79011]},"properties":{"cell_id":"2158_15750","acq_date":"2026-03-09","frp":11.13,"bright_ti4":355.25,"daynight":"D","alert_type":"new_source_at_industrial_site","severity":0.2226}},{"type":"Feature","geometry":{"type":"Point","coordinates":[75.83406,19.84642]},"properties":{"cell_id":"3969_15167","acq_date":"2026-04-20","frp":11.1,"bright_ti4":343.06,"daynight":"D","alert_type":"new_source_at_industrial_site","severity":0.222}},{"type":"Feature","geometry":{"type":"Point","coordinates":[76.8916,11.99399]},"properties":{"cell_id":"2399_15378","acq_date":"2026-02-18","frp":11.08,"bright_ti4":343.73,"daynight":"D","alert_type":"new_source_at_industrial_site","severity":0.2216}},{"type":"Feature","geometry":{"type":"Point","coordinates":[75.47872,22.66351]},"properties":{"cell_id":"4533_15096","acq_date":"2026-04-04","frp":11.02,"bright_ti4":349.94,"daynight":"D","alert_type":"new_source_at_industrial_site","severity":0.2204}},{"type":"Feature","geometry":{"type":"Point","coordinates":[77.62069,23.01446]},"properties":{"cell_id":"4603_15524","acq_date":"2026-04-13","frp":11.02,"bright_ti4":348.1,"daynight":"D","alert_type":"new_source_at_industrial_site","severity":0.2204}},{"type":"Feature","geometry":{"type":"Point","coordinates":[77.76738,22.63264]},"properties":{"cell_id":"4527_15553","acq_date":"2026-04-05","frp":10.99,"bright_ti4":367.0,"daynight":"D","alert_type":"new_source_at_industrial_site","severity":0.2198}},{"type":"Feature","geometry":{"type":"Point","coordinates":[76.18384,31.18789]},"properties":{"cell_id":"6238_15237","acq_date":"2026-02-25","frp":10.97,"bright_ti4":333.19,"daynight":"D","alert_type":"new_source_at_industrial_site","severity":0.2194}},{"type":"Feature","geometry":{"type":"Point","coordinates":[76.0171,23.49462]},"properties":{"cell_id":"4699_15203","acq_date":"2026-04-11","frp":10.96,"bright_ti4":367.0,"daynight":"D","alert_type":"new_source_at_industrial_site","severity":0.2192}},{"type":"Feature","geometry":{"type":"Point","coordinates":[83.00105,24.22257]},"properties":{"cell_id":"4845_16600","acq_date":"2026-04-25","frp":10.89,"bright_ti4":348.95,"daynight":"D","alert_type":"new_source_at_industrial_site","severity":0.2178}},{"type":"Feature","geometry":{"type":"Point","coordinates":[74.66679,24.70798]},"properties":{"cell_id":"4942_14933","acq_date":"2026-04-23","frp":10.88,"bright_ti4":343.34,"daynight":"D","alert_type":"new_source_at_industrial_site","severity":0.2176}},{"type":"Feature","geometry":{"type":"Point","coordinates":[83.84455,21.74931]},"properties":{"cell_id":"4350_16769","acq_date":"2026-03-28","frp":10.86,"bright_ti4":367.0,"daynight":"D","alert_type":"new_source_at_industrial_site","severity":0.2172}},{"type":"Feature","geometry":{"type":"Point","coordinates":[73.02374,19.0917]},"properties":{"cell_id":"3818_14605","acq_date":"2026-01-24","frp":10.86,"bright_ti4":331.94,"daynight":"D","alert_type":"new_source_at_industrial_site","severity":0.2172}},{"type":"Feature","geometry":{"type":"Point","coordinates":[76.6854,12.18219]},"properties":{"cell_id":"2436_15337","acq_date":"2026-04-08","frp":10.86,"bright_ti4":345.79,"daynight":"D","alert_type":"new_source_at_industrial_site","severity":0.2172}},{"type":"Feature","geometry":{"type":"Point","coordinates":[76.92734,10.88704]},"properties":{"cell_id":"2177_15385","acq_date":"2026-03-23","frp":10.83,"bright_ti4":347.85,"daynight":"D","alert_type":"new_source_at_industrial_site","severity":0.2166}},{"type":"Feature","geometry":{"type":"Point","coordinates":[72.85223,21.26562]},"properties":{"cell_id":"4253_14570","acq_date":"2026-02-22","frp":10.77,"bright_ti4":367.0,"daynight":"D","alert_type":"new_source_at_industrial_site","severity":0.2154}},{"type":"Feature","geometry":{"type":"Point","coordinates":[79.818,12.88316]},"properties":{"cell_id":"2577_15964","acq_date":"2026-03-05","frp":10.75,"bright_ti4":347.67,"daynight":"D","alert_type":"new_source_at_industrial_site","severity":0.215}},{"type":"Feature","geometry":{"type":"Point","coordinates":[73.19226,18.88585]},"properties":{"cell_id":"3777_14638","acq_date":"2026-01-08","frp":10.72,"bright_ti4":347.5,"daynight":"D","alert_type":"new_source_at_industrial_site","severity":0.2144}},{"type":"Feature","geometry":{"type":"Point","coordinates":[76.39646,10.17142]},"properties":{"cell_id":"2034_15279","acq_date":"2026-04-02","frp":10.72,"bright_ti4":349.04,"daynight":"D","alert_type":"new_source_at_industrial_site","severity":0.2144}},{"type":"Feature","geometry":{"type":"Point","coordinates":[83.84827,21.74771]},"properties":{"cell_id":"4350_16770","acq_date":"2026-03-28","frp":10.72,"bright_ti4":347.48,"daynight":"D","alert_type":"new_source_at_industrial_site","severity":0.2144}},{"type":"Feature","geometry":{"type":"Point","coordinates":[82.43912,24.22772]},"properties":{"cell_id":"4846_16488","acq_date":"2026-04-24","frp":10.7,"bright_ti4":347.74,"daynight":"D","alert_type":"new_source_at_industrial_site","severity":0.214}},{"type":"Feature","geometry":{"type":"Point","coordinates":[72.90676,19.01496]},"properties":{"cell_id":"3803_14581","acq_date":"2026-03-21","frp":10.7,"bright_ti4":334.81,"daynight":"D","alert_type":"new_source_at_industrial_site","severity":0.214}},{"type":"Feature","geometry":{"type":"Point","coordinates":[77.14603,28.88236]},"properties":{"cell_id":"5776_15429","acq_date":"2026-04-21","frp":10.7,"bright_ti4":340.71,"daynight":"D","alert_type":"new_source_at_industrial_site","severity":0.214}},{"type":"Feature","geometry":{"type":"Point","coordinates":[83.84402,21.74888]},"properties":{"cell_id":"4350_16769","acq_date":"2026-04-04","frp":10.68,"bright_ti4":327.88,"daynight":"N","alert_type":"new_source_at_industrial_site","severity":0.2136}},{"type":"Feature","geometry":{"type":"Point","coordinates":[80.19312,12.63028]},"properties":{"cell_id":"2526_16039","acq_date":"2026-04-02","frp":10.66,"bright_ti4":349.86,"daynight":"D","alert_type":"new_source_at_industrial_site","severity":0.2132}},{"type":"Feature","geometry":{"type":"Point","coordinates":[83.57105,21.1656]},"properties":{"cell_id":"4233_16714","acq_date":"2026-01-06","frp":10.65,"bright_ti4":353.19,"daynight":"D","alert_type":"new_source_at_industrial_site","severity":0.213}},{"type":"Feature","geometry":{"type":"Point","coordinates":[92.34563,25.21338]},"properties":{"cell_id":"5043_18469","acq_date":"2026-03-06","frp":10.62,"bright_ti4":332.84,"daynight":"D","alert_type":"new_source_at_industrial_site","severity":0.2124}},{"type":"Feature","geometry":{"type":"Point","coordinates":[83.04553,24.20219]},"properties":{"cell_id":"4840_16609","acq_date":"2026-04-25","frp":10.6,"bright_ti4":349.04,"daynight":"D","alert_type":"new_source_at_industrial_site","severity":0.212}},{"type":"Feature","geometry":{"type":"Point","coordinates":[77.81782,9.68297]},"properties":{"cell_id":"1937_15564","acq_date":"2026-03-13","frp":10.59,"bright_ti4":346.27,"daynight":"D","alert_type":"new_source_at_industrial_site","severity":0.2118}},{"type":"Feature","geometry":{"type":"Point","coordinates":[78.75624,14.50701]},"properties":{"cell_id":"2901_15751","acq_date":"2026-04-11","frp":10.52,"bright_ti4":367.0,"daynight":"D","alert_type":"new_source_at_industrial_site","severity":0.2104}},{"type":"Feature","geometry":{"type":"Point","coordinates":[78.7574,14.50143]},"properties":{"cell_id":"2900_15751","acq_date":"2026-04-11","frp":10.52,"bright_ti4":367.0,"daynight":"D","alert_type":"new_source_at_industrial_site","severity":0.2104}},{"type":"Feature","geometry":{"type":"Point","coordinates":[78.75131,14.5026]},"properties":{"cell_id":"2901_15750","acq_date":"2026-04-05","frp":10.5,"bright_ti4":352.74,"daynight":"D","alert_type":"new_source_at_industrial_site","severity":0.21}},{"type":"Feature","geometry":{"type":"Point","coordinates":[77.06799,29.01444]},"properties":{"cell_id":"5803_15414","acq_date":"2026-04-25","frp":10.49,"bright_ti4":348.57,"daynight":"D","alert_type":"new_source_at_industrial_site","severity":0.2098}},{"type":"Feature","geometry":{"type":"Point","coordinates":[83.70513,27.34911]},"properties":{"cell_id":"5470_16741","acq_date":"2026-04-21","frp":10.45,"bright_ti4":348.2,"daynight":"D","alert_type":"new_source_at_industrial_site","severity":0.209}},{"type":"Feature","geometry":{"type":"Point","coordinates":[77.14867,24.48043]},"properties":{"cell_id":"4896_15430","acq_date":"2026-02-28","frp":10.42,"bright_ti4":349.74,"daynight":"D","alert_type":"new_source_at_industrial_site","severity":0.2084}},{"type":"Feature","geometry":{"type":"Point","coordinates":[73.79968,18.78277]},"properties":{"cell_id":"3757_14760","acq_date":"2026-02-04","frp":10.4,"bright_ti4":339.09,"daynight":"D","alert_type":"new_source_at_industrial_site","severity":0.208}},{"type":"Feature","geometry":{"type":"Point","coordinates":[73.79893,18.78661]},"properties":{"cell_id":"3757_14760","acq_date":"2026-02-04","frp":10.4,"bright_ti4":343.9,"daynight":"D","alert_type":"new_source_at_industrial_site","severity":0.208}},{"type":"Feature","geometry":{"type":"Point","coordinates":[75.03912,15.41191]},"properties":{"cell_id":"3082_15008","acq_date":"2026-03-16","frp":10.39,"bright_ti4":341.85,"daynight":"D","alert_type":"new_source_at_industrial_site","severity":0.2078}},{"type":"Feature","geometry":{"type":"Point","coordinates":[72.9321,18.85995]},"properties":{"cell_id":"3772_14586","acq_date":"2026-04-21","frp":10.36,"bright_ti4":367.0,"daynight":"D","alert_type":"new_source_at_industrial_site","severity":0.2072}},{"type":"Feature","geometry":{"type":"Point","coordinates":[84.16628,21.44264]},"properties":{"cell_id":"4289_16833","acq_date":"2026-01-11","frp":10.31,"bright_ti4":341.03,"daynight":"D","alert_type":"new_source_at_industrial_site","severity":0.2062}},{"type":"Feature","geometry":{"type":"Point","coordinates":[75.74594,29.12451]},"properties":{"cell_id":"5825_15149","acq_date":"2026-03-04","frp":10.22,"bright_ti4":341.97,"daynight":"D","alert_type":"new_source_at_industrial_site","severity":0.2044}},{"type":"Feature","geometry":{"type":"Point","coordinates":[83.86124,18.36787]},"properties":{"cell_id":"3674_16772","acq_date":"2026-04-05","frp":10.18,"bright_ti4":350.58,"daynight":"D","alert_type":"new_source_at_industrial_site","severity":0.2036}},{"type":"Feature","geometry":{"type":"Point","coordinates":[72.85242,21.26591]},"properties":{"cell_id":"4253_14570","acq_date":"2026-02-22","frp":10.18,"bright_ti4":357.4,"daynight":"D","alert_type":"new_source_at_industrial_site","severity":0.2036}},{"type":"Feature","geometry":{"type":"Point","coordinates":[79.1768,21.16853]},"properties":{"cell_id":"4234_15835","acq_date":"2026-04-15","frp":10.15,"bright_ti4":350.84,"daynight":"D","alert_type":"new_source_at_industrial_site","severity":0.203}},{"type":"Feature","geometry":{"type":"Point","coordinates":[81.33356,24.33044]},"properties":{"cell_id":"4866_16267","acq_date":"2026-04-23","frp":10.14,"bright_ti4":367.0,"daynight":"D","alert_type":"new_source_at_industrial_site","severity":0.2028}},{"type":"Feature","geometry":{"type":"Point","coordinates":[74.1362,20.28206]},"properties":{"cell_id":"4056_14827","acq_date":"2026-04-12","frp":10.12,"bright_ti4":344.64,"daynight":"D","alert_type":"new_source_at_industrial_site","severity":0.2024}},{"type":"Feature","geometry":{"type":"Point","coordinates":[76.96623,29.64685]},"properties":{"cell_id":"5929_15393","acq_date":"2026-04-22","frp":10.12,"bright_ti4":350.69,"daynight":"D","alert_type":"new_source_at_industrial_site","severity":0.2024}},{"type":"Feature","geometry":{"type":"Point","coordinates":[76.96593,29.65407]},"properties":{"cell_id":"5931_15393","acq_date":"2026-04-22","frp":10.12,"bright_ti4":343.81,"daynight":"D","alert_type":"new_source_at_industrial_site","severity":0.2024}},{"type":"Feature","geometry":{"type":"Point","coordinates":[87.14129,23.63173]},"properties":{"cell_id":"4726_17428","acq_date":"2026-02-28","frp":10.1,"bright_ti4":346.37,"daynight":"D","alert_type":"new_source_at_industrial_site","severity":0.202}},{"type":"Feature","geometry":{"type":"Point","coordinates":[83.36255,17.89518]},"properties":{"cell_id":"3579_16673","acq_date":"2026-02-12","frp":10.07,"bright_ti4":341.06,"daynight":"D","alert_type":"new_source_at_industrial_site","severity":0.2014}},{"type":"Feature","geometry":{"type":"Point","coordinates":[83.36364,17.89045]},"properties":{"cell_id":"3578_16673","acq_date":"2026-02-12","frp":10.07,"bright_ti4":340.98,"daynight":"D","alert_type":"new_source_at_industrial_site","severity":0.2014}},{"type":"Feature","geometry":{"type":"Point","coordinates":[73.11121,19.65423]},"properties":{"cell_id":"3931_14622","acq_date":"2026-04-25","frp":10.04,"bright_ti4":343.78,"daynight":"D","alert_type":"new_source_at_industrial_site","severity":0.2008}},{"type":"Feature","geometry":{"type":"Point","coordinates":[79.93661,12.93905]},"properties":{"cell_id":"2588_15987","acq_date":"2026-04-03","frp":10.01,"bright_ti4":340.23,"daynight":"D","alert_type":"new_source_at_industrial_site","severity":0.2002}},{"type":"Feature","geometry":{"type":"Point","coordinates":[80.236,18.07981]},"properties":{"cell_id":"3616_16047","acq_date":"2026-03-07","frp":10.0,"bright_ti4":352.16,"daynight":"D","alert_type":"new_source_at_industrial_site","severity":0.2}},{"type":"Feature","geometry":{"type":"Point","coordinates":[79.8187,12.88414]},"properties":{"cell_id":"2577_15964","acq_date":"2026-03-05","frp":9.99,"bright_ti4":338.34,"daynight":"D","alert_type":"new_source_at_industrial_site","severity":0.1998}},{"type":"Feature","geometry":{"type":"Point","coordinates":[72.80554,21.10775]},"properties":{"cell_id":"4222_14561","acq_date":"2026-03-24","frp":9.98,"bright_ti4":345.48,"daynight":"N","alert_type":"new_source_at_industrial_site","severity":0.1996}},{"type":"Feature","geometry":{"type":"Point","coordinates":[77.26366,30.04187]},"properties":{"cell_id":"6008_15453","acq_date":"2026-04-26","frp":9.97,"bright_ti4":342.07,"daynight":"D","alert_type":"new_source_at_industrial_site","severity":0.1994}},{"type":"Feature","geometry":{"type":"Point","coordinates":[77.76034,22.67272]},"properties":{"cell_id":"4535_15552","acq_date":"2026-04-01","frp":9.96,"bright_ti4":344.42,"daynight":"D","alert_type":"new_source_at_industrial_site","severity":0.1992}},{"type":"Feature","geometry":{"type":"Point","coordinates":[83.84444,21.7482]},"properties":{"cell_id":"4350_16769","acq_date":"2026-03-29","frp":9.95,"bright_ti4":338.76,"daynight":"N","alert_type":"new_source_at_industrial_site","severity":0.199}},{"type":"Feature","geometry":{"type":"Point","coordinates":[84.98758,24.93906]},"properties":{"cell_id":"4988_16998","acq_date":"2026-04-15","frp":9.94,"bright_ti4":344.13,"daynight":"D","alert_type":"new_source_at_industrial_site","severity":0.1988}},{"type":"Feature","geometry":{"type":"Point","coordinates":[80.08696,13.41425]},"properties":{"cell_id":"2683_16017","acq_date":"2026-04-21","frp":9.93,"bright_ti4":356.43,"daynight":"D","alert_type":"new_source_at_industrial_site","severity":0.1986}},{"type":"Feature","geometry":{"type":"Point","coordinates":[73.6783,18.80044]},"properties":{"cell_id":"3760_14736","acq_date":"2026-03-07","frp":9.91,"bright_ti4":347.73,"daynight":"D","alert_type":"new_source_at_industrial_site","severity":0.1982}},{"type":"Feature","geometry":{"type":"Point","coordinates":[77.96676,13.08569]},"properties":{"cell_id":"2617_15593","acq_date":"2026-04-24","frp":9.9,"bright_ti4":355.82,"daynight":"D","alert_type":"new_source_at_industrial_site","severity":0.198}},{"type":"Feature","geometry":{"type":"Point","coordinates":[81.27686,24.30685]},"properties":{"cell_id":"4861_16255","acq_date":"2026-04-25","frp":9.88,"bright_ti4":341.97,"daynight":"D","alert_type":"new_source_at_industrial_site","severity":0.1976}},{"type":"Feature","geometry":{"type":"Point","coordinates":[76.39757,10.17167]},"properties":{"cell_id":"2034_15280","acq_date":"2026-04-02","frp":9.87,"bright_ti4":348.3,"daynight":"D","alert_type":"new_source_at_industrial_site","severity":0.1974}},{"type":"Feature","geometry":{"type":"Point","coordinates":[75.04561,15.38318]},"properties":{"cell_id":"3077_15009","acq_date":"2026-03-09","frp":9.8,"bright_ti4":367.0,"daynight":"D","alert_type":"new_source_at_industrial_site","severity":0.196}},{"type":"Feature","geometry":{"type":"Point","coordinates":[77.50143,12.81061]},"properties":{"cell_id":"2562_15500","acq_date":"2026-04-24","frp":9.79,"bright_ti4":343.21,"daynight":"D","alert_type":"new_source_at_industrial_site","severity":0.1958}},{"type":"Feature","geometry":{"type":"Point","coordinates":[70.5993,21.7705]},"properties":{"cell_id":"4354_14120","acq_date":"2026-03-22","frp":9.79,"bright_ti4":338.09,"daynight":"D","alert_type":"new_source_at_industrial_site","severity":0.1958}},{"type":"Feature","geometry":{"type":"Point","coordinates":[73.11828,18.92484]},"properties":{"cell_id":"3785_14624","acq_date":"2026-04-16","frp":9.77,"bright_ti4":352.33,"daynight":"D","alert_type":"new_source_at_industrial_site","severity":0.1954}},{"type":"Feature","geometry":{"type":"Point","coordinates":[83.37236,21.86383]},"properties":{"cell_id":"4373_16674","acq_date":"2026-03-03","frp":9.74,"bright_ti4":347.3,"daynight":"D","alert_type":"new_source_at_industrial_site","severity":0.1948}},{"type":"Feature","geometry":{"type":"Point","coordinates":[81.65858,27.56821]},"properties":{"cell_id":"5514_16332","acq_date":"2026-04-13","frp":9.73,"bright_ti4":348.06,"daynight":"D","alert_type":"new_source_at_industrial_site","severity":0.1946}},{"type":"Feature","geometry":{"type":"Point","coordinates":[75.57133,22.62029]},"properties":{"cell_id":"4524_15114","acq_date":"2026-04-23","frp":9.7,"bright_ti4":346.12,"daynight":"D","alert_type":"new_source_at_industrial_site","severity":0.194}},{"type":"Feature","geometry":{"type":"Point","coordinates":[76.85616,29.40602]},"properties":{"cell_id":"5881_15371","acq_date":"2026-04-25","frp":9.7,"bright_ti4":339.47,"daynight":"D","alert_type":"new_source_at_industrial_site","severity":0.194}},{"type":"Feature","geometry":{"type":"Point","coordinates":[83.41515,19.24378]},"properties":{"cell_id":"3849_16683","acq_date":"2026-02-12","frp":9.7,"bright_ti4":341.74,"daynight":"D","alert_type":"new_source_at_industrial_site","severity":0.194}},{"type":"Feature","geometry":{"type":"Point","coordinates":[83.34303,21.9942]},"properties":{"cell_id":"4399_16669","acq_date":"2026-03-02","frp":9.7,"bright_ti4":367.0,"daynight":"D","alert_type":"new_source_at_industrial_site","severity":0.194}},{"type":"Feature","geometry":{"type":"Point","coordinates":[76.85554,29.40936]},"properties":{"cell_id":"5882_15371","acq_date":"2026-04-25","frp":9.7,"bright_ti4":339.97,"daynight":"D","alert_type":"new_source_at_industrial_site","severity":0.194}},{"type":"Feature","geometry":{"type":"Point","coordinates":[76.85957,29.40994]},"properties":{"cell_id":"5882_15372","acq_date":"2026-04-25","frp":9.7,"bright_ti4":351.61,"daynight":"D","alert_type":"new_source_at_industrial_site","severity":0.194}},{"type":"Feature","geometry":{"type":"Point","coordinates":[72.6549,21.746]},"properties":{"cell_id":"4349_14531","acq_date":"2026-04-19","frp":9.66,"bright_ti4":346.05,"daynight":"D","alert_type":"new_source_at_industrial_site","severity":0.1932}},{"type":"Feature","geometry":{"type":"Point","coordinates":[73.0896,19.50226]},"properties":{"cell_id":"3900_14618","acq_date":"2026-04-15","frp":9.66,"bright_ti4":338.62,"daynight":"D","alert_type":"new_source_at_industrial_site","severity":0.1932}},{"type":"Feature","geometry":{"type":"Point","coordinates":[72.29961,22.74478]},"properties":{"cell_id":"4549_14460","acq_date":"2026-04-02","frp":9.65,"bright_ti4":352.57,"daynight":"D","alert_type":"new_source_at_industrial_site","severity":0.193}},{"type":"Feature","geometry":{"type":"Point","coordinates":[86.01289,20.57388]},"properties":{"cell_id":"4115_17203","acq_date":"2026-01-31","frp":9.65,"bright_ti4":337.77,"daynight":"D","alert_type":"new_source_at_industrial_site","severity":0.193}},{"type":"Feature","geometry":{"type":"Point","coordinates":[73.12029,18.56729]},"properties":{"cell_id":"3713_14624","acq_date":"2026-03-09","frp":9.61,"bright_ti4":338.89,"daynight":"D","alert_type":"new_source_at_industrial_site","severity":0.1922}},{"type":"Feature","geometry":{"type":"Point","coordinates":[83.84383,21.74863]},"properties":{"cell_id":"4350_16769","acq_date":"2026-04-02","frp":9.56,"bright_ti4":367.0,"daynight":"D","alert_type":"new_source_at_industrial_site","severity":0.1912}},{"type":"Feature","geometry":{"type":"Point","coordinates":[76.17774,30.13471]},"properties":{"cell_id":"6027_15236","acq_date":"2026-04-26","frp":9.54,"bright_ti4":347.12,"daynight":"D","alert_type":"new_source_at_industrial_site","severity":0.1908}},{"type":"Feature","geometry":{"type":"Point","coordinates":[74.79877,18.038]},"properties":{"cell_id":"3608_14960","acq_date":"2026-03-27","frp":9.52,"bright_ti4":343.36,"daynight":"D","alert_type":"new_source_at_industrial_site","severity":0.1904}},{"type":"Feature","geometry":{"type":"Point","coordinates":[76.77776,15.56606]},"properties":{"cell_id":"3113_15356","acq_date":"2026-04-03","frp":9.49,"bright_ti4":349.97,"daynight":"D","alert_type":"new_source_at_industrial_site","severity":0.1898}},{"type":"Feature","geometry":{"type":"Point","coordinates":[73.67034,18.52253]},"properties":{"cell_id":"3705_14734","acq_date":"2026-03-23","frp":9.47,"bright_ti4":345.76,"daynight":"D","alert_type":"new_source_at_industrial_site","severity":0.1894}},{"type":"Feature","geometry":{"type":"Point","coordinates":[77.31877,8.127]},"properties":{"cell_id":"1625_15464","acq_date":"2026-01-26","frp":9.47,"bright_ti4":331.1,"daynight":"D","alert_type":"new_source_at_industrial_site","severity":0.1894}},{"type":"Feature","geometry":{"type":"Point","coordinates":[72.80553,21.09946]},"properties":{"cell_id":"4220_14561","acq_date":"2026-02-03","frp":9.47,"bright_ti4":337.59,"daynight":"D","alert_type":"new_source_at_industrial_site","severity":0.1894}},{"type":"Feature","geometry":{"type":"Point","coordinates":[73.86149,19.97296]},"properties":{"cell_id":"3995_14772","acq_date":"2026-04-17","frp":9.46,"bright_ti4":343.11,"daynight":"D","alert_type":"new_source_at_industrial_site","severity":0.1892}},{"type":"Feature","geometry":{"type":"Point","coordinates":[83.4936,25.38679]},"properties":{"cell_id":"5077_16699","acq_date":"2026-04-24","frp":9.44,"bright_ti4":339.37,"daynight":"D","alert_type":"new_source_at_industrial_site","severity":0.1888}},{"type":"Feature","geometry":{"type":"Point","coordinates":[94.07724,26.7123]},"properties":{"cell_id":"5342_18815","acq_date":"2026-03-07","frp":9.44,"bright_ti4":351.52,"daynight":"D","alert_type":"new_source_at_industrial_site","severity":0.1888}},{"type":"Feature","geometry":{"type":"Point","coordinates":[78.68047,17.27027]},"properties":{"cell_id":"3454_15736","acq_date":"2026-04-14","frp":9.39,"bright_ti4":347.69,"daynight":"D","alert_type":"new_source_at_industrial_site","severity":0.1878}},{"type":"Feature","geometry":{"type":"Point","coordinates":[83.45816,27.37055]},"properties":{"cell_id":"5474_16692","acq_date":"2026-04-11","frp":9.36,"bright_ti4":344.15,"daynight":"D","alert_type":"new_source_at_industrial_site","severity":0.1872}},{"type":"Feature","geometry":{"type":"Point","coordinates":[77.89867,9.25434]},"properties":{"cell_id":"1851_15580","acq_date":"2026-04-13","frp":9.34,"bright_ti4":339.81,"daynight":"D","alert_type":"new_source_at_industrial_site","severity":0.1868}},{"type":"Feature","geometry":{"type":"Point","coordinates":[73.84011,15.54276]},"properties":{"cell_id":"3109_14768","acq_date":"2026-04-13","frp":9.32,"bright_ti4":351.61,"daynight":"D","alert_type":"new_source_at_industrial_site","severity":0.1864}},{"type":"Feature","geometry":{"type":"Point","coordinates":[83.84753,21.74945]},"properties":{"cell_id":"4350_16770","acq_date":"2026-04-18","frp":9.32,"bright_ti4":331.47,"daynight":"D","alert_type":"new_source_at_industrial_site","severity":0.1864}},{"type":"Feature","geometry":{"type":"Point","coordinates":[82.61829,23.96179]},"properties":{"cell_id":"4792_16524","acq_date":"2026-04-14","frp":9.31,"bright_ti4":354.75,"daynight":"D","alert_type":"new_source_at_industrial_site","severity":0.1862}},{"type":"Feature","geometry":{"type":"Point","coordinates":[81.32578,24.33228]},"properties":{"cell_id":"4866_16265","acq_date":"2026-04-22","frp":9.28,"bright_ti4":352.69,"daynight":"N","alert_type":"new_source_at_industrial_site","severity":0.1856}},{"type":"Feature","geometry":{"type":"Point","coordinates":[81.3308,24.33176]},"properties":{"cell_id":"4866_16266","acq_date":"2026-04-22","frp":9.28,"bright_ti4":335.1,"daynight":"N","alert_type":"new_source_at_industrial_site","severity":0.1856}},{"type":"Feature","geometry":{"type":"Point","coordinates":[83.84486,21.7486]},"properties":{"cell_id":"4350_16769","acq_date":"2026-04-03","frp":9.26,"bright_ti4":351.49,"daynight":"D","alert_type":"new_source_at_industrial_site","severity":0.1852}},{"type":"Feature","geometry":{"type":"Point","coordinates":[72.99664,24.6866]},"properties":{"cell_id":"4937_14599","acq_date":"2026-04-22","frp":9.21,"bright_ti4":347.68,"daynight":"D","alert_type":"new_source_at_industrial_site","severity":0.1842}},{"type":"Feature","geometry":{"type":"Point","coordinates":[76.67088,15.6268]},"properties":{"cell_id":"3125_15334","acq_date":"2026-04-06","frp":9.2,"bright_ti4":350.42,"daynight":"D","alert_type":"new_source_at_industrial_site","severity":0.184}},{"type":"Feature","geometry":{"type":"Point","coordinates":[81.66505,21.38303]},"properties":{"cell_id":"4277_16333","acq_date":"2026-04-19","frp":9.19,"bright_ti4":342.8,"daynight":"D","alert_type":"new_source_at_industrial_site","severity":0.1838}},{"type":"Feature","geometry":{"type":"Point","coordinates":[76.89372,29.4843]},"properties":{"cell_id":"5897_15379","acq_date":"2026-04-26","frp":9.18,"bright_ti4":349.38,"daynight":"D","alert_type":"new_source_at_industrial_site","severity":0.1836}},{"type":"Feature","geometry":{"type":"Point","coordinates":[83.49826,25.38713]},"properties":{"cell_id":"5077_16700","acq_date":"2026-04-24","frp":9.16,"bright_ti4":350.95,"daynight":"D","alert_type":"new_source_at_industrial_site","severity":0.1832}},{"type":"Feature","geometry":{"type":"Point","coordinates":[74.04473,18.07128]},"properties":{"cell_id":"3614_14809","acq_date":"2026-01-26","frp":9.15,"bright_ti4":339.0,"daynight":"D","alert_type":"new_source_at_industrial_site","severity":0.183}},{"type":"Feature","geometry":{"type":"Point","coordinates":[73.17695,18.76081]},"properties":{"cell_id":"3752_14635","acq_date":"2026-03-14","frp":9.15,"bright_ti4":345.86,"daynight":"D","alert_type":"new_source_at_industrial_site","severity":0.183}},{"type":"Feature","geometry":{"type":"Point","coordinates":[80.56605,17.19233]},"properties":{"cell_id":"3438_16113","acq_date":"2026-02-10","frp":9.14,"bright_ti4":340.5,"daynight":"D","alert_type":"new_source_at_industrial_site","severity":0.1828}},{"type":"Feature","geometry":{"type":"Point","coordinates":[83.58993,25.02807]},"properties":{"cell_id":"5006_16718","acq_date":"2026-04-24","frp":9.13,"bright_ti4":367.0,"daynight":"D","alert_type":"new_source_at_industrial_site","severity":0.1826}},{"type":"Feature","geometry":{"type":"Point","coordinates":[88.12247,22.06753]},"properties":{"cell_id":"4414_17624","acq_date":"2026-04-09","frp":9.11,"bright_ti4":337.61,"daynight":"N","alert_type":"new_source_at_industrial_site","severity":0.1822}},{"type":"Feature","geometry":{"type":"Point","coordinates":[88.11713,22.06295]},"properties":{"cell_id":"4413_17623","acq_date":"2026-04-09","frp":9.11,"bright_ti4":302.26,"daynight":"N","alert_type":"new_source_at_industrial_site","severity":0.1822}},{"type":"Feature","geometry":{"type":"Point","coordinates":[82.43598,24.22767]},"properties":{"cell_id":"4846_16487","acq_date":"2026-04-24","frp":9.1,"bright_ti4":367.0,"daynight":"D","alert_type":"new_source_at_industrial_site","severity":0.182}},{"type":"Feature","geometry":{"type":"Point","coordinates":[77.59533,17.88541]},"properties":{"cell_id":"3577_15519","acq_date":"2026-01-04","frp":9.1,"bright_ti4":351.4,"daynight":"D","alert_type":"new_source_at_industrial_site","severity":0.182}},{"type":"Feature","geometry":{"type":"Point","coordinates":[77.60722,28.70167]},"properties":{"cell_id":"5740_15521","acq_date":"2026-01-19","frp":9.1,"bright_ti4":341.99,"daynight":"D","alert_type":"new_source_at_industrial_site","severity":0.182}},{"type":"Feature","geometry":{"type":"Point","coordinates":[79.99039,27.63629]},"properties":{"cell_id":"5527_15998","acq_date":"2026-01-20","frp":9.09,"bright_ti4":343.95,"daynight":"D","alert_type":"new_source_at_industrial_site","severity":0.1818}},{"type":"Feature","geometry":{"type":"Point","coordinates":[84.06058,21.75061]},"properties":{"cell_id":"4350_16812","acq_date":"2026-01-13","frp":9.06,"bright_ti4":367.0,"daynight":"D","alert_type":"new_source_at_industrial_site","severity":0.1812}},{"type":"Feature","geometry":{"type":"Point","coordinates":[75.74549,23.20679]},"properties":{"cell_id":"4641_15149","acq_date":"2026-04-22","frp":9.05,"bright_ti4":352.89,"daynight":"D","alert_type":"new_source_at_industrial_site","severity":0.181}},{"type":"Feature","geometry":{"type":"Point","coordinates":[75.58292,11.8381]},"properties":{"cell_id":"2368_15117","acq_date":"2026-03-22","frp":9.03,"bright_ti4":337.92,"daynight":"D","alert_type":"new_source_at_industrial_site","severity":0.1806}},{"type":"Feature","geometry":{"type":"Point","coordinates":[86.34258,22.73496]},"properties":{"cell_id":"4547_17269","acq_date":"2026-03-18","frp":9.03,"bright_ti4":367.0,"daynight":"D","alert_type":"new_source_at_industrial_site","severity":0.1806}},{"type":"Feature","geometry":{"type":"Point","coordinates":[77.60499,14.16079]},"properties":{"cell_id":"2832_15521","acq_date":"2026-02-06","frp":9.01,"bright_ti4":331.39,"daynight":"D","alert_type":"new_source_at_industrial_site","severity":0.1802}},{"type":"Feature","geometry":{"type":"Point","coordinates":[84.04771,21.73577]},"properties":{"cell_id":"4347_16810","acq_date":"2026-04-11","frp":8.98,"bright_ti4":336.93,"daynight":"D","alert_type":"new_source_at_industrial_site","severity":0.1796}},{"type":"Feature","geometry":{"type":"Point","coordinates":[76.95972,15.1325]},"properties":{"cell_id":"3026_15392","acq_date":"2026-03-09","frp":8.98,"bright_ti4":340.6,"daynight":"D","alert_type":"new_source_at_industrial_site","severity":0.1796}},{"type":"Feature","geometry":{"type":"Point","coordinates":[76.96453,15.13341]},"properties":{"cell_id":"3027_15393","acq_date":"2026-03-09","frp":8.98,"bright_ti4":339.77,"daynight":"D","alert_type":"new_source_at_industrial_site","severity":0.1796}},{"type":"Feature","geometry":{"type":"Point","coordinates":[76.08363,23.00236]},"properties":{"cell_id":"4600_15217","acq_date":"2026-04-05","frp":8.96,"bright_ti4":355.7,"daynight":"D","alert_type":"new_source_at_industrial_site","severity":0.1792}},{"type":"Feature","geometry":{"type":"Point","coordinates":[76.08254,23.00693]},"properties":{"cell_id":"4601_15217","acq_date":"2026-04-05","frp":8.96,"bright_ti4":344.97,"daynight":"D","alert_type":"new_source_at_industrial_site","severity":0.1792}},{"type":"Feature","geometry":{"type":"Point","coordinates":[77.34731,16.4441]},"properties":{"cell_id":"3289_15469","acq_date":"2026-03-29","frp":8.95,"bright_ti4":343.08,"daynight":"D","alert_type":"new_source_at_industrial_site","severity":0.179}},{"type":"Feature","geometry":{"type":"Point","coordinates":[87.37783,25.03158]},"properties":{"cell_id":"5006_17476","acq_date":"2026-04-22","frp":8.94,"bright_ti4":350.49,"daynight":"D","alert_type":"new_source_at_industrial_site","severity":0.1788}},{"type":"Feature","geometry":{"type":"Point","coordinates":[80.65917,16.27899]},"properties":{"cell_id":"3256_16132","acq_date":"2026-04-24","frp":8.94,"bright_ti4":344.66,"daynight":"D","alert_type":"new_source_at_industrial_site","severity":0.1788}},{"type":"Feature","geometry":{"type":"Point","coordinates":[84.95218,22.2771]},"properties":{"cell_id":"4455_16990","acq_date":"2026-01-21","frp":8.93,"bright_ti4":342.37,"daynight":"D","alert_type":"new_source_at_industrial_site","severity":0.1786}},{"type":"Feature","geometry":{"type":"Point","coordinates":[73.30385,22.40965]},"properties":{"cell_id":"4482_14661","acq_date":"2026-04-14","frp":8.9,"bright_ti4":344.25,"daynight":"D","alert_type":"new_source_at_industrial_site","severity":0.178}},{"type":"Feature","geometry":{"type":"Point","coordinates":[92.3584,24.82343]},"properties":{"cell_id":"4965_18472","acq_date":"2026-02-07","frp":8.9,"bright_ti4":340.19,"daynight":"D","alert_type":"new_source_at_industrial_site","severity":0.178}},{"type":"Feature","geometry":{"type":"Point","coordinates":[74.30782,18.79243]},"properties":{"cell_id":"3758_14862","acq_date":"2026-04-23","frp":8.89,"bright_ti4":349.89,"daynight":"D","alert_type":"new_source_at_industrial_site","severity":0.1778}},{"type":"Feature","geometry":{"type":"Point","coordinates":[73.45201,19.03024]},"properties":{"cell_id":"3806_14690","acq_date":"2026-03-23","frp":8.86,"bright_ti4":349.66,"daynight":"D","alert_type":"new_source_at_industrial_site","severity":0.1772}},{"type":"Feature","geometry":{"type":"Point","coordinates":[84.01694,24.72314]},"properties":{"cell_id":"4945_16803","acq_date":"2026-04-19","frp":8.84,"bright_ti4":367.0,"daynight":"D","alert_type":"new_source_at_industrial_site","severity":0.1768}},{"type":"Feature","geometry":{"type":"Point","coordinates":[74.05996,15.48351]},"properties":{"cell_id":"3097_14812","acq_date":"2026-02-13","frp":8.84,"bright_ti4":347.67,"daynight":"D","alert_type":"new_source_at_industrial_site","severity":0.1768}},{"type":"Feature","geometry":{"type":"Point","coordinates":[84.01303,24.72279]},"properties":{"cell_id":"4945_16803","acq_date":"2026-04-19","frp":8.84,"bright_ti4":367.0,"daynight":"D","alert_type":"new_source_at_industrial_site","severity":0.1768}},{"type":"Feature","geometry":{"type":"Point","coordinates":[74.20844,15.35202]},"properties":{"cell_id":"3070_14842","acq_date":"2026-04-20","frp":8.83,"bright_ti4":344.82,"daynight":"D","alert_type":"new_source_at_industrial_site","severity":0.1766}},{"type":"Feature","geometry":{"type":"Point","coordinates":[73.66383,19.82799]},"properties":{"cell_id":"3966_14733","acq_date":"2026-04-18","frp":8.83,"bright_ti4":347.81,"daynight":"D","alert_type":"new_source_at_industrial_site","severity":0.1766}},{"type":"Feature","geometry":{"type":"Point","coordinates":[77.73569,12.85741]},"properties":{"cell_id":"2571_15547","acq_date":"2026-02-07","frp":8.82,"bright_ti4":367.0,"daynight":"D","alert_type":"new_source_at_industrial_site","severity":0.1764}},{"type":"Feature","geometry":{"type":"Point","coordinates":[72.7607,21.72259]},"properties":{"cell_id":"4345_14552","acq_date":"2026-01-11","frp":8.82,"bright_ti4":341.29,"daynight":"D","alert_type":"new_source_at_industrial_site","severity":0.1764}},{"type":"Feature","geometry":{"type":"Point","coordinates":[79.45026,21.32631]},"properties":{"cell_id":"4265_15890","acq_date":"2026-04-12","frp":8.8,"bright_ti4":367.0,"daynight":"D","alert_type":"new_source_at_industrial_site","severity":0.176}},{"type":"Feature","geometry":{"type":"Point","coordinates":[70.38682,21.49179]},"properties":{"cell_id":"4298_14077","acq_date":"2026-03-25","frp":8.8,"bright_ti4":354.36,"daynight":"D","alert_type":"new_source_at_industrial_site","severity":0.176}},{"type":"Feature","geometry":{"type":"Point","coordinates":[73.75717,15.59799]},"properties":{"cell_id":"3120_14751","acq_date":"2026-03-27","frp":8.79,"bright_ti4":342.89,"daynight":"D","alert_type":"new_source_at_industrial_site","severity":0.1758}},{"type":"Feature","geometry":{"type":"Point","coordinates":[78.48055,17.73049]},"properties":{"cell_id":"3546_15696","acq_date":"2026-03-03","frp":8.76,"bright_ti4":346.2,"daynight":"D","alert_type":"new_source_at_industrial_site","severity":0.1752}},{"type":"Feature","geometry":{"type":"Point","coordinates":[75.55431,31.28092]},"properties":{"cell_id":"6256_15111","acq_date":"2026-04-23","frp":8.74,"bright_ti4":342.1,"daynight":"D","alert_type":"new_source_at_industrial_site","severity":0.1748}},{"type":"Feature","geometry":{"type":"Point","coordinates":[83.02708,18.84799]},"properties":{"cell_id":"3770_16605","acq_date":"2026-03-15","frp":8.73,"bright_ti4":339.52,"daynight":"D","alert_type":"new_source_at_industrial_site","severity":0.1746}},{"type":"Feature","geometry":{"type":"Point","coordinates":[83.90385,24.09666]},"properties":{"cell_id":"4819_16781","acq_date":"2026-04-24","frp":8.72,"bright_ti4":353.19,"daynight":"D","alert_type":"new_source_at_industrial_site","severity":0.1744}},{"type":"Feature","geometry":{"type":"Point","coordinates":[88.11557,22.06634]},"properties":{"cell_id":"4413_17623","acq_date":"2026-04-09","frp":8.69,"bright_ti4":340.12,"daynight":"N","alert_type":"new_source_at_industrial_site","severity":0.1738}},{"type":"Feature","geometry":{"type":"Point","coordinates":[76.89256,30.61714]},"properties":{"cell_id":"6123_15379","acq_date":"2026-04-22","frp":8.69,"bright_ti4":345.24,"daynight":"D","alert_type":"new_source_at_industrial_site","severity":0.1738}},{"type":"Feature","geometry":{"type":"Point","coordinates":[84.38084,25.03104]},"properties":{"cell_id":"5006_16876","acq_date":"2026-04-25","frp":8.67,"bright_ti4":344.52,"daynight":"D","alert_type":"new_source_at_industrial_site","severity":0.1734}},{"type":"Feature","geometry":{"type":"Point","coordinates":[77.35818,16.3112]},"properties":{"cell_id":"3262_15472","acq_date":"2026-03-04","frp":8.67,"bright_ti4":340.39,"daynight":"D","alert_type":"new_source_at_industrial_site","severity":0.1734}},{"type":"Feature","geometry":{"type":"Point","coordinates":[77.15309,24.48186]},"properties":{"cell_id":"4896_15431","acq_date":"2026-04-27","frp":8.65,"bright_ti4":310.53,"daynight":"N","alert_type":"new_source_at_industrial_site","severity":0.173}},{"type":"Feature","geometry":{"type":"Point","coordinates":[77.79916,12.73681]},"properties":{"cell_id":"2547_15560","acq_date":"2026-03-04","frp":8.65,"bright_ti4":367.0,"daynight":"D","alert_type":"new_source_at_industrial_site","severity":0.173}},{"type":"Feature","geometry":{"type":"Point","coordinates":[73.01236,18.93542]},"properties":{"cell_id":"3787_14602","acq_date":"2026-01-09","frp":8.65,"bright_ti4":348.36,"daynight":"D","alert_type":"new_source_at_industrial_site","severity":0.173}},{"type":"Feature","geometry":{"type":"Point","coordinates":[84.61831,22.24027]},"properties":{"cell_id":"4448_16924","acq_date":"2026-02-28","frp":8.65,"bright_ti4":344.88,"daynight":"D","alert_type":"new_source_at_industrial_site","severity":0.173}},{"type":"Feature","geometry":{"type":"Point","coordinates":[75.87672,11.47438]},"properties":{"cell_id":"2295_15175","acq_date":"2026-02-04","frp":8.64,"bright_ti4":339.93,"daynight":"D","alert_type":"new_source_at_industrial_site","severity":0.1728}},{"type":"Feature","geometry":{"type":"Point","coordinates":[79.93515,12.89077]},"properties":{"cell_id":"2578_15987","acq_date":"2026-03-07","frp":8.63,"bright_ti4":333.61,"daynight":"D","alert_type":"new_source_at_industrial_site","severity":0.1726}},{"type":"Feature","geometry":{"type":"Point","coordinates":[73.17559,18.7668]},"properties":{"cell_id":"3753_14635","acq_date":"2026-01-22","frp":8.63,"bright_ti4":345.41,"daynight":"D","alert_type":"new_source_at_industrial_site","severity":0.1726}},{"type":"Feature","geometry":{"type":"Point","coordinates":[77.6113,14.16603]},"properties":{"cell_id":"2833_15522","acq_date":"2026-02-07","frp":8.62,"bright_ti4":367.0,"daynight":"D","alert_type":"new_source_at_industrial_site","severity":0.1724}},{"type":"Feature","geometry":{"type":"Point","coordinates":[83.64465,25.09197]},"properties":{"cell_id":"5018_16729","acq_date":"2026-04-23","frp":8.58,"bright_ti4":345.25,"daynight":"D","alert_type":"new_source_at_industrial_site","severity":0.1716}},{"type":"Feature","geometry":{"type":"Point","coordinates":[83.81158,21.43439]},"properties":{"cell_id":"4287_16762","acq_date":"2026-01-02","frp":8.57,"bright_ti4":346.86,"daynight":"D","alert_type":"new_source_at_industrial_site","severity":0.1714}},{"type":"Feature","geometry":{"type":"Point","coordinates":[93.45152,25.9367]},"properties":{"cell_id":"5187_18690","acq_date":"2026-02-01","frp":8.56,"bright_ti4":341.87,"daynight":"D","alert_type":"new_source_at_industrial_site","severity":0.1712}},{"type":"Feature","geometry":{"type":"Point","coordinates":[73.17394,19.32075]},"properties":{"cell_id":"3864_14635","acq_date":"2026-04-23","frp":8.54,"bright_ti4":341.96,"daynight":"D","alert_type":"new_source_at_industrial_site","severity":0.1708}},{"type":"Feature","geometry":{"type":"Point","coordinates":[72.32116,23.0207]},"properties":{"cell_id":"4604_14464","acq_date":"2026-04-15","frp":8.53,"bright_ti4":345.09,"daynight":"D","alert_type":"new_source_at_industrial_site","severity":0.1706}},{"type":"Feature","geometry":{"type":"Point","coordinates":[81.86282,21.21073]},"properties":{"cell_id":"4242_16373","acq_date":"2026-01-09","frp":8.52,"bright_ti4":346.03,"daynight":"D","alert_type":"new_source_at_industrial_site","severity":0.1704}},{"type":"Feature","geometry":{"type":"Point","coordinates":[80.12241,13.37232]},"properties":{"cell_id":"2674_16024","acq_date":"2026-04-02","frp":8.51,"bright_ti4":341.58,"daynight":"D","alert_type":"new_source_at_industrial_site","severity":0.1702}},{"type":"Feature","geometry":{"type":"Point","coordinates":[69.80228,23.23132]},"properties":{"cell_id":"4646_13960","acq_date":"2026-01-22","frp":8.49,"bright_ti4":333.55,"daynight":"D","alert_type":"new_source_at_industrial_site","severity":0.1698}},{"type":"Feature","geometry":{"type":"Point","coordinates":[77.69968,13.06072]},"properties":{"cell_id":"2612_15540","acq_date":"2026-01-19","frp":8.48,"bright_ti4":339.26,"daynight":"D","alert_type":"new_source_at_industrial_site","severity":0.1696}},{"type":"Feature","geometry":{"type":"Point","coordinates":[86.35791,22.74213]},"properties":{"cell_id":"4548_17272","acq_date":"2026-03-06","frp":8.47,"bright_ti4":343.25,"daynight":"D","alert_type":"new_source_at_industrial_site","severity":0.1694}},{"type":"Feature","geometry":{"type":"Point","coordinates":[83.05266,24.21154]},"properties":{"cell_id":"4842_16611","acq_date":"2026-04-25","frp":8.47,"bright_ti4":345.08,"daynight":"D","alert_type":"new_source_at_industrial_site","severity":0.1694}},{"type":"Feature","geometry":{"type":"Point","coordinates":[86.06459,22.8575]},"properties":{"cell_id":"4572_17213","acq_date":"2026-01-28","frp":8.42,"bright_ti4":342.46,"daynight":"D","alert_type":"new_source_at_industrial_site","severity":0.1684}},{"type":"Feature","geometry":{"type":"Point","coordinates":[74.09137,15.39972]},"properties":{"cell_id":"3080_14818","acq_date":"2026-01-12","frp":8.42,"bright_ti4":338.37,"daynight":"D","alert_type":"new_source_at_industrial_site","severity":0.1684}},{"type":"Feature","geometry":{"type":"Point","coordinates":[74.09549,15.4003]},"properties":{"cell_id":"3080_14819","acq_date":"2026-01-12","frp":8.42,"bright_ti4":339.82,"daynight":"D","alert_type":"new_source_at_industrial_site","severity":0.1684}},{"type":"Feature","geometry":{"type":"Point","coordinates":[79.46869,13.66479]},"properties":{"cell_id":"2733_15894","acq_date":"2026-03-06","frp":8.42,"bright_ti4":367.0,"daynight":"D","alert_type":"new_source_at_industrial_site","severity":0.1684}},{"type":"Feature","geometry":{"type":"Point","coordinates":[75.84478,19.84065]},"properties":{"cell_id":"3968_15169","acq_date":"2026-04-20","frp":8.41,"bright_ti4":341.63,"daynight":"D","alert_type":"new_source_at_industrial_site","severity":0.1682}},{"type":"Feature","geometry":{"type":"Point","coordinates":[84.05997,21.7488]},"properties":{"cell_id":"4350_16812","acq_date":"2026-01-13","frp":8.41,"bright_ti4":343.86,"daynight":"D","alert_type":"new_source_at_industrial_site","severity":0.1682}},{"type":"Feature","geometry":{"type":"Point","coordinates":[79.46594,21.14892]},"properties":{"cell_id":"4230_15893","acq_date":"2026-04-12","frp":8.41,"bright_ti4":345.81,"daynight":"D","alert_type":"new_source_at_industrial_site","severity":0.1682}},{"type":"Feature","geometry":{"type":"Point","coordinates":[76.15579,22.9613]},"properties":{"cell_id":"4592_15231","acq_date":"2026-04-14","frp":8.4,"bright_ti4":353.93,"daynight":"D","alert_type":"new_source_at_industrial_site","severity":0.168}},{"type":"Feature","geometry":{"type":"Point","coordinates":[73.29178,19.44488]},"properties":{"cell_id":"3889_14658","acq_date":"2026-04-18","frp":8.39,"bright_ti4":340.6,"daynight":"D","alert_type":"new_source_at_industrial_site","severity":0.1678}},{"type":"Feature","geometry":{"type":"Point","coordinates":[92.88697,25.91159]},"properties":{"cell_id":"5182_18577","acq_date":"2026-03-16","frp":8.37,"bright_ti4":343.98,"daynight":"D","alert_type":"new_source_at_industrial_site","severity":0.1674}},{"type":"Feature","geometry":{"type":"Point","coordinates":[80.12579,16.04225]},"properties":{"cell_id":"3208_16025","acq_date":"2026-04-27","frp":8.36,"bright_ti4":340.89,"daynight":"D","alert_type":"new_source_at_industrial_site","severity":0.1672}},{"type":"Feature","geometry":{"type":"Point","coordinates":[85.51351,23.76099]},"properties":{"cell_id":"4752_17103","acq_date":"2026-03-03","frp":8.36,"bright_ti4":354.2,"daynight":"D","alert_type":"new_source_at_industrial_site","severity":0.1672}},{"type":"Feature","geometry":{"type":"Point","coordinates":[79.72172,20.65257]},"properties":{"cell_id":"4131_15944","acq_date":"2026-03-28","frp":8.35,"bright_ti4":352.51,"daynight":"D","alert_type":"new_source_at_industrial_site","severity":0.167}},{"type":"Feature","geometry":{"type":"Point","coordinates":[72.96671,20.33462]},"properties":{"cell_id":"4067_14593","acq_date":"2026-04-20","frp":8.34,"bright_ti4":344.36,"daynight":"N","alert_type":"new_source_at_industrial_site","severity":0.1668}},{"type":"Feature","geometry":{"type":"Point","coordinates":[83.84399,21.74923]},"properties":{"cell_id":"4350_16769","acq_date":"2026-03-23","frp":8.34,"bright_ti4":348.81,"daynight":"D","alert_type":"new_source_at_industrial_site","severity":0.1668}},{"type":"Feature","geometry":{"type":"Point","coordinates":[86.02448,22.90814]},"properties":{"cell_id":"4582_17205","acq_date":"2026-02-14","frp":8.34,"bright_ti4":350.0,"daynight":"D","alert_type":"new_source_at_industrial_site","severity":0.1668}},{"type":"Feature","geometry":{"type":"Point","coordinates":[84.75961,22.31071]},"properties":{"cell_id":"4462_16952","acq_date":"2026-02-16","frp":8.33,"bright_ti4":347.15,"daynight":"D","alert_type":"new_source_at_industrial_site","severity":0.1666}},{"type":"Feature","geometry":{"type":"Point","coordinates":[77.85359,12.65871]},"properties":{"cell_id":"2532_15571","acq_date":"2026-04-13","frp":8.33,"bright_ti4":343.61,"daynight":"D","alert_type":"new_source_at_industrial_site","severity":0.1666}},{"type":"Feature","geometry":{"type":"Point","coordinates":[72.65601,21.09343]},"properties":{"cell_id":"4219_14531","acq_date":"2026-02-13","frp":8.33,"bright_ti4":346.89,"daynight":"D","alert_type":"new_source_at_industrial_site","severity":0.1666}},{"type":"Feature","geometry":{"type":"Point","coordinates":[84.94389,21.81235]},"properties":{"cell_id":"4362_16989","acq_date":"2026-01-29","frp":8.32,"bright_ti4":327.05,"daynight":"D","alert_type":"new_source_at_industrial_site","severity":0.1664}},{"type":"Feature","geometry":{"type":"Point","coordinates":[74.95707,12.97497]},"properties":{"cell_id":"2595_14991","acq_date":"2026-04-06","frp":8.31,"bright_ti4":367.0,"daynight":"D","alert_type":"new_source_at_industrial_site","severity":0.1662}},{"type":"Feature","geometry":{"type":"Point","coordinates":[69.87975,22.31961]},"properties":{"cell_id":"4464_13976","acq_date":"2026-02-05","frp":8.28,"bright_ti4":346.33,"daynight":"D","alert_type":"new_source_at_industrial_site","severity":0.1656}},{"type":"Feature","geometry":{"type":"Point","coordinates":[82.43977,24.22799]},"properties":{"cell_id":"4846_16488","acq_date":"2026-04-24","frp":8.27,"bright_ti4":341.57,"daynight":"D","alert_type":"new_source_at_industrial_site","severity":0.1654}},{"type":"Feature","geometry":{"type":"Point","coordinates":[73.19418,19.16086]},"properties":{"cell_id":"3832_14639","acq_date":"2026-03-05","frp":8.27,"bright_ti4":344.1,"daynight":"D","alert_type":"new_source_at_industrial_site","severity":0.1654}},{"type":"Feature","geometry":{"type":"Point","coordinates":[77.50307,13.50506]},"properties":{"cell_id":"2701_15501","acq_date":"2026-01-23","frp":8.27,"bright_ti4":346.13,"daynight":"D","alert_type":"new_source_at_industrial_site","severity":0.1654}},{"type":"Feature","geometry":{"type":"Point","coordinates":[82.03309,21.15568]},"properties":{"cell_id":"4231_16407","acq_date":"2026-04-01","frp":8.26,"bright_ti4":337.83,"daynight":"D","alert_type":"new_source_at_industrial_site","severity":0.1652}},{"type":"Feature","geometry":{"type":"Point","coordinates":[74.06152,20.01989]},"properties":{"cell_id":"4004_14812","acq_date":"2026-01-19","frp":8.21,"bright_ti4":336.97,"daynight":"D","alert_type":"new_source_at_industrial_site","severity":0.1642}},{"type":"Feature","geometry":{"type":"Point","coordinates":[76.69923,12.1567]},"properties":{"cell_id":"2431_15340","acq_date":"2026-03-26","frp":8.19,"bright_ti4":341.63,"daynight":"D","alert_type":"new_source_at_industrial_site","severity":0.1638}},{"type":"Feature","geometry":{"type":"Point","coordinates":[77.80523,14.15243]},"properties":{"cell_id":"2830_15561","acq_date":"2026-02-09","frp":8.19,"bright_ti4":349.54,"daynight":"D","alert_type":"new_source_at_industrial_site","severity":0.1638}},{"type":"Feature","geometry":{"type":"Point","coordinates":[88.116,22.06704]},"properties":{"cell_id":"4413_17623","acq_date":"2026-04-09","frp":8.18,"bright_ti4":344.64,"daynight":"N","alert_type":"new_source_at_industrial_site","severity":0.1636}},{"type":"Feature","geometry":{"type":"Point","coordinates":[72.299,22.74511]},"properties":{"cell_id":"4549_14460","acq_date":"2026-04-02","frp":8.17,"bright_ti4":346.65,"daynight":"D","alert_type":"new_source_at_industrial_site","severity":0.1634}},{"type":"Feature","geometry":{"type":"Point","coordinates":[85.41908,23.34966]},"properties":{"cell_id":"4670_17084","acq_date":"2026-02-17","frp":8.15,"bright_ti4":336.47,"daynight":"D","alert_type":"new_source_at_industrial_site","severity":0.163}},{"type":"Feature","geometry":{"type":"Point","coordinates":[79.9976,13.03556]},"properties":{"cell_id":"2607_16000","acq_date":"2026-04-15","frp":8.15,"bright_ti4":347.81,"daynight":"D","alert_type":"new_source_at_industrial_site","severity":0.163}},{"type":"Feature","geometry":{"type":"Point","coordinates":[78.34534,12.69172]},"properties":{"cell_id":"2538_15669","acq_date":"2026-04-08","frp":8.15,"bright_ti4":340.56,"daynight":"D","alert_type":"new_source_at_industrial_site","severity":0.163}},{"type":"Feature","geometry":{"type":"Point","coordinates":[77.32293,12.97229]},"properties":{"cell_id":"2594_15465","acq_date":"2026-02-08","frp":8.14,"bright_ti4":342.52,"daynight":"D","alert_type":"new_source_at_industrial_site","severity":0.1628}},{"type":"Feature","geometry":{"type":"Point","coordinates":[83.42561,27.34747]},"properties":{"cell_id":"5469_16685","acq_date":"2026-04-14","frp":8.14,"bright_ti4":348.78,"daynight":"D","alert_type":"new_source_at_industrial_site","severity":0.1628}},{"type":"Feature","geometry":{"type":"Point","coordinates":[78.73626,14.48839]},"properties":{"cell_id":"2898_15747","acq_date":"2026-04-26","frp":8.13,"bright_ti4":345.94,"daynight":"D","alert_type":"new_source_at_industrial_site","severity":0.1626}},{"type":"Feature","geometry":{"type":"Point","coordinates":[93.1115,25.38259]},"properties":{"cell_id":"5077_18622","acq_date":"2026-04-04","frp":8.13,"bright_ti4":341.77,"daynight":"D","alert_type":"new_source_at_industrial_site","severity":0.1626}},{"type":"Feature","geometry":{"type":"Point","coordinates":[83.34495,27.17285]},"properties":{"cell_id":"5435_16669","acq_date":"2026-04-07","frp":8.12,"bright_ti4":335.56,"daynight":"D","alert_type":"new_source_at_industrial_site","severity":0.1624}},{"type":"Feature","geometry":{"type":"Point","coordinates":[77.9622,9.68823]},"properties":{"cell_id":"1938_15592","acq_date":"2026-04-19","frp":8.11,"bright_ti4":345.31,"daynight":"D","alert_type":"new_source_at_industrial_site","severity":0.1622}},{"type":"Feature","geometry":{"type":"Point","coordinates":[85.38216,22.15527]},"properties":{"cell_id":"4431_17076","acq_date":"2026-04-12","frp":8.11,"bright_ti4":347.16,"daynight":"D","alert_type":"new_source_at_industrial_site","severity":0.1622}},{"type":"Feature","geometry":{"type":"Point","coordinates":[77.77706,9.43254]},"properties":{"cell_id":"1887_15555","acq_date":"2026-03-13","frp":8.1,"bright_ti4":353.01,"daynight":"D","alert_type":"new_source_at_industrial_site","severity":0.162}},{"type":"Feature","geometry":{"type":"Point","coordinates":[76.52104,14.12927]},"properties":{"cell_id":"2826_15304","acq_date":"2026-02-09","frp":8.09,"bright_ti4":349.79,"daynight":"D","alert_type":"new_source_at_industrial_site","severity":0.1618}},{"type":"Feature","geometry":{"type":"Point","coordinates":[77.84528,12.77771]},"properties":{"cell_id":"2556_15569","acq_date":"2026-03-01","frp":8.06,"bright_ti4":350.32,"daynight":"D","alert_type":"new_source_at_industrial_site","severity":0.1612}},{"type":"Feature","geometry":{"type":"Point","coordinates":[73.39131,22.32318]},"properties":{"cell_id":"4465_14678","acq_date":"2026-01-18","frp":8.06,"bright_ti4":335.82,"daynight":"D","alert_type":"new_source_at_industrial_site","severity":0.1612}},{"type":"Feature","geometry":{"type":"Point","coordinates":[70.08784,23.10827]},"properties":{"cell_id":"4622_14018","acq_date":"2026-04-18","frp":8.06,"bright_ti4":342.36,"daynight":"D","alert_type":"new_source_at_industrial_site","severity":0.1612}},{"type":"Feature","geometry":{"type":"Point","coordinates":[83.01305,25.16358]},"properties":{"cell_id":"5033_16603","acq_date":"2026-04-26","frp":8.06,"bright_ti4":346.5,"daynight":"D","alert_type":"new_source_at_industrial_site","severity":0.1612}},{"type":"Feature","geometry":{"type":"Point","coordinates":[73.83966,19.8183]},"properties":{"cell_id":"3964_14768","acq_date":"2026-03-18","frp":8.05,"bright_ti4":338.03,"daynight":"D","alert_type":"new_source_at_industrial_site","severity":0.161}},{"type":"Feature","geometry":{"type":"Point","coordinates":[77.68198,13.23687]},"properties":{"cell_id":"2647_15536","acq_date":"2026-03-07","frp":8.04,"bright_ti4":340.42,"daynight":"D","alert_type":"new_source_at_industrial_site","severity":0.1608}},{"type":"Feature","geometry":{"type":"Point","coordinates":[78.34106,22.75414]},"properties":{"cell_id":"4551_15668","acq_date":"2026-04-07","frp":8.04,"bright_ti4":340.84,"daynight":"D","alert_type":"new_source_at_industrial_site","severity":0.1608}},{"type":"Feature","geometry":{"type":"Point","coordinates":[77.57354,22.99615]},"properties":{"cell_id":"4599_15515","acq_date":"2026-04-12","frp":8.04,"bright_ti4":367.0,"daynight":"D","alert_type":"new_source_at_industrial_site","severity":0.1608}},{"type":"Feature","geometry":{"type":"Point","coordinates":[75.90755,31.15403]},"properties":{"cell_id":"6231_15182","acq_date":"2026-02-25","frp":8.03,"bright_ti4":333.04,"daynight":"D","alert_type":"new_source_at_industrial_site","severity":0.1606}},{"type":"Feature","geometry":{"type":"Point","coordinates":[83.54879,26.14413]},"properties":{"cell_id":"5229_16710","acq_date":"2026-04-21","frp":8.01,"bright_ti4":346.22,"daynight":"D","alert_type":"new_source_at_industrial_site","severity":0.1602}},{"type":"Feature","geometry":{"type":"Point","coordinates":[79.34873,21.36482]},"properties":{"cell_id":"4273_15870","acq_date":"2026-04-10","frp":8.0,"bright_ti4":348.57,"daynight":"D","alert_type":"new_source_at_industrial_site","severity":0.16}},{"type":"Feature","geometry":{"type":"Point","coordinates":[79.34435,21.36407]},"properties":{"cell_id":"4273_15869","acq_date":"2026-04-10","frp":8.0,"bright_ti4":349.19,"daynight":"D","alert_type":"new_source_at_industrial_site","severity":0.16}},{"type":"Feature","geometry":{"type":"Point","coordinates":[77.59991,14.16474]},"properties":{"cell_id":"2833_15520","acq_date":"2026-02-06","frp":7.99,"bright_ti4":341.43,"daynight":"D","alert_type":"new_source_at_industrial_site","severity":0.1598}},{"type":"Feature","geometry":{"type":"Point","coordinates":[92.36158,24.81907]},"properties":{"cell_id":"4964_18472","acq_date":"2026-01-15","frp":7.99,"bright_ti4":349.97,"daynight":"D","alert_type":"new_source_at_industrial_site","severity":0.1598}},{"type":"Feature","geometry":{"type":"Point","coordinates":[77.48799,13.2434]},"properties":{"cell_id":"2649_15498","acq_date":"2026-01-28","frp":7.99,"bright_ti4":352.15,"daynight":"D","alert_type":"new_source_at_industrial_site","severity":0.1598}},{"type":"Feature","geometry":{"type":"Point","coordinates":[88.21465,22.8655]},"properties":{"cell_id":"4573_17643","acq_date":"2026-02-06","frp":7.98,"bright_ti4":331.45,"daynight":"D","alert_type":"new_source_at_industrial_site","severity":0.1596}},{"type":"Feature","geometry":{"type":"Point","coordinates":[79.32449,21.31985]},"properties":{"cell_id":"4264_15865","acq_date":"2026-04-12","frp":7.98,"bright_ti4":367.0,"daynight":"D","alert_type":"new_source_at_industrial_site","severity":0.1596}},{"type":"Feature","geometry":{"type":"Point","coordinates":[88.2185,22.86606]},"properties":{"cell_id":"4573_17644","acq_date":"2026-02-06","frp":7.98,"bright_ti4":334.3,"daynight":"D","alert_type":"new_source_at_industrial_site","severity":0.1596}},{"type":"Feature","geometry":{"type":"Point","coordinates":[78.75305,14.50319]},"properties":{"cell_id":"2901_15751","acq_date":"2026-04-05","frp":7.96,"bright_ti4":339.44,"daynight":"D","alert_type":"new_source_at_industrial_site","severity":0.1592}},{"type":"Feature","geometry":{"type":"Point","coordinates":[75.49645,30.29042]},"properties":{"cell_id":"6058_15099","acq_date":"2026-04-25","frp":7.96,"bright_ti4":344.57,"daynight":"D","alert_type":"new_source_at_industrial_site","severity":0.1592}},{"type":"Feature","geometry":{"type":"Point","coordinates":[79.09042,13.38558]},"properties":{"cell_id":"2677_15818","acq_date":"2026-04-10","frp":7.94,"bright_ti4":345.24,"daynight":"D","alert_type":"new_source_at_industrial_site","severity":0.1588}},{"type":"Feature","geometry":{"type":"Point","coordinates":[79.08671,13.38493]},"properties":{"cell_id":"2677_15817","acq_date":"2026-04-10","frp":7.94,"bright_ti4":332.46,"daynight":"D","alert_type":"new_source_at_industrial_site","severity":0.1588}},{"type":"Feature","geometry":{"type":"Point","coordinates":[78.3808,11.89873]},"properties":{"cell_id":"2380_15676","acq_date":"2026-04-26","frp":7.93,"bright_ti4":343.06,"daynight":"D","alert_type":"new_source_at_industrial_site","severity":0.1586}},{"type":"Feature","geometry":{"type":"Point","coordinates":[72.96625,20.33577]},"properties":{"cell_id":"4067_14593","acq_date":"2026-04-20","frp":7.93,"bright_ti4":348.29,"daynight":"N","alert_type":"new_source_at_industrial_site","severity":0.1586}},{"type":"Feature","geometry":{"type":"Point","coordinates":[79.57627,13.68829]},"properties":{"cell_id":"2738_15915","acq_date":"2026-03-06","frp":7.92,"bright_ti4":349.05,"daynight":"D","alert_type":"new_source_at_industrial_site","severity":0.1584}},{"type":"Feature","geometry":{"type":"Point","coordinates":[72.67424,21.16329]},"properties":{"cell_id":"4233_14535","acq_date":"2026-03-04","frp":7.92,"bright_ti4":348.97,"daynight":"D","alert_type":"new_source_at_industrial_site","severity":0.1584}},{"type":"Feature","geometry":{"type":"Point","coordinates":[85.35991,23.90443]},"properties":{"cell_id":"4781_17072","acq_date":"2026-04-15","frp":7.9,"bright_ti4":331.97,"daynight":"D","alert_type":"new_source_at_industrial_site","severity":0.158}},{"type":"Feature","geometry":{"type":"Point","coordinates":[82.75334,22.34246]},"properties":{"cell_id":"4468_16551","acq_date":"2026-04-12","frp":7.89,"bright_ti4":367.0,"daynight":"D","alert_type":"new_source_at_industrial_site","severity":0.1578}},{"type":"Feature","geometry":{"type":"Point","coordinates":[83.70391,27.35579]},"properties":{"cell_id":"5471_16741","acq_date":"2026-04-21","frp":7.89,"bright_ti4":350.57,"daynight":"D","alert_type":"new_source_at_industrial_site","severity":0.1578}},{"type":"Feature","geometry":{"type":"Point","coordinates":[83.70788,27.35636]},"properties":{"cell_id":"5471_16742","acq_date":"2026-04-21","frp":7.89,"bright_ti4":367.0,"daynight":"D","alert_type":"new_source_at_industrial_site","severity":0.1578}},{"type":"Feature","geometry":{"type":"Point","coordinates":[82.75018,22.34178]},"properties":{"cell_id":"4468_16550","acq_date":"2026-04-12","frp":7.89,"bright_ti4":367.0,"daynight":"D","alert_type":"new_source_at_industrial_site","severity":0.1578}},{"type":"Feature","geometry":{"type":"Point","coordinates":[81.1464,24.55202]},"properties":{"cell_id":"4910_16229","acq_date":"2026-04-22","frp":7.87,"bright_ti4":345.83,"daynight":"D","alert_type":"new_source_at_industrial_site","severity":0.1574}},{"type":"Feature","geometry":{"type":"Point","coordinates":[70.72286,22.65332]},"properties":{"cell_id":"4531_14145","acq_date":"2026-03-25","frp":7.86,"bright_ti4":343.48,"daynight":"D","alert_type":"new_source_at_industrial_site","severity":0.1572}},{"type":"Feature","geometry":{"type":"Point","coordinates":[76.37265,29.79823]},"properties":{"cell_id":"5960_15275","acq_date":"2026-04-27","frp":7.86,"bright_ti4":345.51,"daynight":"D","alert_type":"new_source_at_industrial_site","severity":0.1572}},{"type":"Feature","geometry":{"type":"Point","coordinates":[83.84276,21.74755]},"properties":{"cell_id":"4350_16769","acq_date":"2026-04-20","frp":7.84,"bright_ti4":349.46,"daynight":"D","alert_type":"new_source_at_industrial_site","severity":0.1568}},{"type":"Feature","geometry":{"type":"Point","coordinates":[78.74668,14.4955]},"properties":{"cell_id":"2899_15749","acq_date":"2026-04-01","frp":7.84,"bright_ti4":333.65,"daynight":"D","alert_type":"new_source_at_industrial_site","severity":0.1568}},{"type":"Feature","geometry":{"type":"Point","coordinates":[74.00771,15.28257]},"properties":{"cell_id":"3057_14802","acq_date":"2026-02-01","frp":7.83,"bright_ti4":352.29,"daynight":"D","alert_type":"new_source_at_industrial_site","severity":0.1566}},{"type":"Feature","geometry":{"type":"Point","coordinates":[74.81244,13.14285]},"properties":{"cell_id":"2629_14962","acq_date":"2026-04-08","frp":7.82,"bright_ti4":338.33,"daynight":"D","alert_type":"new_source_at_industrial_site","severity":0.1564}},{"type":"Feature","geometry":{"type":"Point","coordinates":[74.78951,31.7614]},"properties":{"cell_id":"6352_14958","acq_date":"2026-04-27","frp":7.81,"bright_ti4":337.3,"daynight":"D","alert_type":"new_source_at_industrial_site","severity":0.1562}},{"type":"Feature","geometry":{"type":"Point","coordinates":[70.93587,22.22178]},"properties":{"cell_id":"4444_14187","acq_date":"2026-03-26","frp":7.81,"bright_ti4":355.05,"daynight":"D","alert_type":"new_source_at_industrial_site","severity":0.1562}},{"type":"Feature","geometry":{"type":"Point","coordinates":[74.79607,31.76294]},"properties":{"cell_id":"6353_14959","acq_date":"2026-04-27","frp":7.81,"bright_ti4":342.05,"daynight":"D","alert_type":"new_source_at_industrial_site","severity":0.1562}},{"type":"Feature","geometry":{"type":"Point","coordinates":[74.79763,31.75806]},"properties":{"cell_id":"6352_14960","acq_date":"2026-04-27","frp":7.81,"bright_ti4":346.47,"daynight":"D","alert_type":"new_source_at_industrial_site","severity":0.1562}},{"type":"Feature","geometry":{"type":"Point","coordinates":[74.79108,31.75653]},"properties":{"cell_id":"6351_14958","acq_date":"2026-04-27","frp":7.81,"bright_ti4":335.02,"daynight":"D","alert_type":"new_source_at_industrial_site","severity":0.1562}},{"type":"Feature","geometry":{"type":"Point","coordinates":[72.93317,19.09891]},"properties":{"cell_id":"3820_14587","acq_date":"2026-04-11","frp":7.79,"bright_ti4":356.67,"daynight":"D","alert_type":"new_source_at_industrial_site","severity":0.1558}},{"type":"Feature","geometry":{"type":"Point","coordinates":[77.56207,13.05222]},"properties":{"cell_id":"2610_15512","acq_date":"2026-02-04","frp":7.79,"bright_ti4":346.0,"daynight":"D","alert_type":"new_source_at_industrial_site","severity":0.1558}},{"type":"Feature","geometry":{"type":"Point","coordinates":[81.86513,21.20616]},"properties":{"cell_id":"4241_16373","acq_date":"2026-02-09","frp":7.78,"bright_ti4":345.72,"daynight":"D","alert_type":"new_source_at_industrial_site","severity":0.1556}},{"type":"Feature","geometry":{"type":"Point","coordinates":[72.32447,23.02139]},"properties":{"cell_id":"4604_14465","acq_date":"2026-04-15","frp":7.73,"bright_ti4":342.53,"daynight":"D","alert_type":"new_source_at_industrial_site","severity":0.1546}},{"type":"Feature","geometry":{"type":"Point","coordinates":[76.74755,10.80857]},"properties":{"cell_id":"2162_15350","acq_date":"2026-03-23","frp":7.73,"bright_ti4":339.48,"daynight":"D","alert_type":"new_source_at_industrial_site","severity":0.1546}},{"type":"Feature","geometry":{"type":"Point","coordinates":[79.33887,19.97214]},"properties":{"cell_id":"3994_15868","acq_date":"2026-03-05","frp":7.71,"bright_ti4":367.0,"daynight":"D","alert_type":"new_source_at_industrial_site","severity":0.1542}},{"type":"Feature","geometry":{"type":"Point","coordinates":[77.76193,13.04253]},"properties":{"cell_id":"2609_15552","acq_date":"2026-02-18","frp":7.67,"bright_ti4":335.24,"daynight":"D","alert_type":"new_source_at_industrial_site","severity":0.1534}},{"type":"Feature","geometry":{"type":"Point","coordinates":[77.36342,13.11385]},"properties":{"cell_id":"2623_15473","acq_date":"2026-01-05","frp":7.65,"bright_ti4":355.41,"daynight":"D","alert_type":"new_source_at_industrial_site","severity":0.153}},{"type":"Feature","geometry":{"type":"Point","coordinates":[77.95699,12.95776]},"properties":{"cell_id":"2592_15591","acq_date":"2026-02-20","frp":7.65,"bright_ti4":347.89,"daynight":"D","alert_type":"new_source_at_industrial_site","severity":0.153}},{"type":"Feature","geometry":{"type":"Point","coordinates":[87.3784,25.03101]},"properties":{"cell_id":"5006_17476","acq_date":"2026-04-05","frp":7.64,"bright_ti4":340.87,"daynight":"D","alert_type":"new_source_at_industrial_site","severity":0.1528}},{"type":"Feature","geometry":{"type":"Point","coordinates":[84.93224,21.84221]},"properties":{"cell_id":"4368_16986","acq_date":"2026-03-03","frp":7.64,"bright_ti4":354.53,"daynight":"D","alert_type":"new_source_at_industrial_site","severity":0.1528}},{"type":"Feature","geometry":{"type":"Point","coordinates":[86.06766,22.87377]},"properties":{"cell_id":"4575_17214","acq_date":"2026-02-26","frp":7.63,"bright_ti4":346.54,"daynight":"D","alert_type":"new_source_at_industrial_site","severity":0.1526}},{"type":"Feature","geometry":{"type":"Point","coordinates":[74.66338,19.03491]},"properties":{"cell_id":"3807_14933","acq_date":"2026-04-16","frp":7.62,"bright_ti4":354.14,"daynight":"D","alert_type":"new_source_at_industrial_site","severity":0.1524}},{"type":"Feature","geometry":{"type":"Point","coordinates":[81.95784,23.18484]},"properties":{"cell_id":"4637_16392","acq_date":"2026-03-14","frp":7.62,"bright_ti4":367.0,"daynight":"D","alert_type":"new_source_at_industrial_site","severity":0.1524}},{"type":"Feature","geometry":{"type":"Point","coordinates":[83.37363,25.25265]},"properties":{"cell_id":"5051_16675","acq_date":"2026-04-26","frp":7.61,"bright_ti4":348.35,"daynight":"D","alert_type":"new_source_at_industrial_site","severity":0.1522}},{"type":"Feature","geometry":{"type":"Point","coordinates":[77.79382,22.63399]},"properties":{"cell_id":"4527_15559","acq_date":"2026-04-02","frp":7.6,"bright_ti4":339.89,"daynight":"D","alert_type":"new_source_at_industrial_site","severity":0.152}},{"type":"Feature","geometry":{"type":"Point","coordinates":[76.97693,10.98919]},"properties":{"cell_id":"2198_15395","acq_date":"2026-04-04","frp":7.59,"bright_ti4":341.51,"daynight":"D","alert_type":"new_source_at_industrial_site","severity":0.1518}},{"type":"Feature","geometry":{"type":"Point","coordinates":[75.92746,17.67511]},"properties":{"cell_id":"3535_15185","acq_date":"2026-03-24","frp":7.58,"bright_ti4":339.19,"daynight":"D","alert_type":"new_source_at_industrial_site","severity":0.1516}},{"type":"Feature","geometry":{"type":"Point","coordinates":[82.83635,18.34295]},"properties":{"cell_id":"3669_16567","acq_date":"2026-02-04","frp":7.58,"bright_ti4":334.63,"daynight":"D","alert_type":"new_source_at_industrial_site","severity":0.1516}},{"type":"Feature","geometry":{"type":"Point","coordinates":[77.4336,12.81856]},"properties":{"cell_id":"2564_15487","acq_date":"2026-02-13","frp":7.58,"bright_ti4":350.65,"daynight":"D","alert_type":"new_source_at_industrial_site","severity":0.1516}},{"type":"Feature","geometry":{"type":"Point","coordinates":[88.12115,22.0676]},"properties":{"cell_id":"4414_17624","acq_date":"2026-04-09","frp":7.58,"bright_ti4":316.11,"daynight":"N","alert_type":"new_source_at_industrial_site","severity":0.1516}},{"type":"Feature","geometry":{"type":"Point","coordinates":[83.84332,21.74845]},"properties":{"cell_id":"4350_16769","acq_date":"2026-03-24","frp":7.54,"bright_ti4":348.67,"daynight":"N","alert_type":"new_source_at_industrial_site","severity":0.1508}},{"type":"Feature","geometry":{"type":"Point","coordinates":[73.89146,17.80815]},"properties":{"cell_id":"3562_14778","acq_date":"2026-03-03","frp":7.53,"bright_ti4":338.41,"daynight":"D","alert_type":"new_source_at_industrial_site","severity":0.1506}},{"type":"Feature","geometry":{"type":"Point","coordinates":[73.37241,16.65034]},"properties":{"cell_id":"3330_14674","acq_date":"2026-03-24","frp":7.53,"bright_ti4":347.66,"daynight":"D","alert_type":"new_source_at_industrial_site","severity":0.1506}},{"type":"Feature","geometry":{"type":"Point","coordinates":[87.26072,23.53346]},"properties":{"cell_id":"4707_17452","acq_date":"2026-03-05","frp":7.52,"bright_ti4":341.22,"daynight":"D","alert_type":"new_source_at_industrial_site","severity":0.1504}},{"type":"Feature","geometry":{"type":"Point","coordinates":[77.44553,13.06983]},"properties":{"cell_id":"2614_15489","acq_date":"2026-04-08","frp":7.52,"bright_ti4":339.88,"daynight":"N","alert_type":"new_source_at_industrial_site","severity":0.1504}},{"type":"Feature","geometry":{"type":"Point","coordinates":[83.20417,27.39083]},"properties":{"cell_id":"5478_16641","acq_date":"2026-04-12","frp":7.51,"bright_ti4":342.67,"daynight":"D","alert_type":"new_source_at_industrial_site","severity":0.1502}},{"type":"Feature","geometry":{"type":"Point","coordinates":[80.1207,16.00727]},"properties":{"cell_id":"3201_16024","acq_date":"2026-04-22","frp":7.5,"bright_ti4":367.0,"daynight":"D","alert_type":"new_source_at_industrial_site","severity":0.15}},{"type":"Feature","geometry":{"type":"Point","coordinates":[77.54205,13.24147]},"properties":{"cell_id":"2648_15508","acq_date":"2026-01-29","frp":7.5,"bright_ti4":337.66,"daynight":"D","alert_type":"new_source_at_industrial_site","severity":0.15}},{"type":"Feature","geometry":{"type":"Point","coordinates":[84.93275,22.27014]},"properties":{"cell_id":"4454_16987","acq_date":"2026-03-05","frp":7.5,"bright_ti4":348.27,"daynight":"D","alert_type":"new_source_at_industrial_site","severity":0.15}},{"type":"Feature","geometry":{"type":"Point","coordinates":[79.18571,11.60561]},"properties":{"cell_id":"2321_15837","acq_date":"2026-03-06","frp":7.49,"bright_ti4":336.7,"daynight":"D","alert_type":"new_source_at_industrial_site","severity":0.1498}},{"type":"Feature","geometry":{"type":"Point","coordinates":[76.03919,22.92548]},"properties":{"cell_id":"4585_15208","acq_date":"2026-04-15","frp":7.49,"bright_ti4":341.96,"daynight":"D","alert_type":"new_source_at_industrial_site","severity":0.1498}},{"type":"Feature","geometry":{"type":"Point","coordinates":[75.06035,23.33865]},"properties":{"cell_id":"4668_15012","acq_date":"2026-04-15","frp":7.48,"bright_ti4":347.12,"daynight":"D","alert_type":"new_source_at_industrial_site","severity":0.1496}},{"type":"Feature","geometry":{"type":"Point","coordinates":[73.19381,19.16122]},"properties":{"cell_id":"3832_14639","acq_date":"2026-03-05","frp":7.47,"bright_ti4":346.39,"daynight":"D","alert_type":"new_source_at_industrial_site","severity":0.1494}},{"type":"Feature","geometry":{"type":"Point","coordinates":[73.17038,22.07802]},"properties":{"cell_id":"4416_14634","acq_date":"2026-04-18","frp":7.46,"bright_ti4":344.4,"daynight":"D","alert_type":"new_source_at_industrial_site","severity":0.1492}},{"type":"Feature","geometry":{"type":"Point","coordinates":[83.426,27.35158]},"properties":{"cell_id":"5470_16685","acq_date":"2026-04-14","frp":7.46,"bright_ti4":346.9,"daynight":"D","alert_type":"new_source_at_industrial_site","severity":0.1492}},{"type":"Feature","geometry":{"type":"Point","coordinates":[85.42382,23.2642]},"properties":{"cell_id":"4653_17085","acq_date":"2026-03-02","frp":7.46,"bright_ti4":338.67,"daynight":"D","alert_type":"new_source_at_industrial_site","severity":0.1492}},{"type":"Feature","geometry":{"type":"Point","coordinates":[74.52067,16.77094]},"properties":{"cell_id":"3354_14904","acq_date":"2026-01-18","frp":7.46,"bright_ti4":345.89,"daynight":"D","alert_type":"new_source_at_industrial_site","severity":0.1492}},{"type":"Feature","geometry":{"type":"Point","coordinates":[72.92069,18.85895]},"properties":{"cell_id":"3772_14584","acq_date":"2026-04-21","frp":7.44,"bright_ti4":308.29,"daynight":"N","alert_type":"new_source_at_industrial_site","severity":0.1488}},{"type":"Feature","geometry":{"type":"Point","coordinates":[77.57526,13.27311]},"properties":{"cell_id":"2655_15515","acq_date":"2026-04-08","frp":7.42,"bright_ti4":335.07,"daynight":"D","alert_type":"new_source_at_industrial_site","severity":0.1484}},{"type":"Feature","geometry":{"type":"Point","coordinates":[78.34101,22.75155]},"properties":{"cell_id":"4550_15668","acq_date":"2026-04-07","frp":7.42,"bright_ti4":343.12,"daynight":"D","alert_type":"new_source_at_industrial_site","severity":0.1484}},{"type":"Feature","geometry":{"type":"Point","coordinates":[84.84622,21.52458]},"properties":{"cell_id":"4305_16969","acq_date":"2026-02-14","frp":7.41,"bright_ti4":356.77,"daynight":"D","alert_type":"new_source_at_industrial_site","severity":0.1482}},{"type":"Feature","geometry":{"type":"Point","coordinates":[77.76707,12.78621]},"properties":{"cell_id":"2557_15553","acq_date":"2026-03-24","frp":7.4,"bright_ti4":344.11,"daynight":"D","alert_type":"new_source_at_industrial_site","severity":0.148}},{"type":"Feature","geometry":{"type":"Point","coordinates":[77.14053,28.76798]},"properties":{"cell_id":"5754_15428","acq_date":"2026-01-19","frp":7.39,"bright_ti4":341.93,"daynight":"D","alert_type":"new_source_at_industrial_site","severity":0.1478}},{"type":"Feature","geometry":{"type":"Point","coordinates":[77.14456,28.76857]},"properties":{"cell_id":"5754_15429","acq_date":"2026-01-19","frp":7.39,"bright_ti4":339.08,"daynight":"D","alert_type":"new_source_at_industrial_site","severity":0.1478}},{"type":"Feature","geometry":{"type":"Point","coordinates":[77.8378,12.65686]},"properties":{"cell_id":"2531_15568","acq_date":"2026-03-17","frp":7.38,"bright_ti4":344.32,"daynight":"D","alert_type":"new_source_at_industrial_site","severity":0.1476}},{"type":"Feature","geometry":{"type":"Point","coordinates":[77.60842,14.15838]},"properties":{"cell_id":"2832_15522","acq_date":"2026-02-06","frp":7.38,"bright_ti4":339.49,"daynight":"D","alert_type":"new_source_at_industrial_site","severity":0.1476}},{"type":"Feature","geometry":{"type":"Point","coordinates":[73.16938,19.38423]},"properties":{"cell_id":"3877_14634","acq_date":"2026-03-01","frp":7.37,"bright_ti4":347.85,"daynight":"D","alert_type":"new_source_at_industrial_site","severity":0.1474}},{"type":"Feature","geometry":{"type":"Point","coordinates":[84.85127,22.23567]},"properties":{"cell_id":"4447_16970","acq_date":"2026-03-03","frp":7.37,"bright_ti4":352.01,"daynight":"D","alert_type":"new_source_at_industrial_site","severity":0.1474}},{"type":"Feature","geometry":{"type":"Point","coordinates":[74.48122,16.50796]},"properties":{"cell_id":"3302_14896","acq_date":"2026-02-04","frp":7.36,"bright_ti4":340.75,"daynight":"D","alert_type":"new_source_at_industrial_site","severity":0.1472}},{"type":"Feature","geometry":{"type":"Point","coordinates":[77.68001,13.15525]},"properties":{"cell_id":"2631_15536","acq_date":"2026-01-30","frp":7.35,"bright_ti4":344.84,"daynight":"D","alert_type":"new_source_at_industrial_site","severity":0.147}},{"type":"Feature","geometry":{"type":"Point","coordinates":[79.91024,12.88476]},"properties":{"cell_id":"2577_15982","acq_date":"2026-03-20","frp":7.33,"bright_ti4":334.28,"daynight":"D","alert_type":"new_source_at_industrial_site","severity":0.1466}},{"type":"Feature","geometry":{"type":"Point","coordinates":[83.2984,20.96581]},"properties":{"cell_id":"4193_16660","acq_date":"2026-03-14","frp":7.32,"bright_ti4":341.21,"daynight":"D","alert_type":"new_source_at_industrial_site","severity":0.1464}},{"type":"Feature","geometry":{"type":"Point","coordinates":[76.80122,29.28586]},"properties":{"cell_id":"5857_15360","acq_date":"2026-04-27","frp":7.3,"bright_ti4":344.47,"daynight":"D","alert_type":"new_source_at_industrial_site","severity":0.146}},{"type":"Feature","geometry":{"type":"Point","coordinates":[82.5377,22.07871]},"properties":{"cell_id":"4416_16508","acq_date":"2026-04-17","frp":7.3,"bright_ti4":338.21,"daynight":"D","alert_type":"new_source_at_industrial_site","severity":0.146}},{"type":"Feature","geometry":{"type":"Point","coordinates":[84.16534,21.44685]},"properties":{"cell_id":"4289_16833","acq_date":"2026-01-11","frp":7.29,"bright_ti4":340.59,"daynight":"D","alert_type":"new_source_at_industrial_site","severity":0.1458}},{"type":"Feature","geometry":{"type":"Point","coordinates":[75.74731,23.20769]},"properties":{"cell_id":"4642_15149","acq_date":"2026-04-22","frp":7.29,"bright_ti4":346.61,"daynight":"D","alert_type":"new_source_at_industrial_site","severity":0.1458}},{"type":"Feature","geometry":{"type":"Point","coordinates":[74.79666,31.65273]},"properties":{"cell_id":"6331_14959","acq_date":"2026-04-22","frp":7.28,"bright_ti4":367.0,"daynight":"D","alert_type":"new_source_at_industrial_site","severity":0.1456}},{"type":"Feature","geometry":{"type":"Point","coordinates":[69.7982,23.22704]},"properties":{"cell_id":"4645_13960","acq_date":"2026-01-22","frp":7.26,"bright_ti4":333.42,"daynight":"D","alert_type":"new_source_at_industrial_site","severity":0.1452}},{"type":"Feature","geometry":{"type":"Point","coordinates":[77.71202,12.72461]},"properties":{"cell_id":"2545_15542","acq_date":"2026-01-08","frp":7.25,"bright_ti4":344.26,"daynight":"D","alert_type":"new_source_at_industrial_site","severity":0.145}},{"type":"Feature","geometry":{"type":"Point","coordinates":[83.57164,21.30661]},"properties":{"cell_id":"4261_16714","acq_date":"2026-02-17","frp":7.25,"bright_ti4":353.0,"daynight":"D","alert_type":"new_source_at_industrial_site","severity":0.145}},{"type":"Feature","geometry":{"type":"Point","coordinates":[77.92953,12.69016]},"properties":{"cell_id":"2538_15586","acq_date":"2026-03-23","frp":7.24,"bright_ti4":338.07,"daynight":"D","alert_type":"new_source_at_industrial_site","severity":0.1448}},{"type":"Feature","geometry":{"type":"Point","coordinates":[75.56198,15.42182]},"properties":{"cell_id":"3084_15112","acq_date":"2026-03-23","frp":7.23,"bright_ti4":340.94,"daynight":"D","alert_type":"new_source_at_industrial_site","severity":0.1446}},{"type":"Feature","geometry":{"type":"Point","coordinates":[73.15054,19.36259]},"properties":{"cell_id":"3873_14630","acq_date":"2026-03-23","frp":7.22,"bright_ti4":342.84,"daynight":"D","alert_type":"new_source_at_industrial_site","severity":0.1444}},{"type":"Feature","geometry":{"type":"Point","coordinates":[82.80778,20.93079]},"properties":{"cell_id":"4186_16562","acq_date":"2026-02-27","frp":7.22,"bright_ti4":336.45,"daynight":"D","alert_type":"new_source_at_industrial_site","severity":0.1444}},{"type":"Feature","geometry":{"type":"Point","coordinates":[78.46157,15.68177]},"properties":{"cell_id":"3136_15692","acq_date":"2026-02-16","frp":7.21,"bright_ti4":343.88,"daynight":"D","alert_type":"new_source_at_industrial_site","severity":0.1442}},{"type":"Feature","geometry":{"type":"Point","coordinates":[73.34824,19.50101]},"properties":{"cell_id":"3900_14670","acq_date":"2026-03-22","frp":7.21,"bright_ti4":341.62,"daynight":"D","alert_type":"new_source_at_industrial_site","severity":0.1442}},{"type":"Feature","geometry":{"type":"Point","coordinates":[81.18139,25.60853]},"properties":{"cell_id":"5122_16236","acq_date":"2026-04-17","frp":7.2,"bright_ti4":345.11,"daynight":"D","alert_type":"new_source_at_industrial_site","severity":0.144}},{"type":"Feature","geometry":{"type":"Point","coordinates":[83.88456,21.78081]},"properties":{"cell_id":"4356_16777","acq_date":"2026-03-14","frp":7.2,"bright_ti4":347.21,"daynight":"D","alert_type":"new_source_at_industrial_site","severity":0.144}},{"type":"Feature","geometry":{"type":"Point","coordinates":[79.18651,11.60381]},"properties":{"cell_id":"2321_15837","acq_date":"2026-03-25","frp":7.17,"bright_ti4":337.68,"daynight":"D","alert_type":"new_source_at_industrial_site","severity":0.1434}},{"type":"Feature","geometry":{"type":"Point","coordinates":[83.84487,21.74801]},"properties":{"cell_id":"4350_16769","acq_date":"2026-04-14","frp":7.17,"bright_ti4":340.73,"daynight":"N","alert_type":"new_source_at_industrial_site","severity":0.1434}},{"type":"Feature","geometry":{"type":"Point","coordinates":[76.58835,12.37491]},"properties":{"cell_id":"2475_15318","acq_date":"2026-03-25","frp":7.17,"bright_ti4":340.8,"daynight":"D","alert_type":"new_source_at_industrial_site","severity":0.1434}},{"type":"Feature","geometry":{"type":"Point","coordinates":[78.91151,12.21064]},"properties":{"cell_id":"2442_15782","acq_date":"2026-02-27","frp":7.15,"bright_ti4":356.56,"daynight":"D","alert_type":"new_source_at_industrial_site","severity":0.143}},{"type":"Feature","geometry":{"type":"Point","coordinates":[77.15106,24.48112]},"properties":{"cell_id":"4896_15430","acq_date":"2026-04-27","frp":7.14,"bright_ti4":315.82,"daynight":"N","alert_type":"new_source_at_industrial_site","severity":0.1428}},{"type":"Feature","geometry":{"type":"Point","coordinates":[78.7522,14.49805]},"properties":{"cell_id":"2900_15750","acq_date":"2026-04-05","frp":7.12,"bright_ti4":337.57,"daynight":"D","alert_type":"new_source_at_industrial_site","severity":0.1424}},{"type":"Feature","geometry":{"type":"Point","coordinates":[75.74371,11.4832]},"properties":{"cell_id":"2297_15149","acq_date":"2026-03-08","frp":7.12,"bright_ti4":337.18,"daynight":"D","alert_type":"new_source_at_industrial_site","severity":0.1424}},{"type":"Feature","geometry":{"type":"Point","coordinates":[92.85715,23.43345]},"properties":{"cell_id":"4687_18571","acq_date":"2026-02-23","frp":7.11,"bright_ti4":352.84,"daynight":"D","alert_type":"new_source_at_industrial_site","severity":0.1422}},{"type":"Feature","geometry":{"type":"Point","coordinates":[92.8577,23.4301]},"properties":{"cell_id":"4686_18572","acq_date":"2026-02-23","frp":7.11,"bright_ti4":334.89,"daynight":"D","alert_type":"new_source_at_industrial_site","severity":0.1422}},{"type":"Feature","geometry":{"type":"Point","coordinates":[92.85383,23.42953]},"properties":{"cell_id":"4686_18571","acq_date":"2026-02-23","frp":7.11,"bright_ti4":336.04,"daynight":"D","alert_type":"new_source_at_industrial_site","severity":0.1422}},{"type":"Feature","geometry":{"type":"Point","coordinates":[92.85326,23.43289]},"properties":{"cell_id":"4687_18571","acq_date":"2026-02-23","frp":7.11,"bright_ti4":333.49,"daynight":"D","alert_type":"new_source_at_industrial_site","severity":0.1422}},{"type":"Feature","geometry":{"type":"Point","coordinates":[76.03961,22.93161]},"properties":{"cell_id":"4586_15208","acq_date":"2026-04-10","frp":7.09,"bright_ti4":346.45,"daynight":"D","alert_type":"new_source_at_industrial_site","severity":0.1418}},{"type":"Feature","geometry":{"type":"Point","coordinates":[74.72424,19.09904]},"properties":{"cell_id":"3820_14945","acq_date":"2026-02-20","frp":7.09,"bright_ti4":347.45,"daynight":"D","alert_type":"new_source_at_industrial_site","severity":0.1418}},{"type":"Feature","geometry":{"type":"Point","coordinates":[70.16382,23.11235]},"properties":{"cell_id":"4622_14033","acq_date":"2026-01-16","frp":7.08,"bright_ti4":341.61,"daynight":"D","alert_type":"new_source_at_industrial_site","severity":0.1416}},{"type":"Feature","geometry":{"type":"Point","coordinates":[83.80949,21.43461]},"properties":{"cell_id":"4287_16762","acq_date":"2026-01-02","frp":7.07,"bright_ti4":344.89,"daynight":"D","alert_type":"new_source_at_industrial_site","severity":0.1414}},{"type":"Feature","geometry":{"type":"Point","coordinates":[75.43501,22.69771]},"properties":{"cell_id":"4540_15087","acq_date":"2026-04-08","frp":7.07,"bright_ti4":345.11,"daynight":"D","alert_type":"new_source_at_industrial_site","severity":0.1414}},{"type":"Feature","geometry":{"type":"Point","coordinates":[81.4031,21.20379]},"properties":{"cell_id":"4241_16281","acq_date":"2026-01-21","frp":7.05,"bright_ti4":341.02,"daynight":"D","alert_type":"new_source_at_industrial_site","severity":0.141}},{"type":"Feature","geometry":{"type":"Point","coordinates":[83.84428,21.75138]},"properties":{"cell_id":"4350_16769","acq_date":"2026-04-14","frp":7.03,"bright_ti4":306.79,"daynight":"N","alert_type":"new_source_at_industrial_site","severity":0.1406}},{"type":"Feature","geometry":{"type":"Point","coordinates":[73.29622,18.80104]},"properties":{"cell_id":"3760_14659","acq_date":"2026-01-09","frp":7.02,"bright_ti4":331.3,"daynight":"D","alert_type":"new_source_at_industrial_site","severity":0.1404}},{"type":"Feature","geometry":{"type":"Point","coordinates":[74.12077,21.51708]},"properties":{"cell_id":"4303_14824","acq_date":"2026-01-08","frp":7.02,"bright_ti4":356.66,"daynight":"D","alert_type":"new_source_at_industrial_site","severity":0.1404}},{"type":"Feature","geometry":{"type":"Point","coordinates":[80.23728,26.45073]},"properties":{"cell_id":"5290_16047","acq_date":"2026-02-26","frp":7.02,"bright_ti4":340.0,"daynight":"D","alert_type":"new_source_at_industrial_site","severity":0.1404}},{"type":"Feature","geometry":{"type":"Point","coordinates":[74.95374,29.91345]},"properties":{"cell_id":"5983_14991","acq_date":"2026-03-13","frp":7.01,"bright_ti4":295.68,"daynight":"N","alert_type":"new_source_at_industrial_site","severity":0.1402}},{"type":"Feature","geometry":{"type":"Point","coordinates":[87.37898,25.03206]},"properties":{"cell_id":"5006_17476","acq_date":"2026-02-11","frp":7.01,"bright_ti4":339.06,"daynight":"D","alert_type":"new_source_at_industrial_site","severity":0.1402}},{"type":"Feature","geometry":{"type":"Point","coordinates":[79.95634,12.87494]},"properties":{"cell_id":"2575_15991","acq_date":"2026-02-27","frp":7.01,"bright_ti4":345.05,"daynight":"D","alert_type":"new_source_at_industrial_site","severity":0.1402}},{"type":"Feature","geometry":{"type":"Point","coordinates":[68.58082,23.42762]},"properties":{"cell_id":"4686_13716","acq_date":"2026-02-16","frp":7.01,"bright_ti4":356.35,"daynight":"D","alert_type":"new_source_at_industrial_site","severity":0.1402}},{"type":"Feature","geometry":{"type":"Point","coordinates":[74.94912,29.91407]},"properties":{"cell_id":"5983_14990","acq_date":"2026-03-13","frp":7.01,"bright_ti4":307.59,"daynight":"N","alert_type":"new_source_at_industrial_site","severity":0.1402}},{"type":"Feature","geometry":{"type":"Point","coordinates":[75.7458,16.85481]},"properties":{"cell_id":"3371_15149","acq_date":"2026-01-30","frp":7.0,"bright_ti4":344.0,"daynight":"D","alert_type":"new_source_at_industrial_site","severity":0.14}},{"type":"Feature","geometry":{"type":"Point","coordinates":[75.06076,23.33746]},"properties":{"cell_id":"4667_15012","acq_date":"2026-04-15","frp":7.0,"bright_ti4":346.29,"daynight":"D","alert_type":"new_source_at_industrial_site","severity":0.14}},{"type":"Feature","geometry":{"type":"Point","coordinates":[81.88691,21.18815]},"properties":{"cell_id":"4238_16377","acq_date":"2026-02-01","frp":7.0,"bright_ti4":346.02,"daynight":"D","alert_type":"new_source_at_industrial_site","severity":0.14}},{"type":"Feature","geometry":{"type":"Point","coordinates":[70.28213,23.26834]},"properties":{"cell_id":"4654_14056","acq_date":"2026-04-22","frp":6.99,"bright_ti4":337.51,"daynight":"D","alert_type":"new_source_at_industrial_site","severity":0.1398}},{"type":"Feature","geometry":{"type":"Point","coordinates":[70.8143,22.09309]},"properties":{"cell_id":"4419_14163","acq_date":"2026-03-26","frp":6.96,"bright_ti4":343.45,"daynight":"D","alert_type":"new_source_at_industrial_site","severity":0.1392}},{"type":"Feature","geometry":{"type":"Point","coordinates":[84.86507,25.58324]},"properties":{"cell_id":"5117_16973","acq_date":"2026-04-15","frp":6.95,"bright_ti4":344.52,"daynight":"D","alert_type":"new_source_at_industrial_site","severity":0.139}},{"type":"Feature","geometry":{"type":"Point","coordinates":[85.27777,23.68514]},"properties":{"cell_id":"4737_17056","acq_date":"2026-04-25","frp":6.95,"bright_ti4":339.11,"daynight":"D","alert_type":"new_source_at_industrial_site","severity":0.139}},{"type":"Feature","geometry":{"type":"Point","coordinates":[72.65842,21.68446]},"properties":{"cell_id":"4337_14532","acq_date":"2026-03-30","frp":6.95,"bright_ti4":330.75,"daynight":"D","alert_type":"new_source_at_industrial_site","severity":0.139}},{"type":"Feature","geometry":{"type":"Point","coordinates":[83.32104,27.3003]},"properties":{"cell_id":"5460_16664","acq_date":"2026-04-06","frp":6.93,"bright_ti4":349.84,"daynight":"D","alert_type":"new_source_at_industrial_site","severity":0.1386}},{"type":"Feature","geometry":{"type":"Point","coordinates":[77.41209,11.12052]},"properties":{"cell_id":"2224_15482","acq_date":"2026-04-13","frp":6.92,"bright_ti4":338.69,"daynight":"D","alert_type":"new_source_at_industrial_site","severity":0.1384}},{"type":"Feature","geometry":{"type":"Point","coordinates":[73.49662,19.60007]},"properties":{"cell_id":"3920_14699","acq_date":"2026-03-19","frp":6.92,"bright_ti4":347.9,"daynight":"D","alert_type":"new_source_at_industrial_site","severity":0.1384}},{"type":"Feature","geometry":{"type":"Point","coordinates":[76.63602,11.43822]},"properties":{"cell_id":"2288_15327","acq_date":"2026-04-18","frp":6.92,"bright_ti4":336.06,"daynight":"D","alert_type":"new_source_at_industrial_site","severity":0.1384}},{"type":"Feature","geometry":{"type":"Point","coordinates":[77.1253,11.09916]},"properties":{"cell_id":"2220_15425","acq_date":"2026-04-19","frp":6.91,"bright_ti4":343.5,"daynight":"D","alert_type":"new_source_at_industrial_site","severity":0.1382}},{"type":"Feature","geometry":{"type":"Point","coordinates":[73.3364,19.48621]},"properties":{"cell_id":"3897_14667","acq_date":"2026-04-25","frp":6.9,"bright_ti4":347.14,"daynight":"D","alert_type":"new_source_at_industrial_site","severity":0.138}},{"type":"Feature","geometry":{"type":"Point","coordinates":[73.34145,19.48713]},"properties":{"cell_id":"3897_14668","acq_date":"2026-04-25","frp":6.9,"bright_ti4":339.31,"daynight":"D","alert_type":"new_source_at_industrial_site","severity":0.138}},{"type":"Feature","geometry":{"type":"Point","coordinates":[83.83708,21.74899]},"properties":{"cell_id":"4350_16767","acq_date":"2026-03-28","frp":6.9,"bright_ti4":323.51,"daynight":"N","alert_type":"new_source_at_industrial_site","severity":0.138}},{"type":"Feature","geometry":{"type":"Point","coordinates":[72.96741,19.69989]},"properties":{"cell_id":"3940_14593","acq_date":"2026-03-08","frp":6.87,"bright_ti4":367.0,"daynight":"D","alert_type":"new_source_at_industrial_site","severity":0.1374}},{"type":"Feature","geometry":{"type":"Point","coordinates":[77.47523,12.69669]},"properties":{"cell_id":"2539_15495","acq_date":"2026-03-14","frp":6.85,"bright_ti4":345.18,"daynight":"D","alert_type":"new_source_at_industrial_site","severity":0.137}},{"type":"Feature","geometry":{"type":"Point","coordinates":[77.61058,14.17388]},"properties":{"cell_id":"2835_15522","acq_date":"2026-01-20","frp":6.84,"bright_ti4":343.95,"daynight":"D","alert_type":"new_source_at_industrial_site","severity":0.1368}},{"type":"Feature","geometry":{"type":"Point","coordinates":[77.50304,12.78059]},"properties":{"cell_id":"2556_15501","acq_date":"2026-03-03","frp":6.84,"bright_ti4":346.13,"daynight":"D","alert_type":"new_source_at_industrial_site","severity":0.1368}},{"type":"Feature","geometry":{"type":"Point","coordinates":[83.44776,27.37664]},"properties":{"cell_id":"5475_16690","acq_date":"2026-04-17","frp":6.82,"bright_ti4":339.03,"daynight":"D","alert_type":"new_source_at_industrial_site","severity":0.1364}},{"type":"Feature","geometry":{"type":"Point","coordinates":[84.98829,20.92648]},"properties":{"cell_id":"4185_16998","acq_date":"2026-03-03","frp":6.82,"bright_ti4":343.86,"daynight":"D","alert_type":"new_source_at_industrial_site","severity":0.1364}},{"type":"Feature","geometry":{"type":"Point","coordinates":[84.84631,21.52341]},"properties":{"cell_id":"4305_16969","acq_date":"2026-02-14","frp":6.82,"bright_ti4":356.08,"daynight":"D","alert_type":"new_source_at_industrial_site","severity":0.1364}},{"type":"Feature","geometry":{"type":"Point","coordinates":[84.92982,21.79367]},"properties":{"cell_id":"4359_16986","acq_date":"2026-02-17","frp":6.81,"bright_ti4":345.11,"daynight":"D","alert_type":"new_source_at_industrial_site","severity":0.1362}},{"type":"Feature","geometry":{"type":"Point","coordinates":[81.7803,27.37241]},"properties":{"cell_id":"5474_16356","acq_date":"2026-03-08","frp":6.8,"bright_ti4":341.96,"daynight":"D","alert_type":"new_source_at_industrial_site","severity":0.136}},{"type":"Feature","geometry":{"type":"Point","coordinates":[76.87138,30.14774]},"properties":{"cell_id":"6030_15374","acq_date":"2026-04-23","frp":6.8,"bright_ti4":338.48,"daynight":"D","alert_type":"new_source_at_industrial_site","severity":0.136}},{"type":"Feature","geometry":{"type":"Point","coordinates":[73.17184,18.86206]},"properties":{"cell_id":"3772_14634","acq_date":"2026-04-07","frp":6.79,"bright_ti4":342.73,"daynight":"D","alert_type":"new_source_at_industrial_site","severity":0.1358}},{"type":"Feature","geometry":{"type":"Point","coordinates":[78.74918,14.49774]},"properties":{"cell_id":"2900_15750","acq_date":"2026-04-05","frp":6.78,"bright_ti4":345.95,"daynight":"D","alert_type":"new_source_at_industrial_site","severity":0.1356}},{"type":"Feature","geometry":{"type":"Point","coordinates":[78.74831,14.50229]},"properties":{"cell_id":"2900_15750","acq_date":"2026-04-05","frp":6.78,"bright_ti4":348.95,"daynight":"D","alert_type":"new_source_at_industrial_site","severity":0.1356}},{"type":"Feature","geometry":{"type":"Point","coordinates":[75.56583,22.61182]},"properties":{"cell_id":"4522_15113","acq_date":"2026-04-03","frp":6.78,"bright_ti4":341.0,"daynight":"D","alert_type":"new_source_at_industrial_site","severity":0.1356}},{"type":"Feature","geometry":{"type":"Point","coordinates":[74.00945,18.49597]},"properties":{"cell_id":"3699_14802","acq_date":"2026-04-23","frp":6.77,"bright_ti4":339.41,"daynight":"D","alert_type":"new_source_at_industrial_site","severity":0.1354}},{"type":"Feature","geometry":{"type":"Point","coordinates":[80.78496,16.56228]},"properties":{"cell_id":"3312_16157","acq_date":"2026-03-25","frp":6.76,"bright_ti4":331.57,"daynight":"D","alert_type":"new_source_at_industrial_site","severity":0.1352}},{"type":"Feature","geometry":{"type":"Point","coordinates":[77.5386,23.0494]},"properties":{"cell_id":"4610_15508","acq_date":"2026-04-13","frp":6.76,"bright_ti4":341.95,"daynight":"D","alert_type":"new_source_at_industrial_site","severity":0.1352}},{"type":"Feature","geometry":{"type":"Point","coordinates":[74.14244,14.90889]},"properties":{"cell_id":"2982_14828","acq_date":"2026-02-07","frp":6.76,"bright_ti4":343.79,"daynight":"D","alert_type":"new_source_at_industrial_site","severity":0.1352}},{"type":"Feature","geometry":{"type":"Point","coordinates":[91.3073,26.52086]},"properties":{"cell_id":"5304_18261","acq_date":"2026-02-18","frp":6.76,"bright_ti4":350.92,"daynight":"D","alert_type":"new_source_at_industrial_site","severity":0.1352}},{"type":"Feature","geometry":{"type":"Point","coordinates":[82.43533,24.22737]},"properties":{"cell_id":"4845_16487","acq_date":"2026-04-24","frp":6.76,"bright_ti4":367.0,"daynight":"D","alert_type":"new_source_at_industrial_site","severity":0.1352}},{"type":"Feature","geometry":{"type":"Point","coordinates":[73.36773,19.59353]},"properties":{"cell_id":"3919_14674","acq_date":"2026-01-16","frp":6.75,"bright_ti4":367.0,"daynight":"D","alert_type":"new_source_at_industrial_site","severity":0.135}},{"type":"Feature","geometry":{"type":"Point","coordinates":[83.32968,22.00728]},"properties":{"cell_id":"4401_16666","acq_date":"2026-01-06","frp":6.75,"bright_ti4":337.41,"daynight":"D","alert_type":"new_source_at_industrial_site","severity":0.135}},{"type":"Feature","geometry":{"type":"Point","coordinates":[77.26223,29.66804]},"properties":{"cell_id":"5934_15452","acq_date":"2026-04-23","frp":6.75,"bright_ti4":344.85,"daynight":"D","alert_type":"new_source_at_industrial_site","severity":0.135}},{"type":"Feature","geometry":{"type":"Point","coordinates":[73.3643,19.59318]},"properties":{"cell_id":"3919_14673","acq_date":"2026-01-16","frp":6.75,"bright_ti4":355.06,"daynight":"D","alert_type":"new_source_at_industrial_site","severity":0.135}},{"type":"Feature","geometry":{"type":"Point","coordinates":[73.01483,18.93509]},"properties":{"cell_id":"3787_14603","acq_date":"2026-01-09","frp":6.74,"bright_ti4":341.91,"daynight":"D","alert_type":"new_source_at_industrial_site","severity":0.1348}},{"type":"Feature","geometry":{"type":"Point","coordinates":[76.59489,8.89429]},"properties":{"cell_id":"1779_15319","acq_date":"2026-01-03","frp":6.74,"bright_ti4":343.77,"daynight":"D","alert_type":"new_source_at_industrial_site","severity":0.1348}},{"type":"Feature","geometry":{"type":"Point","coordinates":[77.5036,13.10217]},"properties":{"cell_id":"2620_15501","acq_date":"2026-01-20","frp":6.73,"bright_ti4":343.0,"daynight":"D","alert_type":"new_source_at_industrial_site","severity":0.1346}},{"type":"Feature","geometry":{"type":"Point","coordinates":[80.35307,19.61168]},"properties":{"cell_id":"3922_16071","acq_date":"2026-03-23","frp":6.73,"bright_ti4":343.9,"daynight":"D","alert_type":"new_source_at_industrial_site","severity":0.1346}},{"type":"Feature","geometry":{"type":"Point","coordinates":[76.07074,30.26485]},"properties":{"cell_id":"6053_15214","acq_date":"2026-04-27","frp":6.72,"bright_ti4":344.91,"daynight":"D","alert_type":"new_source_at_industrial_site","severity":0.1344}},{"type":"Feature","geometry":{"type":"Point","coordinates":[77.98235,13.14103]},"properties":{"cell_id":"2628_15596","acq_date":"2026-01-23","frp":6.72,"bright_ti4":334.8,"daynight":"D","alert_type":"new_source_at_industrial_site","severity":0.1344}},{"type":"Feature","geometry":{"type":"Point","coordinates":[77.78047,12.64771]},"properties":{"cell_id":"2530_15556","acq_date":"2026-04-14","frp":6.71,"bright_ti4":344.17,"daynight":"D","alert_type":"new_source_at_industrial_site","severity":0.1342}},{"type":"Feature","geometry":{"type":"Point","coordinates":[70.76309,22.09992]},"properties":{"cell_id":"4420_14153","acq_date":"2026-03-25","frp":6.7,"bright_ti4":336.67,"daynight":"D","alert_type":"new_source_at_industrial_site","severity":0.134}},{"type":"Feature","geometry":{"type":"Point","coordinates":[84.02708,21.89862]},"properties":{"cell_id":"4380_16805","acq_date":"2026-01-11","frp":6.69,"bright_ti4":343.54,"daynight":"D","alert_type":"new_source_at_industrial_site","severity":0.1338}},{"type":"Feature","geometry":{"type":"Point","coordinates":[81.77993,27.37298]},"properties":{"cell_id":"5475_16356","acq_date":"2026-03-08","frp":6.69,"bright_ti4":342.08,"daynight":"D","alert_type":"new_source_at_industrial_site","severity":0.1338}},{"type":"Feature","geometry":{"type":"Point","coordinates":[73.12108,19.63895]},"properties":{"cell_id":"3928_14624","acq_date":"2026-03-29","frp":6.68,"bright_ti4":335.85,"daynight":"D","alert_type":"new_source_at_industrial_site","severity":0.1336}},{"type":"Feature","geometry":{"type":"Point","coordinates":[73.67518,16.40921]},"properties":{"cell_id":"3282_14735","acq_date":"2026-04-04","frp":6.68,"bright_ti4":334.66,"daynight":"D","alert_type":"new_source_at_industrial_site","severity":0.1336}},{"type":"Feature","geometry":{"type":"Point","coordinates":[72.21874,21.44336]},"properties":{"cell_id":"4289_14444","acq_date":"2026-03-22","frp":6.67,"bright_ti4":332.48,"daynight":"D","alert_type":"new_source_at_industrial_site","severity":0.1334}},{"type":"Feature","geometry":{"type":"Point","coordinates":[80.62322,16.54253]},"properties":{"cell_id":"3309_16125","acq_date":"2026-01-19","frp":6.67,"bright_ti4":343.13,"daynight":"D","alert_type":"new_source_at_industrial_site","severity":0.1334}},{"type":"Feature","geometry":{"type":"Point","coordinates":[78.45909,15.67488]},"properties":{"cell_id":"3135_15692","acq_date":"2026-04-20","frp":6.66,"bright_ti4":343.66,"daynight":"D","alert_type":"new_source_at_industrial_site","severity":0.1332}},{"type":"Feature","geometry":{"type":"Point","coordinates":[78.94146,20.94477]},"properties":{"cell_id":"4189_15788","acq_date":"2026-02-06","frp":6.64,"bright_ti4":340.89,"daynight":"D","alert_type":"new_source_at_industrial_site","severity":0.1328}},{"type":"Feature","geometry":{"type":"Point","coordinates":[77.76527,13.04259]},"properties":{"cell_id":"2609_15553","acq_date":"2026-02-18","frp":6.63,"bright_ti4":336.9,"daynight":"D","alert_type":"new_source_at_industrial_site","severity":0.1326}},{"type":"Feature","geometry":{"type":"Point","coordinates":[76.1159,31.07848]},"properties":{"cell_id":"6216_15223","acq_date":"2026-02-07","frp":6.63,"bright_ti4":350.5,"daynight":"D","alert_type":"new_source_at_industrial_site","severity":0.1326}},{"type":"Feature","geometry":{"type":"Point","coordinates":[77.14783,24.48248]},"properties":{"cell_id":"4896_15430","acq_date":"2026-02-28","frp":6.63,"bright_ti4":350.47,"daynight":"N","alert_type":"new_source_at_industrial_site","severity":0.1326}},{"type":"Feature","geometry":{"type":"Point","coordinates":[77.80931,11.39868]},"properties":{"cell_id":"2280_15562","acq_date":"2026-03-14","frp":6.63,"bright_ti4":337.68,"daynight":"D","alert_type":"new_source_at_industrial_site","severity":0.1326}},{"type":"Feature","geometry":{"type":"Point","coordinates":[82.52196,22.00521]},"properties":{"cell_id":"4401_16504","acq_date":"2026-01-13","frp":6.62,"bright_ti4":341.83,"daynight":"D","alert_type":"new_source_at_industrial_site","severity":0.1324}},{"type":"Feature","geometry":{"type":"Point","coordinates":[78.7744,30.53146]},"properties":{"cell_id":"6106_15755","acq_date":"2026-02-06","frp":6.61,"bright_ti4":339.0,"daynight":"D","alert_type":"new_source_at_industrial_site","severity":0.1322}},{"type":"Feature","geometry":{"type":"Point","coordinates":[92.85444,23.43037]},"properties":{"cell_id":"4686_18571","acq_date":"2026-03-06","frp":6.61,"bright_ti4":340.6,"daynight":"D","alert_type":"new_source_at_industrial_site","severity":0.1322}},{"type":"Feature","geometry":{"type":"Point","coordinates":[92.85068,23.42979]},"properties":{"cell_id":"4686_18570","acq_date":"2026-03-06","frp":6.61,"bright_ti4":353.42,"daynight":"D","alert_type":"new_source_at_industrial_site","severity":0.1322}},{"type":"Feature","geometry":{"type":"Point","coordinates":[84.02769,21.76786]},"properties":{"cell_id":"4354_16806","acq_date":"2026-01-07","frp":6.6,"bright_ti4":329.85,"daynight":"D","alert_type":"new_source_at_industrial_site","severity":0.132}},{"type":"Feature","geometry":{"type":"Point","coordinates":[72.82636,19.23552]},"properties":{"cell_id":"3847_14565","acq_date":"2026-02-06","frp":6.6,"bright_ti4":338.36,"daynight":"D","alert_type":"new_source_at_industrial_site","severity":0.132}},{"type":"Feature","geometry":{"type":"Point","coordinates":[85.93192,22.7684]},"properties":{"cell_id":"4554_17186","acq_date":"2026-02-03","frp":6.59,"bright_ti4":340.97,"daynight":"D","alert_type":"new_source_at_industrial_site","severity":0.1318}},{"type":"Feature","geometry":{"type":"Point","coordinates":[73.20062,19.55873]},"properties":{"cell_id":"3912_14640","acq_date":"2026-03-17","frp":6.58,"bright_ti4":343.16,"daynight":"D","alert_type":"new_source_at_industrial_site","severity":0.1316}},{"type":"Feature","geometry":{"type":"Point","coordinates":[83.18118,17.596]},"properties":{"cell_id":"3519_16636","acq_date":"2026-01-17","frp":6.58,"bright_ti4":300.51,"daynight":"N","alert_type":"new_source_at_industrial_site","severity":0.1316}},{"type":"Feature","geometry":{"type":"Point","coordinates":[78.66687,18.16263]},"properties":{"cell_id":"3633_15733","acq_date":"2026-03-13","frp":6.58,"bright_ti4":339.59,"daynight":"D","alert_type":"new_source_at_industrial_site","severity":0.1316}},{"type":"Feature","geometry":{"type":"Point","coordinates":[87.37971,25.03108]},"properties":{"cell_id":"5006_17476","acq_date":"2026-04-12","frp":6.58,"bright_ti4":336.56,"daynight":"D","alert_type":"new_source_at_industrial_site","severity":0.1316}},{"type":"Feature","geometry":{"type":"Point","coordinates":[92.93739,24.82313]},"properties":{"cell_id":"4965_18587","acq_date":"2026-02-28","frp":6.58,"bright_ti4":328.75,"daynight":"D","alert_type":"new_source_at_industrial_site","severity":0.1316}},{"type":"Feature","geometry":{"type":"Point","coordinates":[80.27718,13.18174]},"properties":{"cell_id":"2636_16055","acq_date":"2026-02-10","frp":6.57,"bright_ti4":339.48,"daynight":"D","alert_type":"new_source_at_industrial_site","severity":0.1314}},{"type":"Feature","geometry":{"type":"Point","coordinates":[76.86871,29.44346]},"properties":{"cell_id":"5889_15374","acq_date":"2026-04-24","frp":6.56,"bright_ti4":347.98,"daynight":"D","alert_type":"new_source_at_industrial_site","severity":0.1312}},{"type":"Feature","geometry":{"type":"Point","coordinates":[77.80504,12.98769]},"properties":{"cell_id":"2598_15561","acq_date":"2026-02-08","frp":6.56,"bright_ti4":341.21,"daynight":"D","alert_type":"new_source_at_industrial_site","severity":0.1312}},{"type":"Feature","geometry":{"type":"Point","coordinates":[77.63979,13.4506]},"properties":{"cell_id":"2690_15528","acq_date":"2026-04-13","frp":6.56,"bright_ti4":338.42,"daynight":"D","alert_type":"new_source_at_industrial_site","severity":0.1312}},{"type":"Feature","geometry":{"type":"Point","coordinates":[72.93736,21.43454]},"properties":{"cell_id":"4287_14587","acq_date":"2026-04-22","frp":6.55,"bright_ti4":343.53,"daynight":"D","alert_type":"new_source_at_industrial_site","severity":0.131}},{"type":"Feature","geometry":{"type":"Point","coordinates":[75.1507,12.26409]},"properties":{"cell_id":"2453_15030","acq_date":"2026-02-25","frp":6.55,"bright_ti4":333.95,"daynight":"D","alert_type":"new_source_at_industrial_site","severity":0.131}},{"type":"Feature","geometry":{"type":"Point","coordinates":[76.01717,23.49261]},"properties":{"cell_id":"4699_15203","acq_date":"2026-04-11","frp":6.55,"bright_ti4":355.26,"daynight":"D","alert_type":"new_source_at_industrial_site","severity":0.131}},{"type":"Feature","geometry":{"type":"Point","coordinates":[83.84253,21.36794]},"properties":{"cell_id":"4274_16769","acq_date":"2026-01-07","frp":6.55,"bright_ti4":330.99,"daynight":"D","alert_type":"new_source_at_industrial_site","severity":0.131}},{"type":"Feature","geometry":{"type":"Point","coordinates":[76.51136,14.12229]},"properties":{"cell_id":"2824_15302","acq_date":"2026-03-28","frp":6.55,"bright_ti4":336.01,"daynight":"D","alert_type":"new_source_at_industrial_site","severity":0.131}},{"type":"Feature","geometry":{"type":"Point","coordinates":[72.94083,21.43488]},"properties":{"cell_id":"4287_14588","acq_date":"2026-04-22","frp":6.55,"bright_ti4":367.0,"daynight":"D","alert_type":"new_source_at_industrial_site","severity":0.131}},{"type":"Feature","geometry":{"type":"Point","coordinates":[75.89958,22.51952]},"properties":{"cell_id":"4504_15180","acq_date":"2026-03-24","frp":6.54,"bright_ti4":338.98,"daynight":"D","alert_type":"new_source_at_industrial_site","severity":0.1308}},{"type":"Feature","geometry":{"type":"Point","coordinates":[73.82133,15.58627]},"properties":{"cell_id":"3117_14764","acq_date":"2026-04-15","frp":6.54,"bright_ti4":333.47,"daynight":"D","alert_type":"new_source_at_industrial_site","severity":0.1308}},{"type":"Feature","geometry":{"type":"Point","coordinates":[77.74187,12.55749]},"properties":{"cell_id":"2511_15548","acq_date":"2026-02-10","frp":6.53,"bright_ti4":342.8,"daynight":"D","alert_type":"new_source_at_industrial_site","severity":0.1306}},{"type":"Feature","geometry":{"type":"Point","coordinates":[74.01024,18.34591]},"properties":{"cell_id":"3669_14802","acq_date":"2026-03-29","frp":6.51,"bright_ti4":339.69,"daynight":"D","alert_type":"new_source_at_industrial_site","severity":0.1302}},{"type":"Feature","geometry":{"type":"Point","coordinates":[76.78837,10.77832]},"properties":{"cell_id":"2156_15358","acq_date":"2026-03-14","frp":6.5,"bright_ti4":341.88,"daynight":"D","alert_type":"new_source_at_industrial_site","severity":0.13}},{"type":"Feature","geometry":{"type":"Point","coordinates":[75.89959,21.01893]},"properties":{"cell_id":"4204_15180","acq_date":"2026-03-23","frp":6.5,"bright_ti4":347.05,"daynight":"D","alert_type":"new_source_at_industrial_site","severity":0.13}},{"type":"Feature","geometry":{"type":"Point","coordinates":[75.5859,11.83547]},"properties":{"cell_id":"2367_15117","acq_date":"2026-03-22","frp":6.49,"bright_ti4":335.84,"daynight":"D","alert_type":"new_source_at_industrial_site","severity":0.1298}},{"type":"Feature","geometry":{"type":"Point","coordinates":[73.41363,19.12855]},"properties":{"cell_id":"3826_14683","acq_date":"2026-02-24","frp":6.49,"bright_ti4":349.28,"daynight":"D","alert_type":"new_source_at_industrial_site","severity":0.1298}},{"type":"Feature","geometry":{"type":"Point","coordinates":[75.6714,20.32401]},"properties":{"cell_id":"4065_15134","acq_date":"2026-03-21","frp":6.48,"bright_ti4":339.47,"daynight":"D","alert_type":"new_source_at_industrial_site","severity":0.1296}},{"type":"Feature","geometry":{"type":"Point","coordinates":[76.85398,28.28752]},"properties":{"cell_id":"5658_15371","acq_date":"2026-04-21","frp":6.48,"bright_ti4":341.93,"daynight":"D","alert_type":"new_source_at_industrial_site","severity":0.1296}},{"type":"Feature","geometry":{"type":"Point","coordinates":[79.43465,28.41088]},"properties":{"cell_id":"5682_15887","acq_date":"2026-03-02","frp":6.48,"bright_ti4":348.7,"daynight":"D","alert_type":"new_source_at_industrial_site","severity":0.1296}},{"type":"Feature","geometry":{"type":"Point","coordinates":[77.33157,13.18645]},"properties":{"cell_id":"2637_15466","acq_date":"2026-01-30","frp":6.48,"bright_ti4":347.56,"daynight":"D","alert_type":"new_source_at_industrial_site","severity":0.1296}},{"type":"Feature","geometry":{"type":"Point","coordinates":[76.93257,17.83285]},"properties":{"cell_id":"3567_15387","acq_date":"2026-03-19","frp":6.48,"bright_ti4":337.99,"daynight":"D","alert_type":"new_source_at_industrial_site","severity":0.1296}},{"type":"Feature","geometry":{"type":"Point","coordinates":[83.84455,21.74752]},"properties":{"cell_id":"4350_16769","acq_date":"2026-04-15","frp":6.47,"bright_ti4":340.06,"daynight":"N","alert_type":"new_source_at_industrial_site","severity":0.1294}},{"type":"Feature","geometry":{"type":"Point","coordinates":[75.01283,34.02863]},"properties":{"cell_id":"6806_15003","acq_date":"2026-01-14","frp":6.47,"bright_ti4":339.42,"daynight":"D","alert_type":"new_source_at_industrial_site","severity":0.1294}},{"type":"Feature","geometry":{"type":"Point","coordinates":[72.87432,19.40959]},"properties":{"cell_id":"3882_14575","acq_date":"2026-02-25","frp":6.47,"bright_ti4":337.84,"daynight":"D","alert_type":"new_source_at_industrial_site","severity":0.1294}},{"type":"Feature","geometry":{"type":"Point","coordinates":[91.9147,25.57426]},"properties":{"cell_id":"5115_18383","acq_date":"2026-02-11","frp":6.47,"bright_ti4":331.1,"daynight":"D","alert_type":"new_source_at_industrial_site","severity":0.1294}},{"type":"Feature","geometry":{"type":"Point","coordinates":[83.84349,21.75081]},"properties":{"cell_id":"4350_16769","acq_date":"2026-03-30","frp":6.46,"bright_ti4":342.59,"daynight":"D","alert_type":"new_source_at_industrial_site","severity":0.1292}},{"type":"Feature","geometry":{"type":"Point","coordinates":[72.9757,20.23816]},"properties":{"cell_id":"4048_14595","acq_date":"2026-03-06","frp":6.45,"bright_ti4":342.88,"daynight":"D","alert_type":"new_source_at_industrial_site","severity":0.129}},{"type":"Feature","geometry":{"type":"Point","coordinates":[83.84526,21.74764]},"properties":{"cell_id":"4350_16769","acq_date":"2026-03-25","frp":6.45,"bright_ti4":338.69,"daynight":"D","alert_type":"new_source_at_industrial_site","severity":0.129}},{"type":"Feature","geometry":{"type":"Point","coordinates":[83.90835,24.10188]},"properties":{"cell_id":"4820_16782","acq_date":"2026-04-26","frp":6.45,"bright_ti4":340.18,"daynight":"D","alert_type":"new_source_at_industrial_site","severity":0.129}},{"type":"Feature","geometry":{"type":"Point","coordinates":[87.38433,23.49449]},"properties":{"cell_id":"4699_17477","acq_date":"2026-04-02","frp":6.43,"bright_ti4":335.25,"daynight":"D","alert_type":"new_source_at_industrial_site","severity":0.1286}},{"type":"Feature","geometry":{"type":"Point","coordinates":[83.12911,21.02478]},"properties":{"cell_id":"4205_16626","acq_date":"2026-03-05","frp":6.43,"bright_ti4":343.42,"daynight":"D","alert_type":"new_source_at_industrial_site","severity":0.1286}},{"type":"Feature","geometry":{"type":"Point","coordinates":[86.12799,22.80139]},"properties":{"cell_id":"4560_17226","acq_date":"2026-03-05","frp":6.42,"bright_ti4":338.39,"daynight":"D","alert_type":"new_source_at_industrial_site","severity":0.1284}},{"type":"Feature","geometry":{"type":"Point","coordinates":[72.8063,21.09927]},"properties":{"cell_id":"4220_14561","acq_date":"2026-02-02","frp":6.42,"bright_ti4":330.31,"daynight":"D","alert_type":"new_source_at_industrial_site","severity":0.1284}},{"type":"Feature","geometry":{"type":"Point","coordinates":[73.83955,17.57201]},"properties":{"cell_id":"3514_14768","acq_date":"2026-02-14","frp":6.42,"bright_ti4":338.94,"daynight":"D","alert_type":"new_source_at_industrial_site","severity":0.1284}},{"type":"Feature","geometry":{"type":"Point","coordinates":[86.12865,22.79793]},"properties":{"cell_id":"4560_17226","acq_date":"2026-03-05","frp":6.42,"bright_ti4":348.79,"daynight":"D","alert_type":"new_source_at_industrial_site","severity":0.1284}},{"type":"Feature","geometry":{"type":"Point","coordinates":[74.1526,30.56019]},"properties":{"cell_id":"6112_14831","acq_date":"2026-04-26","frp":6.42,"bright_ti4":343.98,"daynight":"D","alert_type":"new_source_at_industrial_site","severity":0.1284}},{"type":"Feature","geometry":{"type":"Point","coordinates":[77.49182,13.18032]},"properties":{"cell_id":"2636_15498","acq_date":"2026-01-17","frp":6.42,"bright_ti4":337.24,"daynight":"D","alert_type":"new_source_at_industrial_site","severity":0.1284}},{"type":"Feature","geometry":{"type":"Point","coordinates":[85.49746,23.66039]},"properties":{"cell_id":"4732_17099","acq_date":"2026-03-13","frp":6.42,"bright_ti4":334.44,"daynight":"D","alert_type":"new_source_at_industrial_site","severity":0.1284}},{"type":"Feature","geometry":{"type":"Point","coordinates":[77.77633,12.69532]},"properties":{"cell_id":"2539_15555","acq_date":"2026-02-05","frp":6.41,"bright_ti4":342.62,"daynight":"D","alert_type":"new_source_at_industrial_site","severity":0.1282}},{"type":"Feature","geometry":{"type":"Point","coordinates":[77.77093,12.69896]},"properties":{"cell_id":"2540_15554","acq_date":"2026-02-05","frp":6.41,"bright_ti4":342.38,"daynight":"D","alert_type":"new_source_at_industrial_site","severity":0.1282}},{"type":"Feature","geometry":{"type":"Point","coordinates":[82.83401,18.34462]},"properties":{"cell_id":"3669_16567","acq_date":"2026-02-04","frp":6.4,"bright_ti4":341.28,"daynight":"D","alert_type":"new_source_at_industrial_site","severity":0.128}},{"type":"Feature","geometry":{"type":"Point","coordinates":[79.42359,18.87902]},"properties":{"cell_id":"3776_15885","acq_date":"2026-04-20","frp":6.4,"bright_ti4":345.88,"daynight":"D","alert_type":"new_source_at_industrial_site","severity":0.128}},{"type":"Feature","geometry":{"type":"Point","coordinates":[83.00989,21.25561]},"properties":{"cell_id":"4251_16602","acq_date":"2026-03-01","frp":6.4,"bright_ti4":339.97,"daynight":"D","alert_type":"new_source_at_industrial_site","severity":0.128}},{"type":"Feature","geometry":{"type":"Point","coordinates":[80.2122,23.10158]},"properties":{"cell_id":"4620_16042","acq_date":"2026-04-23","frp":6.39,"bright_ti4":343.19,"daynight":"D","alert_type":"new_source_at_industrial_site","severity":0.1278}},{"type":"Feature","geometry":{"type":"Point","coordinates":[75.06686,23.38928]},"properties":{"cell_id":"4678_15013","acq_date":"2026-04-10","frp":6.39,"bright_ti4":352.41,"daynight":"D","alert_type":"new_source_at_industrial_site","severity":0.1278}},{"type":"Feature","geometry":{"type":"Point","coordinates":[78.14942,16.83716]},"properties":{"cell_id":"3367_15630","acq_date":"2026-02-14","frp":6.39,"bright_ti4":341.31,"daynight":"D","alert_type":"new_source_at_industrial_site","severity":0.1278}},{"type":"Feature","geometry":{"type":"Point","coordinates":[76.08371,23.0089]},"properties":{"cell_id":"4602_15217","acq_date":"2026-04-05","frp":6.38,"bright_ti4":338.79,"daynight":"D","alert_type":"new_source_at_industrial_site","severity":0.1276}},{"type":"Feature","geometry":{"type":"Point","coordinates":[73.11139,19.55931]},"properties":{"cell_id":"3912_14622","acq_date":"2026-03-28","frp":6.38,"bright_ti4":338.58,"daynight":"D","alert_type":"new_source_at_industrial_site","severity":0.1276}},{"type":"Feature","geometry":{"type":"Point","coordinates":[75.76654,19.01994]},"properties":{"cell_id":"3804_15153","acq_date":"2026-01-14","frp":6.37,"bright_ti4":337.53,"daynight":"D","alert_type":"new_source_at_industrial_site","severity":0.1274}},{"type":"Feature","geometry":{"type":"Point","coordinates":[80.54211,28.68265]},"properties":{"cell_id":"5737_16108","acq_date":"2026-04-21","frp":6.36,"bright_ti4":341.71,"daynight":"D","alert_type":"new_source_at_industrial_site","severity":0.1272}},{"type":"Feature","geometry":{"type":"Point","coordinates":[74.38985,18.45423]},"properties":{"cell_id":"3691_14878","acq_date":"2026-03-24","frp":6.36,"bright_ti4":342.54,"daynight":"D","alert_type":"new_source_at_industrial_site","severity":0.1272}},{"type":"Feature","geometry":{"type":"Point","coordinates":[77.31273,13.23402]},"properties":{"cell_id":"2647_15463","acq_date":"2026-01-31","frp":6.35,"bright_ti4":367.0,"daynight":"D","alert_type":"new_source_at_industrial_site","severity":0.127}},{"type":"Feature","geometry":{"type":"Point","coordinates":[76.90133,28.72857]},"properties":{"cell_id":"5746_15380","acq_date":"2026-04-24","frp":6.34,"bright_ti4":355.39,"daynight":"D","alert_type":"new_source_at_industrial_site","severity":0.1268}},{"type":"Feature","geometry":{"type":"Point","coordinates":[79.91103,12.88519]},"properties":{"cell_id":"2577_15982","acq_date":"2026-03-20","frp":6.34,"bright_ti4":331.17,"daynight":"D","alert_type":"new_source_at_industrial_site","severity":0.1268}},{"type":"Feature","geometry":{"type":"Point","coordinates":[76.99171,29.45985]},"properties":{"cell_id":"5892_15398","acq_date":"2026-04-25","frp":6.34,"bright_ti4":350.08,"daynight":"D","alert_type":"new_source_at_industrial_site","severity":0.1268}},{"type":"Feature","geometry":{"type":"Point","coordinates":[76.23375,27.82468]},"properties":{"cell_id":"5565_15247","acq_date":"2026-03-06","frp":6.34,"bright_ti4":367.0,"daynight":"D","alert_type":"new_source_at_industrial_site","severity":0.1268}},{"type":"Feature","geometry":{"type":"Point","coordinates":[76.98702,29.46263]},"properties":{"cell_id":"5893_15397","acq_date":"2026-04-25","frp":6.34,"bright_ti4":343.96,"daynight":"D","alert_type":"new_source_at_industrial_site","severity":0.1268}},{"type":"Feature","geometry":{"type":"Point","coordinates":[78.53726,13.04817]},"properties":{"cell_id":"2610_15707","acq_date":"2026-03-14","frp":6.33,"bright_ti4":343.86,"daynight":"D","alert_type":"new_source_at_industrial_site","severity":0.1266}},{"type":"Feature","geometry":{"type":"Point","coordinates":[76.72606,28.7723]},"properties":{"cell_id":"5754_15345","acq_date":"2026-04-26","frp":6.33,"bright_ti4":345.46,"daynight":"D","alert_type":"new_source_at_industrial_site","severity":0.1266}},{"type":"Feature","geometry":{"type":"Point","coordinates":[75.45445,31.84022]},"properties":{"cell_id":"6368_15091","acq_date":"2026-03-24","frp":6.33,"bright_ti4":330.35,"daynight":"D","alert_type":"new_source_at_industrial_site","severity":0.1266}},{"type":"Feature","geometry":{"type":"Point","coordinates":[77.26485,14.93809]},"properties":{"cell_id":"2988_15453","acq_date":"2026-01-20","frp":6.32,"bright_ti4":341.56,"daynight":"D","alert_type":"new_source_at_industrial_site","severity":0.1264}},{"type":"Feature","geometry":{"type":"Point","coordinates":[76.94907,29.40491]},"properties":{"cell_id":"5881_15390","acq_date":"2026-03-03","frp":6.32,"bright_ti4":339.53,"daynight":"D","alert_type":"new_source_at_industrial_site","severity":0.1264}},{"type":"Feature","geometry":{"type":"Point","coordinates":[83.30135,22.01473]},"properties":{"cell_id":"4403_16660","acq_date":"2026-02-28","frp":6.31,"bright_ti4":341.53,"daynight":"D","alert_type":"new_source_at_industrial_site","severity":0.1262}},{"type":"Feature","geometry":{"type":"Point","coordinates":[76.95702,15.13383]},"properties":{"cell_id":"3027_15391","acq_date":"2026-03-15","frp":6.3,"bright_ti4":333.1,"daynight":"D","alert_type":"new_source_at_industrial_site","severity":0.126}},{"type":"Feature","geometry":{"type":"Point","coordinates":[73.0015,19.69118]},"properties":{"cell_id":"3938_14600","acq_date":"2026-03-22","frp":6.3,"bright_ti4":346.01,"daynight":"D","alert_type":"new_source_at_industrial_site","severity":0.126}},{"type":"Feature","geometry":{"type":"Point","coordinates":[85.92806,22.76931]},"properties":{"cell_id":"4554_17186","acq_date":"2026-02-03","frp":6.3,"bright_ti4":351.34,"daynight":"D","alert_type":"new_source_at_industrial_site","severity":0.126}},{"type":"Feature","geometry":{"type":"Point","coordinates":[74.02325,15.37776]},"properties":{"cell_id":"3076_14805","acq_date":"2026-04-13","frp":6.3,"bright_ti4":346.97,"daynight":"D","alert_type":"new_source_at_industrial_site","severity":0.126}},{"type":"Feature","geometry":{"type":"Point","coordinates":[75.56931,22.62361]},"properties":{"cell_id":"4525_15114","acq_date":"2026-04-22","frp":6.29,"bright_ti4":334.01,"daynight":"D","alert_type":"new_source_at_industrial_site","severity":0.1258}},{"type":"Feature","geometry":{"type":"Point","coordinates":[73.06038,19.07664]},"properties":{"cell_id":"3815_14612","acq_date":"2026-01-07","frp":6.28,"bright_ti4":347.26,"daynight":"D","alert_type":"new_source_at_industrial_site","severity":0.1256}},{"type":"Feature","geometry":{"type":"Point","coordinates":[83.4551,27.42235]},"properties":{"cell_id":"5484_16691","acq_date":"2026-04-18","frp":6.28,"bright_ti4":341.98,"daynight":"D","alert_type":"new_source_at_industrial_site","severity":0.1256}},{"type":"Feature","geometry":{"type":"Point","coordinates":[73.19704,18.98071]},"properties":{"cell_id":"3796_14639","acq_date":"2026-03-03","frp":6.28,"bright_ti4":342.4,"daynight":"D","alert_type":"new_source_at_industrial_site","severity":0.1256}},{"type":"Feature","geometry":{"type":"Point","coordinates":[78.97778,15.91238]},"properties":{"cell_id":"3182_15796","acq_date":"2026-04-25","frp":6.28,"bright_ti4":343.22,"daynight":"D","alert_type":"new_source_at_industrial_site","severity":0.1256}},{"type":"Feature","geometry":{"type":"Point","coordinates":[73.15512,18.96229]},"properties":{"cell_id":"3792_14631","acq_date":"2026-04-12","frp":6.28,"bright_ti4":343.42,"daynight":"D","alert_type":"new_source_at_industrial_site","severity":0.1256}},{"type":"Feature","geometry":{"type":"Point","coordinates":[73.49032,17.62561]},"properties":{"cell_id":"3525_14698","acq_date":"2026-02-27","frp":6.27,"bright_ti4":347.33,"daynight":"D","alert_type":"new_source_at_industrial_site","severity":0.1254}},{"type":"Feature","geometry":{"type":"Point","coordinates":[74.911,30.22874]},"properties":{"cell_id":"6046_14982","acq_date":"2026-03-03","frp":6.27,"bright_ti4":347.45,"daynight":"D","alert_type":"new_source_at_industrial_site","severity":0.1254}},{"type":"Feature","geometry":{"type":"Point","coordinates":[83.4989,21.32503]},"properties":{"cell_id":"4265_16700","acq_date":"2026-04-26","frp":6.27,"bright_ti4":346.28,"daynight":"D","alert_type":"new_source_at_industrial_site","severity":0.1254}},{"type":"Feature","geometry":{"type":"Point","coordinates":[77.53979,12.85276]},"properties":{"cell_id":"2571_15508","acq_date":"2026-04-25","frp":6.26,"bright_ti4":337.95,"daynight":"D","alert_type":"new_source_at_industrial_site","severity":0.1252}},{"type":"Feature","geometry":{"type":"Point","coordinates":[79.99786,13.01516]},"properties":{"cell_id":"2603_16000","acq_date":"2026-03-24","frp":6.26,"bright_ti4":344.88,"daynight":"D","alert_type":"new_source_at_industrial_site","severity":0.1252}},{"type":"Feature","geometry":{"type":"Point","coordinates":[71.81145,21.15286]},"properties":{"cell_id":"4231_14362","acq_date":"2026-03-16","frp":6.26,"bright_ti4":343.45,"daynight":"D","alert_type":"new_source_at_industrial_site","severity":0.1252}},{"type":"Feature","geometry":{"type":"Point","coordinates":[73.0397,19.23058]},"properties":{"cell_id":"3846_14608","acq_date":"2026-03-29","frp":6.26,"bright_ti4":337.03,"daynight":"D","alert_type":"new_source_at_industrial_site","severity":0.1252}},{"type":"Feature","geometry":{"type":"Point","coordinates":[75.58767,31.58029]},"properties":{"cell_id":"6316_15118","acq_date":"2026-04-25","frp":6.25,"bright_ti4":350.35,"daynight":"D","alert_type":"new_source_at_industrial_site","severity":0.125}},{"type":"Feature","geometry":{"type":"Point","coordinates":[75.587,31.5836]},"properties":{"cell_id":"6317_15117","acq_date":"2026-04-25","frp":6.25,"bright_ti4":344.78,"daynight":"D","alert_type":"new_source_at_industrial_site","severity":0.125}},{"type":"Feature","geometry":{"type":"Point","coordinates":[81.18276,25.60807]},"properties":{"cell_id":"5122_16237","acq_date":"2026-04-17","frp":6.24,"bright_ti4":341.62,"daynight":"D","alert_type":"new_source_at_industrial_site","severity":0.1248}},{"type":"Feature","geometry":{"type":"Point","coordinates":[83.33767,27.17634]},"properties":{"cell_id":"5435_16668","acq_date":"2026-04-07","frp":6.24,"bright_ti4":340.13,"daynight":"D","alert_type":"new_source_at_industrial_site","severity":0.1248}},{"type":"Feature","geometry":{"type":"Point","coordinates":[75.63078,22.691]},"properties":{"cell_id":"4538_15126","acq_date":"2026-04-01","frp":6.24,"bright_ti4":336.66,"daynight":"D","alert_type":"new_source_at_industrial_site","severity":0.1248}},{"type":"Feature","geometry":{"type":"Point","coordinates":[73.20141,19.36464]},"properties":{"cell_id":"3873_14640","acq_date":"2026-04-23","frp":6.24,"bright_ti4":340.9,"daynight":"D","alert_type":"new_source_at_industrial_site","severity":0.1248}},{"type":"Feature","geometry":{"type":"Point","coordinates":[74.98876,31.57721]},"properties":{"cell_id":"6315_14998","acq_date":"2026-04-27","frp":6.24,"bright_ti4":344.15,"daynight":"D","alert_type":"new_source_at_industrial_site","severity":0.1248}},{"type":"Feature","geometry":{"type":"Point","coordinates":[75.63494,22.69135]},"properties":{"cell_id":"4538_15127","acq_date":"2026-04-01","frp":6.24,"bright_ti4":355.54,"daynight":"D","alert_type":"new_source_at_industrial_site","severity":0.1248}},{"type":"Feature","geometry":{"type":"Point","coordinates":[72.93839,19.72305]},"properties":{"cell_id":"3945_14588","acq_date":"2026-04-25","frp":6.23,"bright_ti4":346.78,"daynight":"D","alert_type":"new_source_at_industrial_site","severity":0.1246}},{"type":"Feature","geometry":{"type":"Point","coordinates":[83.84255,21.75044]},"properties":{"cell_id":"4350_16769","acq_date":"2026-04-08","frp":6.23,"bright_ti4":347.3,"daynight":"D","alert_type":"new_source_at_industrial_site","severity":0.1246}},{"type":"Feature","geometry":{"type":"Point","coordinates":[75.84798,20.25986]},"properties":{"cell_id":"4052_15170","acq_date":"2026-04-11","frp":6.21,"bright_ti4":341.67,"daynight":"D","alert_type":"new_source_at_industrial_site","severity":0.1242}},{"type":"Feature","geometry":{"type":"Point","coordinates":[70.60337,21.77107]},"properties":{"cell_id":"4354_14121","acq_date":"2026-03-22","frp":6.2,"bright_ti4":338.21,"daynight":"D","alert_type":"new_source_at_industrial_site","severity":0.124}},{"type":"Feature","geometry":{"type":"Point","coordinates":[70.60393,21.7676]},"properties":{"cell_id":"4354_14121","acq_date":"2026-03-22","frp":6.2,"bright_ti4":339.76,"daynight":"D","alert_type":"new_source_at_industrial_site","severity":0.124}},{"type":"Feature","geometry":{"type":"Point","coordinates":[73.00198,19.68737]},"properties":{"cell_id":"3937_14600","acq_date":"2026-03-22","frp":6.19,"bright_ti4":342.88,"daynight":"D","alert_type":"new_source_at_industrial_site","severity":0.1238}},{"type":"Feature","geometry":{"type":"Point","coordinates":[73.0025,19.68356]},"properties":{"cell_id":"3937_14600","acq_date":"2026-03-22","frp":6.19,"bright_ti4":343.56,"daynight":"D","alert_type":"new_source_at_industrial_site","severity":0.1238}},{"type":"Feature","geometry":{"type":"Point","coordinates":[85.3718,22.13605]},"properties":{"cell_id":"4427_17074","acq_date":"2026-03-27","frp":6.19,"bright_ti4":341.79,"daynight":"D","alert_type":"new_source_at_industrial_site","severity":0.1238}},{"type":"Feature","geometry":{"type":"Point","coordinates":[79.90752,12.88003]},"properties":{"cell_id":"2576_15982","acq_date":"2026-03-20","frp":6.18,"bright_ti4":336.52,"daynight":"D","alert_type":"new_source_at_industrial_site","severity":0.1236}},{"type":"Feature","geometry":{"type":"Point","coordinates":[83.84259,21.74882]},"properties":{"cell_id":"4350_16769","acq_date":"2026-03-13","frp":6.18,"bright_ti4":340.97,"daynight":"N","alert_type":"new_source_at_industrial_site","severity":0.1236}},{"type":"Feature","geometry":{"type":"Point","coordinates":[86.31165,22.78768]},"properties":{"cell_id":"4558_17262","acq_date":"2026-01-08","frp":6.17,"bright_ti4":338.23,"daynight":"D","alert_type":"new_source_at_industrial_site","severity":0.1234}},{"type":"Feature","geometry":{"type":"Point","coordinates":[81.36333,28.01396]},"properties":{"cell_id":"5603_16273","acq_date":"2026-03-26","frp":6.17,"bright_ti4":346.0,"daynight":"D","alert_type":"new_source_at_industrial_site","severity":0.1234}},{"type":"Feature","geometry":{"type":"Point","coordinates":[84.0278,21.76781]},"properties":{"cell_id":"4354_16806","acq_date":"2026-04-27","frp":6.17,"bright_ti4":337.45,"daynight":"D","alert_type":"new_source_at_industrial_site","severity":0.1234}},{"type":"Feature","geometry":{"type":"Point","coordinates":[87.37883,25.03118]},"properties":{"cell_id":"5006_17476","acq_date":"2026-04-10","frp":6.17,"bright_ti4":347.45,"daynight":"D","alert_type":"new_source_at_industrial_site","severity":0.1234}},{"type":"Feature","geometry":{"type":"Point","coordinates":[77.63377,13.18522]},"properties":{"cell_id":"2637_15527","acq_date":"2026-01-18","frp":6.16,"bright_ti4":334.62,"daynight":"D","alert_type":"new_source_at_industrial_site","severity":0.1232}},{"type":"Feature","geometry":{"type":"Point","coordinates":[92.35828,24.81876]},"properties":{"cell_id":"4964_18472","acq_date":"2026-01-15","frp":6.15,"bright_ti4":367.0,"daynight":"D","alert_type":"new_source_at_industrial_site","severity":0.123}},{"type":"Feature","geometry":{"type":"Point","coordinates":[73.97078,15.60221]},"properties":{"cell_id":"3120_14794","acq_date":"2026-03-28","frp":6.14,"bright_ti4":347.93,"daynight":"D","alert_type":"new_source_at_industrial_site","severity":0.1228}},{"type":"Feature","geometry":{"type":"Point","coordinates":[78.5371,13.05112]},"properties":{"cell_id":"2610_15707","acq_date":"2026-03-02","frp":6.14,"bright_ti4":340.96,"daynight":"D","alert_type":"new_source_at_industrial_site","severity":0.1228}},{"type":"Feature","geometry":{"type":"Point","coordinates":[78.54089,13.05167]},"properties":{"cell_id":"2610_15708","acq_date":"2026-03-02","frp":6.14,"bright_ti4":351.25,"daynight":"D","alert_type":"new_source_at_industrial_site","severity":0.1228}},{"type":"Feature","geometry":{"type":"Point","coordinates":[76.80273,29.28879]},"properties":{"cell_id":"5858_15361","acq_date":"2026-04-27","frp":6.14,"bright_ti4":347.84,"daynight":"D","alert_type":"new_source_at_industrial_site","severity":0.1228}},{"type":"Feature","geometry":{"type":"Point","coordinates":[73.97443,15.60275]},"properties":{"cell_id":"3121_14795","acq_date":"2026-03-28","frp":6.14,"bright_ti4":345.96,"daynight":"D","alert_type":"new_source_at_industrial_site","severity":0.1228}},{"type":"Feature","geometry":{"type":"Point","coordinates":[77.29351,28.21637]},"properties":{"cell_id":"5643_15459","acq_date":"2026-04-27","frp":6.13,"bright_ti4":342.15,"daynight":"D","alert_type":"new_source_at_industrial_site","severity":0.1226}},{"type":"Feature","geometry":{"type":"Point","coordinates":[77.65458,14.57254]},"properties":{"cell_id":"2915_15531","acq_date":"2026-03-18","frp":6.13,"bright_ti4":347.23,"daynight":"D","alert_type":"new_source_at_industrial_site","severity":0.1226}},{"type":"Feature","geometry":{"type":"Point","coordinates":[86.30721,22.75559]},"properties":{"cell_id":"4551_17261","acq_date":"2026-02-02","frp":6.12,"bright_ti4":343.64,"daynight":"D","alert_type":"new_source_at_industrial_site","severity":0.1224}},{"type":"Feature","geometry":{"type":"Point","coordinates":[76.25542,31.11418]},"properties":{"cell_id":"6223_15251","acq_date":"2026-01-18","frp":6.12,"bright_ti4":350.59,"daynight":"D","alert_type":"new_source_at_industrial_site","severity":0.1224}},{"type":"Feature","geometry":{"type":"Point","coordinates":[77.41924,12.78414]},"properties":{"cell_id":"2557_15484","acq_date":"2026-04-15","frp":6.12,"bright_ti4":335.28,"daynight":"D","alert_type":"new_source_at_industrial_site","severity":0.1224}},{"type":"Feature","geometry":{"type":"Point","coordinates":[77.14005,28.88261]},"properties":{"cell_id":"5777_15428","acq_date":"2026-04-20","frp":6.11,"bright_ti4":348.18,"daynight":"D","alert_type":"new_source_at_industrial_site","severity":0.1222}},{"type":"Feature","geometry":{"type":"Point","coordinates":[69.85807,22.34437]},"properties":{"cell_id":"4469_13972","acq_date":"2026-01-31","frp":6.11,"bright_ti4":326.06,"daynight":"N","alert_type":"new_source_at_industrial_site","severity":0.1222}},{"type":"Feature","geometry":{"type":"Point","coordinates":[84.02525,21.77703]},"properties":{"cell_id":"4355_16805","acq_date":"2026-02-22","frp":6.11,"bright_ti4":345.0,"daynight":"D","alert_type":"new_source_at_industrial_site","severity":0.1222}},{"type":"Feature","geometry":{"type":"Point","coordinates":[82.68653,22.12101]},"properties":{"cell_id":"4424_16537","acq_date":"2026-01-08","frp":6.11,"bright_ti4":337.33,"daynight":"D","alert_type":"new_source_at_industrial_site","severity":0.1222}},{"type":"Feature","geometry":{"type":"Point","coordinates":[76.10966,23.01596]},"properties":{"cell_id":"4603_15222","acq_date":"2026-04-07","frp":6.1,"bright_ti4":338.58,"daynight":"D","alert_type":"new_source_at_industrial_site","severity":0.122}},{"type":"Feature","geometry":{"type":"Point","coordinates":[77.73716,8.84089]},"properties":{"cell_id":"1768_15547","acq_date":"2026-03-14","frp":6.09,"bright_ti4":335.66,"daynight":"D","alert_type":"new_source_at_industrial_site","severity":0.1218}},{"type":"Feature","geometry":{"type":"Point","coordinates":[74.01202,18.34486]},"properties":{"cell_id":"3669_14802","acq_date":"2026-04-20","frp":6.09,"bright_ti4":344.04,"daynight":"D","alert_type":"new_source_at_industrial_site","severity":0.1218}},{"type":"Feature","geometry":{"type":"Point","coordinates":[82.22327,21.72982]},"properties":{"cell_id":"4346_16445","acq_date":"2026-03-22","frp":6.08,"bright_ti4":339.04,"daynight":"D","alert_type":"new_source_at_industrial_site","severity":0.1216}},{"type":"Feature","geometry":{"type":"Point","coordinates":[81.6622,27.57586]},"properties":{"cell_id":"5515_16332","acq_date":"2026-04-13","frp":6.08,"bright_ti4":332.82,"daynight":"D","alert_type":"new_source_at_industrial_site","severity":0.1216}},{"type":"Feature","geometry":{"type":"Point","coordinates":[75.85375,22.88791]},"properties":{"cell_id":"4578_15171","acq_date":"2026-04-06","frp":6.06,"bright_ti4":331.67,"daynight":"D","alert_type":"new_source_at_industrial_site","severity":0.1212}},{"type":"Feature","geometry":{"type":"Point","coordinates":[76.68852,28.88577]},"properties":{"cell_id":"5777_15338","acq_date":"2026-04-25","frp":6.06,"bright_ti4":345.93,"daynight":"D","alert_type":"new_source_at_industrial_site","severity":0.1212}},{"type":"Feature","geometry":{"type":"Point","coordinates":[73.16046,22.08433]},"properties":{"cell_id":"4417_14632","acq_date":"2026-03-23","frp":6.06,"bright_ti4":337.13,"daynight":"D","alert_type":"new_source_at_industrial_site","severity":0.1212}},{"type":"Feature","geometry":{"type":"Point","coordinates":[70.45531,22.71046]},"properties":{"cell_id":"4542_14091","acq_date":"2026-03-22","frp":6.05,"bright_ti4":343.54,"daynight":"D","alert_type":"new_source_at_industrial_site","severity":0.121}},{"type":"Feature","geometry":{"type":"Point","coordinates":[77.79214,12.89959]},"properties":{"cell_id":"2580_15558","acq_date":"2026-03-06","frp":6.05,"bright_ti4":340.76,"daynight":"D","alert_type":"new_source_at_industrial_site","severity":0.121}},{"type":"Feature","geometry":{"type":"Point","coordinates":[73.78913,15.69558]},"properties":{"cell_id":"3139_14758","acq_date":"2026-01-23","frp":6.05,"bright_ti4":340.23,"daynight":"D","alert_type":"new_source_at_industrial_site","severity":0.121}},{"type":"Feature","geometry":{"type":"Point","coordinates":[76.99834,15.01405]},"properties":{"cell_id":"3003_15400","acq_date":"2026-01-09","frp":6.04,"bright_ti4":346.72,"daynight":"D","alert_type":"new_source_at_industrial_site","severity":0.1208}},{"type":"Feature","geometry":{"type":"Point","coordinates":[73.7046,24.35322]},"properties":{"cell_id":"4871_14741","acq_date":"2026-03-09","frp":6.04,"bright_ti4":343.73,"daynight":"D","alert_type":"new_source_at_industrial_site","severity":0.1208}},{"type":"Feature","geometry":{"type":"Point","coordinates":[78.57252,10.62259]},"properties":{"cell_id":"2125_15715","acq_date":"2026-03-28","frp":6.02,"bright_ti4":340.62,"daynight":"D","alert_type":"new_source_at_industrial_site","severity":0.1204}},{"type":"Feature","geometry":{"type":"Point","coordinates":[80.80141,24.26203]},"properties":{"cell_id":"4852_16160","acq_date":"2026-04-10","frp":6.02,"bright_ti4":348.42,"daynight":"D","alert_type":"new_source_at_industrial_site","severity":0.1204}},{"type":"Feature","geometry":{"type":"Point","coordinates":[73.94149,15.18824]},"properties":{"cell_id":"3038_14788","acq_date":"2026-01-09","frp":6.02,"bright_ti4":336.88,"daynight":"D","alert_type":"new_source_at_industrial_site","severity":0.1204}},{"type":"Feature","geometry":{"type":"Point","coordinates":[74.42184,15.82311]},"properties":{"cell_id":"3165_14884","acq_date":"2026-02-28","frp":6.02,"bright_ti4":333.07,"daynight":"D","alert_type":"new_source_at_industrial_site","severity":0.1204}},{"type":"Feature","geometry":{"type":"Point","coordinates":[70.60284,21.84999]},"properties":{"cell_id":"4370_14121","acq_date":"2026-03-15","frp":6.01,"bright_ti4":339.68,"daynight":"D","alert_type":"new_source_at_industrial_site","severity":0.1202}},{"type":"Feature","geometry":{"type":"Point","coordinates":[85.91835,20.28054]},"properties":{"cell_id":"4056_17184","acq_date":"2026-01-27","frp":6.01,"bright_ti4":341.42,"daynight":"D","alert_type":"new_source_at_industrial_site","severity":0.1202}},{"type":"Feature","geometry":{"type":"Point","coordinates":[77.74522,27.92851]},"properties":{"cell_id":"5586_15549","acq_date":"2026-04-27","frp":6.0,"bright_ti4":340.78,"daynight":"D","alert_type":"new_source_at_industrial_site","severity":0.12}},{"type":"Feature","geometry":{"type":"Point","coordinates":[83.57428,21.25599]},"properties":{"cell_id":"4251_16715","acq_date":"2026-01-11","frp":5.99,"bright_ti4":341.75,"daynight":"D","alert_type":"new_source_at_industrial_site","severity":0.1198}},{"type":"Feature","geometry":{"type":"Point","coordinates":[73.16633,18.96494]},"properties":{"cell_id":"3793_14633","acq_date":"2026-02-22","frp":5.99,"bright_ti4":348.19,"daynight":"D","alert_type":"new_source_at_industrial_site","severity":0.1198}},{"type":"Feature","geometry":{"type":"Point","coordinates":[86.02583,22.90922]},"properties":{"cell_id":"4582_17205","acq_date":"2026-02-14","frp":5.99,"bright_ti4":346.26,"daynight":"D","alert_type":"new_source_at_industrial_site","severity":0.1198}},{"type":"Feature","geometry":{"type":"Point","coordinates":[77.74542,12.66484]},"properties":{"cell_id":"2533_15549","acq_date":"2026-03-16","frp":5.99,"bright_ti4":339.22,"daynight":"D","alert_type":"new_source_at_industrial_site","severity":0.1198}},{"type":"Feature","geometry":{"type":"Point","coordinates":[76.26753,15.35569]},"properties":{"cell_id":"3071_15254","acq_date":"2026-02-20","frp":5.99,"bright_ti4":346.7,"daynight":"D","alert_type":"new_source_at_industrial_site","severity":0.1198}},{"type":"Feature","geometry":{"type":"Point","coordinates":[76.26816,15.35213]},"properties":{"cell_id":"3070_15254","acq_date":"2026-02-20","frp":5.99,"bright_ti4":338.01,"daynight":"D","alert_type":"new_source_at_industrial_site","severity":0.1198}},{"type":"Feature","geometry":{"type":"Point","coordinates":[73.16573,18.9707]},"properties":{"cell_id":"3794_14633","acq_date":"2026-02-22","frp":5.99,"bright_ti4":367.0,"daynight":"D","alert_type":"new_source_at_industrial_site","severity":0.1198}},{"type":"Feature","geometry":{"type":"Point","coordinates":[83.00657,27.44502]},"properties":{"cell_id":"5489_16601","acq_date":"2026-04-14","frp":5.99,"bright_ti4":335.92,"daynight":"D","alert_type":"new_source_at_industrial_site","severity":0.1198}},{"type":"Feature","geometry":{"type":"Point","coordinates":[83.84373,21.75171]},"properties":{"cell_id":"4350_16769","acq_date":"2026-02-24","frp":5.99,"bright_ti4":337.07,"daynight":"D","alert_type":"new_source_at_industrial_site","severity":0.1198}},{"type":"Feature","geometry":{"type":"Point","coordinates":[74.79378,18.03741]},"properties":{"cell_id":"3607_14959","acq_date":"2026-03-27","frp":5.98,"bright_ti4":343.22,"daynight":"D","alert_type":"new_source_at_industrial_site","severity":0.1196}},{"type":"Feature","geometry":{"type":"Point","coordinates":[77.36095,27.95513]},"properties":{"cell_id":"5591_15472","acq_date":"2026-04-25","frp":5.98,"bright_ti4":347.75,"daynight":"D","alert_type":"new_source_at_industrial_site","severity":0.1196}},{"type":"Feature","geometry":{"type":"Point","coordinates":[74.79436,18.03279]},"properties":{"cell_id":"3607_14959","acq_date":"2026-03-27","frp":5.98,"bright_ti4":342.76,"daynight":"D","alert_type":"new_source_at_industrial_site","severity":0.1196}},{"type":"Feature","geometry":{"type":"Point","coordinates":[75.50306,14.7091]},"properties":{"cell_id":"2942_15101","acq_date":"2026-02-11","frp":5.98,"bright_ti4":332.25,"daynight":"D","alert_type":"new_source_at_industrial_site","severity":0.1196}},{"type":"Feature","geometry":{"type":"Point","coordinates":[77.82066,13.01549]},"properties":{"cell_id":"2603_15564","acq_date":"2026-03-02","frp":5.98,"bright_ti4":342.98,"daynight":"D","alert_type":"new_source_at_industrial_site","severity":0.1196}},{"type":"Feature","geometry":{"type":"Point","coordinates":[84.87468,24.90187]},"properties":{"cell_id":"4980_16975","acq_date":"2026-03-30","frp":5.97,"bright_ti4":338.96,"daynight":"D","alert_type":"new_source_at_industrial_site","severity":0.1194}},{"type":"Feature","geometry":{"type":"Point","coordinates":[81.63499,21.37633]},"properties":{"cell_id":"4275_16327","acq_date":"2026-02-24","frp":5.96,"bright_ti4":301.5,"daynight":"N","alert_type":"new_source_at_industrial_site","severity":0.1192}},{"type":"Feature","geometry":{"type":"Point","coordinates":[77.82291,22.76664]},"properties":{"cell_id":"4553_15565","acq_date":"2026-04-03","frp":5.95,"bright_ti4":344.63,"daynight":"D","alert_type":"new_source_at_industrial_site","severity":0.119}},{"type":"Feature","geometry":{"type":"Point","coordinates":[77.82346,22.763]},"properties":{"cell_id":"4553_15565","acq_date":"2026-04-03","frp":5.95,"bright_ti4":345.77,"daynight":"D","alert_type":"new_source_at_industrial_site","severity":0.119}},{"type":"Feature","geometry":{"type":"Point","coordinates":[85.35833,23.91039]},"properties":{"cell_id":"4782_17072","acq_date":"2026-04-12","frp":5.95,"bright_ti4":347.84,"daynight":"D","alert_type":"new_source_at_industrial_site","severity":0.119}},{"type":"Feature","geometry":{"type":"Point","coordinates":[77.02254,29.9947]},"properties":{"cell_id":"5999_15405","acq_date":"2026-02-19","frp":5.95,"bright_ti4":341.08,"daynight":"D","alert_type":"new_source_at_industrial_site","severity":0.119}},{"type":"Feature","geometry":{"type":"Point","coordinates":[78.53722,13.04828]},"properties":{"cell_id":"2610_15707","acq_date":"2026-03-02","frp":5.95,"bright_ti4":337.62,"daynight":"D","alert_type":"new_source_at_industrial_site","severity":0.119}},{"type":"Feature","geometry":{"type":"Point","coordinates":[78.54101,13.04884]},"properties":{"cell_id":"2610_15708","acq_date":"2026-03-02","frp":5.95,"bright_ti4":356.29,"daynight":"D","alert_type":"new_source_at_industrial_site","severity":0.119}},{"type":"Feature","geometry":{"type":"Point","coordinates":[87.88763,24.84048]},"properties":{"cell_id":"4968_17578","acq_date":"2026-04-05","frp":5.95,"bright_ti4":335.84,"daynight":"D","alert_type":"new_source_at_industrial_site","severity":0.119}},{"type":"Feature","geometry":{"type":"Point","coordinates":[78.54049,13.05226]},"properties":{"cell_id":"2610_15708","acq_date":"2026-03-02","frp":5.95,"bright_ti4":344.42,"daynight":"D","alert_type":"new_source_at_industrial_site","severity":0.119}},{"type":"Feature","geometry":{"type":"Point","coordinates":[70.81496,22.09528]},"properties":{"cell_id":"4419_14163","acq_date":"2026-03-26","frp":5.94,"bright_ti4":350.28,"daynight":"D","alert_type":"new_source_at_industrial_site","severity":0.1188}},{"type":"Feature","geometry":{"type":"Point","coordinates":[73.57333,18.52304]},"properties":{"cell_id":"3705_14715","acq_date":"2026-03-08","frp":5.94,"bright_ti4":341.0,"daynight":"D","alert_type":"new_source_at_industrial_site","severity":0.1188}},{"type":"Feature","geometry":{"type":"Point","coordinates":[77.99381,9.5919]},"properties":{"cell_id":"1918_15599","acq_date":"2026-03-14","frp":5.93,"bright_ti4":336.34,"daynight":"D","alert_type":"new_source_at_industrial_site","severity":0.1186}},{"type":"Feature","geometry":{"type":"Point","coordinates":[78.74744,14.49718]},"properties":{"cell_id":"2899_15749","acq_date":"2026-04-05","frp":5.93,"bright_ti4":338.73,"daynight":"D","alert_type":"new_source_at_industrial_site","severity":0.1186}},{"type":"Feature","geometry":{"type":"Point","coordinates":[70.65948,22.28864]},"properties":{"cell_id":"4458_14132","acq_date":"2026-03-25","frp":5.92,"bright_ti4":337.38,"daynight":"D","alert_type":"new_source_at_industrial_site","severity":0.1184}},{"type":"Feature","geometry":{"type":"Point","coordinates":[80.85947,23.52138]},"properties":{"cell_id":"4704_16172","acq_date":"2026-04-23","frp":5.92,"bright_ti4":350.53,"daynight":"D","alert_type":"new_source_at_industrial_site","severity":0.1184}},{"type":"Feature","geometry":{"type":"Point","coordinates":[69.87783,22.32051]},"properties":{"cell_id":"4464_13976","acq_date":"2026-02-05","frp":5.91,"bright_ti4":339.8,"daynight":"D","alert_type":"new_source_at_industrial_site","severity":0.1182}},{"type":"Feature","geometry":{"type":"Point","coordinates":[77.67957,13.1508]},"properties":{"cell_id":"2630_15536","acq_date":"2026-03-14","frp":5.91,"bright_ti4":349.04,"daynight":"D","alert_type":"new_source_at_industrial_site","severity":0.1182}},{"type":"Feature","geometry":{"type":"Point","coordinates":[75.67036,22.61521]},"properties":{"cell_id":"4523_15134","acq_date":"2026-04-27","frp":5.9,"bright_ti4":332.07,"daynight":"N","alert_type":"new_source_at_industrial_site","severity":0.118}},{"type":"Feature","geometry":{"type":"Point","coordinates":[83.33975,21.99386]},"properties":{"cell_id":"4399_16668","acq_date":"2026-03-02","frp":5.9,"bright_ti4":346.86,"daynight":"D","alert_type":"new_source_at_industrial_site","severity":0.118}},{"type":"Feature","geometry":{"type":"Point","coordinates":[76.16135,18.21396]},"properties":{"cell_id":"3643_15232","acq_date":"2026-04-11","frp":5.9,"bright_ti4":338.3,"daynight":"D","alert_type":"new_source_at_industrial_site","severity":0.118}},{"type":"Feature","geometry":{"type":"Point","coordinates":[71.96385,27.53058]},"properties":{"cell_id":"5506_14393","acq_date":"2026-02-14","frp":5.89,"bright_ti4":353.22,"daynight":"D","alert_type":"new_source_at_industrial_site","severity":0.1178}},{"type":"Feature","geometry":{"type":"Point","coordinates":[71.96778,27.53121]},"properties":{"cell_id":"5506_14394","acq_date":"2026-02-14","frp":5.89,"bright_ti4":351.94,"daynight":"D","alert_type":"new_source_at_industrial_site","severity":0.1178}},{"type":"Feature","geometry":{"type":"Point","coordinates":[71.96711,27.53453]},"properties":{"cell_id":"5507_14393","acq_date":"2026-02-14","frp":5.89,"bright_ti4":354.95,"daynight":"D","alert_type":"new_source_at_industrial_site","severity":0.1178}},{"type":"Feature","geometry":{"type":"Point","coordinates":[71.96317,27.53391]},"properties":{"cell_id":"5507_14393","acq_date":"2026-02-14","frp":5.89,"bright_ti4":355.98,"daynight":"D","alert_type":"new_source_at_industrial_site","severity":0.1178}},{"type":"Feature","geometry":{"type":"Point","coordinates":[70.7582,22.59769]},"properties":{"cell_id":"4520_14152","acq_date":"2026-03-19","frp":5.88,"bright_ti4":342.34,"daynight":"D","alert_type":"new_source_at_industrial_site","severity":0.1176}},{"type":"Feature","geometry":{"type":"Point","coordinates":[76.59076,19.00116]},"properties":{"cell_id":"3800_15318","acq_date":"2026-02-20","frp":5.87,"bright_ti4":337.47,"daynight":"D","alert_type":"new_source_at_industrial_site","severity":0.1174}},{"type":"Feature","geometry":{"type":"Point","coordinates":[72.84813,21.2655]},"properties":{"cell_id":"4253_14570","acq_date":"2026-02-22","frp":5.87,"bright_ti4":330.52,"daynight":"D","alert_type":"new_source_at_industrial_site","severity":0.1174}},{"type":"Feature","geometry":{"type":"Point","coordinates":[86.8017,23.69038]},"properties":{"cell_id":"4738_17360","acq_date":"2026-02-08","frp":5.86,"bright_ti4":338.03,"daynight":"D","alert_type":"new_source_at_industrial_site","severity":0.1172}},{"type":"Feature","geometry":{"type":"Point","coordinates":[77.5429,12.84283]},"properties":{"cell_id":"2569_15509","acq_date":"2026-04-13","frp":5.86,"bright_ti4":337.17,"daynight":"D","alert_type":"new_source_at_industrial_site","severity":0.1172}},{"type":"Feature","geometry":{"type":"Point","coordinates":[69.70477,22.80748]},"properties":{"cell_id":"4561_13941","acq_date":"2026-04-23","frp":5.85,"bright_ti4":338.92,"daynight":"D","alert_type":"new_source_at_industrial_site","severity":0.117}},{"type":"Feature","geometry":{"type":"Point","coordinates":[72.96485,19.33521]},"properties":{"cell_id":"3867_14593","acq_date":"2026-02-13","frp":5.85,"bright_ti4":346.36,"daynight":"D","alert_type":"new_source_at_industrial_site","severity":0.117}},{"type":"Feature","geometry":{"type":"Point","coordinates":[77.20144,29.22101]},"properties":{"cell_id":"5844_15440","acq_date":"2026-01-26","frp":5.85,"bright_ti4":331.54,"daynight":"D","alert_type":"new_source_at_industrial_site","severity":0.117}},{"type":"Feature","geometry":{"type":"Point","coordinates":[70.94868,22.71597]},"properties":{"cell_id":"4543_14190","acq_date":"2026-04-01","frp":5.85,"bright_ti4":342.66,"daynight":"D","alert_type":"new_source_at_industrial_site","severity":0.117}},{"type":"Feature","geometry":{"type":"Point","coordinates":[77.26294,29.66926]},"properties":{"cell_id":"5934_15453","acq_date":"2026-04-23","frp":5.85,"bright_ti4":340.78,"daynight":"D","alert_type":"new_source_at_industrial_site","severity":0.117}},{"type":"Feature","geometry":{"type":"Point","coordinates":[75.3071,12.0915]},"properties":{"cell_id":"2418_15061","acq_date":"2026-01-08","frp":5.84,"bright_ti4":338.08,"daynight":"D","alert_type":"new_source_at_industrial_site","severity":0.1168}},{"type":"Feature","geometry":{"type":"Point","coordinates":[80.36285,19.62108]},"properties":{"cell_id":"3924_16073","acq_date":"2026-03-24","frp":5.84,"bright_ti4":339.3,"daynight":"D","alert_type":"new_source_at_industrial_site","severity":0.1168}},{"type":"Feature","geometry":{"type":"Point","coordinates":[74.05941,15.48705]},"properties":{"cell_id":"3097_14812","acq_date":"2026-02-13","frp":5.84,"bright_ti4":334.82,"daynight":"D","alert_type":"new_source_at_industrial_site","severity":0.1168}},{"type":"Feature","geometry":{"type":"Point","coordinates":[75.83481,19.84778]},"properties":{"cell_id":"3970_15167","acq_date":"2026-04-09","frp":5.83,"bright_ti4":342.28,"daynight":"D","alert_type":"new_source_at_industrial_site","severity":0.1166}},{"type":"Feature","geometry":{"type":"Point","coordinates":[72.98663,19.6993]},"properties":{"cell_id":"3940_14597","acq_date":"2026-03-08","frp":5.83,"bright_ti4":347.81,"daynight":"D","alert_type":"new_source_at_industrial_site","severity":0.1166}},{"type":"Feature","geometry":{"type":"Point","coordinates":[77.38396,12.97308]},"properties":{"cell_id":"2595_15477","acq_date":"2026-02-08","frp":5.83,"bright_ti4":336.32,"daynight":"D","alert_type":"new_source_at_industrial_site","severity":0.1166}},{"type":"Feature","geometry":{"type":"Point","coordinates":[80.28712,17.51231]},"properties":{"cell_id":"3502_16057","acq_date":"2026-03-04","frp":5.82,"bright_ti4":336.11,"daynight":"D","alert_type":"new_source_at_industrial_site","severity":0.1164}},{"type":"Feature","geometry":{"type":"Point","coordinates":[77.0126,29.11038]},"properties":{"cell_id":"5822_15403","acq_date":"2026-04-26","frp":5.82,"bright_ti4":347.31,"daynight":"D","alert_type":"new_source_at_industrial_site","severity":0.1164}},{"type":"Feature","geometry":{"type":"Point","coordinates":[80.19003,23.10093]},"properties":{"cell_id":"4620_16038","acq_date":"2026-04-12","frp":5.82,"bright_ti4":347.64,"daynight":"D","alert_type":"new_source_at_industrial_site","severity":0.1164}},{"type":"Feature","geometry":{"type":"Point","coordinates":[72.89513,21.42952]},"properties":{"cell_id":"4286_14579","acq_date":"2026-03-02","frp":5.82,"bright_ti4":341.45,"daynight":"D","alert_type":"new_source_at_industrial_site","severity":0.1164}},{"type":"Feature","geometry":{"type":"Point","coordinates":[82.43457,24.24203]},"properties":{"cell_id":"4848_16487","acq_date":"2026-01-26","frp":5.82,"bright_ti4":344.14,"daynight":"D","alert_type":"new_source_at_industrial_site","severity":0.1164}},{"type":"Feature","geometry":{"type":"Point","coordinates":[70.834,22.18456]},"properties":{"cell_id":"4437_14167","acq_date":"2026-03-18","frp":5.81,"bright_ti4":344.74,"daynight":"D","alert_type":"new_source_at_industrial_site","severity":0.1162}},{"type":"Feature","geometry":{"type":"Point","coordinates":[76.01569,23.4981]},"properties":{"cell_id":"4700_15203","acq_date":"2026-04-11","frp":5.81,"bright_ti4":345.7,"daynight":"D","alert_type":"new_source_at_industrial_site","severity":0.1162}},{"type":"Feature","geometry":{"type":"Point","coordinates":[83.57237,21.25502]},"properties":{"cell_id":"4251_16714","acq_date":"2026-01-11","frp":5.8,"bright_ti4":350.93,"daynight":"D","alert_type":"new_source_at_industrial_site","severity":0.116}},{"type":"Feature","geometry":{"type":"Point","coordinates":[70.95753,21.50168]},"properties":{"cell_id":"4300_14192","acq_date":"2026-03-19","frp":5.8,"bright_ti4":342.27,"daynight":"D","alert_type":"new_source_at_industrial_site","severity":0.116}},{"type":"Feature","geometry":{"type":"Point","coordinates":[85.96027,22.79836]},"properties":{"cell_id":"4560_17192","acq_date":"2026-01-22","frp":5.8,"bright_ti4":352.68,"daynight":"D","alert_type":"new_source_at_industrial_site","severity":0.116}},{"type":"Feature","geometry":{"type":"Point","coordinates":[73.79275,15.69611]},"properties":{"cell_id":"3139_14759","acq_date":"2026-01-23","frp":5.78,"bright_ti4":343.87,"daynight":"D","alert_type":"new_source_at_industrial_site","severity":0.1156}},{"type":"Feature","geometry":{"type":"Point","coordinates":[78.96916,11.35134]},"properties":{"cell_id":"2270_15794","acq_date":"2026-03-27","frp":5.77,"bright_ti4":348.59,"daynight":"D","alert_type":"new_source_at_industrial_site","severity":0.1154}},{"type":"Feature","geometry":{"type":"Point","coordinates":[77.479,17.31046]},"properties":{"cell_id":"3462_15496","acq_date":"2026-01-08","frp":5.77,"bright_ti4":347.55,"daynight":"D","alert_type":"new_source_at_industrial_site","severity":0.1154}},{"type":"Feature","geometry":{"type":"Point","coordinates":[77.3325,12.76358]},"properties":{"cell_id":"2553_15466","acq_date":"2026-03-03","frp":5.77,"bright_ti4":340.92,"daynight":"D","alert_type":"new_source_at_industrial_site","severity":0.1154}},{"type":"Feature","geometry":{"type":"Point","coordinates":[92.84752,23.42589]},"properties":{"cell_id":"4685_18570","acq_date":"2026-03-06","frp":5.77,"bright_ti4":341.16,"daynight":"D","alert_type":"new_source_at_industrial_site","severity":0.1154}},{"type":"Feature","geometry":{"type":"Point","coordinates":[75.57167,22.62274]},"properties":{"cell_id":"4525_15114","acq_date":"2026-04-22","frp":5.77,"bright_ti4":325.94,"daynight":"N","alert_type":"new_source_at_industrial_site","severity":0.1154}},{"type":"Feature","geometry":{"type":"Point","coordinates":[73.16513,18.97111]},"properties":{"cell_id":"3794_14633","acq_date":"2026-02-22","frp":5.77,"bright_ti4":347.2,"daynight":"D","alert_type":"new_source_at_industrial_site","severity":0.1154}},{"type":"Feature","geometry":{"type":"Point","coordinates":[73.16574,18.96535]},"properties":{"cell_id":"3793_14633","acq_date":"2026-02-22","frp":5.77,"bright_ti4":367.0,"daynight":"D","alert_type":"new_source_at_industrial_site","severity":0.1154}},{"type":"Feature","geometry":{"type":"Point","coordinates":[70.76744,22.14769]},"properties":{"cell_id":"4430_14153","acq_date":"2026-03-18","frp":5.77,"bright_ti4":341.75,"daynight":"D","alert_type":"new_source_at_industrial_site","severity":0.1154}},{"type":"Feature","geometry":{"type":"Point","coordinates":[86.0153,22.80138]},"properties":{"cell_id":"4560_17203","acq_date":"2026-01-15","frp":5.75,"bright_ti4":336.79,"daynight":"D","alert_type":"new_source_at_industrial_site","severity":0.115}},{"type":"Feature","geometry":{"type":"Point","coordinates":[77.20303,29.22512]},"properties":{"cell_id":"5845_15441","acq_date":"2026-01-26","frp":5.75,"bright_ti4":338.45,"daynight":"D","alert_type":"new_source_at_industrial_site","severity":0.115}},{"type":"Feature","geometry":{"type":"Point","coordinates":[84.92828,21.84173]},"properties":{"cell_id":"4368_16986","acq_date":"2026-03-03","frp":5.75,"bright_ti4":342.79,"daynight":"D","alert_type":"new_source_at_industrial_site","severity":0.115}},{"type":"Feature","geometry":{"type":"Point","coordinates":[77.42835,12.84925]},"properties":{"cell_id":"2570_15486","acq_date":"2026-02-04","frp":5.75,"bright_ti4":346.1,"daynight":"D","alert_type":"new_source_at_industrial_site","severity":0.115}},{"type":"Feature","geometry":{"type":"Point","coordinates":[76.88873,29.39427]},"properties":{"cell_id":"5879_15378","acq_date":"2026-02-05","frp":5.75,"bright_ti4":344.9,"daynight":"D","alert_type":"new_source_at_industrial_site","severity":0.115}},{"type":"Feature","geometry":{"type":"Point","coordinates":[78.88589,10.78162]},"properties":{"cell_id":"2156_15777","acq_date":"2026-03-18","frp":5.74,"bright_ti4":335.42,"daynight":"D","alert_type":"new_source_at_industrial_site","severity":0.1148}},{"type":"Feature","geometry":{"type":"Point","coordinates":[77.46971,13.18631]},"properties":{"cell_id":"2637_15494","acq_date":"2026-01-29","frp":5.73,"bright_ti4":334.04,"daynight":"D","alert_type":"new_source_at_industrial_site","severity":0.1146}},{"type":"Feature","geometry":{"type":"Point","coordinates":[70.42365,21.735]},"properties":{"cell_id":"4347_14085","acq_date":"2026-03-30","frp":5.73,"bright_ti4":343.88,"daynight":"D","alert_type":"new_source_at_industrial_site","severity":0.1146}},{"type":"Feature","geometry":{"type":"Point","coordinates":[77.65349,13.24953]},"properties":{"cell_id":"2650_15531","acq_date":"2026-02-06","frp":5.73,"bright_ti4":340.55,"daynight":"D","alert_type":"new_source_at_industrial_site","severity":0.1146}},{"type":"Feature","geometry":{"type":"Point","coordinates":[80.10655,13.26688]},"properties":{"cell_id":"2653_16021","acq_date":"2026-04-15","frp":5.73,"bright_ti4":337.56,"daynight":"D","alert_type":"new_source_at_industrial_site","severity":0.1146}},{"type":"Feature","geometry":{"type":"Point","coordinates":[83.33011,21.90886]},"properties":{"cell_id":"4382_16666","acq_date":"2026-01-19","frp":5.72,"bright_ti4":336.3,"daynight":"D","alert_type":"new_source_at_industrial_site","severity":0.1144}},{"type":"Feature","geometry":{"type":"Point","coordinates":[74.69427,19.15206]},"properties":{"cell_id":"3830_14939","acq_date":"2026-04-23","frp":5.72,"bright_ti4":346.6,"daynight":"D","alert_type":"new_source_at_industrial_site","severity":0.1144}},{"type":"Feature","geometry":{"type":"Point","coordinates":[79.24722,13.00345]},"properties":{"cell_id":"2601_15849","acq_date":"2026-03-08","frp":5.72,"bright_ti4":346.25,"daynight":"D","alert_type":"new_source_at_industrial_site","severity":0.1144}},{"type":"Feature","geometry":{"type":"Point","coordinates":[83.47443,26.14741]},"properties":{"cell_id":"5229_16695","acq_date":"2026-04-26","frp":5.71,"bright_ti4":338.77,"daynight":"D","alert_type":"new_source_at_industrial_site","severity":0.1142}},{"type":"Feature","geometry":{"type":"Point","coordinates":[92.00883,26.48636]},"properties":{"cell_id":"5297_18402","acq_date":"2026-01-28","frp":5.71,"bright_ti4":333.08,"daynight":"D","alert_type":"new_source_at_industrial_site","severity":0.1142}},{"type":"Feature","geometry":{"type":"Point","coordinates":[72.76182,19.78958]},"properties":{"cell_id":"3958_14552","acq_date":"2026-01-28","frp":5.7,"bright_ti4":336.81,"daynight":"D","alert_type":"new_source_at_industrial_site","severity":0.114}},{"type":"Feature","geometry":{"type":"Point","coordinates":[92.38785,24.78925]},"properties":{"cell_id":"4958_18478","acq_date":"2026-02-25","frp":5.7,"bright_ti4":342.05,"daynight":"D","alert_type":"new_source_at_industrial_site","severity":0.114}},{"type":"Feature","geometry":{"type":"Point","coordinates":[78.36327,22.72238]},"properties":{"cell_id":"4544_15673","acq_date":"2026-04-09","frp":5.7,"bright_ti4":343.93,"daynight":"D","alert_type":"new_source_at_industrial_site","severity":0.114}},{"type":"Feature","geometry":{"type":"Point","coordinates":[93.44748,25.93624]},"properties":{"cell_id":"5187_18689","acq_date":"2026-02-01","frp":5.69,"bright_ti4":339.41,"daynight":"D","alert_type":"new_source_at_industrial_site","severity":0.1138}},{"type":"Feature","geometry":{"type":"Point","coordinates":[75.61638,22.59249]},"properties":{"cell_id":"4518_15123","acq_date":"2026-04-16","frp":5.69,"bright_ti4":341.95,"daynight":"D","alert_type":"new_source_at_industrial_site","severity":0.1138}},{"type":"Feature","geometry":{"type":"Point","coordinates":[75.53638,29.93821]},"properties":{"cell_id":"5988_15107","acq_date":"2026-04-27","frp":5.69,"bright_ti4":343.71,"daynight":"D","alert_type":"new_source_at_industrial_site","severity":0.1138}},{"type":"Feature","geometry":{"type":"Point","coordinates":[80.6625,16.27954]},"properties":{"cell_id":"3256_16132","acq_date":"2026-04-24","frp":5.69,"bright_ti4":344.2,"daynight":"D","alert_type":"new_source_at_industrial_site","severity":0.1138}},{"type":"Feature","geometry":{"type":"Point","coordinates":[77.36422,13.11779]},"properties":{"cell_id":"2624_15473","acq_date":"2026-01-05","frp":5.68,"bright_ti4":338.23,"daynight":"D","alert_type":"new_source_at_industrial_site","severity":0.1136}},{"type":"Feature","geometry":{"type":"Point","coordinates":[80.04018,12.95389]},"properties":{"cell_id":"2591_16008","acq_date":"2026-03-02","frp":5.66,"bright_ti4":340.28,"daynight":"D","alert_type":"new_source_at_industrial_site","severity":0.1132}},{"type":"Feature","geometry":{"type":"Point","coordinates":[73.34647,19.54048]},"properties":{"cell_id":"3908_14669","acq_date":"2026-01-12","frp":5.66,"bright_ti4":340.54,"daynight":"D","alert_type":"new_source_at_industrial_site","severity":0.1132}},{"type":"Feature","geometry":{"type":"Point","coordinates":[78.81458,18.13173]},"properties":{"cell_id":"3626_15763","acq_date":"2026-01-14","frp":5.66,"bright_ti4":344.3,"daynight":"D","alert_type":"new_source_at_industrial_site","severity":0.1132}},{"type":"Feature","geometry":{"type":"Point","coordinates":[83.24464,26.75812]},"properties":{"cell_id":"5352_16649","acq_date":"2026-04-10","frp":5.65,"bright_ti4":346.0,"daynight":"D","alert_type":"new_source_at_industrial_site","severity":0.113}},{"type":"Feature","geometry":{"type":"Point","coordinates":[83.24051,26.75754]},"properties":{"cell_id":"5352_16648","acq_date":"2026-04-10","frp":5.65,"bright_ti4":342.88,"daynight":"D","alert_type":"new_source_at_industrial_site","severity":0.113}},{"type":"Feature","geometry":{"type":"Point","coordinates":[83.84482,21.74771]},"properties":{"cell_id":"4350_16769","acq_date":"2026-03-31","frp":5.65,"bright_ti4":325.49,"daynight":"N","alert_type":"new_source_at_industrial_site","severity":0.113}},{"type":"Feature","geometry":{"type":"Point","coordinates":[73.82169,24.60115]},"properties":{"cell_id":"4920_14764","acq_date":"2026-02-09","frp":5.65,"bright_ti4":346.66,"daynight":"D","alert_type":"new_source_at_industrial_site","severity":0.113}},{"type":"Feature","geometry":{"type":"Point","coordinates":[74.92981,31.61211]},"properties":{"cell_id":"6322_14986","acq_date":"2026-04-26","frp":5.65,"bright_ti4":338.74,"daynight":"D","alert_type":"new_source_at_industrial_site","severity":0.113}},{"type":"Feature","geometry":{"type":"Point","coordinates":[76.00217,22.92435]},"properties":{"cell_id":"4585_15200","acq_date":"2026-04-10","frp":5.65,"bright_ti4":345.86,"daynight":"D","alert_type":"new_source_at_industrial_site","severity":0.113}},{"type":"Feature","geometry":{"type":"Point","coordinates":[76.8418,9.85152]},"properties":{"cell_id":"1970_15368","acq_date":"2026-02-14","frp":5.65,"bright_ti4":333.66,"daynight":"D","alert_type":"new_source_at_industrial_site","severity":0.113}},{"type":"Feature","geometry":{"type":"Point","coordinates":[76.99798,15.00121]},"properties":{"cell_id":"3000_15400","acq_date":"2026-01-02","frp":5.63,"bright_ti4":343.33,"daynight":"D","alert_type":"new_source_at_industrial_site","severity":0.1126}},{"type":"Feature","geometry":{"type":"Point","coordinates":[75.06982,30.22687]},"properties":{"cell_id":"6045_15014","acq_date":"2026-04-27","frp":5.62,"bright_ti4":356.05,"daynight":"D","alert_type":"new_source_at_industrial_site","severity":0.1124}},{"type":"Feature","geometry":{"type":"Point","coordinates":[79.27061,19.25131]},"properties":{"cell_id":"3850_15854","acq_date":"2026-03-16","frp":5.62,"bright_ti4":330.69,"daynight":"D","alert_type":"new_source_at_industrial_site","severity":0.1124}},{"type":"Feature","geometry":{"type":"Point","coordinates":[77.86237,12.79698]},"properties":{"cell_id":"2559_15572","acq_date":"2026-04-08","frp":5.62,"bright_ti4":342.46,"daynight":"D","alert_type":"new_source_at_industrial_site","severity":0.1124}},{"type":"Feature","geometry":{"type":"Point","coordinates":[77.41993,12.78392]},"properties":{"cell_id":"2557_15484","acq_date":"2026-03-30","frp":5.62,"bright_ti4":332.82,"daynight":"D","alert_type":"new_source_at_industrial_site","severity":0.1124}},{"type":"Feature","geometry":{"type":"Point","coordinates":[73.18233,19.58047]},"properties":{"cell_id":"3916_14636","acq_date":"2026-01-10","frp":5.62,"bright_ti4":336.43,"daynight":"D","alert_type":"new_source_at_industrial_site","severity":0.1124}},{"type":"Feature","geometry":{"type":"Point","coordinates":[77.62949,12.37608]},"properties":{"cell_id":"2475_15526","acq_date":"2026-03-18","frp":5.62,"bright_ti4":341.08,"daynight":"D","alert_type":"new_source_at_industrial_site","severity":0.1124}},{"type":"Feature","geometry":{"type":"Point","coordinates":[79.46771,13.63163]},"properties":{"cell_id":"2726_15894","acq_date":"2026-03-23","frp":5.61,"bright_ti4":338.06,"daynight":"D","alert_type":"new_source_at_industrial_site","severity":0.1122}},{"type":"Feature","geometry":{"type":"Point","coordinates":[92.92591,24.64549]},"properties":{"cell_id":"4929_18585","acq_date":"2026-01-25","frp":5.6,"bright_ti4":338.97,"daynight":"D","alert_type":"new_source_at_industrial_site","severity":0.112}},{"type":"Feature","geometry":{"type":"Point","coordinates":[75.23129,18.03869]},"properties":{"cell_id":"3608_15046","acq_date":"2026-01-30","frp":5.6,"bright_ti4":335.47,"daynight":"D","alert_type":"new_source_at_industrial_site","severity":0.112}},{"type":"Feature","geometry":{"type":"Point","coordinates":[74.9261,15.49429]},"properties":{"cell_id":"3099_14985","acq_date":"2026-01-21","frp":5.6,"bright_ti4":330.9,"daynight":"D","alert_type":"new_source_at_industrial_site","severity":0.112}},{"type":"Feature","geometry":{"type":"Point","coordinates":[75.01496,29.95166]},"properties":{"cell_id":"5990_15003","acq_date":"2026-04-24","frp":5.6,"bright_ti4":342.13,"daynight":"D","alert_type":"new_source_at_industrial_site","severity":0.112}},{"type":"Feature","geometry":{"type":"Point","coordinates":[76.86929,29.43934]},"properties":{"cell_id":"5888_15374","acq_date":"2026-04-24","frp":5.59,"bright_ti4":348.04,"daynight":"D","alert_type":"new_source_at_industrial_site","severity":0.1118}},{"type":"Feature","geometry":{"type":"Point","coordinates":[78.48836,29.73355]},"properties":{"cell_id":"5947_15698","acq_date":"2026-04-20","frp":5.59,"bright_ti4":352.28,"daynight":"D","alert_type":"new_source_at_industrial_site","severity":0.1118}},{"type":"Feature","geometry":{"type":"Point","coordinates":[70.79376,22.72933]},"properties":{"cell_id":"4546_14159","acq_date":"2026-04-11","frp":5.58,"bright_ti4":336.95,"daynight":"D","alert_type":"new_source_at_industrial_site","severity":0.1116}},{"type":"Feature","geometry":{"type":"Point","coordinates":[92.35807,24.82181]},"properties":{"cell_id":"4964_18472","acq_date":"2026-02-07","frp":5.58,"bright_ti4":333.77,"daynight":"D","alert_type":"new_source_at_industrial_site","severity":0.1116}},{"type":"Feature","geometry":{"type":"Point","coordinates":[88.28508,22.61419]},"properties":{"cell_id":"4523_17657","acq_date":"2026-01-23","frp":5.58,"bright_ti4":339.79,"daynight":"D","alert_type":"new_source_at_industrial_site","severity":0.1116}},{"type":"Feature","geometry":{"type":"Point","coordinates":[83.18134,17.59723]},"properties":{"cell_id":"3519_16636","acq_date":"2026-04-07","frp":5.57,"bright_ti4":346.11,"daynight":"N","alert_type":"new_source_at_industrial_site","severity":0.1114}},{"type":"Feature","geometry":{"type":"Point","coordinates":[76.12405,31.67465]},"properties":{"cell_id":"6335_15225","acq_date":"2026-01-21","frp":5.56,"bright_ti4":341.09,"daynight":"D","alert_type":"new_source_at_industrial_site","severity":0.1112}},{"type":"Feature","geometry":{"type":"Point","coordinates":[84.02283,21.89779]},"properties":{"cell_id":"4380_16805","acq_date":"2026-01-11","frp":5.56,"bright_ti4":336.58,"daynight":"D","alert_type":"new_source_at_industrial_site","severity":0.1112}},{"type":"Feature","geometry":{"type":"Point","coordinates":[73.83579,17.57141]},"properties":{"cell_id":"3514_14767","acq_date":"2026-02-14","frp":5.56,"bright_ti4":342.4,"daynight":"D","alert_type":"new_source_at_industrial_site","severity":0.1112}},{"type":"Feature","geometry":{"type":"Point","coordinates":[79.79823,12.9126]},"properties":{"cell_id":"2583_15960","acq_date":"2026-04-15","frp":5.56,"bright_ti4":342.27,"daynight":"D","alert_type":"new_source_at_industrial_site","severity":0.1112}},{"type":"Feature","geometry":{"type":"Point","coordinates":[76.12905,13.00012]},"properties":{"cell_id":"2600_15226","acq_date":"2026-02-07","frp":5.56,"bright_ti4":335.12,"daynight":"D","alert_type":"new_source_at_industrial_site","severity":0.1112}},{"type":"Feature","geometry":{"type":"Point","coordinates":[72.98576,19.70329]},"properties":{"cell_id":"3941_14597","acq_date":"2026-03-08","frp":5.56,"bright_ti4":346.3,"daynight":"D","alert_type":"new_source_at_industrial_site","severity":0.1112}},{"type":"Feature","geometry":{"type":"Point","coordinates":[76.51676,30.88812]},"properties":{"cell_id":"6178_15303","acq_date":"2026-03-02","frp":5.56,"bright_ti4":332.55,"daynight":"D","alert_type":"new_source_at_industrial_site","severity":0.1112}},{"type":"Feature","geometry":{"type":"Point","coordinates":[77.78307,12.6919]},"properties":{"cell_id":"2538_15557","acq_date":"2026-02-11","frp":5.55,"bright_ti4":351.33,"daynight":"D","alert_type":"new_source_at_industrial_site","severity":0.111}},{"type":"Feature","geometry":{"type":"Point","coordinates":[73.82314,15.58752]},"properties":{"cell_id":"3118_14765","acq_date":"2026-04-15","frp":5.55,"bright_ti4":332.95,"daynight":"D","alert_type":"new_source_at_industrial_site","severity":0.111}},{"type":"Feature","geometry":{"type":"Point","coordinates":[83.84492,21.75157]},"properties":{"cell_id":"4350_16769","acq_date":"2026-03-28","frp":5.55,"bright_ti4":302.51,"daynight":"N","alert_type":"new_source_at_industrial_site","severity":0.111}},{"type":"Feature","geometry":{"type":"Point","coordinates":[78.93067,21.35171]},"properties":{"cell_id":"4270_15786","acq_date":"2026-04-11","frp":5.54,"bright_ti4":345.46,"daynight":"D","alert_type":"new_source_at_industrial_site","severity":0.1108}},{"type":"Feature","geometry":{"type":"Point","coordinates":[74.49,16.7273]},"properties":{"cell_id":"3345_14898","acq_date":"2026-03-03","frp":5.54,"bright_ti4":335.75,"daynight":"N","alert_type":"new_source_at_industrial_site","severity":0.1108}},{"type":"Feature","geometry":{"type":"Point","coordinates":[78.69946,23.85144]},"properties":{"cell_id":"4770_15740","acq_date":"2026-04-27","frp":5.54,"bright_ti4":311.4,"daynight":"N","alert_type":"new_source_at_industrial_site","severity":0.1108}},{"type":"Feature","geometry":{"type":"Point","coordinates":[83.57169,21.37543]},"properties":{"cell_id":"4275_16714","acq_date":"2026-03-04","frp":5.54,"bright_ti4":338.08,"daynight":"D","alert_type":"new_source_at_industrial_site","severity":0.1108}},{"type":"Feature","geometry":{"type":"Point","coordinates":[73.23889,18.82525]},"properties":{"cell_id":"3765_14648","acq_date":"2026-01-18","frp":5.54,"bright_ti4":335.98,"daynight":"D","alert_type":"new_source_at_industrial_site","severity":0.1108}},{"type":"Feature","geometry":{"type":"Point","coordinates":[87.37828,25.0302]},"properties":{"cell_id":"5006_17476","acq_date":"2026-04-21","frp":5.54,"bright_ti4":342.82,"daynight":"D","alert_type":"new_source_at_industrial_site","severity":0.1108}},{"type":"Feature","geometry":{"type":"Point","coordinates":[87.37922,25.03116]},"properties":{"cell_id":"5006_17476","acq_date":"2026-02-05","frp":5.54,"bright_ti4":334.31,"daynight":"D","alert_type":"new_source_at_industrial_site","severity":0.1108}},{"type":"Feature","geometry":{"type":"Point","coordinates":[73.10915,19.52723]},"properties":{"cell_id":"3905_14622","acq_date":"2026-01-17","frp":5.53,"bright_ti4":334.77,"daynight":"D","alert_type":"new_source_at_industrial_site","severity":0.1106}},{"type":"Feature","geometry":{"type":"Point","coordinates":[77.70213,13.15893]},"properties":{"cell_id":"2632_15540","acq_date":"2026-01-30","frp":5.53,"bright_ti4":348.0,"daynight":"D","alert_type":"new_source_at_industrial_site","severity":0.1106}},{"type":"Feature","geometry":{"type":"Point","coordinates":[75.79192,12.94139]},"properties":{"cell_id":"2588_15158","acq_date":"2026-03-27","frp":5.53,"bright_ti4":342.82,"daynight":"D","alert_type":"new_source_at_industrial_site","severity":0.1106}},{"type":"Feature","geometry":{"type":"Point","coordinates":[85.33476,21.9963]},"properties":{"cell_id":"4399_17067","acq_date":"2026-03-20","frp":5.53,"bright_ti4":347.24,"daynight":"D","alert_type":"new_source_at_industrial_site","severity":0.1106}},{"type":"Feature","geometry":{"type":"Point","coordinates":[77.03382,29.10805]},"properties":{"cell_id":"5822_15407","acq_date":"2026-03-01","frp":5.52,"bright_ti4":329.19,"daynight":"D","alert_type":"new_source_at_industrial_site","severity":0.1104}},{"type":"Feature","geometry":{"type":"Point","coordinates":[77.76572,13.05735]},"properties":{"cell_id":"2611_15553","acq_date":"2026-03-02","frp":5.52,"bright_ti4":337.54,"daynight":"D","alert_type":"new_source_at_industrial_site","severity":0.1104}},{"type":"Feature","geometry":{"type":"Point","coordinates":[77.69373,12.61262]},"properties":{"cell_id":"2523_15539","acq_date":"2026-03-13","frp":5.52,"bright_ti4":349.03,"daynight":"D","alert_type":"new_source_at_industrial_site","severity":0.1104}},{"type":"Feature","geometry":{"type":"Point","coordinates":[69.69794,23.26616]},"properties":{"cell_id":"4653_13940","acq_date":"2026-04-21","frp":5.5,"bright_ti4":347.49,"daynight":"D","alert_type":"new_source_at_industrial_site","severity":0.11}},{"type":"Feature","geometry":{"type":"Point","coordinates":[79.90276,16.46951]},"properties":{"cell_id":"3294_15981","acq_date":"2026-04-14","frp":5.5,"bright_ti4":342.89,"daynight":"D","alert_type":"new_source_at_industrial_site","severity":0.11}},{"type":"Feature","geometry":{"type":"Point","coordinates":[78.37125,22.69795]},"properties":{"cell_id":"4540_15674","acq_date":"2026-04-13","frp":5.49,"bright_ti4":342.5,"daynight":"D","alert_type":"new_source_at_industrial_site","severity":0.1098}},{"type":"Feature","geometry":{"type":"Point","coordinates":[83.84363,21.7478]},"properties":{"cell_id":"4350_16769","acq_date":"2026-03-15","frp":5.49,"bright_ti4":339.34,"daynight":"D","alert_type":"new_source_at_industrial_site","severity":0.1098}},{"type":"Feature","geometry":{"type":"Point","coordinates":[74.00442,15.2822]},"properties":{"cell_id":"3056_14801","acq_date":"2026-02-01","frp":5.49,"bright_ti4":351.8,"daynight":"D","alert_type":"new_source_at_industrial_site","severity":0.1098}},{"type":"Feature","geometry":{"type":"Point","coordinates":[79.22263,21.31501]},"properties":{"cell_id":"4263_15845","acq_date":"2026-04-17","frp":5.48,"bright_ti4":335.31,"daynight":"D","alert_type":"new_source_at_industrial_site","severity":0.1096}},{"type":"Feature","geometry":{"type":"Point","coordinates":[73.16839,18.97349]},"properties":{"cell_id":"3795_14634","acq_date":"2026-03-26","frp":5.48,"bright_ti4":338.28,"daynight":"D","alert_type":"new_source_at_industrial_site","severity":0.1096}},{"type":"Feature","geometry":{"type":"Point","coordinates":[74.51653,16.76093]},"properties":{"cell_id":"3352_14903","acq_date":"2026-02-15","frp":5.48,"bright_ti4":341.55,"daynight":"D","alert_type":"new_source_at_industrial_site","severity":0.1096}},{"type":"Feature","geometry":{"type":"Point","coordinates":[74.01218,18.35565]},"properties":{"cell_id":"3671_14802","acq_date":"2026-03-09","frp":5.47,"bright_ti4":344.34,"daynight":"D","alert_type":"new_source_at_industrial_site","severity":0.1094}},{"type":"Feature","geometry":{"type":"Point","coordinates":[91.91613,25.66519]},"properties":{"cell_id":"5133_18383","acq_date":"2026-02-07","frp":5.47,"bright_ti4":331.7,"daynight":"D","alert_type":"new_source_at_industrial_site","severity":0.1094}},{"type":"Feature","geometry":{"type":"Point","coordinates":[82.75648,22.34314]},"properties":{"cell_id":"4469_16551","acq_date":"2026-04-12","frp":5.47,"bright_ti4":340.8,"daynight":"D","alert_type":"new_source_at_industrial_site","severity":0.1094}},{"type":"Feature","geometry":{"type":"Point","coordinates":[73.87241,15.70667]},"properties":{"cell_id":"3141_14774","acq_date":"2026-03-22","frp":5.47,"bright_ti4":340.19,"daynight":"D","alert_type":"new_source_at_industrial_site","severity":0.1094}},{"type":"Feature","geometry":{"type":"Point","coordinates":[72.97464,19.35596]},"properties":{"cell_id":"3871_14595","acq_date":"2026-03-05","frp":5.46,"bright_ti4":352.75,"daynight":"D","alert_type":"new_source_at_industrial_site","severity":0.1092}},{"type":"Feature","geometry":{"type":"Point","coordinates":[84.97871,23.66736]},"properties":{"cell_id":"4733_16996","acq_date":"2026-02-27","frp":5.46,"bright_ti4":348.73,"daynight":"D","alert_type":"new_source_at_industrial_site","severity":0.1092}},{"type":"Feature","geometry":{"type":"Point","coordinates":[76.69991,28.40934]},"properties":{"cell_id":"5682_15340","acq_date":"2026-04-22","frp":5.46,"bright_ti4":332.46,"daynight":"N","alert_type":"new_source_at_industrial_site","severity":0.1092}},{"type":"Feature","geometry":{"type":"Point","coordinates":[92.36584,24.82043]},"properties":{"cell_id":"4964_18473","acq_date":"2026-02-11","frp":5.46,"bright_ti4":331.4,"daynight":"D","alert_type":"new_source_at_industrial_site","severity":0.1092}},{"type":"Feature","geometry":{"type":"Point","coordinates":[83.01183,21.2445]},"properties":{"cell_id":"4249_16602","acq_date":"2026-02-27","frp":5.45,"bright_ti4":349.66,"daynight":"D","alert_type":"new_source_at_industrial_site","severity":0.109}},{"type":"Feature","geometry":{"type":"Point","coordinates":[77.62614,12.83198]},"properties":{"cell_id":"2566_15525","acq_date":"2026-03-23","frp":5.45,"bright_ti4":332.73,"daynight":"N","alert_type":"new_source_at_industrial_site","severity":0.109}},{"type":"Feature","geometry":{"type":"Point","coordinates":[82.54124,20.91688]},"properties":{"cell_id":"4183_16508","acq_date":"2026-03-14","frp":5.45,"bright_ti4":345.26,"daynight":"D","alert_type":"new_source_at_industrial_site","severity":0.109}},{"type":"Feature","geometry":{"type":"Point","coordinates":[84.86451,25.58717]},"properties":{"cell_id":"5117_16973","acq_date":"2026-04-15","frp":5.45,"bright_ti4":337.81,"daynight":"D","alert_type":"new_source_at_industrial_site","severity":0.109}},{"type":"Feature","geometry":{"type":"Point","coordinates":[78.96777,17.22906]},"properties":{"cell_id":"3446_15794","acq_date":"2026-03-25","frp":5.45,"bright_ti4":332.57,"daynight":"D","alert_type":"new_source_at_industrial_site","severity":0.109}},{"type":"Feature","geometry":{"type":"Point","coordinates":[83.70671,26.93079]},"properties":{"cell_id":"5386_16741","acq_date":"2026-04-21","frp":5.45,"bright_ti4":339.34,"daynight":"D","alert_type":"new_source_at_industrial_site","severity":0.109}},{"type":"Feature","geometry":{"type":"Point","coordinates":[75.18414,19.69341]},"properties":{"cell_id":"3939_15037","acq_date":"2026-04-25","frp":5.44,"bright_ti4":334.67,"daynight":"D","alert_type":"new_source_at_industrial_site","severity":0.1088}},{"type":"Feature","geometry":{"type":"Point","coordinates":[83.57617,21.31002]},"properties":{"cell_id":"4262_16715","acq_date":"2026-01-12","frp":5.44,"bright_ti4":337.18,"daynight":"D","alert_type":"new_source_at_industrial_site","severity":0.1088}},{"type":"Feature","geometry":{"type":"Point","coordinates":[77.73402,12.76615]},"properties":{"cell_id":"2553_15547","acq_date":"2026-02-14","frp":5.43,"bright_ti4":339.43,"daynight":"D","alert_type":"new_source_at_industrial_site","severity":0.1086}},{"type":"Feature","geometry":{"type":"Point","coordinates":[73.08732,19.31118]},"properties":{"cell_id":"3862_14617","acq_date":"2026-03-26","frp":5.43,"bright_ti4":349.38,"daynight":"D","alert_type":"new_source_at_industrial_site","severity":0.1086}},{"type":"Feature","geometry":{"type":"Point","coordinates":[79.29417,12.66575]},"properties":{"cell_id":"2533_15859","acq_date":"2026-03-14","frp":5.43,"bright_ti4":338.62,"daynight":"D","alert_type":"new_source_at_industrial_site","severity":0.1086}},{"type":"Feature","geometry":{"type":"Point","coordinates":[83.26294,26.75014]},"properties":{"cell_id":"5350_16653","acq_date":"2026-04-10","frp":5.42,"bright_ti4":345.65,"daynight":"D","alert_type":"new_source_at_industrial_site","severity":0.1084}},{"type":"Feature","geometry":{"type":"Point","coordinates":[77.28171,13.18062]},"properties":{"cell_id":"2636_15456","acq_date":"2026-01-31","frp":5.42,"bright_ti4":346.62,"daynight":"D","alert_type":"new_source_at_industrial_site","severity":0.1084}},{"type":"Feature","geometry":{"type":"Point","coordinates":[72.43536,23.32808]},"properties":{"cell_id":"4666_14487","acq_date":"2026-03-16","frp":5.42,"bright_ti4":343.93,"daynight":"D","alert_type":"new_source_at_industrial_site","severity":0.1084}},{"type":"Feature","geometry":{"type":"Point","coordinates":[73.11626,19.52793]},"properties":{"cell_id":"3906_14623","acq_date":"2026-01-25","frp":5.42,"bright_ti4":341.69,"daynight":"D","alert_type":"new_source_at_industrial_site","severity":0.1084}},{"type":"Feature","geometry":{"type":"Point","coordinates":[77.76357,13.75936]},"properties":{"cell_id":"2752_15553","acq_date":"2026-02-16","frp":5.41,"bright_ti4":334.45,"daynight":"D","alert_type":"new_source_at_industrial_site","severity":0.1082}},{"type":"Feature","geometry":{"type":"Point","coordinates":[79.49783,18.89389]},"properties":{"cell_id":"3779_15900","acq_date":"2026-04-11","frp":5.4,"bright_ti4":342.47,"daynight":"D","alert_type":"new_source_at_industrial_site","severity":0.108}},{"type":"Feature","geometry":{"type":"Point","coordinates":[80.27168,13.13528]},"properties":{"cell_id":"2627_16054","acq_date":"2026-04-03","frp":5.4,"bright_ti4":336.01,"daynight":"D","alert_type":"new_source_at_industrial_site","severity":0.108}},{"type":"Feature","geometry":{"type":"Point","coordinates":[79.49678,18.89879]},"properties":{"cell_id":"3780_15899","acq_date":"2026-04-11","frp":5.4,"bright_ti4":341.88,"daynight":"D","alert_type":"new_source_at_industrial_site","severity":0.108}},{"type":"Feature","geometry":{"type":"Point","coordinates":[77.86522,12.66419]},"properties":{"cell_id":"2533_15573","acq_date":"2026-02-04","frp":5.4,"bright_ti4":347.51,"daynight":"D","alert_type":"new_source_at_industrial_site","severity":0.108}},{"type":"Feature","geometry":{"type":"Point","coordinates":[73.86126,19.97017]},"properties":{"cell_id":"3994_14772","acq_date":"2026-03-14","frp":5.4,"bright_ti4":336.02,"daynight":"D","alert_type":"new_source_at_industrial_site","severity":0.108}},{"type":"Feature","geometry":{"type":"Point","coordinates":[78.1536,29.83397]},"properties":{"cell_id":"5967_15631","acq_date":"2026-01-18","frp":5.4,"bright_ti4":342.9,"daynight":"D","alert_type":"new_source_at_industrial_site","severity":0.108}},{"type":"Feature","geometry":{"type":"Point","coordinates":[72.89537,19.34418]},"properties":{"cell_id":"3869_14579","acq_date":"2026-03-28","frp":5.4,"bright_ti4":342.68,"daynight":"D","alert_type":"new_source_at_industrial_site","severity":0.108}},{"type":"Feature","geometry":{"type":"Point","coordinates":[73.35972,18.38285]},"properties":{"cell_id":"3677_14672","acq_date":"2026-03-26","frp":5.4,"bright_ti4":333.91,"daynight":"D","alert_type":"new_source_at_industrial_site","severity":0.108}},{"type":"Feature","geometry":{"type":"Point","coordinates":[80.23889,26.45015]},"properties":{"cell_id":"5290_16048","acq_date":"2026-04-27","frp":5.39,"bright_ti4":346.3,"daynight":"D","alert_type":"new_source_at_industrial_site","severity":0.1078}},{"type":"Feature","geometry":{"type":"Point","coordinates":[77.91283,13.10876]},"properties":{"cell_id":"2622_15583","acq_date":"2026-02-11","frp":5.39,"bright_ti4":349.14,"daynight":"D","alert_type":"new_source_at_industrial_site","severity":0.1078}},{"type":"Feature","geometry":{"type":"Point","coordinates":[81.3296,24.32973]},"properties":{"cell_id":"4866_16266","acq_date":"2026-04-23","frp":5.39,"bright_ti4":339.28,"daynight":"D","alert_type":"new_source_at_industrial_site","severity":0.1078}},{"type":"Feature","geometry":{"type":"Point","coordinates":[87.27514,23.64]},"properties":{"cell_id":"4728_17455","acq_date":"2026-02-28","frp":5.39,"bright_ti4":340.46,"daynight":"D","alert_type":"new_source_at_industrial_site","severity":0.1078}},{"type":"Feature","geometry":{"type":"Point","coordinates":[70.46084,21.58082]},"properties":{"cell_id":"4316_14092","acq_date":"2026-02-11","frp":5.39,"bright_ti4":354.31,"daynight":"D","alert_type":"new_source_at_industrial_site","severity":0.1078}},{"type":"Feature","geometry":{"type":"Point","coordinates":[81.33437,24.33087]},"properties":{"cell_id":"4866_16267","acq_date":"2026-04-23","frp":5.39,"bright_ti4":355.08,"daynight":"D","alert_type":"new_source_at_industrial_site","severity":0.1078}},{"type":"Feature","geometry":{"type":"Point","coordinates":[73.98362,18.12744]},"properties":{"cell_id":"3625_14797","acq_date":"2026-01-02","frp":5.39,"bright_ti4":334.89,"daynight":"D","alert_type":"new_source_at_industrial_site","severity":0.1078}},{"type":"Feature","geometry":{"type":"Point","coordinates":[78.64785,18.51196]},"properties":{"cell_id":"3702_15730","acq_date":"2026-03-26","frp":5.39,"bright_ti4":349.27,"daynight":"D","alert_type":"new_source_at_industrial_site","severity":0.1078}},{"type":"Feature","geometry":{"type":"Point","coordinates":[84.75647,22.31088]},"properties":{"cell_id":"4462_16951","acq_date":"2026-02-17","frp":5.39,"bright_ti4":337.63,"daynight":"D","alert_type":"new_source_at_industrial_site","severity":0.1078}},{"type":"Feature","geometry":{"type":"Point","coordinates":[73.51598,18.11554]},"properties":{"cell_id":"3623_14703","acq_date":"2026-03-04","frp":5.39,"bright_ti4":343.61,"daynight":"D","alert_type":"new_source_at_industrial_site","severity":0.1078}},{"type":"Feature","geometry":{"type":"Point","coordinates":[77.91642,13.10947]},"properties":{"cell_id":"2622_15583","acq_date":"2026-02-11","frp":5.39,"bright_ti4":346.59,"daynight":"D","alert_type":"new_source_at_industrial_site","severity":0.1078}},{"type":"Feature","geometry":{"type":"Point","coordinates":[75.63564,22.69066]},"properties":{"cell_id":"4538_15127","acq_date":"2026-04-01","frp":5.38,"bright_ti4":356.44,"daynight":"D","alert_type":"new_source_at_industrial_site","severity":0.1076}},{"type":"Feature","geometry":{"type":"Point","coordinates":[73.28036,19.396]},"properties":{"cell_id":"3879_14656","acq_date":"2026-04-25","frp":5.38,"bright_ti4":345.67,"daynight":"D","alert_type":"new_source_at_industrial_site","severity":0.1076}},{"type":"Feature","geometry":{"type":"Point","coordinates":[75.63148,22.69028]},"properties":{"cell_id":"4538_15126","acq_date":"2026-04-01","frp":5.38,"bright_ti4":333.83,"daynight":"D","alert_type":"new_source_at_industrial_site","severity":0.1076}},{"type":"Feature","geometry":{"type":"Point","coordinates":[73.17101,22.17297]},"properties":{"cell_id":"4435_14634","acq_date":"2026-04-12","frp":5.37,"bright_ti4":344.86,"daynight":"D","alert_type":"new_source_at_industrial_site","severity":0.1074}},{"type":"Feature","geometry":{"type":"Point","coordinates":[83.98742,26.76784]},"properties":{"cell_id":"5354_16797","acq_date":"2026-04-23","frp":5.37,"bright_ti4":342.42,"daynight":"D","alert_type":"new_source_at_industrial_site","severity":0.1074}},{"type":"Feature","geometry":{"type":"Point","coordinates":[73.12302,19.65411]},"properties":{"cell_id":"3931_14625","acq_date":"2026-03-30","frp":5.37,"bright_ti4":331.99,"daynight":"D","alert_type":"new_source_at_industrial_site","severity":0.1074}},{"type":"Feature","geometry":{"type":"Point","coordinates":[91.93232,26.23003]},"properties":{"cell_id":"5246_18386","acq_date":"2026-02-08","frp":5.37,"bright_ti4":331.79,"daynight":"D","alert_type":"new_source_at_industrial_site","severity":0.1074}},{"type":"Feature","geometry":{"type":"Point","coordinates":[77.44991,27.76108]},"properties":{"cell_id":"5552_15490","acq_date":"2026-04-14","frp":5.36,"bright_ti4":338.48,"daynight":"D","alert_type":"new_source_at_industrial_site","severity":0.1072}},{"type":"Feature","geometry":{"type":"Point","coordinates":[83.8474,21.37477]},"properties":{"cell_id":"4275_16769","acq_date":"2026-01-07","frp":5.36,"bright_ti4":329.38,"daynight":"D","alert_type":"new_source_at_industrial_site","severity":0.1072}},{"type":"Feature","geometry":{"type":"Point","coordinates":[70.16245,23.11125]},"properties":{"cell_id":"4622_14032","acq_date":"2026-01-16","frp":5.35,"bright_ti4":345.67,"daynight":"D","alert_type":"new_source_at_industrial_site","severity":0.107}},{"type":"Feature","geometry":{"type":"Point","coordinates":[75.77824,13.28403]},"properties":{"cell_id":"2657_15156","acq_date":"2026-03-06","frp":5.35,"bright_ti4":342.94,"daynight":"D","alert_type":"new_source_at_industrial_site","severity":0.107}},{"type":"Feature","geometry":{"type":"Point","coordinates":[72.67493,21.87211]},"properties":{"cell_id":"4374_14535","acq_date":"2026-01-13","frp":5.35,"bright_ti4":340.42,"daynight":"D","alert_type":"new_source_at_industrial_site","severity":0.107}},{"type":"Feature","geometry":{"type":"Point","coordinates":[80.3602,19.6216]},"properties":{"cell_id":"3924_16072","acq_date":"2026-03-23","frp":5.35,"bright_ti4":331.34,"daynight":"D","alert_type":"new_source_at_industrial_site","severity":0.107}},{"type":"Feature","geometry":{"type":"Point","coordinates":[77.87334,12.85816]},"properties":{"cell_id":"2572_15575","acq_date":"2026-04-15","frp":5.34,"bright_ti4":346.86,"daynight":"D","alert_type":"new_source_at_industrial_site","severity":0.1068}},{"type":"Feature","geometry":{"type":"Point","coordinates":[73.13641,19.35394]},"properties":{"cell_id":"3871_14627","acq_date":"2026-04-09","frp":5.34,"bright_ti4":334.89,"daynight":"D","alert_type":"new_source_at_industrial_site","severity":0.1068}},{"type":"Feature","geometry":{"type":"Point","coordinates":[76.11537,23.01656]},"properties":{"cell_id":"4603_15223","acq_date":"2026-04-07","frp":5.34,"bright_ti4":342.4,"daynight":"D","alert_type":"new_source_at_industrial_site","severity":0.1068}},{"type":"Feature","geometry":{"type":"Point","coordinates":[83.49832,21.32676]},"properties":{"cell_id":"4265_16700","acq_date":"2026-04-26","frp":5.34,"bright_ti4":342.05,"daynight":"D","alert_type":"new_source_at_industrial_site","severity":0.1068}},{"type":"Feature","geometry":{"type":"Point","coordinates":[79.79266,18.88225]},"properties":{"cell_id":"3776_15959","acq_date":"2026-01-25","frp":5.33,"bright_ti4":348.98,"daynight":"D","alert_type":"new_source_at_industrial_site","severity":0.1066}},{"type":"Feature","geometry":{"type":"Point","coordinates":[83.27058,21.96647]},"properties":{"cell_id":"4393_16654","acq_date":"2026-01-11","frp":5.33,"bright_ti4":342.14,"daynight":"D","alert_type":"new_source_at_industrial_site","severity":0.1066}},{"type":"Feature","geometry":{"type":"Point","coordinates":[76.4123,28.07728]},"properties":{"cell_id":"5615_15282","acq_date":"2026-03-03","frp":5.33,"bright_ti4":346.96,"daynight":"D","alert_type":"new_source_at_industrial_site","severity":0.1066}},{"type":"Feature","geometry":{"type":"Point","coordinates":[72.80659,21.10807]},"properties":{"cell_id":"4222_14561","acq_date":"2026-03-28","frp":5.33,"bright_ti4":344.5,"daynight":"D","alert_type":"new_source_at_industrial_site","severity":0.1066}},{"type":"Feature","geometry":{"type":"Point","coordinates":[76.95596,29.69415]},"properties":{"cell_id":"5939_15391","acq_date":"2026-04-22","frp":5.33,"bright_ti4":367.0,"daynight":"D","alert_type":"new_source_at_industrial_site","severity":0.1066}},{"type":"Feature","geometry":{"type":"Point","coordinates":[77.80782,11.39391]},"properties":{"cell_id":"2279_15562","acq_date":"2026-02-12","frp":5.32,"bright_ti4":339.67,"daynight":"D","alert_type":"new_source_at_industrial_site","severity":0.1064}},{"type":"Feature","geometry":{"type":"Point","coordinates":[77.14981,24.48188]},"properties":{"cell_id":"4896_15430","acq_date":"2026-02-28","frp":5.32,"bright_ti4":304.03,"daynight":"N","alert_type":"new_source_at_industrial_site","severity":0.1064}},{"type":"Feature","geometry":{"type":"Point","coordinates":[73.0731,19.56498]},"properties":{"cell_id":"3913_14615","acq_date":"2026-01-18","frp":5.32,"bright_ti4":339.87,"daynight":"D","alert_type":"new_source_at_industrial_site","severity":0.1064}},{"type":"Feature","geometry":{"type":"Point","coordinates":[81.64938,21.39643]},"properties":{"cell_id":"4279_16330","acq_date":"2026-01-29","frp":5.32,"bright_ti4":330.32,"daynight":"D","alert_type":"new_source_at_industrial_site","severity":0.1064}},{"type":"Feature","geometry":{"type":"Point","coordinates":[74.5308,18.3879]},"properties":{"cell_id":"3678_14906","acq_date":"2026-01-04","frp":5.31,"bright_ti4":340.15,"daynight":"D","alert_type":"new_source_at_industrial_site","severity":0.1062}},{"type":"Feature","geometry":{"type":"Point","coordinates":[79.83517,28.17249]},"properties":{"cell_id":"5634_15967","acq_date":"2026-04-26","frp":5.31,"bright_ti4":349.42,"daynight":"D","alert_type":"new_source_at_industrial_site","severity":0.1062}},{"type":"Feature","geometry":{"type":"Point","coordinates":[74.0115,18.58335]},"properties":{"cell_id":"3717_14802","acq_date":"2026-01-29","frp":5.31,"bright_ti4":340.09,"daynight":"D","alert_type":"new_source_at_industrial_site","severity":0.1062}},{"type":"Feature","geometry":{"type":"Point","coordinates":[92.61899,27.0258]},"properties":{"cell_id":"5405_18524","acq_date":"2026-01-31","frp":5.31,"bright_ti4":349.11,"daynight":"D","alert_type":"new_source_at_industrial_site","severity":0.1062}},{"type":"Feature","geometry":{"type":"Point","coordinates":[77.00832,13.56275]},"properties":{"cell_id":"2713_15402","acq_date":"2026-02-03","frp":5.31,"bright_ti4":342.09,"daynight":"D","alert_type":"new_source_at_industrial_site","severity":0.1062}},{"type":"Feature","geometry":{"type":"Point","coordinates":[92.92541,24.64631]},"properties":{"cell_id":"4929_18585","acq_date":"2026-01-25","frp":5.3,"bright_ti4":340.85,"daynight":"D","alert_type":"new_source_at_industrial_site","severity":0.106}},{"type":"Feature","geometry":{"type":"Point","coordinates":[81.97797,25.48471]},"properties":{"cell_id":"5097_16396","acq_date":"2026-04-23","frp":5.3,"bright_ti4":339.05,"daynight":"D","alert_type":"new_source_at_industrial_site","severity":0.106}},{"type":"Feature","geometry":{"type":"Point","coordinates":[73.287,18.79532]},"properties":{"cell_id":"3759_14657","acq_date":"2026-04-07","frp":5.29,"bright_ti4":335.12,"daynight":"D","alert_type":"new_source_at_industrial_site","severity":0.1058}},{"type":"Feature","geometry":{"type":"Point","coordinates":[72.7142,19.79606]},"properties":{"cell_id":"3959_14543","acq_date":"2026-03-22","frp":5.29,"bright_ti4":341.45,"daynight":"D","alert_type":"new_source_at_industrial_site","severity":0.1058}},{"type":"Feature","geometry":{"type":"Point","coordinates":[69.38645,22.13061]},"properties":{"cell_id":"4426_13877","acq_date":"2026-03-15","frp":5.29,"bright_ti4":343.24,"daynight":"D","alert_type":"new_source_at_industrial_site","severity":0.1058}},{"type":"Feature","geometry":{"type":"Point","coordinates":[72.64759,21.70144]},"properties":{"cell_id":"4340_14530","acq_date":"2026-03-05","frp":5.29,"bright_ti4":348.63,"daynight":"D","alert_type":"new_source_at_industrial_site","severity":0.1058}},{"type":"Feature","geometry":{"type":"Point","coordinates":[77.42318,12.77323]},"properties":{"cell_id":"2555_15485","acq_date":"2026-02-15","frp":5.29,"bright_ti4":337.62,"daynight":"D","alert_type":"new_source_at_industrial_site","severity":0.1058}},{"type":"Feature","geometry":{"type":"Point","coordinates":[70.1944,23.1081]},"properties":{"cell_id":"4622_14039","acq_date":"2026-02-15","frp":5.29,"bright_ti4":343.45,"daynight":"D","alert_type":"new_source_at_industrial_site","severity":0.1058}},{"type":"Feature","geometry":{"type":"Point","coordinates":[77.8067,13.08381]},"properties":{"cell_id":"2617_15561","acq_date":"2026-01-18","frp":5.29,"bright_ti4":340.0,"daynight":"D","alert_type":"new_source_at_industrial_site","severity":0.1058}},{"type":"Feature","geometry":{"type":"Point","coordinates":[78.02653,12.6528]},"properties":{"cell_id":"2531_15605","acq_date":"2026-03-07","frp":5.28,"bright_ti4":340.04,"daynight":"D","alert_type":"new_source_at_industrial_site","severity":0.1056}},{"type":"Feature","geometry":{"type":"Point","coordinates":[74.89516,24.40593]},"properties":{"cell_id":"4881_14979","acq_date":"2026-04-22","frp":5.28,"bright_ti4":340.28,"daynight":"D","alert_type":"new_source_at_industrial_site","severity":0.1056}},{"type":"Feature","geometry":{"type":"Point","coordinates":[77.66713,12.72047]},"properties":{"cell_id":"2544_15533","acq_date":"2026-02-13","frp":5.28,"bright_ti4":344.38,"daynight":"D","alert_type":"new_source_at_industrial_site","severity":0.1056}},{"type":"Feature","geometry":{"type":"Point","coordinates":[77.6673,12.72061]},"properties":{"cell_id":"2544_15533","acq_date":"2026-02-13","frp":5.27,"bright_ti4":343.97,"daynight":"D","alert_type":"new_source_at_industrial_site","severity":0.1054}},{"type":"Feature","geometry":{"type":"Point","coordinates":[79.09745,13.2573]},"properties":{"cell_id":"2651_15819","acq_date":"2026-03-05","frp":5.27,"bright_ti4":330.81,"daynight":"D","alert_type":"new_source_at_industrial_site","severity":0.1054}},{"type":"Feature","geometry":{"type":"Point","coordinates":[72.93728,19.2007]},"properties":{"cell_id":"3840_14587","acq_date":"2026-03-23","frp":5.27,"bright_ti4":348.34,"daynight":"D","alert_type":"new_source_at_industrial_site","severity":0.1054}},{"type":"Feature","geometry":{"type":"Point","coordinates":[82.57457,20.92567]},"properties":{"cell_id":"4185_16515","acq_date":"2026-01-05","frp":5.26,"bright_ti4":331.51,"daynight":"D","alert_type":"new_source_at_industrial_site","severity":0.1052}},{"type":"Feature","geometry":{"type":"Point","coordinates":[82.83846,20.25433]},"properties":{"cell_id":"4051_16568","acq_date":"2026-04-22","frp":5.26,"bright_ti4":338.29,"daynight":"D","alert_type":"new_source_at_industrial_site","severity":0.1052}},{"type":"Feature","geometry":{"type":"Point","coordinates":[74.48437,15.73085]},"properties":{"cell_id":"3146_14897","acq_date":"2026-04-14","frp":5.26,"bright_ti4":342.49,"daynight":"D","alert_type":"new_source_at_industrial_site","severity":0.1052}},{"type":"Feature","geometry":{"type":"Point","coordinates":[71.94814,22.37428]},"properties":{"cell_id":"4475_14390","acq_date":"2026-04-02","frp":5.25,"bright_ti4":341.42,"daynight":"D","alert_type":"new_source_at_industrial_site","severity":0.105}},{"type":"Feature","geometry":{"type":"Point","coordinates":[69.85821,22.33829]},"properties":{"cell_id":"4468_13972","acq_date":"2026-01-31","frp":5.25,"bright_ti4":301.43,"daynight":"N","alert_type":"new_source_at_industrial_site","severity":0.105}},{"type":"Feature","geometry":{"type":"Point","coordinates":[74.0662,17.60537]},"properties":{"cell_id":"3521_14813","acq_date":"2026-04-25","frp":5.24,"bright_ti4":340.98,"daynight":"D","alert_type":"new_source_at_industrial_site","severity":0.1048}},{"type":"Feature","geometry":{"type":"Point","coordinates":[83.78887,21.30539]},"properties":{"cell_id":"4261_16758","acq_date":"2026-01-05","frp":5.24,"bright_ti4":341.9,"daynight":"D","alert_type":"new_source_at_industrial_site","severity":0.1048}},{"type":"Feature","geometry":{"type":"Point","coordinates":[72.37927,23.02494]},"properties":{"cell_id":"4605_14476","acq_date":"2026-04-02","frp":5.23,"bright_ti4":339.03,"daynight":"D","alert_type":"new_source_at_industrial_site","severity":0.1046}},{"type":"Feature","geometry":{"type":"Point","coordinates":[77.68034,13.1501]},"properties":{"cell_id":"2630_15536","acq_date":"2026-03-14","frp":5.23,"bright_ti4":343.37,"daynight":"D","alert_type":"new_source_at_industrial_site","severity":0.1046}},{"type":"Feature","geometry":{"type":"Point","coordinates":[72.37497,23.02436]},"properties":{"cell_id":"4605_14475","acq_date":"2026-04-02","frp":5.23,"bright_ti4":334.75,"daynight":"D","alert_type":"new_source_at_industrial_site","severity":0.1046}},{"type":"Feature","geometry":{"type":"Point","coordinates":[78.57579,10.62881]},"properties":{"cell_id":"2126_15715","acq_date":"2026-02-03","frp":5.22,"bright_ti4":344.25,"daynight":"D","alert_type":"new_source_at_industrial_site","severity":0.1044}},{"type":"Feature","geometry":{"type":"Point","coordinates":[79.36976,21.2553]},"properties":{"cell_id":"4251_15874","acq_date":"2026-04-18","frp":5.22,"bright_ti4":345.38,"daynight":"N","alert_type":"new_source_at_industrial_site","severity":0.1044}},{"type":"Feature","geometry":{"type":"Point","coordinates":[73.93541,15.74313]},"properties":{"cell_id":"3149_14787","acq_date":"2026-04-06","frp":5.22,"bright_ti4":333.56,"daynight":"D","alert_type":"new_source_at_industrial_site","severity":0.1044}},{"type":"Feature","geometry":{"type":"Point","coordinates":[83.29595,17.70479]},"properties":{"cell_id":"3541_16659","acq_date":"2026-03-29","frp":5.22,"bright_ti4":343.06,"daynight":"D","alert_type":"new_source_at_industrial_site","severity":0.1044}},{"type":"Feature","geometry":{"type":"Point","coordinates":[77.45103,13.07798]},"properties":{"cell_id":"2616_15490","acq_date":"2026-02-05","frp":5.22,"bright_ti4":337.13,"daynight":"D","alert_type":"new_source_at_industrial_site","severity":0.1044}},{"type":"Feature","geometry":{"type":"Point","coordinates":[73.09983,19.57212]},"properties":{"cell_id":"3914_14620","acq_date":"2026-03-01","frp":5.21,"bright_ti4":337.8,"daynight":"D","alert_type":"new_source_at_industrial_site","severity":0.1042}},{"type":"Feature","geometry":{"type":"Point","coordinates":[78.30076,18.38657]},"properties":{"cell_id":"3677_15660","acq_date":"2026-04-21","frp":5.21,"bright_ti4":334.94,"daynight":"D","alert_type":"new_source_at_industrial_site","severity":0.1042}},{"type":"Feature","geometry":{"type":"Point","coordinates":[77.75623,13.0263]},"properties":{"cell_id":"2605_15551","acq_date":"2026-02-05","frp":5.21,"bright_ti4":341.43,"daynight":"D","alert_type":"new_source_at_industrial_site","severity":0.1042}},{"type":"Feature","geometry":{"type":"Point","coordinates":[87.68627,25.14923]},"properties":{"cell_id":"5030_17537","acq_date":"2026-04-05","frp":5.19,"bright_ti4":339.61,"daynight":"D","alert_type":"new_source_at_industrial_site","severity":0.1038}},{"type":"Feature","geometry":{"type":"Point","coordinates":[75.3081,12.08988]},"properties":{"cell_id":"2418_15062","acq_date":"2026-01-08","frp":5.19,"bright_ti4":333.15,"daynight":"D","alert_type":"new_source_at_industrial_site","severity":0.1038}},{"type":"Feature","geometry":{"type":"Point","coordinates":[77.4269,12.63298]},"properties":{"cell_id":"2527_15485","acq_date":"2026-03-25","frp":5.19,"bright_ti4":342.31,"daynight":"D","alert_type":"new_source_at_industrial_site","severity":0.1038}},{"type":"Feature","geometry":{"type":"Point","coordinates":[74.09051,18.97932]},"properties":{"cell_id":"3796_14818","acq_date":"2026-01-29","frp":5.18,"bright_ti4":339.76,"daynight":"D","alert_type":"new_source_at_industrial_site","severity":0.1036}},{"type":"Feature","geometry":{"type":"Point","coordinates":[73.08622,19.58711]},"properties":{"cell_id":"3917_14617","acq_date":"2026-04-19","frp":5.18,"bright_ti4":345.99,"daynight":"D","alert_type":"new_source_at_industrial_site","severity":0.1036}},{"type":"Feature","geometry":{"type":"Point","coordinates":[87.37833,25.03144]},"properties":{"cell_id":"5006_17476","acq_date":"2026-04-18","frp":5.18,"bright_ti4":338.05,"daynight":"D","alert_type":"new_source_at_industrial_site","severity":0.1036}},{"type":"Feature","geometry":{"type":"Point","coordinates":[73.37859,19.02056]},"properties":{"cell_id":"3804_14676","acq_date":"2026-03-29","frp":5.18,"bright_ti4":341.65,"daynight":"D","alert_type":"new_source_at_industrial_site","severity":0.1036}},{"type":"Feature","geometry":{"type":"Point","coordinates":[76.59081,19.00069]},"properties":{"cell_id":"3800_15318","acq_date":"2026-02-20","frp":5.18,"bright_ti4":338.34,"daynight":"D","alert_type":"new_source_at_industrial_site","severity":0.1036}},{"type":"Feature","geometry":{"type":"Point","coordinates":[83.40153,27.44065]},"properties":{"cell_id":"5488_16680","acq_date":"2026-04-21","frp":5.18,"bright_ti4":347.72,"daynight":"D","alert_type":"new_source_at_industrial_site","severity":0.1036}},{"type":"Feature","geometry":{"type":"Point","coordinates":[72.18021,22.61961]},"properties":{"cell_id":"4524_14436","acq_date":"2026-04-22","frp":5.18,"bright_ti4":339.95,"daynight":"D","alert_type":"new_source_at_industrial_site","severity":0.1036}},{"type":"Feature","geometry":{"type":"Point","coordinates":[74.08992,18.98265]},"properties":{"cell_id":"3797_14818","acq_date":"2026-01-29","frp":5.18,"bright_ti4":340.26,"daynight":"D","alert_type":"new_source_at_industrial_site","severity":0.1036}},{"type":"Feature","geometry":{"type":"Point","coordinates":[73.86517,18.81839]},"properties":{"cell_id":"3764_14773","acq_date":"2026-04-03","frp":5.17,"bright_ti4":334.38,"daynight":"D","alert_type":"new_source_at_industrial_site","severity":0.1034}},{"type":"Feature","geometry":{"type":"Point","coordinates":[73.47503,18.11344]},"properties":{"cell_id":"3623_14695","acq_date":"2026-01-17","frp":5.17,"bright_ti4":335.18,"daynight":"D","alert_type":"new_source_at_industrial_site","severity":0.1034}},{"type":"Feature","geometry":{"type":"Point","coordinates":[73.20185,22.46422]},"properties":{"cell_id":"4493_14640","acq_date":"2026-02-27","frp":5.17,"bright_ti4":335.28,"daynight":"D","alert_type":"new_source_at_industrial_site","severity":0.1034}},{"type":"Feature","geometry":{"type":"Point","coordinates":[70.18691,23.11987]},"properties":{"cell_id":"4624_14037","acq_date":"2026-03-09","frp":5.17,"bright_ti4":343.26,"daynight":"D","alert_type":"new_source_at_industrial_site","severity":0.1034}},{"type":"Feature","geometry":{"type":"Point","coordinates":[83.52212,21.29191]},"properties":{"cell_id":"4258_16704","acq_date":"2026-03-03","frp":5.17,"bright_ti4":333.4,"daynight":"D","alert_type":"new_source_at_industrial_site","severity":0.1034}},{"type":"Feature","geometry":{"type":"Point","coordinates":[87.22947,23.60464]},"properties":{"cell_id":"4721_17446","acq_date":"2026-02-09","frp":5.17,"bright_ti4":336.08,"daynight":"D","alert_type":"new_source_at_industrial_site","severity":0.1034}},{"type":"Feature","geometry":{"type":"Point","coordinates":[76.38335,15.16448]},"properties":{"cell_id":"3033_15277","acq_date":"2026-01-07","frp":5.17,"bright_ti4":334.84,"daynight":"D","alert_type":"new_source_at_industrial_site","severity":0.1034}},{"type":"Feature","geometry":{"type":"Point","coordinates":[72.82016,21.67338]},"properties":{"cell_id":"4335_14564","acq_date":"2026-03-31","frp":5.16,"bright_ti4":334.15,"daynight":"D","alert_type":"new_source_at_industrial_site","severity":0.1032}},{"type":"Feature","geometry":{"type":"Point","coordinates":[77.6461,13.09738]},"properties":{"cell_id":"2619_15529","acq_date":"2026-01-04","frp":5.16,"bright_ti4":343.24,"daynight":"D","alert_type":"new_source_at_industrial_site","severity":0.1032}},{"type":"Feature","geometry":{"type":"Point","coordinates":[85.31375,23.19197]},"properties":{"cell_id":"4638_17063","acq_date":"2026-03-02","frp":5.16,"bright_ti4":339.64,"daynight":"D","alert_type":"new_source_at_industrial_site","severity":0.1032}},{"type":"Feature","geometry":{"type":"Point","coordinates":[76.5329,20.73073]},"properties":{"cell_id":"4146_15307","acq_date":"2026-02-07","frp":5.15,"bright_ti4":341.25,"daynight":"N","alert_type":"new_source_at_industrial_site","severity":0.103}},{"type":"Feature","geometry":{"type":"Point","coordinates":[76.89376,29.46599]},"properties":{"cell_id":"5893_15379","acq_date":"2026-02-26","frp":5.15,"bright_ti4":333.21,"daynight":"D","alert_type":"new_source_at_industrial_site","severity":0.103}},{"type":"Feature","geometry":{"type":"Point","coordinates":[76.52902,20.73158]},"properties":{"cell_id":"4146_15306","acq_date":"2026-02-07","frp":5.15,"bright_ti4":340.25,"daynight":"N","alert_type":"new_source_at_industrial_site","severity":0.103}},{"type":"Feature","geometry":{"type":"Point","coordinates":[73.11737,18.92155]},"properties":{"cell_id":"3784_14623","acq_date":"2026-01-08","frp":5.15,"bright_ti4":332.55,"daynight":"D","alert_type":"new_source_at_industrial_site","severity":0.103}},{"type":"Feature","geometry":{"type":"Point","coordinates":[76.8945,29.4626]},"properties":{"cell_id":"5893_15379","acq_date":"2026-02-26","frp":5.15,"bright_ti4":338.13,"daynight":"D","alert_type":"new_source_at_industrial_site","severity":0.103}},{"type":"Feature","geometry":{"type":"Point","coordinates":[83.8426,21.75189]},"properties":{"cell_id":"4350_16769","acq_date":"2026-04-03","frp":5.15,"bright_ti4":310.44,"daynight":"N","alert_type":"new_source_at_industrial_site","severity":0.103}},{"type":"Feature","geometry":{"type":"Point","coordinates":[79.90958,12.88454]},"properties":{"cell_id":"2577_15982","acq_date":"2026-03-04","frp":5.14,"bright_ti4":332.79,"daynight":"D","alert_type":"new_source_at_industrial_site","severity":0.1028}},{"type":"Feature","geometry":{"type":"Point","coordinates":[71.94742,22.37589]},"properties":{"cell_id":"4475_14389","acq_date":"2026-04-02","frp":5.14,"bright_ti4":339.51,"daynight":"D","alert_type":"new_source_at_industrial_site","severity":0.1028}},{"type":"Feature","geometry":{"type":"Point","coordinates":[83.13582,27.39382]},"properties":{"cell_id":"5479_16627","acq_date":"2026-04-10","frp":5.13,"bright_ti4":351.98,"daynight":"D","alert_type":"new_source_at_industrial_site","severity":0.1026}},{"type":"Feature","geometry":{"type":"Point","coordinates":[87.37971,25.03226]},"properties":{"cell_id":"5006_17476","acq_date":"2026-04-18","frp":5.13,"bright_ti4":334.74,"daynight":"D","alert_type":"new_source_at_industrial_site","severity":0.1026}},{"type":"Feature","geometry":{"type":"Point","coordinates":[75.0424,15.38256]},"properties":{"cell_id":"3077_15008","acq_date":"2026-03-09","frp":5.12,"bright_ti4":347.38,"daynight":"D","alert_type":"new_source_at_industrial_site","severity":0.1024}},{"type":"Feature","geometry":{"type":"Point","coordinates":[83.8436,21.75063]},"properties":{"cell_id":"4350_16769","acq_date":"2026-03-24","frp":5.12,"bright_ti4":344.8,"daynight":"D","alert_type":"new_source_at_industrial_site","severity":0.1024}},{"type":"Feature","geometry":{"type":"Point","coordinates":[77.48911,17.34211]},"properties":{"cell_id":"3468_15498","acq_date":"2026-02-18","frp":5.12,"bright_ti4":335.95,"daynight":"D","alert_type":"new_source_at_industrial_site","severity":0.1024}},{"type":"Feature","geometry":{"type":"Point","coordinates":[78.43599,17.80612]},"properties":{"cell_id":"3561_15687","acq_date":"2026-01-30","frp":5.12,"bright_ti4":341.7,"daynight":"D","alert_type":"new_source_at_industrial_site","severity":0.1024}},{"type":"Feature","geometry":{"type":"Point","coordinates":[73.24594,19.25417]},"properties":{"cell_id":"3851_14649","acq_date":"2026-04-08","frp":5.11,"bright_ti4":338.35,"daynight":"D","alert_type":"new_source_at_industrial_site","severity":0.1022}},{"type":"Feature","geometry":{"type":"Point","coordinates":[77.15388,28.73494]},"properties":{"cell_id":"5747_15431","acq_date":"2026-03-06","frp":5.11,"bright_ti4":335.76,"daynight":"D","alert_type":"new_source_at_industrial_site","severity":0.1022}},{"type":"Feature","geometry":{"type":"Point","coordinates":[77.47904,28.77934]},"properties":{"cell_id":"5756_15496","acq_date":"2026-02-21","frp":5.11,"bright_ti4":338.57,"daynight":"D","alert_type":"new_source_at_industrial_site","severity":0.1022}},{"type":"Feature","geometry":{"type":"Point","coordinates":[73.3024,19.43287]},"properties":{"cell_id":"3887_14660","acq_date":"2026-02-24","frp":5.1,"bright_ti4":345.05,"daynight":"D","alert_type":"new_source_at_industrial_site","severity":0.102}},{"type":"Feature","geometry":{"type":"Point","coordinates":[76.78554,15.5683]},"properties":{"cell_id":"3114_15357","acq_date":"2026-01-04","frp":5.09,"bright_ti4":342.11,"daynight":"D","alert_type":"new_source_at_industrial_site","severity":0.1018}},{"type":"Feature","geometry":{"type":"Point","coordinates":[73.60952,18.783]},"properties":{"cell_id":"3757_14722","acq_date":"2026-03-28","frp":5.09,"bright_ti4":345.03,"daynight":"D","alert_type":"new_source_at_industrial_site","severity":0.1018}},{"type":"Feature","geometry":{"type":"Point","coordinates":[83.84306,21.7508]},"properties":{"cell_id":"4350_16769","acq_date":"2026-04-08","frp":5.09,"bright_ti4":340.22,"daynight":"D","alert_type":"new_source_at_industrial_site","severity":0.1018}},{"type":"Feature","geometry":{"type":"Point","coordinates":[85.92102,20.28094]},"properties":{"cell_id":"4056_17184","acq_date":"2026-01-27","frp":5.08,"bright_ti4":333.54,"daynight":"D","alert_type":"new_source_at_industrial_site","severity":0.1016}},{"type":"Feature","geometry":{"type":"Point","coordinates":[83.44872,27.37269]},"properties":{"cell_id":"5475_16690","acq_date":"2026-04-17","frp":5.08,"bright_ti4":338.46,"daynight":"D","alert_type":"new_source_at_industrial_site","severity":0.1016}},{"type":"Feature","geometry":{"type":"Point","coordinates":[73.11158,18.8546]},"properties":{"cell_id":"3771_14622","acq_date":"2026-04-12","frp":5.08,"bright_ti4":337.47,"daynight":"D","alert_type":"new_source_at_industrial_site","severity":0.1016}},{"type":"Feature","geometry":{"type":"Point","coordinates":[75.62727,22.57277]},"properties":{"cell_id":"4515_15125","acq_date":"2026-04-01","frp":5.07,"bright_ti4":350.98,"daynight":"D","alert_type":"new_source_at_industrial_site","severity":0.1014}},{"type":"Feature","geometry":{"type":"Point","coordinates":[75.62306,22.57239]},"properties":{"cell_id":"4514_15125","acq_date":"2026-04-01","frp":5.07,"bright_ti4":332.13,"daynight":"D","alert_type":"new_source_at_industrial_site","severity":0.1014}},{"type":"Feature","geometry":{"type":"Point","coordinates":[72.03374,27.47501]},"properties":{"cell_id":"5495_14407","acq_date":"2026-02-09","frp":5.07,"bright_ti4":351.65,"daynight":"D","alert_type":"new_source_at_industrial_site","severity":0.1014}},{"type":"Feature","geometry":{"type":"Point","coordinates":[80.01024,13.04195]},"properties":{"cell_id":"2608_16002","acq_date":"2026-04-26","frp":5.07,"bright_ti4":334.09,"daynight":"D","alert_type":"new_source_at_industrial_site","severity":0.1014}},{"type":"Feature","geometry":{"type":"Point","coordinates":[79.44157,21.33399]},"properties":{"cell_id":"4267_15888","acq_date":"2026-04-01","frp":5.06,"bright_ti4":345.56,"daynight":"D","alert_type":"new_source_at_industrial_site","severity":0.1012}},{"type":"Feature","geometry":{"type":"Point","coordinates":[76.1359,12.99633]},"properties":{"cell_id":"2599_15227","acq_date":"2026-02-04","frp":5.06,"bright_ti4":338.0,"daynight":"D","alert_type":"new_source_at_industrial_site","severity":0.1012}},{"type":"Feature","geometry":{"type":"Point","coordinates":[77.38039,13.10781]},"properties":{"cell_id":"2622_15476","acq_date":"2026-01-20","frp":5.06,"bright_ti4":334.8,"daynight":"D","alert_type":"new_source_at_industrial_site","severity":0.1012}},{"type":"Feature","geometry":{"type":"Point","coordinates":[77.98473,13.14127]},"properties":{"cell_id":"2628_15597","acq_date":"2026-01-23","frp":5.05,"bright_ti4":343.59,"daynight":"D","alert_type":"new_source_at_industrial_site","severity":0.101}},{"type":"Feature","geometry":{"type":"Point","coordinates":[76.27167,15.35439]},"properties":{"cell_id":"3071_15254","acq_date":"2026-04-03","frp":5.05,"bright_ti4":340.15,"daynight":"D","alert_type":"new_source_at_industrial_site","severity":0.101}},{"type":"Feature","geometry":{"type":"Point","coordinates":[76.2681,15.35385]},"properties":{"cell_id":"3071_15254","acq_date":"2026-04-03","frp":5.05,"bright_ti4":343.89,"daynight":"D","alert_type":"new_source_at_industrial_site","severity":0.101}},{"type":"Feature","geometry":{"type":"Point","coordinates":[83.65914,21.30837]},"properties":{"cell_id":"4262_16732","acq_date":"2026-01-03","frp":5.05,"bright_ti4":331.7,"daynight":"D","alert_type":"new_source_at_industrial_site","severity":0.101}},{"type":"Feature","geometry":{"type":"Point","coordinates":[85.75865,24.43079]},"properties":{"cell_id":"4886_17152","acq_date":"2026-02-26","frp":5.05,"bright_ti4":341.84,"daynight":"D","alert_type":"new_source_at_industrial_site","severity":0.101}},{"type":"Feature","geometry":{"type":"Point","coordinates":[72.997,21.34151]},"properties":{"cell_id":"4268_14599","acq_date":"2026-01-29","frp":5.05,"bright_ti4":356.92,"daynight":"D","alert_type":"new_source_at_industrial_site","severity":0.101}},{"type":"Feature","geometry":{"type":"Point","coordinates":[72.99762,21.33814]},"properties":{"cell_id":"4268_14600","acq_date":"2026-01-29","frp":5.05,"bright_ti4":356.73,"daynight":"D","alert_type":"new_source_at_industrial_site","severity":0.101}},{"type":"Feature","geometry":{"type":"Point","coordinates":[72.99316,21.34088]},"properties":{"cell_id":"4268_14599","acq_date":"2026-01-29","frp":5.05,"bright_ti4":338.71,"daynight":"D","alert_type":"new_source_at_industrial_site","severity":0.101}},{"type":"Feature","geometry":{"type":"Point","coordinates":[78.7078,17.46052]},"properties":{"cell_id":"3492_15742","acq_date":"2026-02-20","frp":5.05,"bright_ti4":338.09,"daynight":"D","alert_type":"new_source_at_industrial_site","severity":0.101}},{"type":"Feature","geometry":{"type":"Point","coordinates":[79.00072,30.31097]},"properties":{"cell_id":"6062_15800","acq_date":"2026-04-20","frp":5.05,"bright_ti4":352.97,"daynight":"D","alert_type":"new_source_at_industrial_site","severity":0.101}},{"type":"Feature","geometry":{"type":"Point","coordinates":[80.25082,13.19533]},"properties":{"cell_id":"2639_16050","acq_date":"2026-04-04","frp":5.05,"bright_ti4":331.94,"daynight":"D","alert_type":"new_source_at_industrial_site","severity":0.101}},{"type":"Feature","geometry":{"type":"Point","coordinates":[78.08306,12.62498]},"properties":{"cell_id":"2525_15617","acq_date":"2026-04-19","frp":5.05,"bright_ti4":340.48,"daynight":"D","alert_type":"new_source_at_industrial_site","severity":0.101}},{"type":"Feature","geometry":{"type":"Point","coordinates":[78.70724,17.46383]},"properties":{"cell_id":"3493_15741","acq_date":"2026-02-20","frp":5.05,"bright_ti4":341.39,"daynight":"D","alert_type":"new_source_at_industrial_site","severity":0.101}},{"type":"Feature","geometry":{"type":"Point","coordinates":[72.47239,23.146]},"properties":{"cell_id":"4629_14494","acq_date":"2026-04-15","frp":5.04,"bright_ti4":343.79,"daynight":"D","alert_type":"new_source_at_industrial_site","severity":0.1008}},{"type":"Feature","geometry":{"type":"Point","coordinates":[77.47971,13.06271]},"properties":{"cell_id":"2613_15496","acq_date":"2026-01-17","frp":5.04,"bright_ti4":336.65,"daynight":"D","alert_type":"new_source_at_industrial_site","severity":0.1008}},{"type":"Feature","geometry":{"type":"Point","coordinates":[83.81625,21.42166]},"properties":{"cell_id":"4284_16763","acq_date":"2026-01-04","frp":5.04,"bright_ti4":340.0,"daynight":"D","alert_type":"new_source_at_industrial_site","severity":0.1008}},{"type":"Feature","geometry":{"type":"Point","coordinates":[77.12728,28.81939]},"properties":{"cell_id":"5764_15425","acq_date":"2026-02-17","frp":5.03,"bright_ti4":328.46,"daynight":"D","alert_type":"new_source_at_industrial_site","severity":0.1006}},{"type":"Feature","geometry":{"type":"Point","coordinates":[78.75802,22.91987]},"properties":{"cell_id":"4584_15752","acq_date":"2026-03-29","frp":5.03,"bright_ti4":346.3,"daynight":"D","alert_type":"new_source_at_industrial_site","severity":0.1006}},{"type":"Feature","geometry":{"type":"Point","coordinates":[87.19074,23.63135]},"properties":{"cell_id":"4726_17438","acq_date":"2026-03-27","frp":5.03,"bright_ti4":339.06,"daynight":"D","alert_type":"new_source_at_industrial_site","severity":0.1006}},{"type":"Feature","geometry":{"type":"Point","coordinates":[72.1713,21.41125]},"properties":{"cell_id":"4282_14434","acq_date":"2026-03-16","frp":5.03,"bright_ti4":335.79,"daynight":"D","alert_type":"new_source_at_industrial_site","severity":0.1006}},{"type":"Feature","geometry":{"type":"Point","coordinates":[75.22727,19.81986]},"properties":{"cell_id":"3964_15045","acq_date":"2026-02-09","frp":5.02,"bright_ti4":332.99,"daynight":"D","alert_type":"new_source_at_industrial_site","severity":0.1004}},{"type":"Feature","geometry":{"type":"Point","coordinates":[83.84461,21.74883]},"properties":{"cell_id":"4350_16769","acq_date":"2026-04-08","frp":5.02,"bright_ti4":324.75,"daynight":"N","alert_type":"new_source_at_industrial_site","severity":0.1004}},{"type":"Feature","geometry":{"type":"Point","coordinates":[73.20135,22.47081]},"properties":{"cell_id":"4494_14640","acq_date":"2026-02-27","frp":5.02,"bright_ti4":334.98,"daynight":"D","alert_type":"new_source_at_industrial_site","severity":0.1004}},{"type":"Feature","geometry":{"type":"Point","coordinates":[85.34029,23.68457]},"properties":{"cell_id":"4737_17068","acq_date":"2026-02-26","frp":5.02,"bright_ti4":334.23,"daynight":"D","alert_type":"new_source_at_industrial_site","severity":0.1004}},{"type":"Feature","geometry":{"type":"Point","coordinates":[78.88277,14.44075]},"properties":{"cell_id":"2888_15777","acq_date":"2026-03-06","frp":5.01,"bright_ti4":351.74,"daynight":"D","alert_type":"new_source_at_industrial_site","severity":0.1002}},{"type":"Feature","geometry":{"type":"Point","coordinates":[78.88593,14.44111]},"properties":{"cell_id":"2888_15777","acq_date":"2026-03-06","frp":5.01,"bright_ti4":367.0,"daynight":"D","alert_type":"new_source_at_industrial_site","severity":0.1002}},{"type":"Feature","geometry":{"type":"Point","coordinates":[85.7584,24.43101]},"properties":{"cell_id":"4886_17152","acq_date":"2026-02-26","frp":5.01,"bright_ti4":342.37,"daynight":"D","alert_type":"new_source_at_industrial_site","severity":0.1002}},{"type":"Feature","geometry":{"type":"Point","coordinates":[78.74655,14.50173]},"properties":{"cell_id":"2900_15749","acq_date":"2026-04-05","frp":5.01,"bright_ti4":340.6,"daynight":"D","alert_type":"new_source_at_industrial_site","severity":0.1002}},{"type":"Feature","geometry":{"type":"Point","coordinates":[73.82177,18.73851]},"properties":{"cell_id":"3748_14764","acq_date":"2026-02-26","frp":5.0,"bright_ti4":343.19,"daynight":"D","alert_type":"new_source_at_industrial_site","severity":0.1}},{"type":"Feature","geometry":{"type":"Point","coordinates":[75.64048,31.66956]},"properties":{"cell_id":"6334_15128","acq_date":"2026-04-26","frp":4.99,"bright_ti4":344.41,"daynight":"D","alert_type":"new_source_at_industrial_site","severity":0.0998}},{"type":"Feature","geometry":{"type":"Point","coordinates":[78.05312,14.87137]},"properties":{"cell_id":"2974_15611","acq_date":"2026-04-19","frp":4.99,"bright_ti4":313.4,"daynight":"N","alert_type":"new_source_at_industrial_site","severity":0.0998}},{"type":"Feature","geometry":{"type":"Point","coordinates":[83.27864,27.2246]},"properties":{"cell_id":"5445_16656","acq_date":"2026-04-19","frp":4.98,"bright_ti4":336.76,"daynight":"D","alert_type":"new_source_at_industrial_site","severity":0.0996}},{"type":"Feature","geometry":{"type":"Point","coordinates":[91.91225,25.66462]},"properties":{"cell_id":"5133_18382","acq_date":"2026-02-07","frp":4.97,"bright_ti4":332.15,"daynight":"D","alert_type":"new_source_at_industrial_site","severity":0.0994}},{"type":"Feature","geometry":{"type":"Point","coordinates":[83.98937,21.8266]},"properties":{"cell_id":"4365_16798","acq_date":"2026-01-11","frp":4.97,"bright_ti4":330.49,"daynight":"D","alert_type":"new_source_at_industrial_site","severity":0.0994}},{"type":"Feature","geometry":{"type":"Point","coordinates":[83.9903,21.82237]},"properties":{"cell_id":"4364_16798","acq_date":"2026-01-11","frp":4.97,"bright_ti4":344.13,"daynight":"D","alert_type":"new_source_at_industrial_site","severity":0.0994}},{"type":"Feature","geometry":{"type":"Point","coordinates":[84.12758,21.54551]},"properties":{"cell_id":"4309_16826","acq_date":"2026-01-29","frp":4.97,"bright_ti4":354.36,"daynight":"D","alert_type":"new_source_at_industrial_site","severity":0.0994}},{"type":"Feature","geometry":{"type":"Point","coordinates":[92.3748,25.20444]},"properties":{"cell_id":"5041_18475","acq_date":"2026-03-07","frp":4.97,"bright_ti4":334.04,"daynight":"D","alert_type":"new_source_at_industrial_site","severity":0.0994}},{"type":"Feature","geometry":{"type":"Point","coordinates":[83.71426,27.34356]},"properties":{"cell_id":"5469_16743","acq_date":"2026-04-21","frp":4.96,"bright_ti4":346.01,"daynight":"D","alert_type":"new_source_at_industrial_site","severity":0.0992}},{"type":"Feature","geometry":{"type":"Point","coordinates":[77.8421,12.99287]},"properties":{"cell_id":"2599_15568","acq_date":"2026-02-04","frp":4.96,"bright_ti4":341.02,"daynight":"D","alert_type":"new_source_at_industrial_site","severity":0.0992}},{"type":"Feature","geometry":{"type":"Point","coordinates":[83.45267,21.04348]},"properties":{"cell_id":"4209_16691","acq_date":"2026-01-15","frp":4.96,"bright_ti4":342.31,"daynight":"D","alert_type":"new_source_at_industrial_site","severity":0.0992}},{"type":"Feature","geometry":{"type":"Point","coordinates":[74.44371,16.92104]},"properties":{"cell_id":"3384_14889","acq_date":"2026-04-07","frp":4.95,"bright_ti4":345.72,"daynight":"D","alert_type":"new_source_at_industrial_site","severity":0.099}},{"type":"Feature","geometry":{"type":"Point","coordinates":[84.92268,21.84857]},"properties":{"cell_id":"4370_16985","acq_date":"2026-01-18","frp":4.95,"bright_ti4":340.36,"daynight":"D","alert_type":"new_source_at_industrial_site","severity":0.099}},{"type":"Feature","geometry":{"type":"Point","coordinates":[74.63096,19.47407]},"properties":{"cell_id":"3895_14926","acq_date":"2026-01-16","frp":4.95,"bright_ti4":355.61,"daynight":"D","alert_type":"new_source_at_industrial_site","severity":0.099}},{"type":"Feature","geometry":{"type":"Point","coordinates":[82.7479,22.3464]},"properties":{"cell_id":"4469_16550","acq_date":"2026-03-03","frp":4.95,"bright_ti4":342.48,"daynight":"D","alert_type":"new_source_at_industrial_site","severity":0.099}},{"type":"Feature","geometry":{"type":"Point","coordinates":[83.84427,21.7483]},"properties":{"cell_id":"4350_16769","acq_date":"2026-02-20","frp":4.95,"bright_ti4":335.8,"daynight":"D","alert_type":"new_source_at_industrial_site","severity":0.099}},{"type":"Feature","geometry":{"type":"Point","coordinates":[79.90805,12.87974]},"properties":{"cell_id":"2576_15982","acq_date":"2026-03-13","frp":4.94,"bright_ti4":335.47,"daynight":"D","alert_type":"new_source_at_industrial_site","severity":0.0988}},{"type":"Feature","geometry":{"type":"Point","coordinates":[83.26913,21.96002]},"properties":{"cell_id":"4392_16654","acq_date":"2026-01-09","frp":4.94,"bright_ti4":333.41,"daynight":"D","alert_type":"new_source_at_industrial_site","severity":0.0988}},{"type":"Feature","geometry":{"type":"Point","coordinates":[83.26858,21.9635]},"properties":{"cell_id":"4393_16654","acq_date":"2026-01-09","frp":4.94,"bright_ti4":333.17,"daynight":"D","alert_type":"new_source_at_industrial_site","severity":0.0988}},{"type":"Feature","geometry":{"type":"Point","coordinates":[79.36858,21.19293]},"properties":{"cell_id":"4239_15874","acq_date":"2026-04-09","frp":4.94,"bright_ti4":343.63,"daynight":"D","alert_type":"new_source_at_industrial_site","severity":0.0988}},{"type":"Feature","geometry":{"type":"Point","coordinates":[76.12782,22.96472]},"properties":{"cell_id":"4593_15226","acq_date":"2026-04-04","frp":4.93,"bright_ti4":335.58,"daynight":"D","alert_type":"new_source_at_industrial_site","severity":0.0986}},{"type":"Feature","geometry":{"type":"Point","coordinates":[73.50616,18.11071]},"properties":{"cell_id":"3622_14701","acq_date":"2026-03-24","frp":4.93,"bright_ti4":339.27,"daynight":"D","alert_type":"new_source_at_industrial_site","severity":0.0986}},{"type":"Feature","geometry":{"type":"Point","coordinates":[80.43111,16.73712]},"properties":{"cell_id":"3347_16086","acq_date":"2026-04-25","frp":4.92,"bright_ti4":334.81,"daynight":"D","alert_type":"new_source_at_industrial_site","severity":0.0984}},{"type":"Feature","geometry":{"type":"Point","coordinates":[72.62762,21.6832]},"properties":{"cell_id":"4337_14526","acq_date":"2026-04-23","frp":4.92,"bright_ti4":331.24,"daynight":"N","alert_type":"new_source_at_industrial_site","severity":0.0984}},{"type":"Feature","geometry":{"type":"Point","coordinates":[70.64067,21.72283]},"properties":{"cell_id":"4345_14128","acq_date":"2026-03-23","frp":4.91,"bright_ti4":340.38,"daynight":"D","alert_type":"new_source_at_industrial_site","severity":0.0982}},{"type":"Feature","geometry":{"type":"Point","coordinates":[72.43812,23.32626]},"properties":{"cell_id":"4665_14488","acq_date":"2026-03-16","frp":4.91,"bright_ti4":343.85,"daynight":"D","alert_type":"new_source_at_industrial_site","severity":0.0982}},{"type":"Feature","geometry":{"type":"Point","coordinates":[80.07605,13.39993]},"properties":{"cell_id":"2680_16015","acq_date":"2026-02-20","frp":4.91,"bright_ti4":336.37,"daynight":"D","alert_type":"new_source_at_industrial_site","severity":0.0982}},{"type":"Feature","geometry":{"type":"Point","coordinates":[83.49806,21.8662]},"properties":{"cell_id":"4373_16700","acq_date":"2026-02-27","frp":4.91,"bright_ti4":340.55,"daynight":"D","alert_type":"new_source_at_industrial_site","severity":0.0982}},{"type":"Feature","geometry":{"type":"Point","coordinates":[77.97918,15.07055]},"properties":{"cell_id":"3014_15596","acq_date":"2026-01-19","frp":4.9,"bright_ti4":337.89,"daynight":"D","alert_type":"new_source_at_industrial_site","severity":0.098}},{"type":"Feature","geometry":{"type":"Point","coordinates":[85.95208,20.52064]},"properties":{"cell_id":"4104_17190","acq_date":"2026-01-12","frp":4.9,"bright_ti4":352.36,"daynight":"D","alert_type":"new_source_at_industrial_site","severity":0.098}},{"type":"Feature","geometry":{"type":"Point","coordinates":[83.07933,20.98463]},"properties":{"cell_id":"4197_16616","acq_date":"2026-01-20","frp":4.89,"bright_ti4":341.86,"daynight":"D","alert_type":"new_source_at_industrial_site","severity":0.0978}},{"type":"Feature","geometry":{"type":"Point","coordinates":[81.87495,21.18677]},"properties":{"cell_id":"4237_16375","acq_date":"2026-01-22","frp":4.89,"bright_ti4":349.71,"daynight":"D","alert_type":"new_source_at_industrial_site","severity":0.0978}},{"type":"Feature","geometry":{"type":"Point","coordinates":[83.37981,27.32465]},"properties":{"cell_id":"5465_16676","acq_date":"2026-04-13","frp":4.89,"bright_ti4":335.9,"daynight":"D","alert_type":"new_source_at_industrial_site","severity":0.0978}},{"type":"Feature","geometry":{"type":"Point","coordinates":[78.99709,29.17546]},"properties":{"cell_id":"5835_15799","acq_date":"2026-01-17","frp":4.89,"bright_ti4":332.55,"daynight":"D","alert_type":"new_source_at_industrial_site","severity":0.0978}},{"type":"Feature","geometry":{"type":"Point","coordinates":[79.36861,21.19204]},"properties":{"cell_id":"4238_15874","acq_date":"2026-04-09","frp":4.89,"bright_ti4":341.64,"daynight":"D","alert_type":"new_source_at_industrial_site","severity":0.0978}},{"type":"Feature","geometry":{"type":"Point","coordinates":[71.96846,27.52789]},"properties":{"cell_id":"5506_14394","acq_date":"2026-02-14","frp":4.89,"bright_ti4":345.1,"daynight":"D","alert_type":"new_source_at_industrial_site","severity":0.0978}},{"type":"Feature","geometry":{"type":"Point","coordinates":[84.04581,21.72035]},"properties":{"cell_id":"4344_16809","acq_date":"2026-01-26","frp":4.88,"bright_ti4":343.5,"daynight":"D","alert_type":"new_source_at_industrial_site","severity":0.0976}},{"type":"Feature","geometry":{"type":"Point","coordinates":[84.03472,21.67178]},"properties":{"cell_id":"4334_16807","acq_date":"2026-03-08","frp":4.88,"bright_ti4":336.64,"daynight":"D","alert_type":"new_source_at_industrial_site","severity":0.0976}},{"type":"Feature","geometry":{"type":"Point","coordinates":[73.04752,18.96028]},"properties":{"cell_id":"3792_14610","acq_date":"2026-04-18","frp":4.88,"bright_ti4":325.19,"daynight":"N","alert_type":"new_source_at_industrial_site","severity":0.0976}},{"type":"Feature","geometry":{"type":"Point","coordinates":[77.31583,28.19467]},"properties":{"cell_id":"5639_15463","acq_date":"2026-04-20","frp":4.87,"bright_ti4":350.65,"daynight":"D","alert_type":"new_source_at_industrial_site","severity":0.0974}},{"type":"Feature","geometry":{"type":"Point","coordinates":[77.31518,28.19798]},"properties":{"cell_id":"5640_15463","acq_date":"2026-04-20","frp":4.87,"bright_ti4":348.0,"daynight":"D","alert_type":"new_source_at_industrial_site","severity":0.0974}},{"type":"Feature","geometry":{"type":"Point","coordinates":[80.77732,16.4967]},"properties":{"cell_id":"3299_16155","acq_date":"2026-04-02","frp":4.87,"bright_ti4":336.11,"daynight":"D","alert_type":"new_source_at_industrial_site","severity":0.0974}},{"type":"Feature","geometry":{"type":"Point","coordinates":[73.1695,18.97439]},"properties":{"cell_id":"3795_14634","acq_date":"2026-02-14","frp":4.87,"bright_ti4":345.87,"daynight":"D","alert_type":"new_source_at_industrial_site","severity":0.0974}},{"type":"Feature","geometry":{"type":"Point","coordinates":[79.66537,12.87425]},"properties":{"cell_id":"2575_15933","acq_date":"2026-03-02","frp":4.86,"bright_ti4":340.38,"daynight":"D","alert_type":"new_source_at_industrial_site","severity":0.0972}},{"type":"Feature","geometry":{"type":"Point","coordinates":[72.25359,22.70683]},"properties":{"cell_id":"4541_14451","acq_date":"2026-04-05","frp":4.86,"bright_ti4":331.74,"daynight":"D","alert_type":"new_source_at_industrial_site","severity":0.0972}},{"type":"Feature","geometry":{"type":"Point","coordinates":[74.01235,18.48603]},"properties":{"cell_id":"3697_14802","acq_date":"2026-04-13","frp":4.85,"bright_ti4":336.47,"daynight":"N","alert_type":"new_source_at_industrial_site","severity":0.097}},{"type":"Feature","geometry":{"type":"Point","coordinates":[85.70471,20.18328]},"properties":{"cell_id":"4037_17141","acq_date":"2026-01-24","frp":4.85,"bright_ti4":344.02,"daynight":"D","alert_type":"new_source_at_industrial_site","severity":0.097}},{"type":"Feature","geometry":{"type":"Point","coordinates":[83.00481,27.41629]},"properties":{"cell_id":"5483_16601","acq_date":"2026-04-17","frp":4.85,"bright_ti4":332.63,"daynight":"D","alert_type":"new_source_at_industrial_site","severity":0.097}},{"type":"Feature","geometry":{"type":"Point","coordinates":[73.98901,18.71796]},"properties":{"cell_id":"3744_14798","acq_date":"2026-04-13","frp":4.84,"bright_ti4":346.19,"daynight":"D","alert_type":"new_source_at_industrial_site","severity":0.0968}},{"type":"Feature","geometry":{"type":"Point","coordinates":[83.1965,17.60899]},"properties":{"cell_id":"3522_16639","acq_date":"2026-04-02","frp":4.84,"bright_ti4":305.42,"daynight":"N","alert_type":"new_source_at_industrial_site","severity":0.0968}},{"type":"Feature","geometry":{"type":"Point","coordinates":[78.92175,20.93417]},"properties":{"cell_id":"4187_15784","acq_date":"2026-04-20","frp":4.83,"bright_ti4":341.77,"daynight":"D","alert_type":"new_source_at_industrial_site","severity":0.0966}},{"type":"Feature","geometry":{"type":"Point","coordinates":[71.96291,27.53578]},"properties":{"cell_id":"5507_14393","acq_date":"2026-02-14","frp":4.82,"bright_ti4":354.01,"daynight":"D","alert_type":"new_source_at_industrial_site","severity":0.0964}},{"type":"Feature","geometry":{"type":"Point","coordinates":[71.96684,27.53642]},"properties":{"cell_id":"5507_14393","acq_date":"2026-02-14","frp":4.82,"bright_ti4":354.01,"daynight":"D","alert_type":"new_source_at_industrial_site","severity":0.0964}},{"type":"Feature","geometry":{"type":"Point","coordinates":[71.96223,27.53911]},"properties":{"cell_id":"5508_14392","acq_date":"2026-02-14","frp":4.82,"bright_ti4":356.84,"daynight":"D","alert_type":"new_source_at_industrial_site","severity":0.0964}},{"type":"Feature","geometry":{"type":"Point","coordinates":[73.15618,18.9734]},"properties":{"cell_id":"3795_14631","acq_date":"2026-01-06","frp":4.82,"bright_ti4":341.3,"daynight":"D","alert_type":"new_source_at_industrial_site","severity":0.0964}},{"type":"Feature","geometry":{"type":"Point","coordinates":[78.25278,17.52144]},"properties":{"cell_id":"3504_15651","acq_date":"2026-03-08","frp":4.82,"bright_ti4":340.74,"daynight":"D","alert_type":"new_source_at_industrial_site","severity":0.0964}},{"type":"Feature","geometry":{"type":"Point","coordinates":[74.91176,30.22534]},"properties":{"cell_id":"6045_14982","acq_date":"2026-03-03","frp":4.81,"bright_ti4":339.4,"daynight":"D","alert_type":"new_source_at_industrial_site","severity":0.0962}},{"type":"Feature","geometry":{"type":"Point","coordinates":[85.89859,22.78056]},"properties":{"cell_id":"4556_17180","acq_date":"2026-01-26","frp":4.81,"bright_ti4":334.18,"daynight":"D","alert_type":"new_source_at_industrial_site","severity":0.0962}},{"type":"Feature","geometry":{"type":"Point","coordinates":[79.87596,28.7389]},"properties":{"cell_id":"5748_15975","acq_date":"2026-04-26","frp":4.81,"bright_ti4":344.09,"daynight":"D","alert_type":"new_source_at_industrial_site","severity":0.0962}},{"type":"Feature","geometry":{"type":"Point","coordinates":[83.18585,27.4023]},"properties":{"cell_id":"5480_16637","acq_date":"2026-04-18","frp":4.81,"bright_ti4":351.85,"daynight":"D","alert_type":"new_source_at_industrial_site","severity":0.0962}},{"type":"Feature","geometry":{"type":"Point","coordinates":[77.53506,13.14922]},"properties":{"cell_id":"2630_15507","acq_date":"2026-02-12","frp":4.81,"bright_ti4":336.31,"daynight":"D","alert_type":"new_source_at_industrial_site","severity":0.0962}},{"type":"Feature","geometry":{"type":"Point","coordinates":[85.33018,23.91807]},"properties":{"cell_id":"4784_17066","acq_date":"2026-03-27","frp":4.8,"bright_ti4":341.51,"daynight":"D","alert_type":"new_source_at_industrial_site","severity":0.096}},{"type":"Feature","geometry":{"type":"Point","coordinates":[83.5445,21.33382]},"properties":{"cell_id":"4267_16709","acq_date":"2026-01-03","frp":4.8,"bright_ti4":332.9,"daynight":"D","alert_type":"new_source_at_industrial_site","severity":0.096}},{"type":"Feature","geometry":{"type":"Point","coordinates":[83.84251,21.74992]},"properties":{"cell_id":"4350_16769","acq_date":"2026-02-25","frp":4.79,"bright_ti4":339.83,"daynight":"D","alert_type":"new_source_at_industrial_site","severity":0.0958}},{"type":"Feature","geometry":{"type":"Point","coordinates":[80.24209,18.09093]},"properties":{"cell_id":"3618_16048","acq_date":"2026-03-08","frp":4.79,"bright_ti4":339.81,"daynight":"D","alert_type":"new_source_at_industrial_site","severity":0.0958}},{"type":"Feature","geometry":{"type":"Point","coordinates":[72.72081,21.16893]},"properties":{"cell_id":"4234_14544","acq_date":"2026-01-13","frp":4.79,"bright_ti4":348.3,"daynight":"D","alert_type":"new_source_at_industrial_site","severity":0.0958}},{"type":"Feature","geometry":{"type":"Point","coordinates":[78.75974,18.391]},"properties":{"cell_id":"3678_15752","acq_date":"2026-03-27","frp":4.79,"bright_ti4":337.95,"daynight":"D","alert_type":"new_source_at_industrial_site","severity":0.0958}},{"type":"Feature","geometry":{"type":"Point","coordinates":[81.32509,24.32847]},"properties":{"cell_id":"4866_16265","acq_date":"2026-04-23","frp":4.78,"bright_ti4":337.53,"daynight":"D","alert_type":"new_source_at_industrial_site","severity":0.0956}},{"type":"Feature","geometry":{"type":"Point","coordinates":[77.25237,28.02948]},"properties":{"cell_id":"5606_15450","acq_date":"2026-04-10","frp":4.78,"bright_ti4":335.65,"daynight":"D","alert_type":"new_source_at_industrial_site","severity":0.0956}},{"type":"Feature","geometry":{"type":"Point","coordinates":[82.94943,27.48458]},"properties":{"cell_id":"5497_16590","acq_date":"2026-04-26","frp":4.76,"bright_ti4":336.9,"daynight":"D","alert_type":"new_source_at_industrial_site","severity":0.0952}},{"type":"Feature","geometry":{"type":"Point","coordinates":[75.50222,14.71071]},"properties":{"cell_id":"2942_15100","acq_date":"2026-02-11","frp":4.76,"bright_ti4":333.23,"daynight":"D","alert_type":"new_source_at_industrial_site","severity":0.0952}},{"type":"Feature","geometry":{"type":"Point","coordinates":[87.38702,23.49096]},"properties":{"cell_id":"4698_17477","acq_date":"2026-04-02","frp":4.76,"bright_ti4":344.03,"daynight":"D","alert_type":"new_source_at_industrial_site","severity":0.0952}},{"type":"Feature","geometry":{"type":"Point","coordinates":[77.62348,12.37726]},"properties":{"cell_id":"2475_15525","acq_date":"2026-02-14","frp":4.76,"bright_ti4":346.09,"daynight":"D","alert_type":"new_source_at_industrial_site","severity":0.0952}},{"type":"Feature","geometry":{"type":"Point","coordinates":[87.38598,23.49545]},"properties":{"cell_id":"4699_17477","acq_date":"2026-04-02","frp":4.76,"bright_ti4":336.03,"daynight":"D","alert_type":"new_source_at_industrial_site","severity":0.0952}},{"type":"Feature","geometry":{"type":"Point","coordinates":[73.12231,19.17583]},"properties":{"cell_id":"3835_14624","acq_date":"2026-01-12","frp":4.75,"bright_ti4":337.1,"daynight":"D","alert_type":"new_source_at_industrial_site","severity":0.095}},{"type":"Feature","geometry":{"type":"Point","coordinates":[87.09554,23.64903]},"properties":{"cell_id":"4730_17419","acq_date":"2026-01-20","frp":4.75,"bright_ti4":332.86,"daynight":"D","alert_type":"new_source_at_industrial_site","severity":0.095}},{"type":"Feature","geometry":{"type":"Point","coordinates":[80.16054,13.22459]},"properties":{"cell_id":"2645_16032","acq_date":"2026-04-25","frp":4.75,"bright_ti4":341.28,"daynight":"D","alert_type":"new_source_at_industrial_site","severity":0.095}},{"type":"Feature","geometry":{"type":"Point","coordinates":[79.45667,17.95312]},"properties":{"cell_id":"3591_15891","acq_date":"2026-02-21","frp":4.75,"bright_ti4":336.14,"daynight":"D","alert_type":"new_source_at_industrial_site","severity":0.095}},{"type":"Feature","geometry":{"type":"Point","coordinates":[77.42456,12.63056]},"properties":{"cell_id":"2526_15485","acq_date":"2026-03-25","frp":4.75,"bright_ti4":332.67,"daynight":"D","alert_type":"new_source_at_industrial_site","severity":0.095}},{"type":"Feature","geometry":{"type":"Point","coordinates":[73.12695,19.1236]},"properties":{"cell_id":"3825_14625","acq_date":"2026-01-11","frp":4.75,"bright_ti4":337.69,"daynight":"D","alert_type":"new_source_at_industrial_site","severity":0.095}},{"type":"Feature","geometry":{"type":"Point","coordinates":[78.64918,18.51267]},"properties":{"cell_id":"3703_15730","acq_date":"2026-03-26","frp":4.75,"bright_ti4":337.83,"daynight":"D","alert_type":"new_source_at_industrial_site","severity":0.095}},{"type":"Feature","geometry":{"type":"Point","coordinates":[74.26586,17.07296]},"properties":{"cell_id":"3415_14853","acq_date":"2026-03-17","frp":4.74,"bright_ti4":338.9,"daynight":"D","alert_type":"new_source_at_industrial_site","severity":0.0948}},{"type":"Feature","geometry":{"type":"Point","coordinates":[82.52641,20.90391]},"properties":{"cell_id":"4181_16505","acq_date":"2026-01-03","frp":4.74,"bright_ti4":340.88,"daynight":"D","alert_type":"new_source_at_industrial_site","severity":0.0948}},{"type":"Feature","geometry":{"type":"Point","coordinates":[77.80576,12.98974]},"properties":{"cell_id":"2598_15561","acq_date":"2026-03-06","frp":4.74,"bright_ti4":339.74,"daynight":"D","alert_type":"new_source_at_industrial_site","severity":0.0948}},{"type":"Feature","geometry":{"type":"Point","coordinates":[77.53383,13.16084]},"properties":{"cell_id":"2632_15507","acq_date":"2026-02-12","frp":4.74,"bright_ti4":330.16,"daynight":"D","alert_type":"new_source_at_industrial_site","severity":0.0948}},{"type":"Feature","geometry":{"type":"Point","coordinates":[77.78788,12.69403]},"properties":{"cell_id":"2539_15558","acq_date":"2026-03-05","frp":4.73,"bright_ti4":331.15,"daynight":"D","alert_type":"new_source_at_industrial_site","severity":0.0946}},{"type":"Feature","geometry":{"type":"Point","coordinates":[73.93944,18.20228]},"properties":{"cell_id":"3640_14788","acq_date":"2026-04-21","frp":4.73,"bright_ti4":341.56,"daynight":"D","alert_type":"new_source_at_industrial_site","severity":0.0946}},{"type":"Feature","geometry":{"type":"Point","coordinates":[77.90376,27.82417]},"properties":{"cell_id":"5565_15581","acq_date":"2026-04-20","frp":4.73,"bright_ti4":342.78,"daynight":"D","alert_type":"new_source_at_industrial_site","severity":0.0946}},{"type":"Feature","geometry":{"type":"Point","coordinates":[75.43428,22.70901]},"properties":{"cell_id":"4542_15087","acq_date":"2026-04-10","frp":4.72,"bright_ti4":341.06,"daynight":"D","alert_type":"new_source_at_industrial_site","severity":0.0944}},{"type":"Feature","geometry":{"type":"Point","coordinates":[76.71221,12.17946]},"properties":{"cell_id":"2436_15342","acq_date":"2026-01-08","frp":4.72,"bright_ti4":337.14,"daynight":"D","alert_type":"new_source_at_industrial_site","severity":0.0944}},{"type":"Feature","geometry":{"type":"Point","coordinates":[69.94582,22.42436]},"properties":{"cell_id":"4485_13989","acq_date":"2026-04-01","frp":4.72,"bright_ti4":331.92,"daynight":"D","alert_type":"new_source_at_industrial_site","severity":0.0944}},{"type":"Feature","geometry":{"type":"Point","coordinates":[74.17152,15.36117]},"properties":{"cell_id":"3072_14834","acq_date":"2026-03-21","frp":4.72,"bright_ti4":341.84,"daynight":"D","alert_type":"new_source_at_industrial_site","severity":0.0944}},{"type":"Feature","geometry":{"type":"Point","coordinates":[78.45504,22.93129]},"properties":{"cell_id":"4586_15691","acq_date":"2026-04-04","frp":4.71,"bright_ti4":343.34,"daynight":"D","alert_type":"new_source_at_industrial_site","severity":0.0942}},{"type":"Feature","geometry":{"type":"Point","coordinates":[70.68594,20.8372]},"properties":{"cell_id":"4167_14137","acq_date":"2026-02-27","frp":4.71,"bright_ti4":346.09,"daynight":"D","alert_type":"new_source_at_industrial_site","severity":0.0942}},{"type":"Feature","geometry":{"type":"Point","coordinates":[80.65804,16.27687]},"properties":{"cell_id":"3255_16132","acq_date":"2026-04-14","frp":4.71,"bright_ti4":339.96,"daynight":"D","alert_type":"new_source_at_industrial_site","severity":0.0942}},{"type":"Feature","geometry":{"type":"Point","coordinates":[77.15758,28.73259]},"properties":{"cell_id":"5747_15432","acq_date":"2026-03-06","frp":4.71,"bright_ti4":333.73,"daynight":"D","alert_type":"new_source_at_industrial_site","severity":0.0942}},{"type":"Feature","geometry":{"type":"Point","coordinates":[83.47707,21.31739]},"properties":{"cell_id":"4263_16695","acq_date":"2026-01-03","frp":4.71,"bright_ti4":332.01,"daynight":"D","alert_type":"new_source_at_industrial_site","severity":0.0942}},{"type":"Feature","geometry":{"type":"Point","coordinates":[80.54814,16.64418]},"properties":{"cell_id":"3329_16110","acq_date":"2026-04-21","frp":4.7,"bright_ti4":331.63,"daynight":"D","alert_type":"new_source_at_industrial_site","severity":0.094}},{"type":"Feature","geometry":{"type":"Point","coordinates":[77.40469,11.11637]},"properties":{"cell_id":"2223_15481","acq_date":"2026-02-17","frp":4.69,"bright_ti4":338.75,"daynight":"D","alert_type":"new_source_at_industrial_site","severity":0.0938}},{"type":"Feature","geometry":{"type":"Point","coordinates":[77.69001,13.15298]},"properties":{"cell_id":"2631_15538","acq_date":"2026-01-22","frp":4.69,"bright_ti4":349.39,"daynight":"D","alert_type":"new_source_at_industrial_site","severity":0.0938}},{"type":"Feature","geometry":{"type":"Point","coordinates":[77.76094,13.7606]},"properties":{"cell_id":"2752_15552","acq_date":"2026-02-16","frp":4.69,"bright_ti4":342.79,"daynight":"D","alert_type":"new_source_at_industrial_site","severity":0.0938}},{"type":"Feature","geometry":{"type":"Point","coordinates":[78.32525,22.78125]},"properties":{"cell_id":"4556_15665","acq_date":"2026-04-06","frp":4.69,"bright_ti4":331.86,"daynight":"D","alert_type":"new_source_at_industrial_site","severity":0.0938}},{"type":"Feature","geometry":{"type":"Point","coordinates":[86.90993,23.73966]},"properties":{"cell_id":"4748_17382","acq_date":"2026-03-30","frp":4.68,"bright_ti4":335.64,"daynight":"D","alert_type":"new_source_at_industrial_site","severity":0.0936}},{"type":"Feature","geometry":{"type":"Point","coordinates":[72.65722,21.09586]},"properties":{"cell_id":"4219_14531","acq_date":"2026-02-15","frp":4.68,"bright_ti4":336.14,"daynight":"D","alert_type":"new_source_at_industrial_site","severity":0.0936}},{"type":"Feature","geometry":{"type":"Point","coordinates":[77.80383,12.98895]},"properties":{"cell_id":"2598_15561","acq_date":"2026-03-06","frp":4.68,"bright_ti4":337.28,"daynight":"D","alert_type":"new_source_at_industrial_site","severity":0.0936}},{"type":"Feature","geometry":{"type":"Point","coordinates":[77.66872,28.97003]},"properties":{"cell_id":"5794_15534","acq_date":"2026-02-25","frp":4.68,"bright_ti4":335.3,"daynight":"D","alert_type":"new_source_at_industrial_site","severity":0.0936}},{"type":"Feature","geometry":{"type":"Point","coordinates":[75.57001,22.62335]},"properties":{"cell_id":"4525_15114","acq_date":"2026-04-22","frp":4.68,"bright_ti4":329.67,"daynight":"N","alert_type":"new_source_at_industrial_site","severity":0.0936}},{"type":"Feature","geometry":{"type":"Point","coordinates":[71.74857,21.16256]},"properties":{"cell_id":"4233_14350","acq_date":"2026-03-22","frp":4.67,"bright_ti4":340.69,"daynight":"D","alert_type":"new_source_at_industrial_site","severity":0.0934}},{"type":"Feature","geometry":{"type":"Point","coordinates":[73.0158,18.97374]},"properties":{"cell_id":"3795_14603","acq_date":"2026-01-17","frp":4.67,"bright_ti4":332.11,"daynight":"D","alert_type":"new_source_at_industrial_site","severity":0.0934}},{"type":"Feature","geometry":{"type":"Point","coordinates":[69.38317,22.13028]},"properties":{"cell_id":"4426_13877","acq_date":"2026-03-15","frp":4.67,"bright_ti4":352.1,"daynight":"D","alert_type":"new_source_at_industrial_site","severity":0.0934}},{"type":"Feature","geometry":{"type":"Point","coordinates":[77.82937,9.40346]},"properties":{"cell_id":"1881_15566","acq_date":"2026-01-12","frp":4.67,"bright_ti4":330.18,"daynight":"D","alert_type":"new_source_at_industrial_site","severity":0.0934}},{"type":"Feature","geometry":{"type":"Point","coordinates":[86.00732,22.75409]},"properties":{"cell_id":"4551_17201","acq_date":"2026-01-11","frp":4.67,"bright_ti4":334.8,"daynight":"D","alert_type":"new_source_at_industrial_site","severity":0.0934}},{"type":"Feature","geometry":{"type":"Point","coordinates":[73.80343,19.81247]},"properties":{"cell_id":"3962_14761","acq_date":"2026-03-26","frp":4.67,"bright_ti4":334.88,"daynight":"D","alert_type":"new_source_at_industrial_site","severity":0.0934}},{"type":"Feature","geometry":{"type":"Point","coordinates":[77.60777,14.16561]},"properties":{"cell_id":"2833_15522","acq_date":"2026-02-07","frp":4.66,"bright_ti4":335.99,"daynight":"D","alert_type":"new_source_at_industrial_site","severity":0.0932}},{"type":"Feature","geometry":{"type":"Point","coordinates":[78.74545,10.05638]},"properties":{"cell_id":"2011_15749","acq_date":"2026-04-26","frp":4.66,"bright_ti4":336.92,"daynight":"D","alert_type":"new_source_at_industrial_site","severity":0.0932}},{"type":"Feature","geometry":{"type":"Point","coordinates":[85.25097,20.79781]},"properties":{"cell_id":"4160_17050","acq_date":"2026-02-19","frp":4.66,"bright_ti4":303.95,"daynight":"N","alert_type":"new_source_at_industrial_site","severity":0.0932}},{"type":"Feature","geometry":{"type":"Point","coordinates":[77.57246,12.87909]},"properties":{"cell_id":"2576_15514","acq_date":"2026-02-05","frp":4.65,"bright_ti4":342.18,"daynight":"D","alert_type":"new_source_at_industrial_site","severity":0.093}},{"type":"Feature","geometry":{"type":"Point","coordinates":[75.92693,22.91849]},"properties":{"cell_id":"4584_15185","acq_date":"2026-04-03","frp":4.64,"bright_ti4":338.7,"daynight":"D","alert_type":"new_source_at_industrial_site","severity":0.0928}},{"type":"Feature","geometry":{"type":"Point","coordinates":[77.79438,12.83318]},"properties":{"cell_id":"2567_15559","acq_date":"2026-03-03","frp":4.64,"bright_ti4":337.27,"daynight":"D","alert_type":"new_source_at_industrial_site","severity":0.0928}},{"type":"Feature","geometry":{"type":"Point","coordinates":[73.31466,18.75868]},"properties":{"cell_id":"3752_14663","acq_date":"2026-02-25","frp":4.63,"bright_ti4":334.38,"daynight":"D","alert_type":"new_source_at_industrial_site","severity":0.0926}},{"type":"Feature","geometry":{"type":"Point","coordinates":[77.66772,12.77643]},"properties":{"cell_id":"2555_15534","acq_date":"2026-01-18","frp":4.63,"bright_ti4":343.27,"daynight":"D","alert_type":"new_source_at_industrial_site","severity":0.0926}},{"type":"Feature","geometry":{"type":"Point","coordinates":[78.16203,11.39601]},"properties":{"cell_id":"2279_15632","acq_date":"2026-02-21","frp":4.62,"bright_ti4":334.88,"daynight":"D","alert_type":"new_source_at_industrial_site","severity":0.0924}},{"type":"Feature","geometry":{"type":"Point","coordinates":[83.84435,21.74816]},"properties":{"cell_id":"4350_16769","acq_date":"2026-03-03","frp":4.62,"bright_ti4":338.76,"daynight":"D","alert_type":"new_source_at_industrial_site","severity":0.0924}},{"type":"Feature","geometry":{"type":"Point","coordinates":[83.29931,22.02415]},"properties":{"cell_id":"4405_16660","acq_date":"2026-03-05","frp":4.61,"bright_ti4":343.53,"daynight":"D","alert_type":"new_source_at_industrial_site","severity":0.0922}},{"type":"Feature","geometry":{"type":"Point","coordinates":[74.2999,16.59712]},"properties":{"cell_id":"3319_14860","acq_date":"2026-04-19","frp":4.6,"bright_ti4":337.09,"daynight":"D","alert_type":"new_source_at_industrial_site","severity":0.092}},{"type":"Feature","geometry":{"type":"Point","coordinates":[73.93637,15.73792]},"properties":{"cell_id":"3148_14787","acq_date":"2026-04-06","frp":4.6,"bright_ti4":347.38,"daynight":"D","alert_type":"new_source_at_industrial_site","severity":0.092}},{"type":"Feature","geometry":{"type":"Point","coordinates":[74.28364,16.6442]},"properties":{"cell_id":"3329_14857","acq_date":"2026-02-28","frp":4.6,"bright_ti4":342.51,"daynight":"D","alert_type":"new_source_at_industrial_site","severity":0.092}},{"type":"Feature","geometry":{"type":"Point","coordinates":[75.91892,22.91065]},"properties":{"cell_id":"4582_15184","acq_date":"2026-04-06","frp":4.6,"bright_ti4":338.83,"daynight":"D","alert_type":"new_source_at_industrial_site","severity":0.092}},{"type":"Feature","geometry":{"type":"Point","coordinates":[73.33051,19.49696]},"properties":{"cell_id":"3899_14666","acq_date":"2026-02-24","frp":4.59,"bright_ti4":339.79,"daynight":"D","alert_type":"new_source_at_industrial_site","severity":0.0918}},{"type":"Feature","geometry":{"type":"Point","coordinates":[83.65544,21.30853]},"properties":{"cell_id":"4262_16731","acq_date":"2026-01-03","frp":4.59,"bright_ti4":328.42,"daynight":"D","alert_type":"new_source_at_industrial_site","severity":0.0918}},{"type":"Feature","geometry":{"type":"Point","coordinates":[88.08559,22.04353]},"properties":{"cell_id":"4409_17617","acq_date":"2026-03-15","frp":4.59,"bright_ti4":329.21,"daynight":"N","alert_type":"new_source_at_industrial_site","severity":0.0918}},{"type":"Feature","geometry":{"type":"Point","coordinates":[73.97024,15.60556]},"properties":{"cell_id":"3121_14794","acq_date":"2026-03-28","frp":4.58,"bright_ti4":341.49,"daynight":"D","alert_type":"new_source_at_industrial_site","severity":0.0916}},{"type":"Feature","geometry":{"type":"Point","coordinates":[73.39926,19.26534]},"properties":{"cell_id":"3853_14680","acq_date":"2026-02-24","frp":4.58,"bright_ti4":337.83,"daynight":"D","alert_type":"new_source_at_industrial_site","severity":0.0916}},{"type":"Feature","geometry":{"type":"Point","coordinates":[77.13267,28.81871]},"properties":{"cell_id":"5764_15427","acq_date":"2026-02-06","frp":4.58,"bright_ti4":336.19,"daynight":"D","alert_type":"new_source_at_industrial_site","severity":0.0916}},{"type":"Feature","geometry":{"type":"Point","coordinates":[69.88106,22.31846]},"properties":{"cell_id":"4464_13976","acq_date":"2026-02-03","frp":4.58,"bright_ti4":330.41,"daynight":"N","alert_type":"new_source_at_industrial_site","severity":0.0916}},{"type":"Feature","geometry":{"type":"Point","coordinates":[83.84517,21.74897]},"properties":{"cell_id":"4350_16769","acq_date":"2026-04-20","frp":4.58,"bright_ti4":339.3,"daynight":"D","alert_type":"new_source_at_industrial_site","severity":0.0916}},{"type":"Feature","geometry":{"type":"Point","coordinates":[84.93166,21.84632]},"properties":{"cell_id":"4369_16986","acq_date":"2026-03-03","frp":4.58,"bright_ti4":339.71,"daynight":"D","alert_type":"new_source_at_industrial_site","severity":0.0916}},{"type":"Feature","geometry":{"type":"Point","coordinates":[86.4957,23.66474]},"properties":{"cell_id":"4733_17299","acq_date":"2026-01-29","frp":4.57,"bright_ti4":327.53,"daynight":"D","alert_type":"new_source_at_industrial_site","severity":0.0914}},{"type":"Feature","geometry":{"type":"Point","coordinates":[76.59077,12.37491]},"properties":{"cell_id":"2475_15318","acq_date":"2026-03-25","frp":4.57,"bright_ti4":340.5,"daynight":"D","alert_type":"new_source_at_industrial_site","severity":0.0914}},{"type":"Feature","geometry":{"type":"Point","coordinates":[76.99431,15.00237]},"properties":{"cell_id":"3000_15399","acq_date":"2026-01-03","frp":4.57,"bright_ti4":334.71,"daynight":"D","alert_type":"new_source_at_industrial_site","severity":0.0914}},{"type":"Feature","geometry":{"type":"Point","coordinates":[79.2683,19.25606]},"properties":{"cell_id":"3851_15854","acq_date":"2026-03-16","frp":4.56,"bright_ti4":340.64,"daynight":"D","alert_type":"new_source_at_industrial_site","severity":0.0912}},{"type":"Feature","geometry":{"type":"Point","coordinates":[73.25401,18.81764]},"properties":{"cell_id":"3764_14651","acq_date":"2026-03-09","frp":4.56,"bright_ti4":343.28,"daynight":"D","alert_type":"new_source_at_industrial_site","severity":0.0912}},{"type":"Feature","geometry":{"type":"Point","coordinates":[70.28943,21.04073]},"properties":{"cell_id":"4208_14058","acq_date":"2026-03-02","frp":4.55,"bright_ti4":336.37,"daynight":"D","alert_type":"new_source_at_industrial_site","severity":0.091}},{"type":"Feature","geometry":{"type":"Point","coordinates":[76.92882,13.32345]},"properties":{"cell_id":"2665_15386","acq_date":"2026-03-21","frp":4.55,"bright_ti4":332.36,"daynight":"D","alert_type":"new_source_at_industrial_site","severity":0.091}},{"type":"Feature","geometry":{"type":"Point","coordinates":[70.94392,21.4864]},"properties":{"cell_id":"4297_14189","acq_date":"2026-03-28","frp":4.55,"bright_ti4":338.41,"daynight":"D","alert_type":"new_source_at_industrial_site","severity":0.091}},{"type":"Feature","geometry":{"type":"Point","coordinates":[73.82092,24.59797]},"properties":{"cell_id":"4920_14764","acq_date":"2026-01-24","frp":4.55,"bright_ti4":334.23,"daynight":"D","alert_type":"new_source_at_industrial_site","severity":0.091}},{"type":"Feature","geometry":{"type":"Point","coordinates":[79.941,12.83843]},"properties":{"cell_id":"2568_15988","acq_date":"2026-03-29","frp":4.54,"bright_ti4":332.51,"daynight":"D","alert_type":"new_source_at_industrial_site","severity":0.0908}},{"type":"Feature","geometry":{"type":"Point","coordinates":[70.7523,22.60891]},"properties":{"cell_id":"4522_14150","acq_date":"2026-03-31","frp":4.53,"bright_ti4":336.61,"daynight":"D","alert_type":"new_source_at_industrial_site","severity":0.0906}},{"type":"Feature","geometry":{"type":"Point","coordinates":[78.07381,28.10421]},"properties":{"cell_id":"5621_15615","acq_date":"2026-03-06","frp":4.53,"bright_ti4":334.68,"daynight":"D","alert_type":"new_source_at_industrial_site","severity":0.0906}},{"type":"Feature","geometry":{"type":"Point","coordinates":[75.37842,18.50004]},"properties":{"cell_id":"3700_15076","acq_date":"2026-02-05","frp":4.53,"bright_ti4":341.26,"daynight":"D","alert_type":"new_source_at_industrial_site","severity":0.0906}},{"type":"Feature","geometry":{"type":"Point","coordinates":[79.23576,19.97016]},"properties":{"cell_id":"3994_15847","acq_date":"2026-04-11","frp":4.53,"bright_ti4":334.9,"daynight":"D","alert_type":"new_source_at_industrial_site","severity":0.0906}},{"type":"Feature","geometry":{"type":"Point","coordinates":[77.60926,14.17498]},"properties":{"cell_id":"2835_15522","acq_date":"2026-01-20","frp":4.53,"bright_ti4":346.02,"daynight":"D","alert_type":"new_source_at_industrial_site","severity":0.0906}},{"type":"Feature","geometry":{"type":"Point","coordinates":[84.53074,22.21371]},"properties":{"cell_id":"4443_16906","acq_date":"2026-02-10","frp":4.53,"bright_ti4":339.93,"daynight":"D","alert_type":"new_source_at_industrial_site","severity":0.0906}},{"type":"Feature","geometry":{"type":"Point","coordinates":[73.86589,15.72719]},"properties":{"cell_id":"3145_14773","acq_date":"2026-02-15","frp":4.51,"bright_ti4":339.24,"daynight":"D","alert_type":"new_source_at_industrial_site","severity":0.0902}},{"type":"Feature","geometry":{"type":"Point","coordinates":[79.94853,12.94881]},"properties":{"cell_id":"2590_15990","acq_date":"2026-02-15","frp":4.51,"bright_ti4":342.05,"daynight":"D","alert_type":"new_source_at_industrial_site","severity":0.0902}},{"type":"Feature","geometry":{"type":"Point","coordinates":[75.36499,19.59637]},"properties":{"cell_id":"3919_15073","acq_date":"2026-02-25","frp":4.51,"bright_ti4":341.93,"daynight":"D","alert_type":"new_source_at_industrial_site","severity":0.0902}},{"type":"Feature","geometry":{"type":"Point","coordinates":[80.78127,16.50096]},"properties":{"cell_id":"3300_16156","acq_date":"2026-04-17","frp":4.5,"bright_ti4":340.76,"daynight":"D","alert_type":"new_source_at_industrial_site","severity":0.09}},{"type":"Feature","geometry":{"type":"Point","coordinates":[77.71498,12.81122]},"properties":{"cell_id":"2562_15543","acq_date":"2026-03-25","frp":4.5,"bright_ti4":339.54,"daynight":"D","alert_type":"new_source_at_industrial_site","severity":0.09}},{"type":"Feature","geometry":{"type":"Point","coordinates":[73.8861,17.81163]},"properties":{"cell_id":"3562_14777","acq_date":"2026-03-03","frp":4.5,"bright_ti4":333.15,"daynight":"D","alert_type":"new_source_at_industrial_site","severity":0.09}},{"type":"Feature","geometry":{"type":"Point","coordinates":[73.0169,18.91037]},"properties":{"cell_id":"3782_14603","acq_date":"2026-03-16","frp":4.5,"bright_ti4":334.98,"daynight":"D","alert_type":"new_source_at_industrial_site","severity":0.09}},{"type":"Feature","geometry":{"type":"Point","coordinates":[76.93435,15.12664]},"properties":{"cell_id":"3025_15387","acq_date":"2026-04-15","frp":4.5,"bright_ti4":339.72,"daynight":"D","alert_type":"new_source_at_industrial_site","severity":0.09}},{"type":"Feature","geometry":{"type":"Point","coordinates":[70.22736,21.72671]},"properties":{"cell_id":"4345_14045","acq_date":"2026-04-04","frp":4.5,"bright_ti4":352.09,"daynight":"D","alert_type":"new_source_at_industrial_site","severity":0.09}},{"type":"Feature","geometry":{"type":"Point","coordinates":[77.11298,28.8831]},"properties":{"cell_id":"5777_15423","acq_date":"2026-01-12","frp":4.49,"bright_ti4":327.08,"daynight":"D","alert_type":"new_source_at_industrial_site","severity":0.0898}},{"type":"Feature","geometry":{"type":"Point","coordinates":[75.20992,19.77329]},"properties":{"cell_id":"3955_15042","acq_date":"2026-03-28","frp":4.49,"bright_ti4":340.07,"daynight":"D","alert_type":"new_source_at_industrial_site","severity":0.0898}},{"type":"Feature","geometry":{"type":"Point","coordinates":[75.69468,31.95511]},"properties":{"cell_id":"6391_15139","acq_date":"2026-01-19","frp":4.49,"bright_ti4":344.78,"daynight":"D","alert_type":"new_source_at_industrial_site","severity":0.0898}},{"type":"Feature","geometry":{"type":"Point","coordinates":[73.50012,17.59159]},"properties":{"cell_id":"3518_14700","acq_date":"2026-03-18","frp":4.48,"bright_ti4":350.16,"daynight":"D","alert_type":"new_source_at_industrial_site","severity":0.0896}},{"type":"Feature","geometry":{"type":"Point","coordinates":[77.65521,14.5713]},"properties":{"cell_id":"2914_15531","acq_date":"2026-03-02","frp":4.48,"bright_ti4":341.08,"daynight":"D","alert_type":"new_source_at_industrial_site","severity":0.0896}},{"type":"Feature","geometry":{"type":"Point","coordinates":[86.38799,22.74003]},"properties":{"cell_id":"4548_17278","acq_date":"2026-03-05","frp":4.48,"bright_ti4":337.49,"daynight":"D","alert_type":"new_source_at_industrial_site","severity":0.0896}},{"type":"Feature","geometry":{"type":"Point","coordinates":[74.56332,19.11777]},"properties":{"cell_id":"3824_14913","acq_date":"2026-03-29","frp":4.48,"bright_ti4":341.11,"daynight":"D","alert_type":"new_source_at_industrial_site","severity":0.0896}},{"type":"Feature","geometry":{"type":"Point","coordinates":[71.95763,27.5418]},"properties":{"cell_id":"5508_14392","acq_date":"2026-02-14","frp":4.48,"bright_ti4":352.96,"daynight":"D","alert_type":"new_source_at_industrial_site","severity":0.0896}},{"type":"Feature","geometry":{"type":"Point","coordinates":[77.84691,13.06313]},"properties":{"cell_id":"2613_15569","acq_date":"2026-01-19","frp":4.48,"bright_ti4":345.81,"daynight":"D","alert_type":"new_source_at_industrial_site","severity":0.0896}},{"type":"Feature","geometry":{"type":"Point","coordinates":[71.9537,27.54116]},"properties":{"cell_id":"5508_14391","acq_date":"2026-02-14","frp":4.48,"bright_ti4":354.25,"daynight":"D","alert_type":"new_source_at_industrial_site","severity":0.0896}},{"type":"Feature","geometry":{"type":"Point","coordinates":[73.40314,19.28312]},"properties":{"cell_id":"3857_14681","acq_date":"2026-03-01","frp":4.47,"bright_ti4":345.11,"daynight":"D","alert_type":"new_source_at_industrial_site","severity":0.0894}},{"type":"Feature","geometry":{"type":"Point","coordinates":[83.36449,27.32702]},"properties":{"cell_id":"5465_16673","acq_date":"2026-04-13","frp":4.47,"bright_ti4":335.3,"daynight":"D","alert_type":"new_source_at_industrial_site","severity":0.0894}},{"type":"Feature","geometry":{"type":"Point","coordinates":[77.98885,15.8052]},"properties":{"cell_id":"3161_15598","acq_date":"2026-02-15","frp":4.47,"bright_ti4":348.22,"daynight":"D","alert_type":"new_source_at_industrial_site","severity":0.0894}},{"type":"Feature","geometry":{"type":"Point","coordinates":[77.98479,15.80453]},"properties":{"cell_id":"3161_15597","acq_date":"2026-02-15","frp":4.47,"bright_ti4":335.27,"daynight":"D","alert_type":"new_source_at_industrial_site","severity":0.0894}},{"type":"Feature","geometry":{"type":"Point","coordinates":[77.62347,13.11796]},"properties":{"cell_id":"2624_15525","acq_date":"2026-01-19","frp":4.47,"bright_ti4":336.94,"daynight":"D","alert_type":"new_source_at_industrial_site","severity":0.0894}},{"type":"Feature","geometry":{"type":"Point","coordinates":[73.40257,19.28668]},"properties":{"cell_id":"3857_14681","acq_date":"2026-03-01","frp":4.47,"bright_ti4":346.49,"daynight":"D","alert_type":"new_source_at_industrial_site","severity":0.0894}},{"type":"Feature","geometry":{"type":"Point","coordinates":[85.94417,20.52474]},"properties":{"cell_id":"4105_17189","acq_date":"2026-03-26","frp":4.46,"bright_ti4":336.92,"daynight":"D","alert_type":"new_source_at_industrial_site","severity":0.0892}},{"type":"Feature","geometry":{"type":"Point","coordinates":[73.39347,19.61702]},"properties":{"cell_id":"3923_14679","acq_date":"2026-04-24","frp":4.46,"bright_ti4":336.08,"daynight":"D","alert_type":"new_source_at_industrial_site","severity":0.0892}},{"type":"Feature","geometry":{"type":"Point","coordinates":[77.51211,13.09246]},"properties":{"cell_id":"2618_15502","acq_date":"2026-03-13","frp":4.46,"bright_ti4":343.13,"daynight":"D","alert_type":"new_source_at_industrial_site","severity":0.0892}},{"type":"Feature","geometry":{"type":"Point","coordinates":[74.94901,18.09082]},"properties":{"cell_id":"3618_14990","acq_date":"2026-03-14","frp":4.46,"bright_ti4":344.54,"daynight":"D","alert_type":"new_source_at_industrial_site","severity":0.0892}},{"type":"Feature","geometry":{"type":"Point","coordinates":[73.81407,18.62781]},"properties":{"cell_id":"3726_14763","acq_date":"2026-02-28","frp":4.46,"bright_ti4":335.25,"daynight":"D","alert_type":"new_source_at_industrial_site","severity":0.0892}},{"type":"Feature","geometry":{"type":"Point","coordinates":[73.3707,18.39505]},"properties":{"cell_id":"3679_14674","acq_date":"2026-03-05","frp":4.45,"bright_ti4":341.83,"daynight":"D","alert_type":"new_source_at_industrial_site","severity":0.089}},{"type":"Feature","geometry":{"type":"Point","coordinates":[83.84708,21.74811]},"properties":{"cell_id":"4350_16769","acq_date":"2026-03-01","frp":4.45,"bright_ti4":330.33,"daynight":"D","alert_type":"new_source_at_industrial_site","severity":0.089}},{"type":"Feature","geometry":{"type":"Point","coordinates":[73.13413,19.33605]},"properties":{"cell_id":"3867_14627","acq_date":"2026-03-09","frp":4.45,"bright_ti4":343.4,"daynight":"D","alert_type":"new_source_at_industrial_site","severity":0.089}},{"type":"Feature","geometry":{"type":"Point","coordinates":[76.9339,28.81582]},"properties":{"cell_id":"5763_15387","acq_date":"2026-04-19","frp":4.45,"bright_ti4":345.17,"daynight":"D","alert_type":"new_source_at_industrial_site","severity":0.089}},{"type":"Feature","geometry":{"type":"Point","coordinates":[73.75327,15.5975]},"properties":{"cell_id":"3120_14751","acq_date":"2026-03-27","frp":4.44,"bright_ti4":332.88,"daynight":"D","alert_type":"new_source_at_industrial_site","severity":0.0888}},{"type":"Feature","geometry":{"type":"Point","coordinates":[77.62324,12.77791]},"properties":{"cell_id":"2556_15525","acq_date":"2026-03-13","frp":4.44,"bright_ti4":338.55,"daynight":"D","alert_type":"new_source_at_industrial_site","severity":0.0888}},{"type":"Feature","geometry":{"type":"Point","coordinates":[87.09286,23.65024]},"properties":{"cell_id":"4730_17419","acq_date":"2026-01-20","frp":4.44,"bright_ti4":333.35,"daynight":"D","alert_type":"new_source_at_industrial_site","severity":0.0888}},{"type":"Feature","geometry":{"type":"Point","coordinates":[81.97414,25.48382]},"properties":{"cell_id":"5097_16395","acq_date":"2026-04-23","frp":4.43,"bright_ti4":354.11,"daynight":"D","alert_type":"new_source_at_industrial_site","severity":0.0886}},{"type":"Feature","geometry":{"type":"Point","coordinates":[75.91804,14.48059]},"properties":{"cell_id":"2896_15184","acq_date":"2026-01-21","frp":4.43,"bright_ti4":330.92,"daynight":"D","alert_type":"new_source_at_industrial_site","severity":0.0886}},{"type":"Feature","geometry":{"type":"Point","coordinates":[72.65553,21.09218]},"properties":{"cell_id":"4218_14531","acq_date":"2026-02-14","frp":4.43,"bright_ti4":337.57,"daynight":"D","alert_type":"new_source_at_industrial_site","severity":0.0886}},{"type":"Feature","geometry":{"type":"Point","coordinates":[79.92416,15.40668]},"properties":{"cell_id":"3081_15985","acq_date":"2026-03-18","frp":4.43,"bright_ti4":342.22,"daynight":"D","alert_type":"new_source_at_industrial_site","severity":0.0886}},{"type":"Feature","geometry":{"type":"Point","coordinates":[72.76127,21.71785]},"properties":{"cell_id":"4344_14552","acq_date":"2026-01-11","frp":4.42,"bright_ti4":338.28,"daynight":"D","alert_type":"new_source_at_industrial_site","severity":0.0884}},{"type":"Feature","geometry":{"type":"Point","coordinates":[81.32565,24.32878]},"properties":{"cell_id":"4866_16265","acq_date":"2026-04-23","frp":4.42,"bright_ti4":336.46,"daynight":"D","alert_type":"new_source_at_industrial_site","severity":0.0884}},{"type":"Feature","geometry":{"type":"Point","coordinates":[77.51247,23.1127]},"properties":{"cell_id":"4623_15502","acq_date":"2026-03-14","frp":4.42,"bright_ti4":339.65,"daynight":"D","alert_type":"new_source_at_industrial_site","severity":0.0884}},{"type":"Feature","geometry":{"type":"Point","coordinates":[73.21012,18.86978]},"properties":{"cell_id":"3774_14642","acq_date":"2026-02-13","frp":4.41,"bright_ti4":341.88,"daynight":"D","alert_type":"new_source_at_industrial_site","severity":0.0882}},{"type":"Feature","geometry":{"type":"Point","coordinates":[77.47947,12.69221]},"properties":{"cell_id":"2538_15496","acq_date":"2026-01-30","frp":4.41,"bright_ti4":337.9,"daynight":"D","alert_type":"new_source_at_industrial_site","severity":0.0882}},{"type":"Feature","geometry":{"type":"Point","coordinates":[73.50591,18.10942]},"properties":{"cell_id":"3622_14701","acq_date":"2026-03-24","frp":4.41,"bright_ti4":343.73,"daynight":"D","alert_type":"new_source_at_industrial_site","severity":0.0882}},{"type":"Feature","geometry":{"type":"Point","coordinates":[84.92587,23.67434]},"properties":{"cell_id":"4735_16985","acq_date":"2026-03-25","frp":4.41,"bright_ti4":330.48,"daynight":"D","alert_type":"new_source_at_industrial_site","severity":0.0882}},{"type":"Feature","geometry":{"type":"Point","coordinates":[76.70414,12.1577]},"properties":{"cell_id":"2432_15341","acq_date":"2026-02-15","frp":4.4,"bright_ti4":335.51,"daynight":"D","alert_type":"new_source_at_industrial_site","severity":0.088}},{"type":"Feature","geometry":{"type":"Point","coordinates":[83.843,21.75085]},"properties":{"cell_id":"4350_16769","acq_date":"2026-03-29","frp":4.4,"bright_ti4":335.8,"daynight":"D","alert_type":"new_source_at_industrial_site","severity":0.088}},{"type":"Feature","geometry":{"type":"Point","coordinates":[72.43513,23.14228]},"properties":{"cell_id":"4628_14487","acq_date":"2026-03-26","frp":4.4,"bright_ti4":356.25,"daynight":"D","alert_type":"new_source_at_industrial_site","severity":0.088}},{"type":"Feature","geometry":{"type":"Point","coordinates":[86.9102,23.85818]},"properties":{"cell_id":"4772_17382","acq_date":"2026-02-08","frp":4.4,"bright_ti4":354.81,"daynight":"D","alert_type":"new_source_at_industrial_site","severity":0.088}},{"type":"Feature","geometry":{"type":"Point","coordinates":[70.77541,22.1334]},"properties":{"cell_id":"4427_14155","acq_date":"2026-03-27","frp":4.4,"bright_ti4":345.01,"daynight":"D","alert_type":"new_source_at_industrial_site","severity":0.088}},{"type":"Feature","geometry":{"type":"Point","coordinates":[77.76131,9.43221]},"properties":{"cell_id":"1886_15552","acq_date":"2026-01-18","frp":4.4,"bright_ti4":335.31,"daynight":"D","alert_type":"new_source_at_industrial_site","severity":0.088}},{"type":"Feature","geometry":{"type":"Point","coordinates":[86.60006,20.2593]},"properties":{"cell_id":"4052_17320","acq_date":"2026-04-26","frp":4.4,"bright_ti4":319.36,"daynight":"N","alert_type":"new_source_at_industrial_site","severity":0.088}},{"type":"Feature","geometry":{"type":"Point","coordinates":[80.01067,12.98851]},"properties":{"cell_id":"2598_16002","acq_date":"2026-03-20","frp":4.4,"bright_ti4":330.3,"daynight":"D","alert_type":"new_source_at_industrial_site","severity":0.088}},{"type":"Feature","geometry":{"type":"Point","coordinates":[77.83411,13.13928]},"properties":{"cell_id":"2628_15567","acq_date":"2026-04-06","frp":4.39,"bright_ti4":335.07,"daynight":"D","alert_type":"new_source_at_industrial_site","severity":0.0878}},{"type":"Feature","geometry":{"type":"Point","coordinates":[77.76256,13.76426]},"properties":{"cell_id":"2753_15553","acq_date":"2026-02-16","frp":4.39,"bright_ti4":332.94,"daynight":"D","alert_type":"new_source_at_industrial_site","severity":0.0878}},{"type":"Feature","geometry":{"type":"Point","coordinates":[84.9621,23.67114]},"properties":{"cell_id":"4734_16992","acq_date":"2026-02-18","frp":4.39,"bright_ti4":337.36,"daynight":"D","alert_type":"new_source_at_industrial_site","severity":0.0878}},{"type":"Feature","geometry":{"type":"Point","coordinates":[77.24422,13.2167]},"properties":{"cell_id":"2643_15449","acq_date":"2026-01-18","frp":4.37,"bright_ti4":344.81,"daynight":"D","alert_type":"new_source_at_industrial_site","severity":0.0874}},{"type":"Feature","geometry":{"type":"Point","coordinates":[77.3171,17.77149]},"properties":{"cell_id":"3554_15463","acq_date":"2026-01-07","frp":4.37,"bright_ti4":334.15,"daynight":"D","alert_type":"new_source_at_industrial_site","severity":0.0874}},{"type":"Feature","geometry":{"type":"Point","coordinates":[77.32471,12.74431]},"properties":{"cell_id":"2549_15465","acq_date":"2026-04-17","frp":4.37,"bright_ti4":336.51,"daynight":"D","alert_type":"new_source_at_industrial_site","severity":0.0874}},{"type":"Feature","geometry":{"type":"Point","coordinates":[72.64323,21.70354]},"properties":{"cell_id":"4341_14529","acq_date":"2026-03-31","frp":4.36,"bright_ti4":336.23,"daynight":"D","alert_type":"new_source_at_industrial_site","severity":0.0872}},{"type":"Feature","geometry":{"type":"Point","coordinates":[72.64857,21.704]},"properties":{"cell_id":"4341_14530","acq_date":"2026-03-31","frp":4.36,"bright_ti4":338.6,"daynight":"D","alert_type":"new_source_at_industrial_site","severity":0.0872}},{"type":"Feature","geometry":{"type":"Point","coordinates":[77.82925,13.14409]},"properties":{"cell_id":"2629_15566","acq_date":"2026-02-26","frp":4.36,"bright_ti4":334.89,"daynight":"D","alert_type":"new_source_at_industrial_site","severity":0.0872}},{"type":"Feature","geometry":{"type":"Point","coordinates":[78.0701,8.80527]},"properties":{"cell_id":"1761_15614","acq_date":"2026-04-19","frp":4.36,"bright_ti4":340.53,"daynight":"D","alert_type":"new_source_at_industrial_site","severity":0.0872}},{"type":"Feature","geometry":{"type":"Point","coordinates":[72.97301,19.17555]},"properties":{"cell_id":"3835_14595","acq_date":"2026-03-28","frp":4.35,"bright_ti4":334.14,"daynight":"N","alert_type":"new_source_at_industrial_site","severity":0.087}},{"type":"Feature","geometry":{"type":"Point","coordinates":[86.58057,23.76406]},"properties":{"cell_id":"4753_17316","acq_date":"2026-02-28","frp":4.35,"bright_ti4":335.4,"daynight":"D","alert_type":"new_source_at_industrial_site","severity":0.087}},{"type":"Feature","geometry":{"type":"Point","coordinates":[72.95997,19.34988]},"properties":{"cell_id":"3870_14592","acq_date":"2026-03-04","frp":4.35,"bright_ti4":312.02,"daynight":"N","alert_type":"new_source_at_industrial_site","severity":0.087}},{"type":"Feature","geometry":{"type":"Point","coordinates":[83.84325,21.74908]},"properties":{"cell_id":"4350_16769","acq_date":"2026-03-09","frp":4.34,"bright_ti4":341.32,"daynight":"D","alert_type":"new_source_at_industrial_site","severity":0.0868}},{"type":"Feature","geometry":{"type":"Point","coordinates":[78.05098,11.70498]},"properties":{"cell_id":"2341_15610","acq_date":"2026-04-14","frp":4.34,"bright_ti4":340.36,"daynight":"D","alert_type":"new_source_at_industrial_site","severity":0.0868}},{"type":"Feature","geometry":{"type":"Point","coordinates":[77.83445,13.03181]},"properties":{"cell_id":"2606_15567","acq_date":"2026-03-14","frp":4.34,"bright_ti4":340.3,"daynight":"D","alert_type":"new_source_at_industrial_site","severity":0.0868}},{"type":"Feature","geometry":{"type":"Point","coordinates":[77.26692,29.53042]},"properties":{"cell_id":"5906_15453","acq_date":"2026-01-08","frp":4.34,"bright_ti4":334.21,"daynight":"D","alert_type":"new_source_at_industrial_site","severity":0.0868}},{"type":"Feature","geometry":{"type":"Point","coordinates":[86.57772,23.7646]},"properties":{"cell_id":"4753_17316","acq_date":"2026-02-28","frp":4.33,"bright_ti4":341.25,"daynight":"D","alert_type":"new_source_at_industrial_site","severity":0.0866}},{"type":"Feature","geometry":{"type":"Point","coordinates":[84.88788,22.13621]},"properties":{"cell_id":"4427_16978","acq_date":"2026-04-15","frp":4.33,"bright_ti4":333.64,"daynight":"D","alert_type":"new_source_at_industrial_site","severity":0.0866}},{"type":"Feature","geometry":{"type":"Point","coordinates":[71.99176,27.46421]},"properties":{"cell_id":"5493_14398","acq_date":"2026-02-09","frp":4.33,"bright_ti4":343.86,"daynight":"D","alert_type":"new_source_at_industrial_site","severity":0.0866}},{"type":"Feature","geometry":{"type":"Point","coordinates":[86.96318,20.83772]},"properties":{"cell_id":"4168_17393","acq_date":"2026-01-16","frp":4.33,"bright_ti4":331.57,"daynight":"D","alert_type":"new_source_at_industrial_site","severity":0.0866}},{"type":"Feature","geometry":{"type":"Point","coordinates":[73.10765,18.85413]},"properties":{"cell_id":"3771_14622","acq_date":"2026-04-12","frp":4.33,"bright_ti4":343.54,"daynight":"D","alert_type":"new_source_at_industrial_site","severity":0.0866}},{"type":"Feature","geometry":{"type":"Point","coordinates":[78.75875,18.3886]},"properties":{"cell_id":"3678_15752","acq_date":"2026-03-27","frp":4.32,"bright_ti4":335.82,"daynight":"D","alert_type":"new_source_at_industrial_site","severity":0.0864}},{"type":"Feature","geometry":{"type":"Point","coordinates":[77.45,13.07806]},"properties":{"cell_id":"2616_15490","acq_date":"2026-02-20","frp":4.32,"bright_ti4":339.72,"daynight":"D","alert_type":"new_source_at_industrial_site","severity":0.0864}},{"type":"Feature","geometry":{"type":"Point","coordinates":[83.48574,21.06342]},"properties":{"cell_id":"4213_16697","acq_date":"2026-01-04","frp":4.32,"bright_ti4":333.51,"daynight":"D","alert_type":"new_source_at_industrial_site","severity":0.0864}},{"type":"Feature","geometry":{"type":"Point","coordinates":[83.48518,21.06675]},"properties":{"cell_id":"4213_16697","acq_date":"2026-01-04","frp":4.32,"bright_ti4":330.07,"daynight":"D","alert_type":"new_source_at_industrial_site","severity":0.0864}},{"type":"Feature","geometry":{"type":"Point","coordinates":[75.06787,23.38489]},"properties":{"cell_id":"4677_15014","acq_date":"2026-04-10","frp":4.32,"bright_ti4":344.95,"daynight":"D","alert_type":"new_source_at_industrial_site","severity":0.0864}},{"type":"Feature","geometry":{"type":"Point","coordinates":[77.15128,24.47888]},"properties":{"cell_id":"4896_15430","acq_date":"2026-02-28","frp":4.31,"bright_ti4":345.33,"daynight":"D","alert_type":"new_source_at_industrial_site","severity":0.0862}},{"type":"Feature","geometry":{"type":"Point","coordinates":[73.31617,18.82686]},"properties":{"cell_id":"3765_14663","acq_date":"2026-02-04","frp":4.31,"bright_ti4":334.68,"daynight":"D","alert_type":"new_source_at_industrial_site","severity":0.0862}},{"type":"Feature","geometry":{"type":"Point","coordinates":[70.45473,21.71882]},"properties":{"cell_id":"4344_14091","acq_date":"2026-03-25","frp":4.31,"bright_ti4":332.74,"daynight":"D","alert_type":"new_source_at_industrial_site","severity":0.0862}},{"type":"Feature","geometry":{"type":"Point","coordinates":[83.54238,21.87305]},"properties":{"cell_id":"4375_16708","acq_date":"2026-03-05","frp":4.31,"bright_ti4":337.71,"daynight":"D","alert_type":"new_source_at_industrial_site","severity":0.0862}},{"type":"Feature","geometry":{"type":"Point","coordinates":[70.63977,21.72153]},"properties":{"cell_id":"4344_14128","acq_date":"2026-03-23","frp":4.31,"bright_ti4":342.9,"daynight":"D","alert_type":"new_source_at_industrial_site","severity":0.0862}},{"type":"Feature","geometry":{"type":"Point","coordinates":[83.54154,21.87703]},"properties":{"cell_id":"4375_16708","acq_date":"2026-03-05","frp":4.31,"bright_ti4":344.18,"daynight":"D","alert_type":"new_source_at_industrial_site","severity":0.0862}},{"type":"Feature","geometry":{"type":"Point","coordinates":[79.30477,9.2958]},"properties":{"cell_id":"1859_15861","acq_date":"2026-03-15","frp":4.31,"bright_ti4":339.47,"daynight":"D","alert_type":"new_source_at_industrial_site","severity":0.0862}},{"type":"Feature","geometry":{"type":"Point","coordinates":[72.78178,19.79049]},"properties":{"cell_id":"3958_14556","acq_date":"2026-04-12","frp":4.31,"bright_ti4":342.98,"daynight":"D","alert_type":"new_source_at_industrial_site","severity":0.0862}},{"type":"Feature","geometry":{"type":"Point","coordinates":[72.67355,21.16367]},"properties":{"cell_id":"4233_14535","acq_date":"2026-03-04","frp":4.31,"bright_ti4":333.64,"daynight":"D","alert_type":"new_source_at_industrial_site","severity":0.0862}},{"type":"Feature","geometry":{"type":"Point","coordinates":[86.17599,22.62621]},"properties":{"cell_id":"4525_17235","acq_date":"2026-01-28","frp":4.3,"bright_ti4":331.0,"daynight":"D","alert_type":"new_source_at_industrial_site","severity":0.086}},{"type":"Feature","geometry":{"type":"Point","coordinates":[70.76319,22.09628]},"properties":{"cell_id":"4419_14153","acq_date":"2026-03-25","frp":4.3,"bright_ti4":345.19,"daynight":"D","alert_type":"new_source_at_industrial_site","severity":0.086}},{"type":"Feature","geometry":{"type":"Point","coordinates":[83.50465,21.3373]},"properties":{"cell_id":"4267_16701","acq_date":"2026-03-15","frp":4.29,"bright_ti4":344.03,"daynight":"D","alert_type":"new_source_at_industrial_site","severity":0.0858}},{"type":"Feature","geometry":{"type":"Point","coordinates":[83.5006,21.33662]},"properties":{"cell_id":"4267_16700","acq_date":"2026-03-15","frp":4.29,"bright_ti4":330.33,"daynight":"D","alert_type":"new_source_at_industrial_site","severity":0.0858}},{"type":"Feature","geometry":{"type":"Point","coordinates":[77.58408,13.12674]},"properties":{"cell_id":"2625_15517","acq_date":"2026-03-06","frp":4.29,"bright_ti4":337.33,"daynight":"D","alert_type":"new_source_at_industrial_site","severity":0.0858}},{"type":"Feature","geometry":{"type":"Point","coordinates":[82.79641,20.90683]},"properties":{"cell_id":"4181_16559","acq_date":"2026-03-24","frp":4.29,"bright_ti4":336.53,"daynight":"D","alert_type":"new_source_at_industrial_site","severity":0.0858}},{"type":"Feature","geometry":{"type":"Point","coordinates":[69.89138,22.32233]},"properties":{"cell_id":"4464_13978","acq_date":"2026-01-26","frp":4.27,"bright_ti4":367.0,"daynight":"N","alert_type":"new_source_at_industrial_site","severity":0.0854}},{"type":"Feature","geometry":{"type":"Point","coordinates":[69.88791,22.3231]},"properties":{"cell_id":"4465_13978","acq_date":"2026-01-26","frp":4.27,"bright_ti4":313.64,"daynight":"N","alert_type":"new_source_at_industrial_site","severity":0.0854}},{"type":"Feature","geometry":{"type":"Point","coordinates":[77.71556,12.72069]},"properties":{"cell_id":"2544_15543","acq_date":"2026-03-23","frp":4.27,"bright_ti4":334.36,"daynight":"D","alert_type":"new_source_at_industrial_site","severity":0.0854}},{"type":"Feature","geometry":{"type":"Point","coordinates":[77.7085,13.15997]},"properties":{"cell_id":"2632_15542","acq_date":"2026-03-14","frp":4.27,"bright_ti4":345.86,"daynight":"D","alert_type":"new_source_at_industrial_site","severity":0.0854}},{"type":"Feature","geometry":{"type":"Point","coordinates":[72.64907,22.33281]},"properties":{"cell_id":"4467_14530","acq_date":"2026-01-24","frp":4.27,"bright_ti4":334.45,"daynight":"D","alert_type":"new_source_at_industrial_site","severity":0.0854}},{"type":"Feature","geometry":{"type":"Point","coordinates":[79.91856,15.81155]},"properties":{"cell_id":"3162_15984","acq_date":"2026-03-24","frp":4.27,"bright_ti4":341.11,"daynight":"D","alert_type":"new_source_at_industrial_site","severity":0.0854}},{"type":"Feature","geometry":{"type":"Point","coordinates":[69.89003,22.31713]},"properties":{"cell_id":"4463_13978","acq_date":"2026-01-26","frp":4.27,"bright_ti4":330.48,"daynight":"N","alert_type":"new_source_at_industrial_site","severity":0.0854}},{"type":"Feature","geometry":{"type":"Point","coordinates":[87.87207,24.86468]},"properties":{"cell_id":"4973_17574","acq_date":"2026-04-07","frp":4.27,"bright_ti4":331.93,"daynight":"D","alert_type":"new_source_at_industrial_site","severity":0.0854}},{"type":"Feature","geometry":{"type":"Point","coordinates":[84.16793,21.44745]},"properties":{"cell_id":"4289_16834","acq_date":"2026-04-27","frp":4.27,"bright_ti4":338.38,"daynight":"D","alert_type":"new_source_at_industrial_site","severity":0.0854}},{"type":"Feature","geometry":{"type":"Point","coordinates":[75.19798,19.84558]},"properties":{"cell_id":"3969_15040","acq_date":"2026-04-09","frp":4.26,"bright_ti4":340.4,"daynight":"D","alert_type":"new_source_at_industrial_site","severity":0.0852}},{"type":"Feature","geometry":{"type":"Point","coordinates":[79.71584,20.6519]},"properties":{"cell_id":"4130_15943","acq_date":"2026-03-25","frp":4.26,"bright_ti4":340.77,"daynight":"D","alert_type":"new_source_at_industrial_site","severity":0.0852}},{"type":"Feature","geometry":{"type":"Point","coordinates":[76.88655,13.75213]},"properties":{"cell_id":"2750_15377","acq_date":"2026-03-03","frp":4.26,"bright_ti4":337.78,"daynight":"D","alert_type":"new_source_at_industrial_site","severity":0.0852}},{"type":"Feature","geometry":{"type":"Point","coordinates":[70.31026,23.26768]},"properties":{"cell_id":"4654_14062","acq_date":"2026-02-08","frp":4.26,"bright_ti4":341.71,"daynight":"D","alert_type":"new_source_at_industrial_site","severity":0.0852}},{"type":"Feature","geometry":{"type":"Point","coordinates":[73.08161,19.14323]},"properties":{"cell_id":"3829_14616","acq_date":"2026-01-05","frp":4.26,"bright_ti4":339.47,"daynight":"D","alert_type":"new_source_at_industrial_site","severity":0.0852}},{"type":"Feature","geometry":{"type":"Point","coordinates":[86.01753,20.99813]},"properties":{"cell_id":"4200_17204","acq_date":"2026-01-19","frp":4.24,"bright_ti4":331.63,"daynight":"D","alert_type":"new_source_at_industrial_site","severity":0.0848}},{"type":"Feature","geometry":{"type":"Point","coordinates":[72.91778,19.3527]},"properties":{"cell_id":"3871_14584","acq_date":"2026-04-19","frp":4.24,"bright_ti4":334.32,"daynight":"D","alert_type":"new_source_at_industrial_site","severity":0.0848}},{"type":"Feature","geometry":{"type":"Point","coordinates":[77.59966,14.17719]},"properties":{"cell_id":"2835_15520","acq_date":"2026-01-23","frp":4.24,"bright_ti4":334.37,"daynight":"D","alert_type":"new_source_at_industrial_site","severity":0.0848}},{"type":"Feature","geometry":{"type":"Point","coordinates":[77.63607,9.41488]},"properties":{"cell_id":"1883_15527","acq_date":"2026-02-08","frp":4.24,"bright_ti4":332.37,"daynight":"D","alert_type":"new_source_at_industrial_site","severity":0.0848}},{"type":"Feature","geometry":{"type":"Point","coordinates":[73.71177,15.69275]},"properties":{"cell_id":"3139_14742","acq_date":"2026-03-13","frp":4.24,"bright_ti4":337.03,"daynight":"D","alert_type":"new_source_at_industrial_site","severity":0.0848}},{"type":"Feature","geometry":{"type":"Point","coordinates":[74.17719,18.51627]},"properties":{"cell_id":"3703_14835","acq_date":"2026-03-28","frp":4.24,"bright_ti4":341.04,"daynight":"D","alert_type":"new_source_at_industrial_site","severity":0.0848}},{"type":"Feature","geometry":{"type":"Point","coordinates":[76.27474,31.41066]},"properties":{"cell_id":"6282_15255","acq_date":"2026-02-10","frp":4.24,"bright_ti4":329.44,"daynight":"D","alert_type":"new_source_at_industrial_site","severity":0.0848}},{"type":"Feature","geometry":{"type":"Point","coordinates":[79.68366,29.00266]},"properties":{"cell_id":"5801_15937","acq_date":"2026-02-21","frp":4.24,"bright_ti4":334.13,"daynight":"D","alert_type":"new_source_at_industrial_site","severity":0.0848}},{"type":"Feature","geometry":{"type":"Point","coordinates":[72.86227,19.40332]},"properties":{"cell_id":"3881_14572","acq_date":"2026-03-09","frp":4.23,"bright_ti4":338.88,"daynight":"D","alert_type":"new_source_at_industrial_site","severity":0.0846}},{"type":"Feature","geometry":{"type":"Point","coordinates":[83.19617,17.60401]},"properties":{"cell_id":"3521_16639","acq_date":"2026-04-02","frp":4.22,"bright_ti4":305.54,"daynight":"N","alert_type":"new_source_at_industrial_site","severity":0.0844}},{"type":"Feature","geometry":{"type":"Point","coordinates":[75.83566,19.84837]},"properties":{"cell_id":"3970_15167","acq_date":"2026-03-24","frp":4.22,"bright_ti4":339.6,"daynight":"D","alert_type":"new_source_at_industrial_site","severity":0.0844}},{"type":"Feature","geometry":{"type":"Point","coordinates":[79.95293,12.83768]},"properties":{"cell_id":"2568_15991","acq_date":"2026-03-08","frp":4.22,"bright_ti4":333.83,"daynight":"D","alert_type":"new_source_at_industrial_site","severity":0.0844}},{"type":"Feature","geometry":{"type":"Point","coordinates":[80.7757,16.49688]},"properties":{"cell_id":"3299_16155","acq_date":"2026-04-02","frp":4.21,"bright_ti4":347.41,"daynight":"D","alert_type":"new_source_at_industrial_site","severity":0.0842}},{"type":"Feature","geometry":{"type":"Point","coordinates":[80.14866,16.81762]},"properties":{"cell_id":"3364_16030","acq_date":"2026-03-25","frp":4.21,"bright_ti4":340.25,"daynight":"D","alert_type":"new_source_at_industrial_site","severity":0.0842}},{"type":"Feature","geometry":{"type":"Point","coordinates":[83.65127,21.32966]},"properties":{"cell_id":"4266_16730","acq_date":"2026-02-17","frp":4.21,"bright_ti4":338.32,"daynight":"D","alert_type":"new_source_at_industrial_site","severity":0.0842}},{"type":"Feature","geometry":{"type":"Point","coordinates":[77.24421,13.21503]},"properties":{"cell_id":"2643_15449","acq_date":"2026-02-08","frp":4.21,"bright_ti4":338.44,"daynight":"D","alert_type":"new_source_at_industrial_site","severity":0.0842}},{"type":"Feature","geometry":{"type":"Point","coordinates":[72.80465,21.11135]},"properties":{"cell_id":"4222_14561","acq_date":"2026-03-25","frp":4.2,"bright_ti4":331.81,"daynight":"D","alert_type":"new_source_at_industrial_site","severity":0.084}},{"type":"Feature","geometry":{"type":"Point","coordinates":[73.00957,18.91218]},"properties":{"cell_id":"3782_14602","acq_date":"2026-01-24","frp":4.2,"bright_ti4":334.42,"daynight":"D","alert_type":"new_source_at_industrial_site","severity":0.084}},{"type":"Feature","geometry":{"type":"Point","coordinates":[75.55583,11.99432]},"properties":{"cell_id":"2399_15111","acq_date":"2026-02-18","frp":4.2,"bright_ti4":339.11,"daynight":"D","alert_type":"new_source_at_industrial_site","severity":0.084}},{"type":"Feature","geometry":{"type":"Point","coordinates":[77.46351,23.24499]},"properties":{"cell_id":"4649_15493","acq_date":"2026-03-17","frp":4.2,"bright_ti4":341.28,"daynight":"D","alert_type":"new_source_at_industrial_site","severity":0.084}},{"type":"Feature","geometry":{"type":"Point","coordinates":[77.23277,29.69616]},"properties":{"cell_id":"5939_15447","acq_date":"2026-04-16","frp":4.19,"bright_ti4":333.25,"daynight":"D","alert_type":"new_source_at_industrial_site","severity":0.0838}},{"type":"Feature","geometry":{"type":"Point","coordinates":[86.11811,22.79629]},"properties":{"cell_id":"4559_17224","acq_date":"2026-02-10","frp":4.19,"bright_ti4":342.36,"daynight":"D","alert_type":"new_source_at_industrial_site","severity":0.0838}},{"type":"Feature","geometry":{"type":"Point","coordinates":[83.93937,26.75865]},"properties":{"cell_id":"5352_16788","acq_date":"2026-04-21","frp":4.18,"bright_ti4":340.86,"daynight":"D","alert_type":"new_source_at_industrial_site","severity":0.0836}},{"type":"Feature","geometry":{"type":"Point","coordinates":[77.32648,12.7717]},"properties":{"cell_id":"2554_15465","acq_date":"2026-02-20","frp":4.18,"bright_ti4":340.28,"daynight":"D","alert_type":"new_source_at_industrial_site","severity":0.0836}},{"type":"Feature","geometry":{"type":"Point","coordinates":[83.32349,27.30313]},"properties":{"cell_id":"5461_16665","acq_date":"2026-04-06","frp":4.18,"bright_ti4":336.83,"daynight":"D","alert_type":"new_source_at_industrial_site","severity":0.0836}},{"type":"Feature","geometry":{"type":"Point","coordinates":[73.96857,15.61885]},"properties":{"cell_id":"3124_14794","acq_date":"2026-03-20","frp":4.17,"bright_ti4":339.75,"daynight":"D","alert_type":"new_source_at_industrial_site","severity":0.0834}},{"type":"Feature","geometry":{"type":"Point","coordinates":[73.40682,19.28727]},"properties":{"cell_id":"3857_14681","acq_date":"2026-03-01","frp":4.17,"bright_ti4":336.09,"daynight":"D","alert_type":"new_source_at_industrial_site","severity":0.0834}},{"type":"Feature","geometry":{"type":"Point","coordinates":[78.88628,10.78122]},"properties":{"cell_id":"2156_15777","acq_date":"2026-03-18","frp":4.17,"bright_ti4":334.51,"daynight":"D","alert_type":"new_source_at_industrial_site","severity":0.0834}},{"type":"Feature","geometry":{"type":"Point","coordinates":[79.51823,30.53755]},"properties":{"cell_id":"6108_15904","acq_date":"2026-01-22","frp":4.17,"bright_ti4":346.07,"daynight":"D","alert_type":"new_source_at_industrial_site","severity":0.0834}},{"type":"Feature","geometry":{"type":"Point","coordinates":[83.9182,21.45268]},"properties":{"cell_id":"4291_16784","acq_date":"2026-02-16","frp":4.17,"bright_ti4":338.32,"daynight":"D","alert_type":"new_source_at_industrial_site","severity":0.0834}},{"type":"Feature","geometry":{"type":"Point","coordinates":[78.58591,27.10598]},"properties":{"cell_id":"5421_15717","acq_date":"2026-04-18","frp":4.16,"bright_ti4":316.74,"daynight":"N","alert_type":"new_source_at_industrial_site","severity":0.0832}},{"type":"Feature","geometry":{"type":"Point","coordinates":[73.7954,18.5757]},"properties":{"cell_id":"3715_14759","acq_date":"2026-03-23","frp":4.16,"bright_ti4":342.63,"daynight":"D","alert_type":"new_source_at_industrial_site","severity":0.0832}},{"type":"Feature","geometry":{"type":"Point","coordinates":[83.84505,21.74753]},"properties":{"cell_id":"4350_16769","acq_date":"2026-04-17","frp":4.16,"bright_ti4":339.22,"daynight":"D","alert_type":"new_source_at_industrial_site","severity":0.0832}},{"type":"Feature","geometry":{"type":"Point","coordinates":[77.61797,15.13088]},"properties":{"cell_id":"3026_15524","acq_date":"2026-04-16","frp":4.16,"bright_ti4":336.11,"daynight":"D","alert_type":"new_source_at_industrial_site","severity":0.0832}},{"type":"Feature","geometry":{"type":"Point","coordinates":[77.25211,13.20527]},"properties":{"cell_id":"2641_15450","acq_date":"2026-02-15","frp":4.16,"bright_ti4":335.74,"daynight":"D","alert_type":"new_source_at_industrial_site","severity":0.0832}},{"type":"Feature","geometry":{"type":"Point","coordinates":[84.08249,18.46382]},"properties":{"cell_id":"3693_16816","acq_date":"2026-04-24","frp":4.16,"bright_ti4":341.71,"daynight":"D","alert_type":"new_source_at_industrial_site","severity":0.0832}},{"type":"Feature","geometry":{"type":"Point","coordinates":[77.43683,13.30711]},"properties":{"cell_id":"2661_15487","acq_date":"2026-02-08","frp":4.16,"bright_ti4":341.92,"daynight":"D","alert_type":"new_source_at_industrial_site","severity":0.0832}},{"type":"Feature","geometry":{"type":"Point","coordinates":[73.26391,18.7923]},"properties":{"cell_id":"3758_14653","acq_date":"2026-01-05","frp":4.16,"bright_ti4":331.61,"daynight":"D","alert_type":"new_source_at_industrial_site","severity":0.0832}},{"type":"Feature","geometry":{"type":"Point","coordinates":[75.74155,23.20954]},"properties":{"cell_id":"4642_15148","acq_date":"2026-04-18","frp":4.15,"bright_ti4":330.94,"daynight":"D","alert_type":"new_source_at_industrial_site","severity":0.083}},{"type":"Feature","geometry":{"type":"Point","coordinates":[78.37453,22.70935]},"properties":{"cell_id":"4542_15675","acq_date":"2026-01-29","frp":4.15,"bright_ti4":331.85,"daynight":"D","alert_type":"new_source_at_industrial_site","severity":0.083}},{"type":"Feature","geometry":{"type":"Point","coordinates":[91.76619,26.25516]},"properties":{"cell_id":"5251_18353","acq_date":"2026-02-02","frp":4.15,"bright_ti4":341.56,"daynight":"D","alert_type":"new_source_at_industrial_site","severity":0.083}},{"type":"Feature","geometry":{"type":"Point","coordinates":[77.31927,16.51997]},"properties":{"cell_id":"3304_15464","acq_date":"2026-01-23","frp":4.15,"bright_ti4":336.06,"daynight":"D","alert_type":"new_source_at_industrial_site","severity":0.083}},{"type":"Feature","geometry":{"type":"Point","coordinates":[77.8369,12.65736]},"properties":{"cell_id":"2531_15567","acq_date":"2026-03-17","frp":4.14,"bright_ti4":345.23,"daynight":"D","alert_type":"new_source_at_industrial_site","severity":0.0828}},{"type":"Feature","geometry":{"type":"Point","coordinates":[77.76789,12.75582]},"properties":{"cell_id":"2551_15554","acq_date":"2026-03-15","frp":4.14,"bright_ti4":342.63,"daynight":"D","alert_type":"new_source_at_industrial_site","severity":0.0828}},{"type":"Feature","geometry":{"type":"Point","coordinates":[87.09434,23.6704]},"properties":{"cell_id":"4734_17419","acq_date":"2026-01-15","frp":4.14,"bright_ti4":333.67,"daynight":"D","alert_type":"new_source_at_industrial_site","severity":0.0828}},{"type":"Feature","geometry":{"type":"Point","coordinates":[73.81664,18.65981]},"properties":{"cell_id":"3732_14763","acq_date":"2026-04-25","frp":4.14,"bright_ti4":336.54,"daynight":"D","alert_type":"new_source_at_industrial_site","severity":0.0828}},{"type":"Feature","geometry":{"type":"Point","coordinates":[84.10621,24.93997]},"properties":{"cell_id":"4988_16821","acq_date":"2026-04-17","frp":4.14,"bright_ti4":344.65,"daynight":"D","alert_type":"new_source_at_industrial_site","severity":0.0828}},{"type":"Feature","geometry":{"type":"Point","coordinates":[76.6376,30.50146]},"properties":{"cell_id":"6100_15328","acq_date":"2026-04-27","frp":4.14,"bright_ti4":340.19,"daynight":"D","alert_type":"new_source_at_industrial_site","severity":0.0828}},{"type":"Feature","geometry":{"type":"Point","coordinates":[86.8037,23.69616]},"properties":{"cell_id":"4739_17361","acq_date":"2026-02-08","frp":4.13,"bright_ti4":338.08,"daynight":"D","alert_type":"new_source_at_industrial_site","severity":0.0826}},{"type":"Feature","geometry":{"type":"Point","coordinates":[72.71244,21.72657]},"properties":{"cell_id":"4345_14542","acq_date":"2026-02-06","frp":4.13,"bright_ti4":332.63,"daynight":"D","alert_type":"new_source_at_industrial_site","severity":0.0826}},{"type":"Feature","geometry":{"type":"Point","coordinates":[86.16705,20.93444]},"properties":{"cell_id":"4187_17233","acq_date":"2026-01-16","frp":4.13,"bright_ti4":339.65,"daynight":"D","alert_type":"new_source_at_industrial_site","severity":0.0826}},{"type":"Feature","geometry":{"type":"Point","coordinates":[86.80499,23.6911]},"properties":{"cell_id":"4738_17361","acq_date":"2026-02-08","frp":4.13,"bright_ti4":336.1,"daynight":"D","alert_type":"new_source_at_industrial_site","severity":0.0826}},{"type":"Feature","geometry":{"type":"Point","coordinates":[83.35233,17.83832]},"properties":{"cell_id":"3568_16670","acq_date":"2026-03-30","frp":4.13,"bright_ti4":339.9,"daynight":"D","alert_type":"new_source_at_industrial_site","severity":0.0826}},{"type":"Feature","geometry":{"type":"Point","coordinates":[80.23794,26.45416]},"properties":{"cell_id":"5291_16048","acq_date":"2026-04-27","frp":4.12,"bright_ti4":341.87,"daynight":"D","alert_type":"new_source_at_industrial_site","severity":0.0824}},{"type":"Feature","geometry":{"type":"Point","coordinates":[73.74897,18.77538]},"properties":{"cell_id":"3755_14750","acq_date":"2026-03-03","frp":4.12,"bright_ti4":328.07,"daynight":"N","alert_type":"new_source_at_industrial_site","severity":0.0824}},{"type":"Feature","geometry":{"type":"Point","coordinates":[84.91752,21.80071]},"properties":{"cell_id":"4360_16984","acq_date":"2026-01-03","frp":4.12,"bright_ti4":334.45,"daynight":"D","alert_type":"new_source_at_industrial_site","severity":0.0824}},{"type":"Feature","geometry":{"type":"Point","coordinates":[76.69798,28.40799]},"properties":{"cell_id":"5682_15340","acq_date":"2026-04-22","frp":4.12,"bright_ti4":345.73,"daynight":"D","alert_type":"new_source_at_industrial_site","severity":0.0824}},{"type":"Feature","geometry":{"type":"Point","coordinates":[77.63236,13.21257]},"properties":{"cell_id":"2643_15526","acq_date":"2026-02-22","frp":4.12,"bright_ti4":340.27,"daynight":"D","alert_type":"new_source_at_industrial_site","severity":0.0824}},{"type":"Feature","geometry":{"type":"Point","coordinates":[77.56017,13.05149]},"properties":{"cell_id":"2610_15512","acq_date":"2026-01-30","frp":4.11,"bright_ti4":335.0,"daynight":"D","alert_type":"new_source_at_industrial_site","severity":0.0822}},{"type":"Feature","geometry":{"type":"Point","coordinates":[86.04699,22.89421]},"properties":{"cell_id":"4579_17209","acq_date":"2026-03-14","frp":4.11,"bright_ti4":344.11,"daynight":"D","alert_type":"new_source_at_industrial_site","severity":0.0822}},{"type":"Feature","geometry":{"type":"Point","coordinates":[77.21208,29.52357]},"properties":{"cell_id":"5905_15442","acq_date":"2026-04-20","frp":4.11,"bright_ti4":347.37,"daynight":"D","alert_type":"new_source_at_industrial_site","severity":0.0822}},{"type":"Feature","geometry":{"type":"Point","coordinates":[72.75758,21.7227]},"properties":{"cell_id":"4345_14552","acq_date":"2026-01-11","frp":4.1,"bright_ti4":333.24,"daynight":"D","alert_type":"new_source_at_industrial_site","severity":0.082}},{"type":"Feature","geometry":{"type":"Point","coordinates":[76.70909,28.40808]},"properties":{"cell_id":"5682_15342","acq_date":"2026-04-22","frp":4.1,"bright_ti4":303.65,"daynight":"N","alert_type":"new_source_at_industrial_site","severity":0.082}},{"type":"Feature","geometry":{"type":"Point","coordinates":[76.7047,28.40919]},"properties":{"cell_id":"5682_15341","acq_date":"2026-04-22","frp":4.1,"bright_ti4":356.22,"daynight":"N","alert_type":"new_source_at_industrial_site","severity":0.082}},{"type":"Feature","geometry":{"type":"Point","coordinates":[83.36806,27.3167]},"properties":{"cell_id":"5463_16674","acq_date":"2026-04-06","frp":4.1,"bright_ti4":344.6,"daynight":"D","alert_type":"new_source_at_industrial_site","severity":0.082}},{"type":"Feature","geometry":{"type":"Point","coordinates":[83.3632,27.3158]},"properties":{"cell_id":"5463_16673","acq_date":"2026-04-06","frp":4.1,"bright_ti4":332.31,"daynight":"D","alert_type":"new_source_at_industrial_site","severity":0.082}},{"type":"Feature","geometry":{"type":"Point","coordinates":[72.92432,18.85511]},"properties":{"cell_id":"3771_14585","acq_date":"2026-04-21","frp":4.09,"bright_ti4":311.26,"daynight":"N","alert_type":"new_source_at_industrial_site","severity":0.0818}},{"type":"Feature","geometry":{"type":"Point","coordinates":[91.54701,26.05808]},"properties":{"cell_id":"5212_18309","acq_date":"2026-02-22","frp":4.09,"bright_ti4":346.16,"daynight":"D","alert_type":"new_source_at_industrial_site","severity":0.0818}},{"type":"Feature","geometry":{"type":"Point","coordinates":[77.6628,13.09177]},"properties":{"cell_id":"2618_15533","acq_date":"2026-04-18","frp":4.09,"bright_ti4":336.52,"daynight":"D","alert_type":"new_source_at_industrial_site","severity":0.0818}},{"type":"Feature","geometry":{"type":"Point","coordinates":[77.47019,28.74833]},"properties":{"cell_id":"5750_15494","acq_date":"2026-02-11","frp":4.09,"bright_ti4":342.04,"daynight":"D","alert_type":"new_source_at_industrial_site","severity":0.0818}},{"type":"Feature","geometry":{"type":"Point","coordinates":[78.0108,13.14373]},"properties":{"cell_id":"2629_15602","acq_date":"2026-03-07","frp":4.09,"bright_ti4":340.1,"daynight":"D","alert_type":"new_source_at_industrial_site","severity":0.0818}},{"type":"Feature","geometry":{"type":"Point","coordinates":[78.12049,8.85922]},"properties":{"cell_id":"1772_15624","acq_date":"2026-02-11","frp":4.09,"bright_ti4":334.2,"daynight":"D","alert_type":"new_source_at_industrial_site","severity":0.0818}},{"type":"Feature","geometry":{"type":"Point","coordinates":[76.67148,22.52798]},"properties":{"cell_id":"4506_15334","acq_date":"2026-04-27","frp":4.09,"bright_ti4":346.56,"daynight":"D","alert_type":"new_source_at_industrial_site","severity":0.0818}},{"type":"Feature","geometry":{"type":"Point","coordinates":[83.57376,21.16443]},"properties":{"cell_id":"4233_16715","acq_date":"2026-01-06","frp":4.08,"bright_ti4":338.51,"daynight":"D","alert_type":"new_source_at_industrial_site","severity":0.0816}},{"type":"Feature","geometry":{"type":"Point","coordinates":[78.12749,26.30233]},"properties":{"cell_id":"5260_15625","acq_date":"2026-04-18","frp":4.08,"bright_ti4":345.3,"daynight":"D","alert_type":"new_source_at_industrial_site","severity":0.0816}},{"type":"Feature","geometry":{"type":"Point","coordinates":[83.45151,27.42152]},"properties":{"cell_id":"5484_16690","acq_date":"2026-04-18","frp":4.08,"bright_ti4":333.94,"daynight":"D","alert_type":"new_source_at_industrial_site","severity":0.0816}},{"type":"Feature","geometry":{"type":"Point","coordinates":[78.1879,17.5559]},"properties":{"cell_id":"3511_15638","acq_date":"2026-02-04","frp":4.08,"bright_ti4":336.48,"daynight":"D","alert_type":"new_source_at_industrial_site","severity":0.0816}},{"type":"Feature","geometry":{"type":"Point","coordinates":[83.5726,21.16928]},"properties":{"cell_id":"4234_16715","acq_date":"2026-01-06","frp":4.08,"bright_ti4":339.56,"daynight":"D","alert_type":"new_source_at_industrial_site","severity":0.0816}},{"type":"Feature","geometry":{"type":"Point","coordinates":[73.11253,19.50982]},"properties":{"cell_id":"3902_14623","acq_date":"2026-01-07","frp":4.08,"bright_ti4":344.43,"daynight":"D","alert_type":"new_source_at_industrial_site","severity":0.0816}},{"type":"Feature","geometry":{"type":"Point","coordinates":[84.923,21.84784]},"properties":{"cell_id":"4370_16985","acq_date":"2026-01-18","frp":4.08,"bright_ti4":338.64,"daynight":"D","alert_type":"new_source_at_industrial_site","severity":0.0816}},{"type":"Feature","geometry":{"type":"Point","coordinates":[79.90993,13.23638]},"properties":{"cell_id":"2647_15982","acq_date":"2026-04-03","frp":4.08,"bright_ti4":338.67,"daynight":"D","alert_type":"new_source_at_industrial_site","severity":0.0816}},{"type":"Feature","geometry":{"type":"Point","coordinates":[79.36617,21.25609]},"properties":{"cell_id":"4251_15873","acq_date":"2026-04-18","frp":4.08,"bright_ti4":318.35,"daynight":"N","alert_type":"new_source_at_industrial_site","severity":0.0816}},{"type":"Feature","geometry":{"type":"Point","coordinates":[77.781,12.64439]},"properties":{"cell_id":"2529_15556","acq_date":"2026-04-14","frp":4.07,"bright_ti4":344.13,"daynight":"D","alert_type":"new_source_at_industrial_site","severity":0.0814}},{"type":"Feature","geometry":{"type":"Point","coordinates":[69.74334,22.35126]},"properties":{"cell_id":"4470_13949","acq_date":"2026-03-21","frp":4.07,"bright_ti4":344.29,"daynight":"D","alert_type":"new_source_at_industrial_site","severity":0.0814}},{"type":"Feature","geometry":{"type":"Point","coordinates":[73.14651,18.52605]},"properties":{"cell_id":"3705_14629","acq_date":"2026-04-19","frp":4.07,"bright_ti4":334.98,"daynight":"D","alert_type":"new_source_at_industrial_site","severity":0.0814}},{"type":"Feature","geometry":{"type":"Point","coordinates":[77.27225,13.95052]},"properties":{"cell_id":"2790_15454","acq_date":"2026-02-04","frp":4.06,"bright_ti4":344.1,"daynight":"D","alert_type":"new_source_at_industrial_site","severity":0.0812}},{"type":"Feature","geometry":{"type":"Point","coordinates":[77.94148,10.48063]},"properties":{"cell_id":"2096_15588","acq_date":"2026-03-30","frp":4.06,"bright_ti4":339.48,"daynight":"D","alert_type":"new_source_at_industrial_site","severity":0.0812}},{"type":"Feature","geometry":{"type":"Point","coordinates":[70.4599,21.5797]},"properties":{"cell_id":"4316_14092","acq_date":"2026-02-11","frp":4.06,"bright_ti4":354.43,"daynight":"D","alert_type":"new_source_at_industrial_site","severity":0.0812}},{"type":"Feature","geometry":{"type":"Point","coordinates":[77.94461,10.48548]},"properties":{"cell_id":"2097_15589","acq_date":"2026-03-30","frp":4.06,"bright_ti4":335.13,"daynight":"D","alert_type":"new_source_at_industrial_site","severity":0.0812}},{"type":"Feature","geometry":{"type":"Point","coordinates":[78.49664,17.71884]},"properties":{"cell_id":"3544_15699","acq_date":"2026-03-25","frp":4.06,"bright_ti4":330.26,"daynight":"D","alert_type":"new_source_at_industrial_site","severity":0.0812}},{"type":"Feature","geometry":{"type":"Point","coordinates":[77.32144,28.1982]},"properties":{"cell_id":"5640_15464","acq_date":"2026-04-27","frp":4.06,"bright_ti4":342.93,"daynight":"D","alert_type":"new_source_at_industrial_site","severity":0.0812}},{"type":"Feature","geometry":{"type":"Point","coordinates":[70.65723,22.29039]},"properties":{"cell_id":"4458_14131","acq_date":"2026-03-25","frp":4.06,"bright_ti4":341.12,"daynight":"D","alert_type":"new_source_at_industrial_site","severity":0.0812}},{"type":"Feature","geometry":{"type":"Point","coordinates":[85.44899,23.59978]},"properties":{"cell_id":"4720_17090","acq_date":"2026-03-14","frp":4.06,"bright_ti4":332.44,"daynight":"D","alert_type":"new_source_at_industrial_site","severity":0.0812}},{"type":"Feature","geometry":{"type":"Point","coordinates":[82.71342,24.20156]},"properties":{"cell_id":"4840_16543","acq_date":"2026-04-18","frp":4.05,"bright_ti4":306.56,"daynight":"N","alert_type":"new_source_at_industrial_site","severity":0.081}},{"type":"Feature","geometry":{"type":"Point","coordinates":[77.51624,23.08482]},"properties":{"cell_id":"4617_15503","acq_date":"2026-04-18","frp":4.05,"bright_ti4":324.69,"daynight":"N","alert_type":"new_source_at_industrial_site","severity":0.081}},{"type":"Feature","geometry":{"type":"Point","coordinates":[77.65511,14.56918]},"properties":{"cell_id":"2914_15531","acq_date":"2026-03-18","frp":4.05,"bright_ti4":342.12,"daynight":"D","alert_type":"new_source_at_industrial_site","severity":0.081}},{"type":"Feature","geometry":{"type":"Point","coordinates":[72.89246,20.41998]},"properties":{"cell_id":"4084_14578","acq_date":"2026-01-05","frp":4.05,"bright_ti4":341.82,"daynight":"D","alert_type":"new_source_at_industrial_site","severity":0.081}},{"type":"Feature","geometry":{"type":"Point","coordinates":[84.7734,23.7098]},"properties":{"cell_id":"4742_16955","acq_date":"2026-02-25","frp":4.05,"bright_ti4":352.59,"daynight":"D","alert_type":"new_source_at_industrial_site","severity":0.081}},{"type":"Feature","geometry":{"type":"Point","coordinates":[83.62473,18.14321]},"properties":{"cell_id":"3629_16725","acq_date":"2026-01-10","frp":4.05,"bright_ti4":333.53,"daynight":"D","alert_type":"new_source_at_industrial_site","severity":0.081}},{"type":"Feature","geometry":{"type":"Point","coordinates":[83.66082,21.34849]},"properties":{"cell_id":"4270_16732","acq_date":"2026-01-20","frp":4.05,"bright_ti4":334.96,"daynight":"D","alert_type":"new_source_at_industrial_site","severity":0.081}},{"type":"Feature","geometry":{"type":"Point","coordinates":[76.38036,15.16248]},"properties":{"cell_id":"3032_15276","acq_date":"2026-03-17","frp":4.05,"bright_ti4":338.3,"daynight":"D","alert_type":"new_source_at_industrial_site","severity":0.081}},{"type":"Feature","geometry":{"type":"Point","coordinates":[79.92836,12.92092]},"properties":{"cell_id":"2584_15986","acq_date":"2026-03-13","frp":4.05,"bright_ti4":335.59,"daynight":"D","alert_type":"new_source_at_industrial_site","severity":0.081}},{"type":"Feature","geometry":{"type":"Point","coordinates":[79.37988,21.19788]},"properties":{"cell_id":"4240_15876","acq_date":"2026-04-07","frp":4.04,"bright_ti4":333.94,"daynight":"D","alert_type":"new_source_at_industrial_site","severity":0.0808}},{"type":"Feature","geometry":{"type":"Point","coordinates":[69.74892,23.20813]},"properties":{"cell_id":"4642_13950","acq_date":"2026-01-08","frp":4.04,"bright_ti4":342.0,"daynight":"D","alert_type":"new_source_at_industrial_site","severity":0.0808}},{"type":"Feature","geometry":{"type":"Point","coordinates":[72.89219,20.41943]},"properties":{"cell_id":"4084_14578","acq_date":"2026-01-05","frp":4.03,"bright_ti4":347.05,"daynight":"D","alert_type":"new_source_at_industrial_site","severity":0.0806}},{"type":"Feature","geometry":{"type":"Point","coordinates":[84.97272,23.67626]},"properties":{"cell_id":"4735_16995","acq_date":"2026-04-21","frp":4.03,"bright_ti4":339.66,"daynight":"D","alert_type":"new_source_at_industrial_site","severity":0.0806}},{"type":"Feature","geometry":{"type":"Point","coordinates":[78.07285,8.80868]},"properties":{"cell_id":"1762_15615","acq_date":"2026-03-13","frp":4.03,"bright_ti4":339.87,"daynight":"D","alert_type":"new_source_at_industrial_site","severity":0.0806}},{"type":"Feature","geometry":{"type":"Point","coordinates":[79.03047,21.03162]},"properties":{"cell_id":"4206_15806","acq_date":"2026-03-04","frp":4.03,"bright_ti4":341.96,"daynight":"D","alert_type":"new_source_at_industrial_site","severity":0.0806}},{"type":"Feature","geometry":{"type":"Point","coordinates":[72.64731,21.69995]},"properties":{"cell_id":"4340_14529","acq_date":"2026-03-31","frp":4.03,"bright_ti4":349.1,"daynight":"D","alert_type":"new_source_at_industrial_site","severity":0.0806}},{"type":"Feature","geometry":{"type":"Point","coordinates":[73.05875,18.90325]},"properties":{"cell_id":"3781_14612","acq_date":"2026-02-12","frp":4.03,"bright_ti4":335.03,"daynight":"D","alert_type":"new_source_at_industrial_site","severity":0.0806}},{"type":"Feature","geometry":{"type":"Point","coordinates":[84.92757,21.8047]},"properties":{"cell_id":"4361_16986","acq_date":"2026-02-17","frp":4.02,"bright_ti4":334.57,"daynight":"D","alert_type":"new_source_at_industrial_site","severity":0.0804}},{"type":"Feature","geometry":{"type":"Point","coordinates":[83.82092,21.23749]},"properties":{"cell_id":"4247_16764","acq_date":"2026-01-25","frp":4.02,"bright_ti4":333.89,"daynight":"D","alert_type":"new_source_at_industrial_site","severity":0.0804}},{"type":"Feature","geometry":{"type":"Point","coordinates":[77.86465,12.66761]},"properties":{"cell_id":"2534_15573","acq_date":"2026-02-04","frp":4.02,"bright_ti4":339.35,"daynight":"D","alert_type":"new_source_at_industrial_site","severity":0.0804}},{"type":"Feature","geometry":{"type":"Point","coordinates":[73.1224,21.66342]},"properties":{"cell_id":"4333_14624","acq_date":"2026-04-06","frp":4.02,"bright_ti4":337.26,"daynight":"D","alert_type":"new_source_at_industrial_site","severity":0.0804}},{"type":"Feature","geometry":{"type":"Point","coordinates":[70.34489,21.48524]},"properties":{"cell_id":"4297_14069","acq_date":"2026-03-21","frp":4.01,"bright_ti4":333.34,"daynight":"D","alert_type":"new_source_at_industrial_site","severity":0.0802}},{"type":"Feature","geometry":{"type":"Point","coordinates":[77.60499,13.16197]},"properties":{"cell_id":"2632_15521","acq_date":"2026-03-02","frp":4.01,"bright_ti4":338.58,"daynight":"D","alert_type":"new_source_at_industrial_site","severity":0.0802}},{"type":"Feature","geometry":{"type":"Point","coordinates":[74.45617,16.92169]},"properties":{"cell_id":"3384_14891","acq_date":"2026-01-10","frp":4.01,"bright_ti4":333.36,"daynight":"D","alert_type":"new_source_at_industrial_site","severity":0.0802}},{"type":"Feature","geometry":{"type":"Point","coordinates":[83.76364,26.73495]},"properties":{"cell_id":"5347_16753","acq_date":"2026-04-20","frp":4.01,"bright_ti4":342.84,"daynight":"D","alert_type":"new_source_at_industrial_site","severity":0.0802}},{"type":"Feature","geometry":{"type":"Point","coordinates":[81.66753,21.3496]},"properties":{"cell_id":"4270_16334","acq_date":"2026-02-27","frp":4.01,"bright_ti4":336.04,"daynight":"D","alert_type":"new_source_at_industrial_site","severity":0.0802}},{"type":"Feature","geometry":{"type":"Point","coordinates":[80.0796,13.40047]},"properties":{"cell_id":"2680_16016","acq_date":"2026-02-20","frp":4.01,"bright_ti4":339.63,"daynight":"D","alert_type":"new_source_at_industrial_site","severity":0.0802}},{"type":"Feature","geometry":{"type":"Point","coordinates":[81.6609,21.34854]},"properties":{"cell_id":"4270_16332","acq_date":"2026-04-02","frp":4.01,"bright_ti4":314.05,"daynight":"N","alert_type":"new_source_at_industrial_site","severity":0.0802}},{"type":"Feature","geometry":{"type":"Point","coordinates":[77.84985,13.13004]},"properties":{"cell_id":"2626_15570","acq_date":"2026-03-14","frp":4.0,"bright_ti4":345.73,"daynight":"D","alert_type":"new_source_at_industrial_site","severity":0.08}},{"type":"Feature","geometry":{"type":"Point","coordinates":[73.72244,19.99412]},"properties":{"cell_id":"3999_14744","acq_date":"2026-02-14","frp":4.0,"bright_ti4":344.68,"daynight":"D","alert_type":"new_source_at_industrial_site","severity":0.08}},{"type":"Feature","geometry":{"type":"Point","coordinates":[77.56677,12.84284]},"properties":{"cell_id":"2569_15513","acq_date":"2026-01-23","frp":4.0,"bright_ti4":335.71,"daynight":"N","alert_type":"new_source_at_industrial_site","severity":0.08}},{"type":"Feature","geometry":{"type":"Point","coordinates":[83.1099,27.39824]},"properties":{"cell_id":"5480_16622","acq_date":"2026-04-11","frp":4.0,"bright_ti4":340.34,"daynight":"D","alert_type":"new_source_at_industrial_site","severity":0.08}},{"type":"Feature","geometry":{"type":"Point","coordinates":[83.10485,27.40096]},"properties":{"cell_id":"5480_16621","acq_date":"2026-04-11","frp":4.0,"bright_ti4":345.43,"daynight":"D","alert_type":"new_source_at_industrial_site","severity":0.08}},{"type":"Feature","geometry":{"type":"Point","coordinates":[82.56936,20.92473]},"properties":{"cell_id":"4185_16514","acq_date":"2026-01-05","frp":4.0,"bright_ti4":330.26,"daynight":"D","alert_type":"new_source_at_industrial_site","severity":0.08}},{"type":"Feature","geometry":{"type":"Point","coordinates":[72.65592,21.09184]},"properties":{"cell_id":"4218_14531","acq_date":"2026-02-14","frp":4.0,"bright_ti4":331.19,"daynight":"N","alert_type":"new_source_at_industrial_site","severity":0.08}},{"type":"Feature","geometry":{"type":"Point","coordinates":[75.57303,22.61851]},"properties":{"cell_id":"4524_15115","acq_date":"2026-04-22","frp":3.99,"bright_ti4":344.78,"daynight":"D","alert_type":"new_source_at_industrial_site","severity":0.0798}},{"type":"Feature","geometry":{"type":"Point","coordinates":[75.57247,22.62483]},"properties":{"cell_id":"4525_15114","acq_date":"2026-04-22","frp":3.99,"bright_ti4":341.72,"daynight":"D","alert_type":"new_source_at_industrial_site","severity":0.0798}},{"type":"Feature","geometry":{"type":"Point","coordinates":[77.7806,12.54306]},"properties":{"cell_id":"2509_15556","acq_date":"2026-02-23","frp":3.98,"bright_ti4":339.7,"daynight":"D","alert_type":"new_source_at_industrial_site","severity":0.0796}},{"type":"Feature","geometry":{"type":"Point","coordinates":[80.0754,16.95351]},"properties":{"cell_id":"3391_16015","acq_date":"2026-04-20","frp":3.98,"bright_ti4":336.58,"daynight":"D","alert_type":"new_source_at_industrial_site","severity":0.0796}},{"type":"Feature","geometry":{"type":"Point","coordinates":[79.36572,21.25368]},"properties":{"cell_id":"4251_15873","acq_date":"2026-04-16","frp":3.98,"bright_ti4":355.27,"daynight":"D","alert_type":"new_source_at_industrial_site","severity":0.0796}},{"type":"Feature","geometry":{"type":"Point","coordinates":[73.84539,19.23272]},"properties":{"cell_id":"3847_14769","acq_date":"2026-02-09","frp":3.98,"bright_ti4":336.28,"daynight":"D","alert_type":"new_source_at_industrial_site","severity":0.0796}},{"type":"Feature","geometry":{"type":"Point","coordinates":[72.91126,19.38498]},"properties":{"cell_id":"3877_14582","acq_date":"2026-03-17","frp":3.97,"bright_ti4":338.28,"daynight":"D","alert_type":"new_source_at_industrial_site","severity":0.0794}},{"type":"Feature","geometry":{"type":"Point","coordinates":[74.5099,18.93501]},"properties":{"cell_id":"3787_14902","acq_date":"2026-03-28","frp":3.97,"bright_ti4":339.3,"daynight":"D","alert_type":"new_source_at_industrial_site","severity":0.0794}},{"type":"Feature","geometry":{"type":"Point","coordinates":[77.56404,13.08061]},"properties":{"cell_id":"2616_15513","acq_date":"2026-01-27","frp":3.97,"bright_ti4":337.04,"daynight":"D","alert_type":"new_source_at_industrial_site","severity":0.0794}},{"type":"Feature","geometry":{"type":"Point","coordinates":[87.1024,23.67556]},"properties":{"cell_id":"4735_17420","acq_date":"2026-02-28","frp":3.97,"bright_ti4":341.88,"daynight":"D","alert_type":"new_source_at_industrial_site","severity":0.0794}},{"type":"Feature","geometry":{"type":"Point","coordinates":[76.8028,28.46509]},"properties":{"cell_id":"5693_15361","acq_date":"2026-04-05","frp":3.97,"bright_ti4":330.99,"daynight":"D","alert_type":"new_source_at_industrial_site","severity":0.0794}},{"type":"Feature","geometry":{"type":"Point","coordinates":[74.36827,18.31806]},"properties":{"cell_id":"3664_14874","acq_date":"2026-02-09","frp":3.97,"bright_ti4":341.24,"daynight":"D","alert_type":"new_source_at_industrial_site","severity":0.0794}},{"type":"Feature","geometry":{"type":"Point","coordinates":[72.44608,22.32125]},"properties":{"cell_id":"4464_14489","acq_date":"2026-01-13","frp":3.97,"bright_ti4":344.46,"daynight":"D","alert_type":"new_source_at_industrial_site","severity":0.0794}},{"type":"Feature","geometry":{"type":"Point","coordinates":[95.21867,27.36543]},"properties":{"cell_id":"5473_19044","acq_date":"2026-02-22","frp":3.97,"bright_ti4":367.0,"daynight":"D","alert_type":"new_source_at_industrial_site","severity":0.0794}},{"type":"Feature","geometry":{"type":"Point","coordinates":[83.00079,27.41548]},"properties":{"cell_id":"5483_16600","acq_date":"2026-04-17","frp":3.95,"bright_ti4":330.31,"daynight":"D","alert_type":"new_source_at_industrial_site","severity":0.079}},{"type":"Feature","geometry":{"type":"Point","coordinates":[73.174,19.33366]},"properties":{"cell_id":"3867_14635","acq_date":"2026-04-26","frp":3.95,"bright_ti4":316.78,"daynight":"N","alert_type":"new_source_at_industrial_site","severity":0.079}},{"type":"Feature","geometry":{"type":"Point","coordinates":[73.82766,15.63718]},"properties":{"cell_id":"3127_14766","acq_date":"2026-01-20","frp":3.95,"bright_ti4":333.8,"daynight":"D","alert_type":"new_source_at_industrial_site","severity":0.079}},{"type":"Feature","geometry":{"type":"Point","coordinates":[79.47045,13.63139]},"properties":{"cell_id":"2726_15894","acq_date":"2026-03-23","frp":3.94,"bright_ti4":341.83,"daynight":"D","alert_type":"new_source_at_industrial_site","severity":0.0788}},{"type":"Feature","geometry":{"type":"Point","coordinates":[83.13541,21.04726]},"properties":{"cell_id":"4209_16627","acq_date":"2026-03-14","frp":3.94,"bright_ti4":347.97,"daynight":"D","alert_type":"new_source_at_industrial_site","severity":0.0788}},{"type":"Feature","geometry":{"type":"Point","coordinates":[77.70921,13.15947]},"properties":{"cell_id":"2632_15542","acq_date":"2026-03-14","frp":3.94,"bright_ti4":343.69,"daynight":"D","alert_type":"new_source_at_industrial_site","severity":0.0788}},{"type":"Feature","geometry":{"type":"Point","coordinates":[74.53316,17.32112]},"properties":{"cell_id":"3464_14907","acq_date":"2026-03-18","frp":3.93,"bright_ti4":338.92,"daynight":"D","alert_type":"new_source_at_industrial_site","severity":0.0786}},{"type":"Feature","geometry":{"type":"Point","coordinates":[74.52945,17.32053]},"properties":{"cell_id":"3464_14906","acq_date":"2026-03-18","frp":3.93,"bright_ti4":338.37,"daynight":"D","alert_type":"new_source_at_industrial_site","severity":0.0786}},{"type":"Feature","geometry":{"type":"Point","coordinates":[78.82193,21.54218]},"properties":{"cell_id":"4308_15764","acq_date":"2026-02-27","frp":3.93,"bright_ti4":330.79,"daynight":"D","alert_type":"new_source_at_industrial_site","severity":0.0786}},{"type":"Feature","geometry":{"type":"Point","coordinates":[74.92413,33.79576]},"properties":{"cell_id":"6759_14985","acq_date":"2026-03-25","frp":3.93,"bright_ti4":327.94,"daynight":"D","alert_type":"new_source_at_industrial_site","severity":0.0786}},{"type":"Feature","geometry":{"type":"Point","coordinates":[77.65944,13.0519]},"properties":{"cell_id":"2610_15532","acq_date":"2026-02-14","frp":3.93,"bright_ti4":336.44,"daynight":"D","alert_type":"new_source_at_industrial_site","severity":0.0786}},{"type":"Feature","geometry":{"type":"Point","coordinates":[86.60379,20.25836]},"properties":{"cell_id":"4052_17321","acq_date":"2026-04-26","frp":3.92,"bright_ti4":317.48,"daynight":"N","alert_type":"new_source_at_industrial_site","severity":0.0784}},{"type":"Feature","geometry":{"type":"Point","coordinates":[79.90976,12.88203]},"properties":{"cell_id":"2576_15982","acq_date":"2026-03-08","frp":3.92,"bright_ti4":333.52,"daynight":"D","alert_type":"new_source_at_industrial_site","severity":0.0784}},{"type":"Feature","geometry":{"type":"Point","coordinates":[79.20055,21.1437]},"properties":{"cell_id":"4229_15840","acq_date":"2026-01-24","frp":3.92,"bright_ti4":338.25,"daynight":"D","alert_type":"new_source_at_industrial_site","severity":0.0784}},{"type":"Feature","geometry":{"type":"Point","coordinates":[79.94343,12.85839]},"properties":{"cell_id":"2572_15989","acq_date":"2026-04-26","frp":3.92,"bright_ti4":335.06,"daynight":"D","alert_type":"new_source_at_industrial_site","severity":0.0784}},{"type":"Feature","geometry":{"type":"Point","coordinates":[77.92323,9.45183]},"properties":{"cell_id":"1890_15585","acq_date":"2026-02-15","frp":3.92,"bright_ti4":330.52,"daynight":"D","alert_type":"new_source_at_industrial_site","severity":0.0784}},{"type":"Feature","geometry":{"type":"Point","coordinates":[73.49276,18.10769]},"properties":{"cell_id":"3622_14699","acq_date":"2026-02-02","frp":3.92,"bright_ti4":337.13,"daynight":"D","alert_type":"new_source_at_industrial_site","severity":0.0784}},{"type":"Feature","geometry":{"type":"Point","coordinates":[76.01977,30.89188]},"properties":{"cell_id":"6178_15204","acq_date":"2026-04-15","frp":3.92,"bright_ti4":344.42,"daynight":"D","alert_type":"new_source_at_industrial_site","severity":0.0784}},{"type":"Feature","geometry":{"type":"Point","coordinates":[81.73647,17.01005]},"properties":{"cell_id":"3402_16347","acq_date":"2026-02-05","frp":3.91,"bright_ti4":341.96,"daynight":"D","alert_type":"new_source_at_industrial_site","severity":0.0782}},{"type":"Feature","geometry":{"type":"Point","coordinates":[76.69784,12.15535]},"properties":{"cell_id":"2431_15340","acq_date":"2026-03-04","frp":3.91,"bright_ti4":337.35,"daynight":"D","alert_type":"new_source_at_industrial_site","severity":0.0782}},{"type":"Feature","geometry":{"type":"Point","coordinates":[82.57668,20.92385]},"properties":{"cell_id":"4185_16515","acq_date":"2026-01-18","frp":3.91,"bright_ti4":339.6,"daynight":"D","alert_type":"new_source_at_industrial_site","severity":0.0782}},{"type":"Feature","geometry":{"type":"Point","coordinates":[75.97097,22.88898]},"properties":{"cell_id":"4578_15194","acq_date":"2026-04-02","frp":3.91,"bright_ti4":340.05,"daynight":"D","alert_type":"new_source_at_industrial_site","severity":0.0782}},{"type":"Feature","geometry":{"type":"Point","coordinates":[84.75787,22.31083]},"properties":{"cell_id":"4462_16952","acq_date":"2026-03-09","frp":3.91,"bright_ti4":338.01,"daynight":"D","alert_type":"new_source_at_industrial_site","severity":0.0782}},{"type":"Feature","geometry":{"type":"Point","coordinates":[80.14796,13.3113]},"properties":{"cell_id":"2662_16030","acq_date":"2026-04-13","frp":3.91,"bright_ti4":332.83,"daynight":"D","alert_type":"new_source_at_industrial_site","severity":0.0782}},{"type":"Feature","geometry":{"type":"Point","coordinates":[78.99317,15.92178]},"properties":{"cell_id":"3184_15799","acq_date":"2026-04-24","frp":3.9,"bright_ti4":340.18,"daynight":"D","alert_type":"new_source_at_industrial_site","severity":0.078}},{"type":"Feature","geometry":{"type":"Point","coordinates":[73.33729,27.79644]},"properties":{"cell_id":"5559_14667","acq_date":"2026-03-08","frp":3.9,"bright_ti4":330.04,"daynight":"N","alert_type":"new_source_at_industrial_site","severity":0.078}},{"type":"Feature","geometry":{"type":"Point","coordinates":[93.87788,24.80574]},"properties":{"cell_id":"4961_18776","acq_date":"2026-02-15","frp":3.89,"bright_ti4":333.05,"daynight":"D","alert_type":"new_source_at_industrial_site","severity":0.0778}},{"type":"Feature","geometry":{"type":"Point","coordinates":[79.07578,20.63452]},"properties":{"cell_id":"4127_15815","acq_date":"2026-03-28","frp":3.89,"bright_ti4":339.56,"daynight":"N","alert_type":"new_source_at_industrial_site","severity":0.0778}},{"type":"Feature","geometry":{"type":"Point","coordinates":[77.57925,17.69556]},"properties":{"cell_id":"3539_15516","acq_date":"2026-02-08","frp":3.89,"bright_ti4":346.23,"daynight":"D","alert_type":"new_source_at_industrial_site","severity":0.0778}},{"type":"Feature","geometry":{"type":"Point","coordinates":[85.95023,20.51948]},"properties":{"cell_id":"4104_17190","acq_date":"2026-01-12","frp":3.89,"bright_ti4":330.97,"daynight":"D","alert_type":"new_source_at_industrial_site","severity":0.0778}},{"type":"Feature","geometry":{"type":"Point","coordinates":[79.0769,20.63927]},"properties":{"cell_id":"4128_15815","acq_date":"2026-03-28","frp":3.89,"bright_ti4":322.28,"daynight":"N","alert_type":"new_source_at_industrial_site","severity":0.0778}},{"type":"Feature","geometry":{"type":"Point","coordinates":[73.10529,19.51897]},"properties":{"cell_id":"3904_14621","acq_date":"2026-01-11","frp":3.88,"bright_ti4":337.11,"daynight":"D","alert_type":"new_source_at_industrial_site","severity":0.0776}},{"type":"Feature","geometry":{"type":"Point","coordinates":[86.49535,22.5518]},"properties":{"cell_id":"4510_17299","acq_date":"2026-02-16","frp":3.88,"bright_ti4":338.93,"daynight":"D","alert_type":"new_source_at_industrial_site","severity":0.0776}},{"type":"Feature","geometry":{"type":"Point","coordinates":[71.9201,27.48579]},"properties":{"cell_id":"5497_14384","acq_date":"2026-02-14","frp":3.88,"bright_ti4":335.56,"daynight":"D","alert_type":"new_source_at_industrial_site","severity":0.0776}},{"type":"Feature","geometry":{"type":"Point","coordinates":[86.48712,22.56143]},"properties":{"cell_id":"4512_17297","acq_date":"2026-01-19","frp":3.88,"bright_ti4":336.79,"daynight":"D","alert_type":"new_source_at_industrial_site","severity":0.0776}},{"type":"Feature","geometry":{"type":"Point","coordinates":[84.45538,27.10744]},"properties":{"cell_id":"5421_16891","acq_date":"2026-02-27","frp":3.87,"bright_ti4":335.92,"daynight":"D","alert_type":"new_source_at_industrial_site","severity":0.0774}},{"type":"Feature","geometry":{"type":"Point","coordinates":[82.6579,22.09331]},"properties":{"cell_id":"4419_16532","acq_date":"2026-03-03","frp":3.87,"bright_ti4":336.24,"daynight":"D","alert_type":"new_source_at_industrial_site","severity":0.0774}},{"type":"Feature","geometry":{"type":"Point","coordinates":[83.37354,27.32924]},"properties":{"cell_id":"5466_16675","acq_date":"2026-04-13","frp":3.86,"bright_ti4":333.65,"daynight":"D","alert_type":"new_source_at_industrial_site","severity":0.0772}},{"type":"Feature","geometry":{"type":"Point","coordinates":[81.8483,21.39281]},"properties":{"cell_id":"4279_16370","acq_date":"2026-02-03","frp":3.86,"bright_ti4":353.29,"daynight":"D","alert_type":"new_source_at_industrial_site","severity":0.0772}},{"type":"Feature","geometry":{"type":"Point","coordinates":[80.02225,13.51303]},"properties":{"cell_id":"2703_16004","acq_date":"2026-03-25","frp":3.86,"bright_ti4":331.85,"daynight":"D","alert_type":"new_source_at_industrial_site","severity":0.0772}},{"type":"Feature","geometry":{"type":"Point","coordinates":[83.37529,27.32354]},"properties":{"cell_id":"5465_16675","acq_date":"2026-04-13","frp":3.86,"bright_ti4":337.49,"daynight":"D","alert_type":"new_source_at_industrial_site","severity":0.0772}},{"type":"Feature","geometry":{"type":"Point","coordinates":[77.9727,9.6863]},"properties":{"cell_id":"1937_15595","acq_date":"2026-03-02","frp":3.86,"bright_ti4":344.51,"daynight":"D","alert_type":"new_source_at_industrial_site","severity":0.0772}},{"type":"Feature","geometry":{"type":"Point","coordinates":[83.36902,27.32813]},"properties":{"cell_id":"5466_16674","acq_date":"2026-04-13","frp":3.86,"bright_ti4":348.18,"daynight":"D","alert_type":"new_source_at_industrial_site","severity":0.0772}},{"type":"Feature","geometry":{"type":"Point","coordinates":[77.27737,10.93073]},"properties":{"cell_id":"2186_15455","acq_date":"2026-01-08","frp":3.85,"bright_ti4":342.45,"daynight":"D","alert_type":"new_source_at_industrial_site","severity":0.077}},{"type":"Feature","geometry":{"type":"Point","coordinates":[71.95898,27.53515]},"properties":{"cell_id":"5507_14392","acq_date":"2026-02-14","frp":3.85,"bright_ti4":349.22,"daynight":"D","alert_type":"new_source_at_industrial_site","severity":0.077}},{"type":"Feature","geometry":{"type":"Point","coordinates":[79.99432,13.01462]},"properties":{"cell_id":"2603_15999","acq_date":"2026-03-24","frp":3.85,"bright_ti4":334.16,"daynight":"D","alert_type":"new_source_at_industrial_site","severity":0.077}},{"type":"Feature","geometry":{"type":"Point","coordinates":[71.95505,27.53451]},"properties":{"cell_id":"5507_14391","acq_date":"2026-02-14","frp":3.85,"bright_ti4":348.68,"daynight":"D","alert_type":"new_source_at_industrial_site","severity":0.077}},{"type":"Feature","geometry":{"type":"Point","coordinates":[73.00146,21.33877]},"properties":{"cell_id":"4268_14600","acq_date":"2026-01-29","frp":3.85,"bright_ti4":348.16,"daynight":"D","alert_type":"new_source_at_industrial_site","severity":0.077}},{"type":"Feature","geometry":{"type":"Point","coordinates":[73.00085,21.34213]},"properties":{"cell_id":"4268_14600","acq_date":"2026-01-29","frp":3.85,"bright_ti4":348.75,"daynight":"D","alert_type":"new_source_at_industrial_site","severity":0.077}},{"type":"Feature","geometry":{"type":"Point","coordinates":[77.78762,12.74654]},"properties":{"cell_id":"2549_15558","acq_date":"2026-01-18","frp":3.85,"bright_ti4":341.37,"daynight":"D","alert_type":"new_source_at_industrial_site","severity":0.077}},{"type":"Feature","geometry":{"type":"Point","coordinates":[71.95438,27.53784]},"properties":{"cell_id":"5508_14391","acq_date":"2026-02-14","frp":3.85,"bright_ti4":354.7,"daynight":"D","alert_type":"new_source_at_industrial_site","severity":0.077}},{"type":"Feature","geometry":{"type":"Point","coordinates":[71.95831,27.53847]},"properties":{"cell_id":"5508_14392","acq_date":"2026-02-14","frp":3.85,"bright_ti4":352.75,"daynight":"D","alert_type":"new_source_at_industrial_site","severity":0.077}},{"type":"Feature","geometry":{"type":"Point","coordinates":[83.78934,21.37058]},"properties":{"cell_id":"4274_16758","acq_date":"2026-01-09","frp":3.85,"bright_ti4":335.04,"daynight":"D","alert_type":"new_source_at_industrial_site","severity":0.077}},{"type":"Feature","geometry":{"type":"Point","coordinates":[77.34595,28.53152]},"properties":{"cell_id":"5706_15469","acq_date":"2026-02-26","frp":3.85,"bright_ti4":342.28,"daynight":"D","alert_type":"new_source_at_industrial_site","severity":0.077}},{"type":"Feature","geometry":{"type":"Point","coordinates":[70.64867,21.7267]},"properties":{"cell_id":"4345_14130","acq_date":"2026-03-25","frp":3.85,"bright_ti4":338.36,"daynight":"D","alert_type":"new_source_at_industrial_site","severity":0.077}},{"type":"Feature","geometry":{"type":"Point","coordinates":[83.32906,27.18013]},"properties":{"cell_id":"5436_16666","acq_date":"2026-04-10","frp":3.85,"bright_ti4":339.5,"daynight":"D","alert_type":"new_source_at_industrial_site","severity":0.077}},{"type":"Feature","geometry":{"type":"Point","coordinates":[77.10883,13.37632]},"properties":{"cell_id":"2675_15422","acq_date":"2026-02-07","frp":3.84,"bright_ti4":333.43,"daynight":"D","alert_type":"new_source_at_industrial_site","severity":0.0768}},{"type":"Feature","geometry":{"type":"Point","coordinates":[79.37697,21.1602]},"properties":{"cell_id":"4232_15875","acq_date":"2026-01-25","frp":3.84,"bright_ti4":346.8,"daynight":"D","alert_type":"new_source_at_industrial_site","severity":0.0768}},{"type":"Feature","geometry":{"type":"Point","coordinates":[77.79419,12.90111]},"properties":{"cell_id":"2580_15559","acq_date":"2026-03-06","frp":3.84,"bright_ti4":341.82,"daynight":"D","alert_type":"new_source_at_industrial_site","severity":0.0768}},{"type":"Feature","geometry":{"type":"Point","coordinates":[73.81937,18.73758]},"properties":{"cell_id":"3748_14764","acq_date":"2026-02-26","frp":3.84,"bright_ti4":343.13,"daynight":"D","alert_type":"new_source_at_industrial_site","severity":0.0768}},{"type":"Feature","geometry":{"type":"Point","coordinates":[69.85641,22.33737]},"properties":{"cell_id":"4467_13971","acq_date":"2026-01-15","frp":3.83,"bright_ti4":304.18,"daynight":"N","alert_type":"new_source_at_industrial_site","severity":0.0766}},{"type":"Feature","geometry":{"type":"Point","coordinates":[77.00754,15.00472]},"properties":{"cell_id":"3001_15402","acq_date":"2026-01-14","frp":3.83,"bright_ti4":337.9,"daynight":"D","alert_type":"new_source_at_industrial_site","severity":0.0766}},{"type":"Feature","geometry":{"type":"Point","coordinates":[77.34581,28.0422]},"properties":{"cell_id":"5608_15469","acq_date":"2026-01-09","frp":3.83,"bright_ti4":336.61,"daynight":"D","alert_type":"new_source_at_industrial_site","severity":0.0766}},{"type":"Feature","geometry":{"type":"Point","coordinates":[77.6765,13.09537]},"properties":{"cell_id":"2619_15535","acq_date":"2026-01-07","frp":3.83,"bright_ti4":337.58,"daynight":"D","alert_type":"new_source_at_industrial_site","severity":0.0766}},{"type":"Feature","geometry":{"type":"Point","coordinates":[83.33898,27.17154]},"properties":{"cell_id":"5434_16668","acq_date":"2026-04-07","frp":3.83,"bright_ti4":335.86,"daynight":"D","alert_type":"new_source_at_industrial_site","severity":0.0766}},{"type":"Feature","geometry":{"type":"Point","coordinates":[80.33601,16.31236]},"properties":{"cell_id":"3262_16067","acq_date":"2026-03-13","frp":3.83,"bright_ti4":337.5,"daynight":"D","alert_type":"new_source_at_industrial_site","severity":0.0766}},{"type":"Feature","geometry":{"type":"Point","coordinates":[80.33653,16.30881]},"properties":{"cell_id":"3262_16067","acq_date":"2026-03-13","frp":3.83,"bright_ti4":339.9,"daynight":"D","alert_type":"new_source_at_industrial_site","severity":0.0766}},{"type":"Feature","geometry":{"type":"Point","coordinates":[81.90834,25.33554]},"properties":{"cell_id":"5067_16382","acq_date":"2026-04-26","frp":3.82,"bright_ti4":308.26,"daynight":"N","alert_type":"new_source_at_industrial_site","severity":0.0764}},{"type":"Feature","geometry":{"type":"Point","coordinates":[87.08101,23.66178]},"properties":{"cell_id":"4732_17416","acq_date":"2026-03-28","frp":3.82,"bright_ti4":347.85,"daynight":"D","alert_type":"new_source_at_industrial_site","severity":0.0764}},{"type":"Feature","geometry":{"type":"Point","coordinates":[81.68999,21.33339]},"properties":{"cell_id":"4267_16338","acq_date":"2026-02-06","frp":3.82,"bright_ti4":339.52,"daynight":"D","alert_type":"new_source_at_industrial_site","severity":0.0764}},{"type":"Feature","geometry":{"type":"Point","coordinates":[83.84294,21.75062]},"properties":{"cell_id":"4350_16769","acq_date":"2026-04-16","frp":3.82,"bright_ti4":312.2,"daynight":"N","alert_type":"new_source_at_industrial_site","severity":0.0764}},{"type":"Feature","geometry":{"type":"Point","coordinates":[76.96085,28.69996]},"properties":{"cell_id":"5740_15392","acq_date":"2026-04-12","frp":3.82,"bright_ti4":321.14,"daynight":"N","alert_type":"new_source_at_industrial_site","severity":0.0764}},{"type":"Feature","geometry":{"type":"Point","coordinates":[73.12181,19.51562]},"properties":{"cell_id":"3903_14624","acq_date":"2026-03-21","frp":3.81,"bright_ti4":349.16,"daynight":"D","alert_type":"new_source_at_industrial_site","severity":0.0762}},{"type":"Feature","geometry":{"type":"Point","coordinates":[77.25533,28.64324]},"properties":{"cell_id":"5729_15451","acq_date":"2026-04-12","frp":3.81,"bright_ti4":342.78,"daynight":"D","alert_type":"new_source_at_industrial_site","severity":0.0762}},{"type":"Feature","geometry":{"type":"Point","coordinates":[79.29754,12.66584]},"properties":{"cell_id":"2533_15860","acq_date":"2026-03-14","frp":3.81,"bright_ti4":337.3,"daynight":"D","alert_type":"new_source_at_industrial_site","severity":0.0762}},{"type":"Feature","geometry":{"type":"Point","coordinates":[86.04718,22.78421]},"properties":{"cell_id":"4557_17209","acq_date":"2026-02-27","frp":3.81,"bright_ti4":342.49,"daynight":"D","alert_type":"new_source_at_industrial_site","severity":0.0762}},{"type":"Feature","geometry":{"type":"Point","coordinates":[76.89243,15.64701]},"properties":{"cell_id":"3129_15378","acq_date":"2026-02-26","frp":3.8,"bright_ti4":342.45,"daynight":"D","alert_type":"new_source_at_industrial_site","severity":0.076}},{"type":"Feature","geometry":{"type":"Point","coordinates":[73.33041,19.47856]},"properties":{"cell_id":"3896_14666","acq_date":"2026-03-09","frp":3.8,"bright_ti4":350.95,"daynight":"D","alert_type":"new_source_at_industrial_site","severity":0.076}},{"type":"Feature","geometry":{"type":"Point","coordinates":[77.63623,9.50464]},"properties":{"cell_id":"1901_15527","acq_date":"2026-02-08","frp":3.8,"bright_ti4":332.19,"daynight":"D","alert_type":"new_source_at_industrial_site","severity":0.076}},{"type":"Feature","geometry":{"type":"Point","coordinates":[69.78583,21.67467]},"properties":{"cell_id":"4335_13957","acq_date":"2026-03-17","frp":3.8,"bright_ti4":342.72,"daynight":"D","alert_type":"new_source_at_industrial_site","severity":0.076}},{"type":"Feature","geometry":{"type":"Point","coordinates":[78.32294,22.77969]},"properties":{"cell_id":"4556_15665","acq_date":"2026-04-06","frp":3.8,"bright_ti4":342.78,"daynight":"D","alert_type":"new_source_at_industrial_site","severity":0.076}},{"type":"Feature","geometry":{"type":"Point","coordinates":[79.65501,11.93758]},"properties":{"cell_id":"2388_15931","acq_date":"2026-01-07","frp":3.8,"bright_ti4":333.1,"daynight":"D","alert_type":"new_source_at_industrial_site","severity":0.076}},{"type":"Feature","geometry":{"type":"Point","coordinates":[87.37266,22.3684]},"properties":{"cell_id":"4474_17475","acq_date":"2026-01-08","frp":3.8,"bright_ti4":328.36,"daynight":"D","alert_type":"new_source_at_industrial_site","severity":0.076}},{"type":"Feature","geometry":{"type":"Point","coordinates":[86.49593,22.5483]},"properties":{"cell_id":"4510_17299","acq_date":"2026-02-16","frp":3.79,"bright_ti4":340.5,"daynight":"D","alert_type":"new_source_at_industrial_site","severity":0.0758}},{"type":"Feature","geometry":{"type":"Point","coordinates":[77.78728,12.74717]},"properties":{"cell_id":"2549_15557","acq_date":"2026-01-18","frp":3.79,"bright_ti4":339.01,"daynight":"D","alert_type":"new_source_at_industrial_site","severity":0.0758}},{"type":"Feature","geometry":{"type":"Point","coordinates":[72.91648,21.07386]},"properties":{"cell_id":"4215_14583","acq_date":"2026-04-06","frp":3.78,"bright_ti4":337.14,"daynight":"N","alert_type":"new_source_at_industrial_site","severity":0.0756}},{"type":"Feature","geometry":{"type":"Point","coordinates":[77.56989,13.28973]},"properties":{"cell_id":"2658_15514","acq_date":"2026-04-26","frp":3.78,"bright_ti4":335.26,"daynight":"D","alert_type":"new_source_at_industrial_site","severity":0.0756}},{"type":"Feature","geometry":{"type":"Point","coordinates":[74.55709,18.46461]},"properties":{"cell_id":"3693_14911","acq_date":"2026-03-22","frp":3.78,"bright_ti4":341.45,"daynight":"D","alert_type":"new_source_at_industrial_site","severity":0.0756}},{"type":"Feature","geometry":{"type":"Point","coordinates":[72.91298,21.07464]},"properties":{"cell_id":"4215_14583","acq_date":"2026-04-06","frp":3.78,"bright_ti4":331.59,"daynight":"N","alert_type":"new_source_at_industrial_site","severity":0.0756}},{"type":"Feature","geometry":{"type":"Point","coordinates":[72.89716,18.72288]},"properties":{"cell_id":"3745_14579","acq_date":"2026-02-14","frp":3.78,"bright_ti4":334.92,"daynight":"D","alert_type":"new_source_at_industrial_site","severity":0.0756}},{"type":"Feature","geometry":{"type":"Point","coordinates":[77.48658,13.24539]},"properties":{"cell_id":"2649_15497","acq_date":"2026-02-03","frp":3.78,"bright_ti4":340.76,"daynight":"D","alert_type":"new_source_at_industrial_site","severity":0.0756}},{"type":"Feature","geometry":{"type":"Point","coordinates":[73.79623,18.738]},"properties":{"cell_id":"3748_14759","acq_date":"2026-04-04","frp":3.78,"bright_ti4":342.33,"daynight":"D","alert_type":"new_source_at_industrial_site","severity":0.0756}},{"type":"Feature","geometry":{"type":"Point","coordinates":[77.4425,13.06766]},"properties":{"cell_id":"2614_15488","acq_date":"2026-04-08","frp":3.77,"bright_ti4":318.1,"daynight":"N","alert_type":"new_source_at_industrial_site","severity":0.0754}},{"type":"Feature","geometry":{"type":"Point","coordinates":[85.42379,23.26229]},"properties":{"cell_id":"4652_17085","acq_date":"2026-03-02","frp":3.77,"bright_ti4":334.44,"daynight":"D","alert_type":"new_source_at_industrial_site","severity":0.0754}},{"type":"Feature","geometry":{"type":"Point","coordinates":[84.9771,20.89022]},"properties":{"cell_id":"4178_16995","acq_date":"2026-03-02","frp":3.77,"bright_ti4":305.68,"daynight":"N","alert_type":"new_source_at_industrial_site","severity":0.0754}},{"type":"Feature","geometry":{"type":"Point","coordinates":[79.22401,21.32105]},"properties":{"cell_id":"4264_15845","acq_date":"2026-04-12","frp":3.77,"bright_ti4":338.1,"daynight":"D","alert_type":"new_source_at_industrial_site","severity":0.0754}},{"type":"Feature","geometry":{"type":"Point","coordinates":[83.95633,24.0433]},"properties":{"cell_id":"4809_16791","acq_date":"2026-04-18","frp":3.77,"bright_ti4":349.51,"daynight":"D","alert_type":"new_source_at_industrial_site","severity":0.0754}},{"type":"Feature","geometry":{"type":"Point","coordinates":[83.50002,21.32162]},"properties":{"cell_id":"4264_16700","acq_date":"2026-03-14","frp":3.76,"bright_ti4":340.4,"daynight":"D","alert_type":"new_source_at_industrial_site","severity":0.0752}},{"type":"Feature","geometry":{"type":"Point","coordinates":[79.68681,28.99985]},"properties":{"cell_id":"5800_15937","acq_date":"2026-02-11","frp":3.76,"bright_ti4":325.93,"daynight":"D","alert_type":"new_source_at_industrial_site","severity":0.0752}},{"type":"Feature","geometry":{"type":"Point","coordinates":[79.68768,28.9962]},"properties":{"cell_id":"5799_15938","acq_date":"2026-02-11","frp":3.76,"bright_ti4":341.19,"daynight":"D","alert_type":"new_source_at_industrial_site","severity":0.0752}},{"type":"Feature","geometry":{"type":"Point","coordinates":[73.86156,18.7349]},"properties":{"cell_id":"3747_14772","acq_date":"2026-01-23","frp":3.76,"bright_ti4":340.05,"daynight":"D","alert_type":"new_source_at_industrial_site","severity":0.0752}},{"type":"Feature","geometry":{"type":"Point","coordinates":[72.84802,21.09949]},"properties":{"cell_id":"4220_14570","acq_date":"2026-01-08","frp":3.76,"bright_ti4":331.2,"daynight":"N","alert_type":"new_source_at_industrial_site","severity":0.0752}},{"type":"Feature","geometry":{"type":"Point","coordinates":[79.68433,21.13985]},"properties":{"cell_id":"4228_15937","acq_date":"2026-03-24","frp":3.75,"bright_ti4":335.93,"daynight":"D","alert_type":"new_source_at_industrial_site","severity":0.075}},{"type":"Feature","geometry":{"type":"Point","coordinates":[83.84472,21.7517]},"properties":{"cell_id":"4350_16769","acq_date":"2026-03-07","frp":3.75,"bright_ti4":330.62,"daynight":"D","alert_type":"new_source_at_industrial_site","severity":0.075}},{"type":"Feature","geometry":{"type":"Point","coordinates":[86.90849,23.74237]},"properties":{"cell_id":"4748_17382","acq_date":"2026-03-30","frp":3.75,"bright_ti4":331.82,"daynight":"D","alert_type":"new_source_at_industrial_site","severity":0.075}},{"type":"Feature","geometry":{"type":"Point","coordinates":[84.87746,24.90189]},"properties":{"cell_id":"4980_16975","acq_date":"2026-03-30","frp":3.75,"bright_ti4":334.61,"daynight":"D","alert_type":"new_source_at_industrial_site","severity":0.075}},{"type":"Feature","geometry":{"type":"Point","coordinates":[84.87214,24.90123]},"properties":{"cell_id":"4980_16974","acq_date":"2026-03-30","frp":3.75,"bright_ti4":338.03,"daynight":"D","alert_type":"new_source_at_industrial_site","severity":0.075}},{"type":"Feature","geometry":{"type":"Point","coordinates":[72.6843,21.75134]},"properties":{"cell_id":"4350_14537","acq_date":"2026-01-07","frp":3.74,"bright_ti4":331.71,"daynight":"D","alert_type":"new_source_at_industrial_site","severity":0.0748}},{"type":"Feature","geometry":{"type":"Point","coordinates":[70.77825,22.04209]},"properties":{"cell_id":"4408_14156","acq_date":"2026-02-10","frp":3.74,"bright_ti4":331.53,"daynight":"D","alert_type":"new_source_at_industrial_site","severity":0.0748}},{"type":"Feature","geometry":{"type":"Point","coordinates":[72.68771,21.91312]},"properties":{"cell_id":"4383_14538","acq_date":"2026-03-31","frp":3.74,"bright_ti4":331.0,"daynight":"D","alert_type":"new_source_at_industrial_site","severity":0.0748}},{"type":"Feature","geometry":{"type":"Point","coordinates":[83.0788,20.97972]},"properties":{"cell_id":"4196_16616","acq_date":"2026-02-16","frp":3.74,"bright_ti4":342.59,"daynight":"D","alert_type":"new_source_at_industrial_site","severity":0.0748}},{"type":"Feature","geometry":{"type":"Point","coordinates":[81.65371,21.31772]},"properties":{"cell_id":"4264_16331","acq_date":"2026-01-09","frp":3.74,"bright_ti4":344.45,"daynight":"D","alert_type":"new_source_at_industrial_site","severity":0.0748}},{"type":"Feature","geometry":{"type":"Point","coordinates":[72.99789,21.33738]},"properties":{"cell_id":"4267_14600","acq_date":"2026-01-29","frp":3.74,"bright_ti4":350.42,"daynight":"D","alert_type":"new_source_at_industrial_site","severity":0.0748}},{"type":"Feature","geometry":{"type":"Point","coordinates":[72.68047,21.75079]},"properties":{"cell_id":"4350_14536","acq_date":"2026-01-07","frp":3.74,"bright_ti4":333.99,"daynight":"D","alert_type":"new_source_at_industrial_site","severity":0.0748}},{"type":"Feature","geometry":{"type":"Point","coordinates":[77.63927,12.36967]},"properties":{"cell_id":"2474_15528","acq_date":"2026-02-11","frp":3.73,"bright_ti4":343.55,"daynight":"D","alert_type":"new_source_at_industrial_site","severity":0.0746}},{"type":"Feature","geometry":{"type":"Point","coordinates":[77.75226,12.93332]},"properties":{"cell_id":"2587_15550","acq_date":"2026-02-12","frp":3.73,"bright_ti4":344.13,"daynight":"D","alert_type":"new_source_at_industrial_site","severity":0.0746}},{"type":"Feature","geometry":{"type":"Point","coordinates":[76.51817,30.1811]},"properties":{"cell_id":"6036_15304","acq_date":"2026-04-25","frp":3.73,"bright_ti4":343.84,"daynight":"D","alert_type":"new_source_at_industrial_site","severity":0.0746}},{"type":"Feature","geometry":{"type":"Point","coordinates":[80.15218,13.3064]},"properties":{"cell_id":"2661_16030","acq_date":"2026-04-11","frp":3.73,"bright_ti4":341.55,"daynight":"D","alert_type":"new_source_at_industrial_site","severity":0.0746}},{"type":"Feature","geometry":{"type":"Point","coordinates":[73.2389,19.3958]},"properties":{"cell_id":"3879_14648","acq_date":"2026-01-07","frp":3.73,"bright_ti4":332.94,"daynight":"D","alert_type":"new_source_at_industrial_site","severity":0.0746}},{"type":"Feature","geometry":{"type":"Point","coordinates":[84.03094,21.69221]},"properties":{"cell_id":"4338_16806","acq_date":"2026-01-20","frp":3.73,"bright_ti4":336.08,"daynight":"D","alert_type":"new_source_at_industrial_site","severity":0.0746}},{"type":"Feature","geometry":{"type":"Point","coordinates":[79.14262,13.08823]},"properties":{"cell_id":"2618_15829","acq_date":"2026-03-16","frp":3.72,"bright_ti4":330.05,"daynight":"D","alert_type":"new_source_at_industrial_site","severity":0.0744}},{"type":"Feature","geometry":{"type":"Point","coordinates":[86.65575,20.27772]},"properties":{"cell_id":"4056_17331","acq_date":"2026-02-02","frp":3.72,"bright_ti4":332.54,"daynight":"D","alert_type":"new_source_at_industrial_site","severity":0.0744}},{"type":"Feature","geometry":{"type":"Point","coordinates":[77.91035,17.62991]},"properties":{"cell_id":"3526_15582","acq_date":"2026-04-05","frp":3.72,"bright_ti4":344.68,"daynight":"D","alert_type":"new_source_at_industrial_site","severity":0.0744}},{"type":"Feature","geometry":{"type":"Point","coordinates":[86.96394,20.82669]},"properties":{"cell_id":"4165_17393","acq_date":"2026-01-13","frp":3.72,"bright_ti4":329.43,"daynight":"D","alert_type":"new_source_at_industrial_site","severity":0.0744}},{"type":"Feature","geometry":{"type":"Point","coordinates":[77.97908,12.68368]},"properties":{"cell_id":"2537_15596","acq_date":"2026-03-04","frp":3.72,"bright_ti4":335.34,"daynight":"D","alert_type":"new_source_at_industrial_site","severity":0.0744}},{"type":"Feature","geometry":{"type":"Point","coordinates":[87.49934,25.24307]},"properties":{"cell_id":"5049_17500","acq_date":"2026-04-11","frp":3.71,"bright_ti4":343.49,"daynight":"D","alert_type":"new_source_at_industrial_site","severity":0.0742}},{"type":"Feature","geometry":{"type":"Point","coordinates":[79.03256,13.19658]},"properties":{"cell_id":"2639_15807","acq_date":"2026-03-02","frp":3.71,"bright_ti4":337.04,"daynight":"D","alert_type":"new_source_at_industrial_site","severity":0.0742}},{"type":"Feature","geometry":{"type":"Point","coordinates":[87.15062,23.65911]},"properties":{"cell_id":"4732_17430","acq_date":"2026-02-19","frp":3.71,"bright_ti4":297.21,"daynight":"N","alert_type":"new_source_at_industrial_site","severity":0.0742}},{"type":"Feature","geometry":{"type":"Point","coordinates":[72.8063,21.10755]},"properties":{"cell_id":"4222_14561","acq_date":"2026-04-07","frp":3.71,"bright_ti4":334.44,"daynight":"D","alert_type":"new_source_at_industrial_site","severity":0.0742}},{"type":"Feature","geometry":{"type":"Point","coordinates":[76.74889,10.80905]},"properties":{"cell_id":"2162_15350","acq_date":"2026-03-16","frp":3.71,"bright_ti4":351.86,"daynight":"D","alert_type":"new_source_at_industrial_site","severity":0.0742}},{"type":"Feature","geometry":{"type":"Point","coordinates":[77.76825,12.78421]},"properties":{"cell_id":"2557_15554","acq_date":"2026-01-22","frp":3.71,"bright_ti4":345.03,"daynight":"D","alert_type":"new_source_at_industrial_site","severity":0.0742}},{"type":"Feature","geometry":{"type":"Point","coordinates":[82.71654,24.19674]},"properties":{"cell_id":"4839_16543","acq_date":"2026-04-16","frp":3.71,"bright_ti4":318.58,"daynight":"N","alert_type":"new_source_at_industrial_site","severity":0.0742}},{"type":"Feature","geometry":{"type":"Point","coordinates":[76.85973,28.22202]},"properties":{"cell_id":"5644_15372","acq_date":"2026-04-18","frp":3.7,"bright_ti4":336.29,"daynight":"D","alert_type":"new_source_at_industrial_site","severity":0.074}},{"type":"Feature","geometry":{"type":"Point","coordinates":[84.0275,21.75545]},"properties":{"cell_id":"4351_16806","acq_date":"2026-04-20","frp":3.7,"bright_ti4":336.43,"daynight":"D","alert_type":"new_source_at_industrial_site","severity":0.074}},{"type":"Feature","geometry":{"type":"Point","coordinates":[74.95679,18.08658]},"properties":{"cell_id":"3617_14991","acq_date":"2026-04-09","frp":3.7,"bright_ti4":339.49,"daynight":"D","alert_type":"new_source_at_industrial_site","severity":0.074}},{"type":"Feature","geometry":{"type":"Point","coordinates":[74.95608,18.09024]},"properties":{"cell_id":"3618_14991","acq_date":"2026-04-09","frp":3.7,"bright_ti4":340.88,"daynight":"D","alert_type":"new_source_at_industrial_site","severity":0.074}},{"type":"Feature","geometry":{"type":"Point","coordinates":[70.44085,21.48803]},"properties":{"cell_id":"4298_14088","acq_date":"2026-01-18","frp":3.7,"bright_ti4":330.38,"daynight":"D","alert_type":"new_source_at_industrial_site","severity":0.074}},{"type":"Feature","geometry":{"type":"Point","coordinates":[76.6395,15.18778]},"properties":{"cell_id":"3038_15328","acq_date":"2026-04-12","frp":3.7,"bright_ti4":315.18,"daynight":"N","alert_type":"new_source_at_industrial_site","severity":0.074}},{"type":"Feature","geometry":{"type":"Point","coordinates":[72.7326,21.69301]},"properties":{"cell_id":"4339_14547","acq_date":"2026-03-25","frp":3.7,"bright_ti4":342.31,"daynight":"D","alert_type":"new_source_at_industrial_site","severity":0.074}},{"type":"Feature","geometry":{"type":"Point","coordinates":[83.51853,22.11032]},"properties":{"cell_id":"4422_16704","acq_date":"2026-01-01","frp":3.7,"bright_ti4":341.41,"daynight":"D","alert_type":"new_source_at_industrial_site","severity":0.074}},{"type":"Feature","geometry":{"type":"Point","coordinates":[85.88136,20.89902]},"properties":{"cell_id":"4180_17176","acq_date":"2026-03-06","frp":3.69,"bright_ti4":330.11,"daynight":"D","alert_type":"new_source_at_industrial_site","severity":0.0738}},{"type":"Feature","geometry":{"type":"Point","coordinates":[77.56264,13.04878]},"properties":{"cell_id":"2610_15513","acq_date":"2026-02-04","frp":3.69,"bright_ti4":342.44,"daynight":"D","alert_type":"new_source_at_industrial_site","severity":0.0738}},{"type":"Feature","geometry":{"type":"Point","coordinates":[93.44989,25.91463]},"properties":{"cell_id":"5183_18690","acq_date":"2026-02-09","frp":3.69,"bright_ti4":333.85,"daynight":"D","alert_type":"new_source_at_industrial_site","severity":0.0738}},{"type":"Feature","geometry":{"type":"Point","coordinates":[76.27679,31.41133]},"properties":{"cell_id":"6282_15255","acq_date":"2026-02-26","frp":3.69,"bright_ti4":337.27,"daynight":"D","alert_type":"new_source_at_industrial_site","severity":0.0738}},{"type":"Feature","geometry":{"type":"Point","coordinates":[76.63367,28.11882]},"properties":{"cell_id":"5624_15327","acq_date":"2026-03-01","frp":3.69,"bright_ti4":334.64,"daynight":"D","alert_type":"new_source_at_industrial_site","severity":0.0738}},{"type":"Feature","geometry":{"type":"Point","coordinates":[73.94514,15.58249]},"properties":{"cell_id":"3116_14789","acq_date":"2026-04-07","frp":3.69,"bright_ti4":331.72,"daynight":"D","alert_type":"new_source_at_industrial_site","severity":0.0738}},{"type":"Feature","geometry":{"type":"Point","coordinates":[76.64359,11.43407]},"properties":{"cell_id":"2287_15329","acq_date":"2026-04-13","frp":3.68,"bright_ti4":332.61,"daynight":"D","alert_type":"new_source_at_industrial_site","severity":0.0736}},{"type":"Feature","geometry":{"type":"Point","coordinates":[69.73444,22.33316]},"properties":{"cell_id":"4467_13947","acq_date":"2026-04-11","frp":3.68,"bright_ti4":342.05,"daynight":"D","alert_type":"new_source_at_industrial_site","severity":0.0736}},{"type":"Feature","geometry":{"type":"Point","coordinates":[69.74002,22.33374]},"properties":{"cell_id":"4467_13948","acq_date":"2026-04-11","frp":3.68,"bright_ti4":335.88,"daynight":"D","alert_type":"new_source_at_industrial_site","severity":0.0736}},{"type":"Feature","geometry":{"type":"Point","coordinates":[78.35858,22.70272]},"properties":{"cell_id":"4541_15672","acq_date":"2026-04-06","frp":3.68,"bright_ti4":344.22,"daynight":"D","alert_type":"new_source_at_industrial_site","severity":0.0736}},{"type":"Feature","geometry":{"type":"Point","coordinates":[77.94739,12.95559]},"properties":{"cell_id":"2591_15589","acq_date":"2026-02-13","frp":3.68,"bright_ti4":339.99,"daynight":"D","alert_type":"new_source_at_industrial_site","severity":0.0736}},{"type":"Feature","geometry":{"type":"Point","coordinates":[76.52943,12.34779]},"properties":{"cell_id":"2470_15306","acq_date":"2026-01-29","frp":3.68,"bright_ti4":345.58,"daynight":"D","alert_type":"new_source_at_industrial_site","severity":0.0736}},{"type":"Feature","geometry":{"type":"Point","coordinates":[78.63909,9.50502]},"properties":{"cell_id":"1901_15728","acq_date":"2026-04-19","frp":3.68,"bright_ti4":339.22,"daynight":"D","alert_type":"new_source_at_industrial_site","severity":0.0736}},{"type":"Feature","geometry":{"type":"Point","coordinates":[73.01482,18.91052]},"properties":{"cell_id":"3782_14603","acq_date":"2026-03-16","frp":3.67,"bright_ti4":334.11,"daynight":"D","alert_type":"new_source_at_industrial_site","severity":0.0734}},{"type":"Feature","geometry":{"type":"Point","coordinates":[79.82941,10.91942]},"properties":{"cell_id":"2184_15966","acq_date":"2026-03-13","frp":3.67,"bright_ti4":338.67,"daynight":"D","alert_type":"new_source_at_industrial_site","severity":0.0734}},{"type":"Feature","geometry":{"type":"Point","coordinates":[79.82992,10.91606]},"properties":{"cell_id":"2183_15966","acq_date":"2026-03-13","frp":3.67,"bright_ti4":336.65,"daynight":"D","alert_type":"new_source_at_industrial_site","severity":0.0734}},{"type":"Feature","geometry":{"type":"Point","coordinates":[86.91396,23.86333]},"properties":{"cell_id":"4773_17383","acq_date":"2026-01-06","frp":3.67,"bright_ti4":328.63,"daynight":"D","alert_type":"new_source_at_industrial_site","severity":0.0734}},{"type":"Feature","geometry":{"type":"Point","coordinates":[75.14641,12.26338]},"properties":{"cell_id":"2453_15029","acq_date":"2026-02-25","frp":3.67,"bright_ti4":333.02,"daynight":"D","alert_type":"new_source_at_industrial_site","severity":0.0734}},{"type":"Feature","geometry":{"type":"Point","coordinates":[77.25845,13.17155]},"properties":{"cell_id":"2634_15452","acq_date":"2026-02-07","frp":3.67,"bright_ti4":367.0,"daynight":"D","alert_type":"new_source_at_industrial_site","severity":0.0734}},{"type":"Feature","geometry":{"type":"Point","coordinates":[81.61547,17.17197]},"properties":{"cell_id":"3434_16323","acq_date":"2026-01-03","frp":3.67,"bright_ti4":332.46,"daynight":"D","alert_type":"new_source_at_industrial_site","severity":0.0734}},{"type":"Feature","geometry":{"type":"Point","coordinates":[72.97218,19.17776]},"properties":{"cell_id":"3836_14594","acq_date":"2026-03-28","frp":3.67,"bright_ti4":329.41,"daynight":"N","alert_type":"new_source_at_industrial_site","severity":0.0734}},{"type":"Feature","geometry":{"type":"Point","coordinates":[87.37768,25.03099]},"properties":{"cell_id":"5006_17476","acq_date":"2026-04-23","frp":3.67,"bright_ti4":317.69,"daynight":"N","alert_type":"new_source_at_industrial_site","severity":0.0734}},{"type":"Feature","geometry":{"type":"Point","coordinates":[77.25783,13.17669]},"properties":{"cell_id":"2635_15452","acq_date":"2026-02-07","frp":3.67,"bright_ti4":338.06,"daynight":"D","alert_type":"new_source_at_industrial_site","severity":0.0734}},{"type":"Feature","geometry":{"type":"Point","coordinates":[77.38593,12.97491]},"properties":{"cell_id":"2595_15477","acq_date":"2026-02-09","frp":3.66,"bright_ti4":344.24,"daynight":"D","alert_type":"new_source_at_industrial_site","severity":0.0732}},{"type":"Feature","geometry":{"type":"Point","coordinates":[72.91579,21.07558]},"properties":{"cell_id":"4215_14583","acq_date":"2026-04-06","frp":3.66,"bright_ti4":349.6,"daynight":"N","alert_type":"new_source_at_industrial_site","severity":0.0732}},{"type":"Feature","geometry":{"type":"Point","coordinates":[74.16001,15.20829]},"properties":{"cell_id":"3042_14832","acq_date":"2026-04-20","frp":3.66,"bright_ti4":331.18,"daynight":"D","alert_type":"new_source_at_industrial_site","severity":0.0732}},{"type":"Feature","geometry":{"type":"Point","coordinates":[83.0139,21.25402]},"properties":{"cell_id":"4251_16603","acq_date":"2026-03-15","frp":3.66,"bright_ti4":339.42,"daynight":"D","alert_type":"new_source_at_industrial_site","severity":0.0732}},{"type":"Feature","geometry":{"type":"Point","coordinates":[72.02463,21.36876]},"properties":{"cell_id":"4274_14405","acq_date":"2026-03-26","frp":3.66,"bright_ti4":333.21,"daynight":"D","alert_type":"new_source_at_industrial_site","severity":0.0732}},{"type":"Feature","geometry":{"type":"Point","coordinates":[74.52783,16.76344]},"properties":{"cell_id":"3353_14906","acq_date":"2026-02-08","frp":3.66,"bright_ti4":339.65,"daynight":"D","alert_type":"new_source_at_industrial_site","severity":0.0732}},{"type":"Feature","geometry":{"type":"Point","coordinates":[73.49951,17.59503]},"properties":{"cell_id":"3519_14700","acq_date":"2026-03-18","frp":3.66,"bright_ti4":345.65,"daynight":"D","alert_type":"new_source_at_industrial_site","severity":0.0732}},{"type":"Feature","geometry":{"type":"Point","coordinates":[92.58419,24.93945]},"properties":{"cell_id":"4988_18517","acq_date":"2026-01-14","frp":3.65,"bright_ti4":327.72,"daynight":"D","alert_type":"new_source_at_industrial_site","severity":0.073}},{"type":"Feature","geometry":{"type":"Point","coordinates":[71.5789,21.53326]},"properties":{"cell_id":"4307_14316","acq_date":"2026-04-02","frp":3.65,"bright_ti4":341.12,"daynight":"D","alert_type":"new_source_at_industrial_site","severity":0.073}},{"type":"Feature","geometry":{"type":"Point","coordinates":[72.96572,20.33723]},"properties":{"cell_id":"4067_14593","acq_date":"2026-03-03","frp":3.65,"bright_ti4":338.73,"daynight":"N","alert_type":"new_source_at_industrial_site","severity":0.073}},{"type":"Feature","geometry":{"type":"Point","coordinates":[78.75017,10.05748]},"properties":{"cell_id":"2011_15750","acq_date":"2026-04-16","frp":3.64,"bright_ti4":338.44,"daynight":"D","alert_type":"new_source_at_industrial_site","severity":0.0728}},{"type":"Feature","geometry":{"type":"Point","coordinates":[78.20668,9.84539]},"properties":{"cell_id":"1969_15641","acq_date":"2026-01-29","frp":3.64,"bright_ti4":335.56,"daynight":"D","alert_type":"new_source_at_industrial_site","severity":0.0728}},{"type":"Feature","geometry":{"type":"Point","coordinates":[74.64851,30.89008]},"properties":{"cell_id":"6178_14930","acq_date":"2026-04-27","frp":3.63,"bright_ti4":337.66,"daynight":"D","alert_type":"new_source_at_industrial_site","severity":0.0726}},{"type":"Feature","geometry":{"type":"Point","coordinates":[77.43465,28.74136]},"properties":{"cell_id":"5748_15487","acq_date":"2026-04-19","frp":3.63,"bright_ti4":337.93,"daynight":"D","alert_type":"new_source_at_industrial_site","severity":0.0726}},{"type":"Feature","geometry":{"type":"Point","coordinates":[73.38319,19.27023]},"properties":{"cell_id":"3854_14677","acq_date":"2026-03-09","frp":3.63,"bright_ti4":343.55,"daynight":"D","alert_type":"new_source_at_industrial_site","severity":0.0726}},{"type":"Feature","geometry":{"type":"Point","coordinates":[80.17229,13.29806]},"properties":{"cell_id":"2660_16034","acq_date":"2026-02-26","frp":3.63,"bright_ti4":337.26,"daynight":"D","alert_type":"new_source_at_industrial_site","severity":0.0726}},{"type":"Feature","geometry":{"type":"Point","coordinates":[81.66008,21.35188]},"properties":{"cell_id":"4270_16332","acq_date":"2026-04-02","frp":3.63,"bright_ti4":305.16,"daynight":"N","alert_type":"new_source_at_industrial_site","severity":0.0726}},{"type":"Feature","geometry":{"type":"Point","coordinates":[73.25114,25.79219]},"properties":{"cell_id":"5158_14650","acq_date":"2026-04-11","frp":3.63,"bright_ti4":340.45,"daynight":"D","alert_type":"new_source_at_industrial_site","severity":0.0726}},{"type":"Feature","geometry":{"type":"Point","coordinates":[73.26981,18.86727]},"properties":{"cell_id":"3773_14654","acq_date":"2026-02-13","frp":3.63,"bright_ti4":337.94,"daynight":"D","alert_type":"new_source_at_industrial_site","severity":0.0726}},{"type":"Feature","geometry":{"type":"Point","coordinates":[78.21216,9.83401]},"properties":{"cell_id":"1967_15642","acq_date":"2026-04-23","frp":3.63,"bright_ti4":334.07,"daynight":"D","alert_type":"new_source_at_industrial_site","severity":0.0726}},{"type":"Feature","geometry":{"type":"Point","coordinates":[77.76426,12.78999]},"properties":{"cell_id":"2558_15553","acq_date":"2026-02-11","frp":3.62,"bright_ti4":334.9,"daynight":"D","alert_type":"new_source_at_industrial_site","severity":0.0724}},{"type":"Feature","geometry":{"type":"Point","coordinates":[77.44405,9.99322]},"properties":{"cell_id":"1999_15489","acq_date":"2026-03-30","frp":3.62,"bright_ti4":333.37,"daynight":"D","alert_type":"new_source_at_industrial_site","severity":0.0724}},{"type":"Feature","geometry":{"type":"Point","coordinates":[77.69678,12.77632]},"properties":{"cell_id":"2555_15539","acq_date":"2026-04-14","frp":3.62,"bright_ti4":339.23,"daynight":"D","alert_type":"new_source_at_industrial_site","severity":0.0724}},{"type":"Feature","geometry":{"type":"Point","coordinates":[77.79142,12.99093]},"properties":{"cell_id":"2598_15558","acq_date":"2026-02-14","frp":3.62,"bright_ti4":336.3,"daynight":"D","alert_type":"new_source_at_industrial_site","severity":0.0724}},{"type":"Feature","geometry":{"type":"Point","coordinates":[78.41126,17.29299]},"properties":{"cell_id":"3459_15682","acq_date":"2026-04-10","frp":3.62,"bright_ti4":330.6,"daynight":"N","alert_type":"new_source_at_industrial_site","severity":0.0724}},{"type":"Feature","geometry":{"type":"Point","coordinates":[86.38864,22.7366]},"properties":{"cell_id":"4547_17278","acq_date":"2026-03-05","frp":3.62,"bright_ti4":340.8,"daynight":"D","alert_type":"new_source_at_industrial_site","severity":0.0724}},{"type":"Feature","geometry":{"type":"Point","coordinates":[83.19465,17.69107]},"properties":{"cell_id":"3538_16639","acq_date":"2026-04-04","frp":3.61,"bright_ti4":336.08,"daynight":"D","alert_type":"new_source_at_industrial_site","severity":0.0722}},{"type":"Feature","geometry":{"type":"Point","coordinates":[79.89449,12.91335]},"properties":{"cell_id":"2583_15979","acq_date":"2026-03-05","frp":3.61,"bright_ti4":342.22,"daynight":"D","alert_type":"new_source_at_industrial_site","severity":0.0722}},{"type":"Feature","geometry":{"type":"Point","coordinates":[77.45734,13.83111]},"properties":{"cell_id":"2766_15491","acq_date":"2026-02-11","frp":3.61,"bright_ti4":335.83,"daynight":"D","alert_type":"new_source_at_industrial_site","severity":0.0722}},{"type":"Feature","geometry":{"type":"Point","coordinates":[77.38811,17.71029]},"properties":{"cell_id":"3542_15478","acq_date":"2026-03-09","frp":3.61,"bright_ti4":339.34,"daynight":"D","alert_type":"new_source_at_industrial_site","severity":0.0722}},{"type":"Feature","geometry":{"type":"Point","coordinates":[77.71724,12.80968]},"properties":{"cell_id":"2562_15543","acq_date":"2026-03-15","frp":3.6,"bright_ti4":330.49,"daynight":"D","alert_type":"new_source_at_industrial_site","severity":0.072}},{"type":"Feature","geometry":{"type":"Point","coordinates":[92.38329,24.79117]},"properties":{"cell_id":"4958_18477","acq_date":"2026-02-07","frp":3.6,"bright_ti4":334.99,"daynight":"D","alert_type":"new_source_at_industrial_site","severity":0.072}},{"type":"Feature","geometry":{"type":"Point","coordinates":[71.95924,27.53328]},"properties":{"cell_id":"5507_14392","acq_date":"2026-02-14","frp":3.6,"bright_ti4":354.86,"daynight":"D","alert_type":"new_source_at_industrial_site","severity":0.072}},{"type":"Feature","geometry":{"type":"Point","coordinates":[71.95531,27.53265]},"properties":{"cell_id":"5507_14391","acq_date":"2026-02-14","frp":3.6,"bright_ti4":354.21,"daynight":"D","alert_type":"new_source_at_industrial_site","severity":0.072}},{"type":"Feature","geometry":{"type":"Point","coordinates":[71.95598,27.52932]},"properties":{"cell_id":"5506_14391","acq_date":"2026-02-14","frp":3.6,"bright_ti4":343.89,"daynight":"D","alert_type":"new_source_at_industrial_site","severity":0.072}},{"type":"Feature","geometry":{"type":"Point","coordinates":[81.45392,21.36669]},"properties":{"cell_id":"4273_16291","acq_date":"2026-04-01","frp":3.6,"bright_ti4":345.17,"daynight":"D","alert_type":"new_source_at_industrial_site","severity":0.072}},{"type":"Feature","geometry":{"type":"Point","coordinates":[79.51783,29.09957]},"properties":{"cell_id":"5820_15904","acq_date":"2026-04-27","frp":3.59,"bright_ti4":340.14,"daynight":"D","alert_type":"new_source_at_industrial_site","severity":0.0718}},{"type":"Feature","geometry":{"type":"Point","coordinates":[79.0769,20.63414]},"properties":{"cell_id":"4127_15815","acq_date":"2026-03-28","frp":3.59,"bright_ti4":328.88,"daynight":"N","alert_type":"new_source_at_industrial_site","severity":0.0718}},{"type":"Feature","geometry":{"type":"Point","coordinates":[84.86416,22.08358]},"properties":{"cell_id":"4417_16973","acq_date":"2026-03-06","frp":3.59,"bright_ti4":338.83,"daynight":"D","alert_type":"new_source_at_industrial_site","severity":0.0718}},{"type":"Feature","geometry":{"type":"Point","coordinates":[77.2542,28.64354]},"properties":{"cell_id":"5729_15451","acq_date":"2026-04-12","frp":3.59,"bright_ti4":344.4,"daynight":"D","alert_type":"new_source_at_industrial_site","severity":0.0718}},{"type":"Feature","geometry":{"type":"Point","coordinates":[75.57259,22.62294]},"properties":{"cell_id":"4525_15115","acq_date":"2026-04-24","frp":3.59,"bright_ti4":328.37,"daynight":"N","alert_type":"new_source_at_industrial_site","severity":0.0718}},{"type":"Feature","geometry":{"type":"Point","coordinates":[77.27863,13.18004]},"properties":{"cell_id":"2636_15456","acq_date":"2026-01-31","frp":3.59,"bright_ti4":338.47,"daynight":"D","alert_type":"new_source_at_industrial_site","severity":0.0718}},{"type":"Feature","geometry":{"type":"Point","coordinates":[79.07798,20.63888]},"properties":{"cell_id":"4128_15816","acq_date":"2026-03-28","frp":3.59,"bright_ti4":325.97,"daynight":"N","alert_type":"new_source_at_industrial_site","severity":0.0718}},{"type":"Feature","geometry":{"type":"Point","coordinates":[79.0714,20.63529]},"properties":{"cell_id":"4127_15814","acq_date":"2026-03-28","frp":3.59,"bright_ti4":310.29,"daynight":"N","alert_type":"new_source_at_industrial_site","severity":0.0718}},{"type":"Feature","geometry":{"type":"Point","coordinates":[70.07539,23.0412]},"properties":{"cell_id":"4608_14015","acq_date":"2026-01-12","frp":3.59,"bright_ti4":342.29,"daynight":"D","alert_type":"new_source_at_industrial_site","severity":0.0718}},{"type":"Feature","geometry":{"type":"Point","coordinates":[70.93119,20.80836]},"properties":{"cell_id":"4162_14186","acq_date":"2026-03-16","frp":3.59,"bright_ti4":343.88,"daynight":"D","alert_type":"new_source_at_industrial_site","severity":0.0718}},{"type":"Feature","geometry":{"type":"Point","coordinates":[72.70686,21.69062]},"properties":{"cell_id":"4338_14541","acq_date":"2026-04-03","frp":3.58,"bright_ti4":335.66,"daynight":"D","alert_type":"new_source_at_industrial_site","severity":0.0716}},{"type":"Feature","geometry":{"type":"Point","coordinates":[72.65219,21.78832]},"properties":{"cell_id":"4358_14530","acq_date":"2026-01-19","frp":3.58,"bright_ti4":333.5,"daynight":"D","alert_type":"new_source_at_industrial_site","severity":0.0716}},{"type":"Feature","geometry":{"type":"Point","coordinates":[73.36845,18.40516]},"properties":{"cell_id":"3681_14674","acq_date":"2026-01-20","frp":3.58,"bright_ti4":334.27,"daynight":"D","alert_type":"new_source_at_industrial_site","severity":0.0716}},{"type":"Feature","geometry":{"type":"Point","coordinates":[94.46252,26.96586]},"properties":{"cell_id":"5393_18893","acq_date":"2026-01-27","frp":3.58,"bright_ti4":339.56,"daynight":"D","alert_type":"new_source_at_industrial_site","severity":0.0716}},{"type":"Feature","geometry":{"type":"Point","coordinates":[72.70622,21.69403]},"properties":{"cell_id":"4339_14541","acq_date":"2026-04-03","frp":3.58,"bright_ti4":342.75,"daynight":"D","alert_type":"new_source_at_industrial_site","severity":0.0716}},{"type":"Feature","geometry":{"type":"Point","coordinates":[73.17518,19.33515]},"properties":{"cell_id":"3867_14635","acq_date":"2026-04-26","frp":3.58,"bright_ti4":337.59,"daynight":"D","alert_type":"new_source_at_industrial_site","severity":0.0716}},{"type":"Feature","geometry":{"type":"Point","coordinates":[75.29363,19.71192]},"properties":{"cell_id":"3942_15059","acq_date":"2026-04-06","frp":3.57,"bright_ti4":333.26,"daynight":"D","alert_type":"new_source_at_industrial_site","severity":0.0714}},{"type":"Feature","geometry":{"type":"Point","coordinates":[77.22144,30.47963]},"properties":{"cell_id":"6096_15444","acq_date":"2026-04-27","frp":3.57,"bright_ti4":337.62,"daynight":"D","alert_type":"new_source_at_industrial_site","severity":0.0714}},{"type":"Feature","geometry":{"type":"Point","coordinates":[72.58726,22.94856]},"properties":{"cell_id":"4590_14517","acq_date":"2026-01-03","frp":3.57,"bright_ti4":337.14,"daynight":"D","alert_type":"new_source_at_industrial_site","severity":0.0714}},{"type":"Feature","geometry":{"type":"Point","coordinates":[77.3537,16.2473]},"properties":{"cell_id":"3249_15471","acq_date":"2026-01-13","frp":3.57,"bright_ti4":345.03,"daynight":"D","alert_type":"new_source_at_industrial_site","severity":0.0714}},{"type":"Feature","geometry":{"type":"Point","coordinates":[83.3745,27.32181]},"properties":{"cell_id":"5464_16675","acq_date":"2026-04-13","frp":3.57,"bright_ti4":336.77,"daynight":"D","alert_type":"new_source_at_industrial_site","severity":0.0714}},{"type":"Feature","geometry":{"type":"Point","coordinates":[85.5442,23.76612]},"properties":{"cell_id":"4753_17109","acq_date":"2026-04-22","frp":3.57,"bright_ti4":345.24,"daynight":"D","alert_type":"new_source_at_industrial_site","severity":0.0714}},{"type":"Feature","geometry":{"type":"Point","coordinates":[82.17615,19.09345]},"properties":{"cell_id":"3819_16435","acq_date":"2026-04-02","frp":3.56,"bright_ti4":300.55,"daynight":"N","alert_type":"new_source_at_industrial_site","severity":0.0712}},{"type":"Feature","geometry":{"type":"Point","coordinates":[72.14867,21.62584]},"properties":{"cell_id":"4325_14430","acq_date":"2026-03-19","frp":3.56,"bright_ti4":332.28,"daynight":"D","alert_type":"new_source_at_industrial_site","severity":0.0712}},{"type":"Feature","geometry":{"type":"Point","coordinates":[75.37336,31.81561]},"properties":{"cell_id":"6363_15075","acq_date":"2026-03-27","frp":3.56,"bright_ti4":328.2,"daynight":"D","alert_type":"new_source_at_industrial_site","severity":0.0712}},{"type":"Feature","geometry":{"type":"Point","coordinates":[86.01939,20.96365]},"properties":{"cell_id":"4193_17204","acq_date":"2026-04-13","frp":3.56,"bright_ti4":305.17,"daynight":"N","alert_type":"new_source_at_industrial_site","severity":0.0712}},{"type":"Feature","geometry":{"type":"Point","coordinates":[77.4926,13.23972]},"properties":{"cell_id":"2648_15499","acq_date":"2026-01-28","frp":3.56,"bright_ti4":335.2,"daynight":"D","alert_type":"new_source_at_industrial_site","severity":0.0712}},{"type":"Feature","geometry":{"type":"Point","coordinates":[77.49201,13.24393]},"properties":{"cell_id":"2649_15498","acq_date":"2026-01-28","frp":3.56,"bright_ti4":346.37,"daynight":"D","alert_type":"new_source_at_industrial_site","severity":0.0712}},{"type":"Feature","geometry":{"type":"Point","coordinates":[75.439,17.5221]},"properties":{"cell_id":"3504_15088","acq_date":"2026-02-10","frp":3.56,"bright_ti4":338.81,"daynight":"D","alert_type":"new_source_at_industrial_site","severity":0.0712}},{"type":"Feature","geometry":{"type":"Point","coordinates":[77.49604,13.24447]},"properties":{"cell_id":"2649_15499","acq_date":"2026-01-28","frp":3.56,"bright_ti4":331.34,"daynight":"D","alert_type":"new_source_at_industrial_site","severity":0.0712}},{"type":"Feature","geometry":{"type":"Point","coordinates":[77.99792,13.11639]},"properties":{"cell_id":"2623_15600","acq_date":"2026-03-07","frp":3.55,"bright_ti4":338.77,"daynight":"D","alert_type":"new_source_at_industrial_site","severity":0.071}},{"type":"Feature","geometry":{"type":"Point","coordinates":[84.98728,22.24754]},"properties":{"cell_id":"4450_16997","acq_date":"2026-02-25","frp":3.55,"bright_ti4":334.3,"daynight":"D","alert_type":"new_source_at_industrial_site","severity":0.071}},{"type":"Feature","geometry":{"type":"Point","coordinates":[77.18536,28.73038]},"properties":{"cell_id":"5746_15437","acq_date":"2026-04-23","frp":3.55,"bright_ti4":330.54,"daynight":"D","alert_type":"new_source_at_industrial_site","severity":0.071}},{"type":"Feature","geometry":{"type":"Point","coordinates":[73.08813,19.57525]},"properties":{"cell_id":"3915_14618","acq_date":"2026-02-04","frp":3.55,"bright_ti4":333.17,"daynight":"D","alert_type":"new_source_at_industrial_site","severity":0.071}},{"type":"Feature","geometry":{"type":"Point","coordinates":[78.19424,11.1758]},"properties":{"cell_id":"2235_15639","acq_date":"2026-02-04","frp":3.55,"bright_ti4":344.69,"daynight":"D","alert_type":"new_source_at_industrial_site","severity":0.071}},{"type":"Feature","geometry":{"type":"Point","coordinates":[76.98698,29.33664]},"properties":{"cell_id":"5867_15397","acq_date":"2026-04-18","frp":3.55,"bright_ti4":336.42,"daynight":"D","alert_type":"new_source_at_industrial_site","severity":0.071}},{"type":"Feature","geometry":{"type":"Point","coordinates":[83.01392,24.49984]},"properties":{"cell_id":"4900_16603","acq_date":"2026-04-13","frp":3.55,"bright_ti4":334.57,"daynight":"D","alert_type":"new_source_at_industrial_site","severity":0.071}},{"type":"Feature","geometry":{"type":"Point","coordinates":[85.41639,22.12593]},"properties":{"cell_id":"4425_17083","acq_date":"2026-03-05","frp":3.54,"bright_ti4":336.39,"daynight":"D","alert_type":"new_source_at_industrial_site","severity":0.0708}},{"type":"Feature","geometry":{"type":"Point","coordinates":[77.73706,12.85499]},"properties":{"cell_id":"2571_15547","acq_date":"2026-01-30","frp":3.54,"bright_ti4":336.63,"daynight":"D","alert_type":"new_source_at_industrial_site","severity":0.0708}},{"type":"Feature","geometry":{"type":"Point","coordinates":[73.41309,19.13192]},"properties":{"cell_id":"3826_14683","acq_date":"2026-02-24","frp":3.53,"bright_ti4":339.52,"daynight":"D","alert_type":"new_source_at_industrial_site","severity":0.0706}},{"type":"Feature","geometry":{"type":"Point","coordinates":[73.1344,19.35736]},"properties":{"cell_id":"3871_14627","acq_date":"2026-03-21","frp":3.53,"bright_ti4":343.89,"daynight":"D","alert_type":"new_source_at_industrial_site","severity":0.0706}},{"type":"Feature","geometry":{"type":"Point","coordinates":[77.62555,12.37803]},"properties":{"cell_id":"2476_15525","acq_date":"2026-03-27","frp":3.53,"bright_ti4":343.07,"daynight":"D","alert_type":"new_source_at_industrial_site","severity":0.0706}},{"type":"Feature","geometry":{"type":"Point","coordinates":[73.05086,19.66884]},"properties":{"cell_id":"3934_14610","acq_date":"2026-04-17","frp":3.53,"bright_ti4":341.96,"daynight":"D","alert_type":"new_source_at_industrial_site","severity":0.0706}},{"type":"Feature","geometry":{"type":"Point","coordinates":[76.69997,28.40365]},"properties":{"cell_id":"5681_15340","acq_date":"2026-04-22","frp":3.53,"bright_ti4":346.2,"daynight":"D","alert_type":"new_source_at_industrial_site","severity":0.0706}},{"type":"Feature","geometry":{"type":"Point","coordinates":[77.75192,12.92308]},"properties":{"cell_id":"2585_15550","acq_date":"2026-02-11","frp":3.53,"bright_ti4":332.34,"daynight":"D","alert_type":"new_source_at_industrial_site","severity":0.0706}},{"type":"Feature","geometry":{"type":"Point","coordinates":[77.61359,10.06029]},"properties":{"cell_id":"2012_15523","acq_date":"2026-04-15","frp":3.52,"bright_ti4":344.07,"daynight":"D","alert_type":"new_source_at_industrial_site","severity":0.0704}},{"type":"Feature","geometry":{"type":"Point","coordinates":[74.53107,18.38813]},"properties":{"cell_id":"3678_14906","acq_date":"2026-01-04","frp":3.52,"bright_ti4":331.04,"daynight":"D","alert_type":"new_source_at_industrial_site","severity":0.0704}},{"type":"Feature","geometry":{"type":"Point","coordinates":[72.72654,21.72355]},"properties":{"cell_id":"4345_14545","acq_date":"2026-03-26","frp":3.52,"bright_ti4":341.16,"daynight":"D","alert_type":"new_source_at_industrial_site","severity":0.0704}},{"type":"Feature","geometry":{"type":"Point","coordinates":[86.09462,22.76598]},"properties":{"cell_id":"4553_17219","acq_date":"2026-02-26","frp":3.51,"bright_ti4":338.12,"daynight":"D","alert_type":"new_source_at_industrial_site","severity":0.0702}},{"type":"Feature","geometry":{"type":"Point","coordinates":[80.55228,16.42637]},"properties":{"cell_id":"3285_16110","acq_date":"2026-04-22","frp":3.51,"bright_ti4":337.43,"daynight":"D","alert_type":"new_source_at_industrial_site","severity":0.0702}},{"type":"Feature","geometry":{"type":"Point","coordinates":[74.52441,16.75888]},"properties":{"cell_id":"3352_14905","acq_date":"2026-02-11","frp":3.51,"bright_ti4":330.0,"daynight":"D","alert_type":"new_source_at_industrial_site","severity":0.0702}},{"type":"Feature","geometry":{"type":"Point","coordinates":[77.8244,9.40972]},"properties":{"cell_id":"1882_15565","acq_date":"2026-01-04","frp":3.51,"bright_ti4":332.77,"daynight":"D","alert_type":"new_source_at_industrial_site","severity":0.0702}},{"type":"Feature","geometry":{"type":"Point","coordinates":[74.86194,12.99756]},"properties":{"cell_id":"2600_14972","acq_date":"2026-03-19","frp":3.51,"bright_ti4":336.69,"daynight":"D","alert_type":"new_source_at_industrial_site","severity":0.0702}},{"type":"Feature","geometry":{"type":"Point","coordinates":[77.32362,13.14405]},"properties":{"cell_id":"2629_15465","acq_date":"2026-01-28","frp":3.51,"bright_ti4":335.37,"daynight":"D","alert_type":"new_source_at_industrial_site","severity":0.0702}},{"type":"Feature","geometry":{"type":"Point","coordinates":[78.71275,10.91277]},"properties":{"cell_id":"2183_15743","acq_date":"2026-02-08","frp":3.5,"bright_ti4":331.71,"daynight":"D","alert_type":"new_source_at_industrial_site","severity":0.07}},{"type":"Feature","geometry":{"type":"Point","coordinates":[77.66418,12.76375]},"properties":{"cell_id":"2553_15533","acq_date":"2026-02-19","frp":3.5,"bright_ti4":336.47,"daynight":"D","alert_type":"new_source_at_industrial_site","severity":0.07}},{"type":"Feature","geometry":{"type":"Point","coordinates":[70.66813,21.80054]},"properties":{"cell_id":"4360_14134","acq_date":"2026-03-29","frp":3.5,"bright_ti4":331.29,"daynight":"D","alert_type":"new_source_at_industrial_site","severity":0.07}},{"type":"Feature","geometry":{"type":"Point","coordinates":[86.15778,20.9284]},"properties":{"cell_id":"4186_17232","acq_date":"2026-03-23","frp":3.5,"bright_ti4":338.88,"daynight":"D","alert_type":"new_source_at_industrial_site","severity":0.07}},{"type":"Feature","geometry":{"type":"Point","coordinates":[86.15622,20.93457]},"properties":{"cell_id":"4187_17231","acq_date":"2026-03-23","frp":3.5,"bright_ti4":330.12,"daynight":"D","alert_type":"new_source_at_industrial_site","severity":0.07}},{"type":"Feature","geometry":{"type":"Point","coordinates":[83.46984,21.32531]},"properties":{"cell_id":"4265_16694","acq_date":"2026-03-04","frp":3.5,"bright_ti4":337.59,"daynight":"D","alert_type":"new_source_at_industrial_site","severity":0.07}},{"type":"Feature","geometry":{"type":"Point","coordinates":[87.37965,25.03189]},"properties":{"cell_id":"5006_17476","acq_date":"2026-02-07","frp":3.5,"bright_ti4":331.5,"daynight":"D","alert_type":"new_source_at_industrial_site","severity":0.07}},{"type":"Feature","geometry":{"type":"Point","coordinates":[72.24005,22.98952]},"properties":{"cell_id":"4598_14448","acq_date":"2026-04-17","frp":3.5,"bright_ti4":338.07,"daynight":"N","alert_type":"new_source_at_industrial_site","severity":0.07}},{"type":"Feature","geometry":{"type":"Point","coordinates":[78.24696,12.71576]},"properties":{"cell_id":"2543_15649","acq_date":"2026-03-26","frp":3.49,"bright_ti4":330.61,"daynight":"D","alert_type":"new_source_at_industrial_site","severity":0.0698}},{"type":"Feature","geometry":{"type":"Point","coordinates":[78.11644,12.10994]},"properties":{"cell_id":"2422_15623","acq_date":"2026-01-29","frp":3.49,"bright_ti4":336.19,"daynight":"D","alert_type":"new_source_at_industrial_site","severity":0.0698}},{"type":"Feature","geometry":{"type":"Point","coordinates":[72.19172,21.65789]},"properties":{"cell_id":"4332_14438","acq_date":"2026-03-19","frp":3.49,"bright_ti4":333.42,"daynight":"D","alert_type":"new_source_at_industrial_site","severity":0.0698}},{"type":"Feature","geometry":{"type":"Point","coordinates":[76.95421,10.02157]},"properties":{"cell_id":"2004_15391","acq_date":"2026-01-30","frp":3.49,"bright_ti4":330.61,"daynight":"D","alert_type":"new_source_at_industrial_site","severity":0.0698}},{"type":"Feature","geometry":{"type":"Point","coordinates":[77.66834,12.76078]},"properties":{"cell_id":"2552_15534","acq_date":"2026-03-25","frp":3.49,"bright_ti4":334.13,"daynight":"D","alert_type":"new_source_at_industrial_site","severity":0.0698}},{"type":"Feature","geometry":{"type":"Point","coordinates":[73.48638,17.61786]},"properties":{"cell_id":"3524_14697","acq_date":"2026-01-06","frp":3.49,"bright_ti4":331.97,"daynight":"D","alert_type":"new_source_at_industrial_site","severity":0.0698}},{"type":"Feature","geometry":{"type":"Point","coordinates":[75.0126,18.089]},"properties":{"cell_id":"3618_15003","acq_date":"2026-02-21","frp":3.48,"bright_ti4":331.37,"daynight":"D","alert_type":"new_source_at_industrial_site","severity":0.0696}},{"type":"Feature","geometry":{"type":"Point","coordinates":[83.84431,21.75092]},"properties":{"cell_id":"4350_16769","acq_date":"2026-03-07","frp":3.48,"bright_ti4":335.01,"daynight":"D","alert_type":"new_source_at_industrial_site","severity":0.0696}},{"type":"Feature","geometry":{"type":"Point","coordinates":[80.78072,16.50059]},"properties":{"cell_id":"3300_16156","acq_date":"2026-04-17","frp":3.48,"bright_ti4":334.42,"daynight":"D","alert_type":"new_source_at_industrial_site","severity":0.0696}},{"type":"Feature","geometry":{"type":"Point","coordinates":[73.11415,19.32696]},"properties":{"cell_id":"3865_14623","acq_date":"2026-02-13","frp":3.48,"bright_ti4":338.72,"daynight":"D","alert_type":"new_source_at_industrial_site","severity":0.0696}},{"type":"Feature","geometry":{"type":"Point","coordinates":[77.32636,30.18975]},"properties":{"cell_id":"6038_15465","acq_date":"2026-04-10","frp":3.48,"bright_ti4":342.87,"daynight":"D","alert_type":"new_source_at_industrial_site","severity":0.0696}},{"type":"Feature","geometry":{"type":"Point","coordinates":[86.3214,22.72291]},"properties":{"cell_id":"4545_17264","acq_date":"2026-02-11","frp":3.47,"bright_ti4":338.75,"daynight":"D","alert_type":"new_source_at_industrial_site","severity":0.0694}},{"type":"Feature","geometry":{"type":"Point","coordinates":[77.70161,13.1715]},"properties":{"cell_id":"2634_15540","acq_date":"2026-02-25","frp":3.47,"bright_ti4":330.43,"daynight":"D","alert_type":"new_source_at_industrial_site","severity":0.0694}},{"type":"Feature","geometry":{"type":"Point","coordinates":[70.83357,22.9238]},"properties":{"cell_id":"4585_14167","acq_date":"2026-03-28","frp":3.47,"bright_ti4":343.1,"daynight":"D","alert_type":"new_source_at_industrial_site","severity":0.0694}},{"type":"Feature","geometry":{"type":"Point","coordinates":[73.38737,19.28115]},"properties":{"cell_id":"3856_14677","acq_date":"2026-04-05","frp":3.47,"bright_ti4":336.65,"daynight":"D","alert_type":"new_source_at_industrial_site","severity":0.0694}},{"type":"Feature","geometry":{"type":"Point","coordinates":[77.01441,29.48005]},"properties":{"cell_id":"5896_15403","acq_date":"2026-04-24","frp":3.47,"bright_ti4":341.83,"daynight":"D","alert_type":"new_source_at_industrial_site","severity":0.0694}},{"type":"Feature","geometry":{"type":"Point","coordinates":[85.95235,20.52533]},"properties":{"cell_id":"4105_17190","acq_date":"2026-01-12","frp":3.47,"bright_ti4":327.89,"daynight":"D","alert_type":"new_source_at_industrial_site","severity":0.0694}},{"type":"Feature","geometry":{"type":"Point","coordinates":[78.1512,29.83166]},"properties":{"cell_id":"5966_15630","acq_date":"2026-01-18","frp":3.46,"bright_ti4":339.23,"daynight":"D","alert_type":"new_source_at_industrial_site","severity":0.0692}},{"type":"Feature","geometry":{"type":"Point","coordinates":[73.94126,18.15737]},"properties":{"cell_id":"3631_14788","acq_date":"2026-03-25","frp":3.46,"bright_ti4":343.42,"daynight":"D","alert_type":"new_source_at_industrial_site","severity":0.0692}},{"type":"Feature","geometry":{"type":"Point","coordinates":[72.00032,27.45064]},"properties":{"cell_id":"5490_14400","acq_date":"2026-02-14","frp":3.46,"bright_ti4":338.87,"daynight":"D","alert_type":"new_source_at_industrial_site","severity":0.0692}},{"type":"Feature","geometry":{"type":"Point","coordinates":[83.36451,26.82337]},"properties":{"cell_id":"5365_16673","acq_date":"2026-02-24","frp":3.46,"bright_ti4":325.89,"daynight":"D","alert_type":"new_source_at_industrial_site","severity":0.0692}},{"type":"Feature","geometry":{"type":"Point","coordinates":[85.49228,23.76276]},"properties":{"cell_id":"4753_17098","acq_date":"2026-02-19","frp":3.46,"bright_ti4":336.67,"daynight":"D","alert_type":"new_source_at_industrial_site","severity":0.0692}},{"type":"Feature","geometry":{"type":"Point","coordinates":[73.80942,15.56141]},"properties":{"cell_id":"3112_14762","acq_date":"2026-04-25","frp":3.45,"bright_ti4":333.1,"daynight":"D","alert_type":"new_source_at_industrial_site","severity":0.069}},{"type":"Feature","geometry":{"type":"Point","coordinates":[85.46857,23.83159]},"properties":{"cell_id":"4766_17094","acq_date":"2026-02-09","frp":3.45,"bright_ti4":334.28,"daynight":"D","alert_type":"new_source_at_industrial_site","severity":0.069}},{"type":"Feature","geometry":{"type":"Point","coordinates":[83.56974,21.4258]},"properties":{"cell_id":"4285_16714","acq_date":"2026-02-16","frp":3.45,"bright_ti4":338.52,"daynight":"D","alert_type":"new_source_at_industrial_site","severity":0.069}},{"type":"Feature","geometry":{"type":"Point","coordinates":[75.80654,14.5224]},"properties":{"cell_id":"2904_15161","acq_date":"2026-02-19","frp":3.45,"bright_ti4":337.05,"daynight":"D","alert_type":"new_source_at_industrial_site","severity":0.069}},{"type":"Feature","geometry":{"type":"Point","coordinates":[76.38277,15.16593]},"properties":{"cell_id":"3033_15277","acq_date":"2026-01-24","frp":3.45,"bright_ti4":331.9,"daynight":"D","alert_type":"new_source_at_industrial_site","severity":0.069}},{"type":"Feature","geometry":{"type":"Point","coordinates":[83.84343,21.74965]},"properties":{"cell_id":"4350_16769","acq_date":"2026-03-04","frp":3.45,"bright_ti4":341.44,"daynight":"D","alert_type":"new_source_at_industrial_site","severity":0.069}},{"type":"Feature","geometry":{"type":"Point","coordinates":[77.9436,16.48481]},"properties":{"cell_id":"3297_15589","acq_date":"2026-02-04","frp":3.44,"bright_ti4":331.09,"daynight":"D","alert_type":"new_source_at_industrial_site","severity":0.0688}},{"type":"Feature","geometry":{"type":"Point","coordinates":[73.01956,20.09335]},"properties":{"cell_id":"4019_14604","acq_date":"2026-04-03","frp":3.44,"bright_ti4":336.04,"daynight":"D","alert_type":"new_source_at_industrial_site","severity":0.0688}},{"type":"Feature","geometry":{"type":"Point","coordinates":[82.94621,17.64697]},"properties":{"cell_id":"3529_16589","acq_date":"2026-01-17","frp":3.44,"bright_ti4":332.35,"daynight":"D","alert_type":"new_source_at_industrial_site","severity":0.0688}},{"type":"Feature","geometry":{"type":"Point","coordinates":[93.87035,26.65352]},"properties":{"cell_id":"5331_18774","acq_date":"2026-03-08","frp":3.44,"bright_ti4":331.44,"daynight":"D","alert_type":"new_source_at_industrial_site","severity":0.0688}},{"type":"Feature","geometry":{"type":"Point","coordinates":[77.177,29.54305]},"properties":{"cell_id":"5909_15435","acq_date":"2026-04-26","frp":3.43,"bright_ti4":342.31,"daynight":"D","alert_type":"new_source_at_industrial_site","severity":0.0686}},{"type":"Feature","geometry":{"type":"Point","coordinates":[73.03736,18.6921]},"properties":{"cell_id":"3738_14607","acq_date":"2026-03-04","frp":3.43,"bright_ti4":309.06,"daynight":"N","alert_type":"new_source_at_industrial_site","severity":0.0686}},{"type":"Feature","geometry":{"type":"Point","coordinates":[76.6619,23.91501]},"properties":{"cell_id":"4783_15332","acq_date":"2026-04-11","frp":3.43,"bright_ti4":344.33,"daynight":"D","alert_type":"new_source_at_industrial_site","severity":0.0686}},{"type":"Feature","geometry":{"type":"Point","coordinates":[78.11579,12.11147]},"properties":{"cell_id":"2422_15623","acq_date":"2026-01-27","frp":3.43,"bright_ti4":330.99,"daynight":"D","alert_type":"new_source_at_industrial_site","severity":0.0686}},{"type":"Feature","geometry":{"type":"Point","coordinates":[77.55655,12.83815]},"properties":{"cell_id":"2568_15511","acq_date":"2026-02-06","frp":3.43,"bright_ti4":330.78,"daynight":"D","alert_type":"new_source_at_industrial_site","severity":0.0686}},{"type":"Feature","geometry":{"type":"Point","coordinates":[73.51679,18.1179]},"properties":{"cell_id":"3624_14703","acq_date":"2026-03-04","frp":3.42,"bright_ti4":338.99,"daynight":"D","alert_type":"new_source_at_industrial_site","severity":0.0684}},{"type":"Feature","geometry":{"type":"Point","coordinates":[73.51232,18.11691]},"properties":{"cell_id":"3623_14702","acq_date":"2026-03-04","frp":3.42,"bright_ti4":339.08,"daynight":"D","alert_type":"new_source_at_industrial_site","severity":0.0684}},{"type":"Feature","geometry":{"type":"Point","coordinates":[77.24072,13.21506]},"properties":{"cell_id":"2643_15448","acq_date":"2026-02-08","frp":3.42,"bright_ti4":336.41,"daynight":"D","alert_type":"new_source_at_industrial_site","severity":0.0684}},{"type":"Feature","geometry":{"type":"Point","coordinates":[75.97173,22.89064]},"properties":{"cell_id":"4578_15194","acq_date":"2026-04-02","frp":3.42,"bright_ti4":335.38,"daynight":"D","alert_type":"new_source_at_industrial_site","severity":0.0684}},{"type":"Feature","geometry":{"type":"Point","coordinates":[70.43757,21.7479]},"properties":{"cell_id":"4350_14088","acq_date":"2026-03-22","frp":3.42,"bright_ti4":343.56,"daynight":"D","alert_type":"new_source_at_industrial_site","severity":0.0684}},{"type":"Feature","geometry":{"type":"Point","coordinates":[74.86794,26.77315]},"properties":{"cell_id":"5355_14974","acq_date":"2026-03-08","frp":3.42,"bright_ti4":345.7,"daynight":"D","alert_type":"new_source_at_industrial_site","severity":0.0684}},{"type":"Feature","geometry":{"type":"Point","coordinates":[74.02441,15.26475]},"properties":{"cell_id":"3053_14805","acq_date":"2026-04-24","frp":3.42,"bright_ti4":336.32,"daynight":"D","alert_type":"new_source_at_industrial_site","severity":0.0684}},{"type":"Feature","geometry":{"type":"Point","coordinates":[83.49778,21.32361]},"properties":{"cell_id":"4265_16700","acq_date":"2026-02-21","frp":3.42,"bright_ti4":337.85,"daynight":"D","alert_type":"new_source_at_industrial_site","severity":0.0684}},{"type":"Feature","geometry":{"type":"Point","coordinates":[84.97614,20.8853]},"properties":{"cell_id":"4177_16995","acq_date":"2026-01-18","frp":3.41,"bright_ti4":310.16,"daynight":"N","alert_type":"new_source_at_industrial_site","severity":0.0682}},{"type":"Feature","geometry":{"type":"Point","coordinates":[79.46529,13.66439]},"properties":{"cell_id":"2733_15893","acq_date":"2026-03-06","frp":3.41,"bright_ti4":334.45,"daynight":"D","alert_type":"new_source_at_industrial_site","severity":0.0682}},{"type":"Feature","geometry":{"type":"Point","coordinates":[76.63929,15.18201]},"properties":{"cell_id":"3036_15328","acq_date":"2026-03-22","frp":3.41,"bright_ti4":327.45,"daynight":"N","alert_type":"new_source_at_industrial_site","severity":0.0682}},{"type":"Feature","geometry":{"type":"Point","coordinates":[77.73293,12.74448]},"properties":{"cell_id":"2549_15547","acq_date":"2026-04-19","frp":3.41,"bright_ti4":338.99,"daynight":"D","alert_type":"new_source_at_industrial_site","severity":0.0682}},{"type":"Feature","geometry":{"type":"Point","coordinates":[73.33109,22.43256]},"properties":{"cell_id":"4487_14666","acq_date":"2026-03-26","frp":3.4,"bright_ti4":330.65,"daynight":"D","alert_type":"new_source_at_industrial_site","severity":0.068}},{"type":"Feature","geometry":{"type":"Point","coordinates":[78.5224,19.67895]},"properties":{"cell_id":"3936_15704","acq_date":"2026-04-13","frp":3.4,"bright_ti4":337.62,"daynight":"D","alert_type":"new_source_at_industrial_site","severity":0.068}},{"type":"Feature","geometry":{"type":"Point","coordinates":[86.01195,22.79205]},"properties":{"cell_id":"4558_17202","acq_date":"2026-02-09","frp":3.39,"bright_ti4":333.75,"daynight":"D","alert_type":"new_source_at_industrial_site","severity":0.0678}},{"type":"Feature","geometry":{"type":"Point","coordinates":[73.1368,19.64437]},"properties":{"cell_id":"3929_14627","acq_date":"2026-04-03","frp":3.39,"bright_ti4":337.35,"daynight":"D","alert_type":"new_source_at_industrial_site","severity":0.0678}},{"type":"Feature","geometry":{"type":"Point","coordinates":[72.31166,23.276]},"properties":{"cell_id":"4655_14462","acq_date":"2026-03-24","frp":3.39,"bright_ti4":337.85,"daynight":"D","alert_type":"new_source_at_industrial_site","severity":0.0678}},{"type":"Feature","geometry":{"type":"Point","coordinates":[78.19765,11.65774]},"properties":{"cell_id":"2332_15640","acq_date":"2026-03-20","frp":3.39,"bright_ti4":337.22,"daynight":"D","alert_type":"new_source_at_industrial_site","severity":0.0678}},{"type":"Feature","geometry":{"type":"Point","coordinates":[83.33491,27.18081]},"properties":{"cell_id":"5436_16667","acq_date":"2026-04-12","frp":3.39,"bright_ti4":340.67,"daynight":"D","alert_type":"new_source_at_industrial_site","severity":0.0678}},{"type":"Feature","geometry":{"type":"Point","coordinates":[73.78869,15.58471]},"properties":{"cell_id":"3117_14758","acq_date":"2026-04-12","frp":3.38,"bright_ti4":334.58,"daynight":"D","alert_type":"new_source_at_industrial_site","severity":0.0676}},{"type":"Feature","geometry":{"type":"Point","coordinates":[77.11273,13.38539]},"properties":{"cell_id":"2677_15423","acq_date":"2026-02-16","frp":3.38,"bright_ti4":330.16,"daynight":"N","alert_type":"new_source_at_industrial_site","severity":0.0676}},{"type":"Feature","geometry":{"type":"Point","coordinates":[77.61444,12.73931]},"properties":{"cell_id":"2548_15523","acq_date":"2026-02-04","frp":3.38,"bright_ti4":335.29,"daynight":"D","alert_type":"new_source_at_industrial_site","severity":0.0676}},{"type":"Feature","geometry":{"type":"Point","coordinates":[82.23681,21.79191]},"properties":{"cell_id":"4358_16447","acq_date":"2026-02-06","frp":3.38,"bright_ti4":335.78,"daynight":"D","alert_type":"new_source_at_industrial_site","severity":0.0676}},{"type":"Feature","geometry":{"type":"Point","coordinates":[75.15596,12.2684]},"properties":{"cell_id":"2454_15031","acq_date":"2026-02-08","frp":3.37,"bright_ti4":338.01,"daynight":"D","alert_type":"new_source_at_industrial_site","severity":0.0674}},{"type":"Feature","geometry":{"type":"Point","coordinates":[75.77509,11.93488]},"properties":{"cell_id":"2387_15155","acq_date":"2026-01-18","frp":3.37,"bright_ti4":337.82,"daynight":"D","alert_type":"new_source_at_industrial_site","severity":0.0674}},{"type":"Feature","geometry":{"type":"Point","coordinates":[70.2869,21.04217]},"properties":{"cell_id":"4208_14057","acq_date":"2026-03-02","frp":3.37,"bright_ti4":335.19,"daynight":"D","alert_type":"new_source_at_industrial_site","severity":0.0674}},{"type":"Feature","geometry":{"type":"Point","coordinates":[75.11278,27.61601]},"properties":{"cell_id":"5523_15023","acq_date":"2026-03-09","frp":3.37,"bright_ti4":343.63,"daynight":"D","alert_type":"new_source_at_industrial_site","severity":0.0674}},{"type":"Feature","geometry":{"type":"Point","coordinates":[73.16313,18.97283]},"properties":{"cell_id":"3795_14633","acq_date":"2026-04-20","frp":3.37,"bright_ti4":332.95,"daynight":"D","alert_type":"new_source_at_industrial_site","severity":0.0674}},{"type":"Feature","geometry":{"type":"Point","coordinates":[74.02485,15.25992]},"properties":{"cell_id":"3052_14805","acq_date":"2026-02-06","frp":3.37,"bright_ti4":335.88,"daynight":"D","alert_type":"new_source_at_industrial_site","severity":0.0674}},{"type":"Feature","geometry":{"type":"Point","coordinates":[76.85756,29.45965]},"properties":{"cell_id":"5892_15372","acq_date":"2026-02-28","frp":3.36,"bright_ti4":318.43,"daynight":"N","alert_type":"new_source_at_industrial_site","severity":0.0672}},{"type":"Feature","geometry":{"type":"Point","coordinates":[82.07581,21.6731]},"properties":{"cell_id":"4335_16415","acq_date":"2026-03-28","frp":3.36,"bright_ti4":312.09,"daynight":"N","alert_type":"new_source_at_industrial_site","severity":0.0672}},{"type":"Feature","geometry":{"type":"Point","coordinates":[87.2612,23.42758]},"properties":{"cell_id":"4686_17452","acq_date":"2026-02-05","frp":3.36,"bright_ti4":334.98,"daynight":"D","alert_type":"new_source_at_industrial_site","severity":0.0672}},{"type":"Feature","geometry":{"type":"Point","coordinates":[77.69189,12.60705]},"properties":{"cell_id":"2521_15538","acq_date":"2026-03-03","frp":3.36,"bright_ti4":339.28,"daynight":"D","alert_type":"new_source_at_industrial_site","severity":0.0672}},{"type":"Feature","geometry":{"type":"Point","coordinates":[84.29795,18.53177]},"properties":{"cell_id":"3706_16860","acq_date":"2026-04-21","frp":3.35,"bright_ti4":338.96,"daynight":"D","alert_type":"new_source_at_industrial_site","severity":0.067}},{"type":"Feature","geometry":{"type":"Point","coordinates":[76.32877,30.62653]},"properties":{"cell_id":"6125_15266","acq_date":"2026-02-03","frp":3.35,"bright_ti4":327.35,"daynight":"D","alert_type":"new_source_at_industrial_site","severity":0.067}}]}