{"type":"FeatureCollection","features":[{"type":"Feature","geometry":{"type":"Point","coordinates":[79.86652,7.98716]},"properties":{"cell_id":"1597_15973","pred_class":"gas_flare","n_detections":19,"frp_mean":0.9932,"frp_max":1.95,"night_frac":1.0,"first_seen":"2024-01-16","last_seen":"2026-03-14","class_agreement":1.0,"top_reasons":"is_persistent=1 (+0.90); dist_any_industry_km=141.2 (-0.78); dist_industrial_km=141.2 (+0.62); month_entropy=0.8691 (+0.46)"}},{"type":"Feature","geometry":{"type":"Point","coordinates":[79.86624,7.98885]},"properties":{"cell_id":"1598_15973","pred_class":"gas_flare","n_detections":67,"frp_mean":1.007,"frp_max":3.85,"night_frac":1.0,"first_seen":"2024-01-05","last_seen":"2026-04-05","class_agreement":1.0,"top_reasons":"dist_any_industry_km=141 (-0.75); is_persistent=1 (+0.72); dist_industrial_km=141 (+0.66); month_entropy=0.8682 (+0.46)"}},{"type":"Feature","geometry":{"type":"Point","coordinates":[79.86808,7.98907]},"properties":{"cell_id":"1598_15974","pred_class":"wildfire","n_detections":16,"frp_mean":0.7725,"frp_max":1.74,"night_frac":1.0,"first_seen":"2024-01-15","last_seen":"2026-04-21","class_agreement":1.0,"top_reasons":"lc_built_5km=0.01256 (-3.55); lc_tree_1km=0.7521 (+3.09); n_detections=16 (-0.96); is_persistent=1 (-0.91)"}},{"type":"Feature","geometry":{"type":"Point","coordinates":[76.39142,9.9647]},"properties":{"cell_id":"1993_15278","pred_class":"thermal_power","n_detections":21,"frp_mean":2.2648,"frp_max":7.0,"night_frac":0.7619,"first_seen":"2024-02-13","last_seen":"2026-01-16","class_agreement":1.0,"top_reasons":"dist_thermal_plant_km=4.095 (+7.88); dist_power_plant_km=0.9906 (+0.51); is_persistent=1 (+0.37); lc_crop_1km=0.008264 (+0.20)"}},{"type":"Feature","geometry":{"type":"Point","coordinates":[76.39456,9.96431]},"properties":{"cell_id":"1993_15279","pred_class":"industrial_plant","n_detections":32,"frp_mean":2.6663,"frp_max":7.35,"night_frac":0.6875,"first_seen":"2024-01-08","last_seen":"2026-01-16","class_agreement":1.0,"top_reasons":"dist_industrial_km=0.3565 (+3.17); is_persistent=1 (+2.26); inside_industrial=1 (+1.66); dist_thermal_plant_km=4.3 (+0.92)"}},{"type":"Feature","geometry":{"type":"Point","coordinates":[76.37512,9.97636]},"properties":{"cell_id":"1995_15275","pred_class":"thermal_power","n_detections":20,"frp_mean":1.8645,"frp_max":3.48,"night_frac":0.9,"first_seen":"2024-01-18","last_seen":"2026-04-23","class_agreement":1.0,"top_reasons":"dist_thermal_plant_km=2.352 (+9.12); is_persistent=1 (+0.59); dist_power_plant_km=1.327 (+0.36); nearest_plant_mw=60 (+0.19)"}},{"type":"Feature","geometry":{"type":"Point","coordinates":[76.37563,9.97866]},"properties":{"cell_id":"1996_15275","pred_class":"thermal_power","n_detections":49,"frp_mean":1.6782,"frp_max":3.99,"night_frac":0.9796,"first_seen":"2024-01-13","last_seen":"2026-04-23","class_agreement":1.0,"top_reasons":"dist_thermal_plant_km=2.099 (+9.22); is_persistent=1 (+0.59); dist_power_plant_km=1.389 (+0.26); nearest_plant_mw=60 (+0.21)"}},{"type":"Feature","geometry":{"type":"Point","coordinates":[77.06151,10.92338]},"properties":{"cell_id":"2185_15412","pred_class":"gas_flare","n_detections":20,"frp_mean":0.9085,"frp_max":2.35,"night_frac":1.0,"first_seen":"2024-01-13","last_seen":"2026-02-10","class_agreement":1.0,"top_reasons":"is_persistent=1 (+1.62); dist_industrial_km=2.664 (+1.13); dist_any_industry_km=2.664 (+0.72); inside_mining=0 (+0.59)"}},{"type":"Feature","geometry":{"type":"Point","coordinates":[77.06186,10.9301]},"properties":{"cell_id":"2186_15412","pred_class":"industrial_plant","n_detections":18,"frp_mean":1.085,"frp_max":1.98,"night_frac":1.0,"first_seen":"2025-12-10","last_seen":"2026-04-11","class_agreement":1.0,"top_reasons":"dist_industrial_km=1.92 (+4.86); is_persistent=1 (+2.28); dist_thermal_plant_km=124.2 (+0.82); dist_mining_km=4.917 (+0.73)"}},{"type":"Feature","geometry":{"type":"Point","coordinates":[77.06458,10.92967]},"properties":{"cell_id":"2186_15413","pred_class":"industrial_plant","n_detections":143,"frp_mean":1.1629,"frp_max":5.44,"night_frac":0.9301,"first_seen":"2024-02-05","last_seen":"2026-04-21","class_agreement":1.0,"top_reasons":"dist_industrial_km=1.939 (+4.92); is_persistent=1 (+2.29); dist_thermal_plant_km=124.1 (+0.83); dist_mining_km=4.766 (+0.72)"}},{"type":"Feature","geometry":{"type":"Point","coordinates":[79.08865,11.17638]},"properties":{"cell_id":"2235_15818","pred_class":"industrial_plant","n_detections":34,"frp_mean":0.9576,"frp_max":1.64,"night_frac":1.0,"first_seen":"2024-01-16","last_seen":"2026-03-31","class_agreement":1.0,"top_reasons":"dist_industrial_km=0.8588 (+3.85); is_persistent=1 (+2.47); inside_industrial=1 (+1.58); dist_thermal_plant_km=48.4 (+1.01)"}},{"type":"Feature","geometry":{"type":"Point","coordinates":[79.10029,11.18156]},"properties":{"cell_id":"2236_15820","pred_class":"industrial_plant","n_detections":77,"frp_mean":1.0977,"frp_max":3.64,"night_frac":1.0,"first_seen":"2024-01-13","last_seen":"2026-04-25","class_agreement":1.0,"top_reasons":"dist_industrial_km=0.6214 (+3.59); is_persistent=1 (+2.48); inside_industrial=1 (+1.73); dist_thermal_plant_km=47.22 (+1.01)"}},{"type":"Feature","geometry":{"type":"Point","coordinates":[79.10022,11.18339]},"properties":{"cell_id":"2237_15820","pred_class":"industrial_plant","n_detections":67,"frp_mean":1.1425,"frp_max":3.1,"night_frac":1.0,"first_seen":"2024-01-15","last_seen":"2026-04-26","class_agreement":1.0,"top_reasons":"dist_industrial_km=0.6509 (+3.57); is_persistent=1 (+2.48); inside_industrial=1 (+1.77); dist_thermal_plant_km=47.26 (+1.01)"}},{"type":"Feature","geometry":{"type":"Point","coordinates":[77.56594,11.20395]},"properties":{"cell_id":"2241_15513","pred_class":"mining","n_detections":17,"frp_mean":0.7753,"frp_max":1.58,"night_frac":1.0,"first_seen":"2024-10-01","last_seen":"2026-01-21","class_agreement":1.0,"top_reasons":"dist_mining_km=0.5179 (+9.10); dist_thermal_plant_km=68.45 (+0.33); lc_grass_1km=0.4793 (+0.16); dist_any_industry_km=1.505 (+0.14)"}},{"type":"Feature","geometry":{"type":"Point","coordinates":[80.00121,11.26611]},"properties":{"cell_id":"2253_16000","pred_class":"gas_flare","n_detections":21,"frp_mean":2.279,"frp_max":4.82,"night_frac":1.0,"first_seen":"2025-08-14","last_seen":"2026-04-26","class_agreement":1.0,"top_reasons":"is_persistent=1 (+1.00); month_entropy=0.7321 (+0.48); n_detections=21 (+0.47); dist_any_industry_km=26.84 (-0.43)"}},{"type":"Feature","geometry":{"type":"Point","coordinates":[80.00425,11.26602]},"properties":{"cell_id":"2253_16001","pred_class":"gas_flare","n_detections":62,"frp_mean":2.371,"frp_max":7.25,"night_frac":0.6613,"first_seen":"2025-06-01","last_seen":"2026-04-26","class_agreement":1.0,"top_reasons":"is_persistent=1 (+1.02); month_entropy=0.8297 (+0.49); dist_any_industry_km=27.04 (-0.44); inside_mining=0 (+0.34)"}},{"type":"Feature","geometry":{"type":"Point","coordinates":[80.00162,11.26812]},"properties":{"cell_id":"2254_16000","pred_class":"gas_flare","n_detections":19,"frp_mean":2.5826,"frp_max":7.94,"night_frac":1.0,"first_seen":"2025-06-16","last_seen":"2026-04-10","class_agreement":1.0,"top_reasons":"is_persistent=1 (+1.11); dist_any_industry_km=27.05 (-0.76); month_entropy=0.8581 (+0.54); n_active_days=19 (+0.46)"}},{"type":"Feature","geometry":{"type":"Point","coordinates":[80.0043,11.26861]},"properties":{"cell_id":"2254_16001","pred_class":"gas_flare","n_detections":52,"frp_mean":2.5404,"frp_max":7.29,"night_frac":0.7885,"first_seen":"2025-06-03","last_seen":"2026-04-27","class_agreement":1.0,"top_reasons":"is_persistent=1 (+1.01); dist_any_industry_km=27.27 (-0.72); month_entropy=0.8816 (+0.53); inside_mining=0 (+0.37)"}},{"type":"Feature","geometry":{"type":"Point","coordinates":[79.80551,11.30586]},"properties":{"cell_id":"2261_15961","pred_class":"gas_flare","n_detections":21,"frp_mean":0.8405,"frp_max":2.44,"night_frac":1.0,"first_seen":"2024-01-13","last_seen":"2026-03-03","class_agreement":1.0,"top_reasons":"is_persistent=1 (+0.76); dist_any_industry_km=25.88 (-0.46); dist_industrial_km=25.88 (+0.37); inside_mining=0 (+0.31)"}},{"type":"Feature","geometry":{"type":"Point","coordinates":[77.92096,11.81019]},"properties":{"cell_id":"2362_15584","pred_class":"industrial_plant","n_detections":129,"frp_mean":1.8793,"frp_max":8.16,"night_frac":0.938,"first_seen":"2024-01-16","last_seen":"2026-04-25","class_agreement":1.0,"top_reasons":"dist_industrial_km=0.6276 (+3.67); is_persistent=1 (+2.52); inside_industrial=1 (+1.72); dist_thermal_plant_km=12.51 (+1.01)"}},{"type":"Feature","geometry":{"type":"Point","coordinates":[77.924,11.80966]},"properties":{"cell_id":"2362_15585","pred_class":"industrial_plant","n_detections":139,"frp_mean":2.1522,"frp_max":10.69,"night_frac":0.8561,"first_seen":"2024-01-18","last_seen":"2026-04-25","class_agreement":1.0,"top_reasons":"dist_industrial_km=0.912 (+3.83); is_persistent=1 (+2.51); inside_industrial=1 (+1.64); dist_thermal_plant_km=12.8 (+1.01)"}},{"type":"Feature","geometry":{"type":"Point","coordinates":[77.91623,11.81588]},"properties":{"cell_id":"2363_15583","pred_class":"industrial_plant","n_detections":118,"frp_mean":1.7814,"frp_max":5.56,"night_frac":1.0,"first_seen":"2024-01-13","last_seen":"2026-04-26","class_agreement":1.0,"top_reasons":"dist_industrial_km=0.1887 (+3.78); is_persistent=1 (+2.52); inside_industrial=1 (+1.66); dist_thermal_plant_km=12.28 (+1.04)"}},{"type":"Feature","geometry":{"type":"Point","coordinates":[77.91848,11.81554]},"properties":{"cell_id":"2363_15584","pred_class":"industrial_plant","n_detections":94,"frp_mean":1.6016,"frp_max":3.96,"night_frac":0.9894,"first_seen":"2024-01-16","last_seen":"2026-04-25","class_agreement":1.0,"top_reasons":"dist_industrial_km=0.1782 (+3.66); is_persistent=1 (+2.52); inside_industrial=1 (+1.72); dist_thermal_plant_km=12.49 (+1.04)"}},{"type":"Feature","geometry":{"type":"Point","coordinates":[77.91611,11.81806]},"properties":{"cell_id":"2364_15583","pred_class":"industrial_plant","n_detections":34,"frp_mean":1.7541,"frp_max":3.69,"night_frac":0.9706,"first_seen":"2024-01-21","last_seen":"2026-04-23","class_agreement":1.0,"top_reasons":"dist_industrial_km=0.4141 (+3.90); is_persistent=1 (+2.50); inside_industrial=1 (+1.58); dist_thermal_plant_km=12.37 (+1.03)"}},{"type":"Feature","geometry":{"type":"Point","coordinates":[77.91846,11.81798]},"properties":{"cell_id":"2364_15584","pred_class":"industrial_plant","n_detections":17,"frp_mean":1.3929,"frp_max":2.24,"night_frac":1.0,"first_seen":"2024-01-21","last_seen":"2026-04-25","class_agreement":1.0,"top_reasons":"dist_industrial_km=0.4098 (+3.77); is_persistent=1 (+2.47); inside_industrial=1 (+1.52); dist_thermal_plant_km=12.6 (+0.98)"}},{"type":"Feature","geometry":{"type":"Point","coordinates":[93.8603,12.28015]},"properties":{"cell_id":"2456_18772","pred_class":"gas_flare","n_detections":24,"frp_mean":12.0908,"frp_max":43.17,"night_frac":1.0,"first_seen":"2024-03-28","last_seen":"2025-11-14","class_agreement":1.0,"top_reasons":"is_persistent=1 (+0.94); dist_any_industry_km=125.5 (-0.48); month_entropy=0.5804 (+0.47); inside_mining=0 (+0.38)"}},{"type":"Feature","geometry":{"type":"Point","coordinates":[93.86429,12.28055]},"properties":{"cell_id":"2456_18773","pred_class":"wildfire","n_detections":26,"frp_mean":13.8669,"frp_max":84.94,"night_frac":0.9231,"first_seen":"2024-03-28","last_seen":"2025-11-17","class_agreement":1.0,"top_reasons":"lc_built_5km=0 (+2.06); is_persistent=1 (-1.27); lc_tree_1km=0.3471 (+0.69); n_active_days=17 (-0.38)"}},{"type":"Feature","geometry":{"type":"Point","coordinates":[93.85544,12.28487]},"properties":{"cell_id":"2457_18771","pred_class":"gas_flare","n_detections":27,"frp_mean":12.2963,"frp_max":75.74,"night_frac":0.9259,"first_seen":"2024-03-29","last_seen":"2025-12-18","class_agreement":1.0,"top_reasons":"is_persistent=1 (+0.98); dist_any_industry_km=124.8 (-0.45); month_entropy=0.8056 (+0.42); inside_mining=0 (+0.37)"}},{"type":"Feature","geometry":{"type":"Point","coordinates":[93.86038,12.28492]},"properties":{"cell_id":"2457_18772","pred_class":"gas_flare","n_detections":98,"frp_mean":6.7402,"frp_max":75.74,"night_frac":0.9694,"first_seen":"2024-03-27","last_seen":"2026-01-04","class_agreement":1.0,"top_reasons":"is_persistent=1 (+0.91); dist_any_industry_km=125.2 (-0.45); month_entropy=0.8047 (+0.42); inside_mining=0 (+0.34)"}},{"type":"Feature","geometry":{"type":"Point","coordinates":[93.86436,12.28529]},"properties":{"cell_id":"2457_18773","pred_class":"gas_flare","n_detections":95,"frp_mean":20.1188,"frp_max":431.27,"night_frac":0.9158,"first_seen":"2024-03-28","last_seen":"2026-01-06","class_agreement":1.0,"top_reasons":"is_persistent=1 (+0.86); dist_any_industry_km=125.6 (-0.43); month_entropy=0.8133 (+0.38); inside_mining=0 (+0.32)"}},{"type":"Feature","geometry":{"type":"Point","coordinates":[93.86035,12.29031]},"properties":{"cell_id":"2458_18772","pred_class":"wildfire","n_detections":65,"frp_mean":15.5828,"frp_max":148.05,"night_frac":0.9077,"first_seen":"2024-03-28","last_seen":"2026-01-04","class_agreement":1.0,"top_reasons":"lc_built_5km=0 (+2.02); is_persistent=1 (-1.27); n_active_days=49 (-0.93); lc_tree_1km=0.3636 (+0.85)"}},{"type":"Feature","geometry":{"type":"Point","coordinates":[93.86475,12.28999]},"properties":{"cell_id":"2458_18773","pred_class":"wildfire","n_detections":72,"frp_mean":18.435,"frp_max":431.27,"night_frac":0.8472,"first_seen":"2024-03-30","last_seen":"2026-01-06","class_agreement":1.0,"top_reasons":"lc_built_5km=0 (+2.04); is_persistent=1 (-1.27); n_active_days=46 (-0.93); lc_tree_1km=0.3223 (+0.85)"}},{"type":"Feature","geometry":{"type":"Point","coordinates":[93.86452,12.29395]},"properties":{"cell_id":"2459_18773","pred_class":"wildfire","n_detections":23,"frp_mean":7.6543,"frp_max":26.07,"night_frac":0.6957,"first_seen":"2025-04-24","last_seen":"2025-12-21","class_agreement":1.0,"top_reasons":"lc_built_5km=0 (+2.02); is_persistent=1 (-1.27); lc_tree_1km=0.3223 (+0.62); n_active_days=19 (-0.46)"}},{"type":"Feature","geometry":{"type":"Point","coordinates":[77.61915,12.74583]},"properties":{"cell_id":"2549_15524","pred_class":"industrial_plant","n_detections":23,"frp_mean":1.0361,"frp_max":3.38,"night_frac":1.0,"first_seen":"2025-04-25","last_seen":"2026-04-27","class_agreement":1.0,"top_reasons":"dist_industrial_km=1.246 (+4.89); is_persistent=1 (+2.31); dist_thermal_plant_km=18.42 (+0.82); dist_mining_km=1.605 (+0.56)"}},{"type":"Feature","geometry":{"type":"Point","coordinates":[77.4341,12.80619]},"properties":{"cell_id":"2561_15487","pred_class":"industrial_plant","n_detections":28,"frp_mean":0.6989,"frp_max":2.33,"night_frac":1.0,"first_seen":"2024-01-27","last_seen":"2026-02-27","class_agreement":1.0,"top_reasons":"dist_industrial_km=1.068 (+4.91); is_persistent=1 (+2.45); dist_thermal_plant_km=10.39 (+0.87); dist_mining_km=7.533 (+0.66)"}},{"type":"Feature","geometry":{"type":"Point","coordinates":[79.90438,12.8502]},"properties":{"cell_id":"2570_15981","pred_class":"mining","n_detections":42,"frp_mean":2.8921,"frp_max":10.7,"night_frac":1.0,"first_seen":"2024-01-12","last_seen":"2026-04-21","class_agreement":1.0,"top_reasons":"dist_mining_km=0.6974 (+5.43); inside_mining=1 (+4.74); dist_thermal_plant_km=48.36 (+0.35); lc_grass_1km=0.3967 (+0.06)"}},{"type":"Feature","geometry":{"type":"Point","coordinates":[79.9055,12.85495]},"properties":{"cell_id":"2571_15981","pred_class":"industrial_plant","n_detections":56,"frp_mean":2.2588,"frp_max":10.77,"night_frac":1.0,"first_seen":"2024-01-18","last_seen":"2026-04-16","class_agreement":1.0,"top_reasons":"dist_industrial_km=1.886 (+4.38); is_persistent=1 (+2.11); dist_thermal_plant_km=47.96 (+0.76); dist_mining_km=1.181 (+0.53)"}},{"type":"Feature","geometry":{"type":"Point","coordinates":[79.91424,12.96594]},"properties":{"cell_id":"2593_15983","pred_class":"gas_flare","n_detections":17,"frp_mean":1.5312,"frp_max":4.19,"night_frac":1.0,"first_seen":"2024-03-14","last_seen":"2026-02-20","class_agreement":1.0,"top_reasons":"is_persistent=1 (+1.89); dist_industrial_km=2.463 (+1.59); dist_any_industry_km=2.463 (+0.93); inside_mining=0 (+0.92)"}},{"type":"Feature","geometry":{"type":"Point","coordinates":[74.85029,13.00406]},"properties":{"cell_id":"2601_14970","pred_class":"thermal_power","n_detections":32,"frp_mean":1.4122,"frp_max":4.33,"night_frac":0.9062,"first_seen":"2024-01-15","last_seen":"2026-03-06","class_agreement":1.0,"top_reasons":"dist_thermal_plant_km=2.444 (+9.23); is_persistent=1 (+0.58); frp_mean=1.412 (+0.25); dist_flare_km=0.03076 (+0.17)"}},{"type":"Feature","geometry":{"type":"Point","coordinates":[79.98017,13.08098]},"properties":{"cell_id":"2616_15996","pred_class":"industrial_plant","n_detections":62,"frp_mean":1.8371,"frp_max":6.89,"night_frac":0.9839,"first_seen":"2024-02-02","last_seen":"2026-04-26","class_agreement":1.0,"top_reasons":"dist_industrial_km=1.761 (+4.96); is_persistent=1 (+2.41); dist_thermal_plant_km=31.28 (+0.84); dist_mining_km=17.16 (+0.70)"}},{"type":"Feature","geometry":{"type":"Point","coordinates":[79.98332,13.08016]},"properties":{"cell_id":"2616_15997","pred_class":"industrial_plant","n_detections":18,"frp_mean":0.9567,"frp_max":2.3,"night_frac":1.0,"first_seen":"2024-09-28","last_seen":"2026-02-21","class_agreement":1.0,"top_reasons":"dist_industrial_km=1.565 (+4.90); is_persistent=1 (+2.40); dist_thermal_plant_km=30.95 (+0.84); dist_mining_km=17.25 (+0.70)"}},{"type":"Feature","geometry":{"type":"Point","coordinates":[79.98007,13.08395]},"properties":{"cell_id":"2617_15996","pred_class":"industrial_plant","n_detections":42,"frp_mean":1.1552,"frp_max":4.7,"night_frac":1.0,"first_seen":"2024-01-12","last_seen":"2026-04-17","class_agreement":1.0,"top_reasons":"dist_industrial_km=1.598 (+4.90); is_persistent=1 (+2.43); dist_thermal_plant_km=31.27 (+0.84); dist_mining_km=17.44 (+0.69)"}},{"type":"Feature","geometry":{"type":"Point","coordinates":[80.28101,13.16018]},"properties":{"cell_id":"2632_16056","pred_class":"gas_flare","n_detections":30,"frp_mean":2.862,"frp_max":7.93,"night_frac":0.9,"first_seen":"2024-01-11","last_seen":"2026-02-23","class_agreement":1.0,"top_reasons":"dist_oil_gas_km=17.75 (+1.98); is_persistent=1 (+1.85); lc_built_5km=0.5613 (+1.50); month_entropy=0.8803 (+0.74)"}},{"type":"Feature","geometry":{"type":"Point","coordinates":[80.28512,13.16015]},"properties":{"cell_id":"2632_16057","pred_class":"gas_flare","n_detections":123,"frp_mean":2.2744,"frp_max":25.47,"night_frac":0.8943,"first_seen":"2024-01-01","last_seen":"2026-03-26","class_agreement":1.0,"top_reasons":"dist_oil_gas_km=18.01 (+1.99); is_persistent=1 (+1.82); lc_built_5km=0.5679 (+1.59); month_entropy=0.9073 (+0.73)"}},{"type":"Feature","geometry":{"type":"Point","coordinates":[80.28878,13.15973]},"properties":{"cell_id":"2632_16058","pred_class":"gas_flare","n_detections":21,"frp_mean":1.5448,"frp_max":3.71,"night_frac":0.9524,"first_seen":"2024-04-28","last_seen":"2026-03-23","class_agreement":1.0,"top_reasons":"is_persistent=1 (+1.78); dist_oil_gas_km=18.22 (+1.68); lc_built_5km=0.5673 (+1.30); n_active_days=19 (+0.69)"}},{"type":"Feature","geometry":{"type":"Point","coordinates":[80.28401,13.18891]},"properties":{"cell_id":"2638_16057","pred_class":"gas_flare","n_detections":16,"frp_mean":1.9087,"frp_max":6.25,"night_frac":1.0,"first_seen":"2024-03-07","last_seen":"2026-04-22","class_agreement":1.0,"top_reasons":"is_persistent=1 (+1.72); dist_oil_gas_km=20.58 (+1.40); lc_built_5km=0.3931 (+1.18); month_entropy=0.6778 (+0.70)"}},{"type":"Feature","geometry":{"type":"Point","coordinates":[80.10111,13.39151]},"properties":{"cell_id":"2678_16020","pred_class":"industrial_plant","n_detections":53,"frp_mean":1.1877,"frp_max":2.58,"night_frac":0.9811,"first_seen":"2024-01-15","last_seen":"2026-04-27","class_agreement":1.0,"top_reasons":"dist_industrial_km=0.9135 (+4.57); is_persistent=1 (+2.32); dist_thermal_plant_km=27.73 (+0.78); dist_mining_km=17.66 (+0.65)"}},{"type":"Feature","geometry":{"type":"Point","coordinates":[80.10325,13.39177]},"properties":{"cell_id":"2678_16021","pred_class":"industrial_plant","n_detections":20,"frp_mean":1.3755,"frp_max":3.6,"night_frac":0.9,"first_seen":"2024-05-27","last_seen":"2026-04-22","class_agreement":1.0,"top_reasons":"dist_industrial_km=0.7472 (+4.48); is_persistent=1 (+2.28); dist_thermal_plant_km=27.56 (+0.78); dist_mining_km=17.66 (+0.67)"}},{"type":"Feature","geometry":{"type":"Point","coordinates":[80.07545,13.39381]},"properties":{"cell_id":"2679_16015","pred_class":"industrial_plant","n_detections":18,"frp_mean":1.1878,"frp_max":5.97,"night_frac":0.9444,"first_seen":"2024-01-15","last_seen":"2026-04-20","class_agreement":1.0,"top_reasons":"dist_industrial_km=0.1406 (+2.70); is_persistent=1 (+2.40); inside_industrial=1 (+2.18); dist_thermal_plant_km=30.1 (+1.01)"}},{"type":"Feature","geometry":{"type":"Point","coordinates":[80.101,13.39315]},"properties":{"cell_id":"2679_16020","pred_class":"industrial_plant","n_detections":27,"frp_mean":1.4878,"frp_max":4.67,"night_frac":0.963,"first_seen":"2024-01-20","last_seen":"2026-04-25","class_agreement":1.0,"top_reasons":"dist_industrial_km=1.03 (+4.44); is_persistent=1 (+2.17); dist_thermal_plant_km=27.85 (+0.76); dist_mining_km=17.85 (+0.66)"}},{"type":"Feature","geometry":{"type":"Point","coordinates":[77.01375,13.5548]},"properties":{"cell_id":"2711_15403","pred_class":"industrial_plant","n_detections":37,"frp_mean":0.843,"frp_max":7.23,"night_frac":0.9459,"first_seen":"2024-01-07","last_seen":"2026-04-24","class_agreement":1.0,"top_reasons":"dist_industrial_km=0.2349 (+3.12); is_persistent=1 (+2.50); inside_industrial=1 (+1.96); dist_thermal_plant_km=63.09 (+1.00)"}},{"type":"Feature","geometry":{"type":"Point","coordinates":[79.61877,13.70973]},"properties":{"cell_id":"2742_15924","pred_class":"industrial_plant","n_detections":24,"frp_mean":1.5183,"frp_max":3.06,"night_frac":1.0,"first_seen":"2024-02-01","last_seen":"2026-04-24","class_agreement":1.0,"top_reasons":"dist_industrial_km=1.458 (+5.02); is_persistent=1 (+2.47); dist_thermal_plant_km=75.19 (+0.87); dist_mining_km=23.89 (+0.65)"}},{"type":"Feature","geometry":{"type":"Point","coordinates":[79.62466,13.71556]},"properties":{"cell_id":"2743_15925","pred_class":"industrial_plant","n_detections":31,"frp_mean":1.7226,"frp_max":5.88,"night_frac":0.9355,"first_seen":"2024-01-29","last_seen":"2026-04-19","class_agreement":1.0,"top_reasons":"dist_industrial_km=0.552 (+3.24); is_persistent=1 (+2.43); inside_industrial=1 (+1.74); dist_thermal_plant_km=74.28 (+1.01)"}},{"type":"Feature","geometry":{"type":"Point","coordinates":[76.56509,13.89887]},"properties":{"cell_id":"2780_15313","pred_class":"industrial_plant","n_detections":65,"frp_mean":0.746,"frp_max":1.74,"night_frac":1.0,"first_seen":"2024-01-09","last_seen":"2026-04-15","class_agreement":1.0,"top_reasons":"dist_industrial_km=0.08648 (+3.17); is_persistent=1 (+2.48); inside_industrial=1 (+1.98); dist_thermal_plant_km=11.36 (+1.04)"}},{"type":"Feature","geometry":{"type":"Point","coordinates":[78.52169,14.60573]},"properties":{"cell_id":"2921_15704","pred_class":"industrial_plant","n_detections":31,"frp_mean":1.1645,"frp_max":3.66,"night_frac":1.0,"first_seen":"2024-01-06","last_seen":"2026-04-04","class_agreement":1.0,"top_reasons":"dist_industrial_km=0.03439 (+3.51); is_persistent=1 (+2.40); inside_industrial=1 (+1.69); dist_thermal_plant_km=12.91 (+1.01)"}},{"type":"Feature","geometry":{"type":"Point","coordinates":[78.52342,14.60561]},"properties":{"cell_id":"2921_15705","pred_class":"industrial_plant","n_detections":27,"frp_mean":0.9822,"frp_max":3.03,"night_frac":1.0,"first_seen":"2024-01-05","last_seen":"2026-01-30","class_agreement":1.0,"top_reasons":"dist_industrial_km=0.153 (+3.54); is_persistent=1 (+2.42); inside_industrial=1 (+1.65); dist_thermal_plant_km=13.03 (+1.00)"}},{"type":"Feature","geometry":{"type":"Point","coordinates":[78.05176,14.87144]},"properties":{"cell_id":"2974_15610","pred_class":"industrial_plant","n_detections":18,"frp_mean":1.54,"frp_max":4.91,"night_frac":0.9444,"first_seen":"2024-01-10","last_seen":"2026-04-18","class_agreement":1.0,"top_reasons":"dist_industrial_km=0.7544 (+3.50); is_persistent=1 (+2.48); inside_industrial=1 (+1.66); dist_thermal_plant_km=47.45 (+0.96)"}},{"type":"Feature","geometry":{"type":"Point","coordinates":[78.05129,14.8742]},"properties":{"cell_id":"2975_15610","pred_class":"industrial_plant","n_detections":40,"frp_mean":1.8988,"frp_max":7.79,"night_frac":0.975,"first_seen":"2024-01-06","last_seen":"2026-04-23","class_agreement":1.0,"top_reasons":"dist_industrial_km=0.5468 (+3.52); is_persistent=1 (+2.49); inside_industrial=1 (+1.84); dist_thermal_plant_km=47.62 (+1.04)"}},{"type":"Feature","geometry":{"type":"Point","coordinates":[78.05351,14.8742]},"properties":{"cell_id":"2975_15611","pred_class":"industrial_plant","n_detections":44,"frp_mean":1.8816,"frp_max":8.15,"night_frac":0.9318,"first_seen":"2024-01-12","last_seen":"2026-04-19","class_agreement":1.0,"top_reasons":"dist_industrial_km=0.7747 (+3.66); is_persistent=1 (+2.50); inside_industrial=1 (+1.75); dist_thermal_plant_km=47.4 (+1.02)"}},{"type":"Feature","geometry":{"type":"Point","coordinates":[78.34025,14.9308]},"properties":{"cell_id":"2986_15668","pred_class":"industrial_plant","n_detections":38,"frp_mean":0.9139,"frp_max":3.27,"night_frac":1.0,"first_seen":"2024-01-11","last_seen":"2026-03-03","class_agreement":1.0,"top_reasons":"dist_industrial_km=0.1912 (+3.58); is_persistent=1 (+2.52); inside_industrial=1 (+1.82); dist_thermal_plant_km=28.2 (+1.04)"}},{"type":"Feature","geometry":{"type":"Point","coordinates":[76.84973,14.99158]},"properties":{"cell_id":"2998_15370","pred_class":"gas_flare","n_detections":18,"frp_mean":0.66,"frp_max":2.52,"night_frac":1.0,"first_seen":"2024-01-09","last_seen":"2026-02-13","class_agreement":1.0,"top_reasons":"is_persistent=1 (+0.91); dist_industrial_km=6.806 (+0.61); dist_any_industry_km=6.806 (-0.42); month_entropy=0.7312 (+0.42)"}},{"type":"Feature","geometry":{"type":"Point","coordinates":[76.99947,15.00509]},"properties":{"cell_id":"3001_15400","pred_class":"industrial_plant","n_detections":127,"frp_mean":1.6154,"frp_max":9.52,"night_frac":0.9291,"first_seen":"2024-01-09","last_seen":"2026-03-04","class_agreement":1.0,"top_reasons":"dist_industrial_km=0.2836 (+3.13); is_persistent=1 (+2.47); inside_industrial=1 (+1.92); dist_thermal_plant_km=22.21 (+1.05)"}},{"type":"Feature","geometry":{"type":"Point","coordinates":[76.89951,15.01167]},"properties":{"cell_id":"3002_15380","pred_class":"gas_flare","n_detections":22,"frp_mean":0.8209,"frp_max":1.69,"night_frac":1.0,"first_seen":"2024-03-30","last_seen":"2026-04-22","class_agreement":1.0,"top_reasons":"is_persistent=1 (+0.74); dist_industrial_km=4.409 (+0.55); dist_any_industry_km=4.409 (-0.47); n_active_days=21 (+0.37)"}},{"type":"Feature","geometry":{"type":"Point","coordinates":[76.89645,15.0143]},"properties":{"cell_id":"3003_15379","pred_class":"gas_flare","n_detections":26,"frp_mean":1.1719,"frp_max":2.81,"night_frac":1.0,"first_seen":"2024-01-26","last_seen":"2026-04-01","class_agreement":1.0,"top_reasons":"is_persistent=1 (+1.00); dist_industrial_km=3.993 (+0.86); dist_any_industry_km=3.993 (-0.76); inside_mining=0 (+0.52)"}},{"type":"Feature","geometry":{"type":"Point","coordinates":[76.89902,15.01383]},"properties":{"cell_id":"3003_15380","pred_class":"gas_flare","n_detections":45,"frp_mean":0.9024,"frp_max":2.35,"night_frac":1.0,"first_seen":"2024-01-25","last_seen":"2026-02-14","class_agreement":1.0,"top_reasons":"is_persistent=1 (+0.67); dist_industrial_km=4.176 (+0.51); dist_any_industry_km=4.176 (-0.51); month_entropy=0.7572 (+0.36)"}},{"type":"Feature","geometry":{"type":"Point","coordinates":[78.0113,15.0217]},"properties":{"cell_id":"3004_15602","pred_class":"industrial_plant","n_detections":48,"frp_mean":1.5865,"frp_max":5.28,"night_frac":1.0,"first_seen":"2024-02-16","last_seen":"2026-04-25","class_agreement":1.0,"top_reasons":"dist_industrial_km=0.3521 (+3.51); is_persistent=1 (+2.46); inside_industrial=1 (+1.82); dist_thermal_plant_km=59.58 (+1.05)"}},{"type":"Feature","geometry":{"type":"Point","coordinates":[78.01444,15.02177]},"properties":{"cell_id":"3004_15603","pred_class":"industrial_plant","n_detections":119,"frp_mean":1.6516,"frp_max":5.45,"night_frac":0.958,"first_seen":"2024-01-10","last_seen":"2026-04-12","class_agreement":1.0,"top_reasons":"dist_industrial_km=0.1815 (+3.51); is_persistent=1 (+2.48); inside_industrial=1 (+1.79); dist_thermal_plant_km=59.31 (+1.06)"}},{"type":"Feature","geometry":{"type":"Point","coordinates":[78.0115,15.02356]},"properties":{"cell_id":"3005_15602","pred_class":"industrial_plant","n_detections":55,"frp_mean":1.368,"frp_max":2.7,"night_frac":1.0,"first_seen":"2024-01-22","last_seen":"2026-04-21","class_agreement":1.0,"top_reasons":"dist_industrial_km=0.4742 (+5.15); is_persistent=1 (+2.47); dist_thermal_plant_km=59.69 (+0.91); dist_mining_km=3.319 (+0.72)"}},{"type":"Feature","geometry":{"type":"Point","coordinates":[78.01473,15.02379]},"properties":{"cell_id":"3005_15603","pred_class":"industrial_plant","n_detections":219,"frp_mean":1.7853,"frp_max":6.44,"night_frac":0.9635,"first_seen":"2024-01-10","last_seen":"2026-04-26","class_agreement":1.0,"top_reasons":"dist_industrial_km=0.4081 (+3.29); is_persistent=1 (+2.48); inside_industrial=1 (+1.90); dist_thermal_plant_km=59.42 (+1.05)"}},{"type":"Feature","geometry":{"type":"Point","coordinates":[76.86539,15.0705]},"properties":{"cell_id":"3014_15373","pred_class":"industrial_plant","n_detections":195,"frp_mean":1.3529,"frp_max":4.36,"night_frac":1.0,"first_seen":"2024-01-11","last_seen":"2026-04-27","class_agreement":1.0,"top_reasons":"dist_industrial_km=0.06155 (+3.68); is_persistent=1 (+2.39); inside_industrial=1 (+1.70); dist_thermal_plant_km=14.86 (+1.05)"}},{"type":"Feature","geometry":{"type":"Point","coordinates":[76.86816,15.06912]},"properties":{"cell_id":"3014_15374","pred_class":"industrial_plant","n_detections":19,"frp_mean":1.0726,"frp_max":2.14,"night_frac":1.0,"first_seen":"2024-02-15","last_seen":"2026-02-20","class_agreement":1.0,"top_reasons":"dist_industrial_km=0.04056 (+3.87); is_persistent=1 (+2.39); inside_industrial=1 (+1.67); dist_thermal_plant_km=15.15 (+1.06)"}},{"type":"Feature","geometry":{"type":"Point","coordinates":[76.86504,15.07335]},"properties":{"cell_id":"3015_15373","pred_class":"industrial_plant","n_detections":32,"frp_mean":1.0891,"frp_max":2.04,"night_frac":1.0,"first_seen":"2024-11-06","last_seen":"2026-03-21","class_agreement":1.0,"top_reasons":"dist_industrial_km=0.2892 (+3.84); is_persistent=1 (+2.39); inside_industrial=1 (+1.58); dist_thermal_plant_km=14.57 (+1.05)"}},{"type":"Feature","geometry":{"type":"Point","coordinates":[76.8062,15.11029]},"properties":{"cell_id":"3022_15361","pred_class":"industrial_plant","n_detections":84,"frp_mean":1.1358,"frp_max":3.7,"night_frac":1.0,"first_seen":"2024-11-08","last_seen":"2026-04-26","class_agreement":1.0,"top_reasons":"dist_industrial_km=0.753 (+4.72); is_persistent=1 (+2.28); dist_thermal_plant_km=8.26 (+0.82); dist_mining_km=3.395 (+0.73)"}},{"type":"Feature","geometry":{"type":"Point","coordinates":[76.81103,15.11932]},"properties":{"cell_id":"3024_15362","pred_class":"industrial_plant","n_detections":59,"frp_mean":0.6985,"frp_max":1.84,"night_frac":1.0,"first_seen":"2024-01-15","last_seen":"2026-03-26","class_agreement":1.0,"top_reasons":"dist_industrial_km=0.3507 (+4.88); is_persistent=1 (+2.39); dist_thermal_plant_km=7.414 (+0.87); dist_mining_km=3.821 (+0.68)"}},{"type":"Feature","geometry":{"type":"Point","coordinates":[76.78571,15.12862]},"properties":{"cell_id":"3026_15357","pred_class":"industrial_plant","n_detections":20,"frp_mean":0.7605,"frp_max":1.41,"night_frac":1.0,"first_seen":"2024-06-15","last_seen":"2026-04-02","class_agreement":1.0,"top_reasons":"dist_industrial_km=0.152 (+4.71); is_persistent=1 (+2.28); dist_thermal_plant_km=6.083 (+0.73); inside_mining=0 (+0.41)"}},{"type":"Feature","geometry":{"type":"Point","coordinates":[76.70721,15.13621]},"properties":{"cell_id":"3027_15341","pred_class":"industrial_plant","n_detections":15,"frp_mean":0.8333,"frp_max":1.62,"night_frac":1.0,"first_seen":"2024-01-17","last_seen":"2026-03-19","class_agreement":1.0,"top_reasons":"dist_industrial_km=0.5201 (+3.53); is_persistent=1 (+2.36); inside_industrial=1 (+1.69); dist_thermal_plant_km=6.473 (+0.94)"}},{"type":"Feature","geometry":{"type":"Point","coordinates":[76.70947,15.1364]},"properties":{"cell_id":"3027_15342","pred_class":"industrial_plant","n_detections":130,"frp_mean":0.9239,"frp_max":4.69,"night_frac":1.0,"first_seen":"2024-01-12","last_seen":"2026-04-18","class_agreement":1.0,"top_reasons":"dist_industrial_km=0.3401 (+3.60); is_persistent=1 (+2.37); inside_industrial=1 (+1.68); dist_thermal_plant_km=6.408 (+0.98)"}},{"type":"Feature","geometry":{"type":"Point","coordinates":[76.71351,15.13629]},"properties":{"cell_id":"3027_15343","pred_class":"industrial_plant","n_detections":24,"frp_mean":0.8675,"frp_max":4.78,"night_frac":1.0,"first_seen":"2024-02-03","last_seen":"2026-04-14","class_agreement":1.0,"top_reasons":"dist_industrial_km=0.402 (+3.37); is_persistent=1 (+2.20); inside_industrial=1 (+1.78); dist_thermal_plant_km=6.361 (+0.95)"}},{"type":"Feature","geometry":{"type":"Point","coordinates":[76.70937,15.13818]},"properties":{"cell_id":"3028_15342","pred_class":"industrial_plant","n_detections":65,"frp_mean":0.8915,"frp_max":2.05,"night_frac":1.0,"first_seen":"2024-01-14","last_seen":"2026-04-21","class_agreement":1.0,"top_reasons":"dist_industrial_km=0.2056 (+3.55); is_persistent=1 (+2.32); inside_industrial=1 (+1.72); dist_thermal_plant_km=6.214 (+0.98)"}},{"type":"Feature","geometry":{"type":"Point","coordinates":[76.71033,15.15055]},"properties":{"cell_id":"3030_15342","pred_class":"industrial_plant","n_detections":168,"frp_mean":0.887,"frp_max":5.52,"night_frac":1.0,"first_seen":"2024-01-01","last_seen":"2026-03-24","class_agreement":1.0,"top_reasons":"dist_industrial_km=0.7668 (+4.95); is_persistent=1 (+2.30); dist_thermal_plant_km=4.844 (+0.77); dist_mining_km=2.773 (+0.69)"}},{"type":"Feature","geometry":{"type":"Point","coordinates":[76.71066,15.15301]},"properties":{"cell_id":"3031_15342","pred_class":"industrial_plant","n_detections":31,"frp_mean":0.8106,"frp_max":2.72,"night_frac":1.0,"first_seen":"2024-01-11","last_seen":"2026-03-07","class_agreement":1.0,"top_reasons":"dist_industrial_km=0.7413 (+3.50); is_persistent=1 (+2.29); inside_industrial=1 (+1.73); dist_thermal_plant_km=4.568 (+0.95)"}},{"type":"Feature","geometry":{"type":"Point","coordinates":[76.37663,15.1658]},"properties":{"cell_id":"3033_15275","pred_class":"thermal_power","n_detections":18,"frp_mean":1.6989,"frp_max":6.85,"night_frac":0.9444,"first_seen":"2025-02-14","last_seen":"2026-04-06","class_agreement":1.0,"top_reasons":"dist_thermal_plant_km=0.5467 (+9.09); is_persistent=1 (+0.64); dist_power_plant_km=0.5713 (+0.22); nearest_plant_mw=25 (+0.15)"}},{"type":"Feature","geometry":{"type":"Point","coordinates":[76.38002,15.16521]},"properties":{"cell_id":"3033_15276","pred_class":"thermal_power","n_detections":120,"frp_mean":2.0802,"frp_max":8.59,"night_frac":0.8167,"first_seen":"2024-01-04","last_seen":"2026-04-26","class_agreement":1.0,"top_reasons":"dist_thermal_plant_km=0.6908 (+9.20); is_persistent=1 (+0.57); dist_power_plant_km=0.6954 (+0.53); nearest_plant_mw=25 (+0.19)"}},{"type":"Feature","geometry":{"type":"Point","coordinates":[76.67037,15.16684]},"properties":{"cell_id":"3033_15334","pred_class":"thermal_power","n_detections":18,"frp_mean":1.3139,"frp_max":2.65,"night_frac":1.0,"first_seen":"2024-01-30","last_seen":"2026-04-04","class_agreement":1.0,"top_reasons":"dist_thermal_plant_km=2.089 (+9.13); is_persistent=1 (+0.61); dist_power_plant_km=2.171 (+0.34); ti4_ti5_diff=16 (+0.14)"}},{"type":"Feature","geometry":{"type":"Point","coordinates":[76.67353,15.167]},"properties":{"cell_id":"3033_15335","pred_class":"thermal_power","n_detections":19,"frp_mean":1.1732,"frp_max":2.43,"night_frac":1.0,"first_seen":"2024-01-31","last_seen":"2026-03-13","class_agreement":1.0,"top_reasons":"dist_thermal_plant_km=2.239 (+8.99); is_persistent=1 (+0.59); dist_power_plant_km=2.275 (+0.29); n_detections=19 (+0.15)"}},{"type":"Feature","geometry":{"type":"Point","coordinates":[76.37649,15.17147]},"properties":{"cell_id":"3034_15275","pred_class":"thermal_power","n_detections":103,"frp_mean":1.7342,"frp_max":5.7,"night_frac":1.0,"first_seen":"2024-01-04","last_seen":"2026-04-25","class_agreement":1.0,"top_reasons":"dist_thermal_plant_km=0.1018 (+9.21); is_persistent=1 (+0.62); dist_power_plant_km=0.1088 (+0.40); nearest_plant_mw=25 (+0.20)"}},{"type":"Feature","geometry":{"type":"Point","coordinates":[76.37974,15.16996]},"properties":{"cell_id":"3034_15276","pred_class":"thermal_power","n_detections":338,"frp_mean":1.618,"frp_max":5.99,"night_frac":1.0,"first_seen":"2024-01-01","last_seen":"2026-04-27","class_agreement":1.0,"top_reasons":"dist_thermal_plant_km=0.3054 (+9.21); is_persistent=1 (+0.61); dist_power_plant_km=0.2811 (+0.38); nearest_plant_mw=25 (+0.21)"}},{"type":"Feature","geometry":{"type":"Point","coordinates":[76.66551,15.17051]},"properties":{"cell_id":"3034_15333","pred_class":"thermal_power","n_detections":158,"frp_mean":3.2115,"frp_max":23.41,"night_frac":0.8291,"first_seen":"2024-01-02","last_seen":"2026-04-25","class_agreement":1.0,"top_reasons":"dist_thermal_plant_km=1.531 (+9.21); is_persistent=1 (+0.58); dist_power_plant_km=1.679 (+0.55); nearest_plant_mw=260 (+0.20)"}},{"type":"Feature","geometry":{"type":"Point","coordinates":[76.66936,15.16944]},"properties":{"cell_id":"3034_15334","pred_class":"thermal_power","n_detections":172,"frp_mean":2.0919,"frp_max":9.28,"night_frac":0.8721,"first_seen":"2024-01-04","last_seen":"2026-04-25","class_agreement":1.0,"top_reasons":"dist_thermal_plant_km=1.782 (+9.21); is_persistent=1 (+0.57); dist_power_plant_km=1.864 (+0.53); nearest_plant_mw=260 (+0.20)"}},{"type":"Feature","geometry":{"type":"Point","coordinates":[76.67357,15.16821]},"properties":{"cell_id":"3034_15335","pred_class":"thermal_power","n_detections":33,"frp_mean":1.1324,"frp_max":2.8,"night_frac":0.9697,"first_seen":"2024-01-04","last_seen":"2026-04-09","class_agreement":1.0,"top_reasons":"dist_thermal_plant_km=2.129 (+9.15); is_persistent=1 (+0.59); dist_power_plant_km=2.154 (+0.37); nearest_plant_mw=260 (+0.14)"}},{"type":"Feature","geometry":{"type":"Point","coordinates":[76.68428,15.17118]},"properties":{"cell_id":"3034_15337","pred_class":"thermal_power","n_detections":46,"frp_mean":1.2063,"frp_max":2.67,"night_frac":1.0,"first_seen":"2024-01-10","last_seen":"2026-04-21","class_agreement":1.0,"top_reasons":"dist_thermal_plant_km=2.76 (+9.22); is_persistent=1 (+0.59); dist_power_plant_km=2.643 (+0.46); nearest_plant_mw=260 (+0.14)"}},{"type":"Feature","geometry":{"type":"Point","coordinates":[76.69114,15.17193]},"properties":{"cell_id":"3034_15338","pred_class":"thermal_power","n_detections":33,"frp_mean":1.3909,"frp_max":3.71,"night_frac":0.9697,"first_seen":"2025-01-11","last_seen":"2026-04-25","class_agreement":1.0,"top_reasons":"dist_thermal_plant_km=3.379 (+9.26); is_persistent=1 (+0.60); dist_power_plant_km=3.219 (+0.45); nearest_plant_mw=260 (+0.14)"}},{"type":"Feature","geometry":{"type":"Point","coordinates":[76.37645,15.17391]},"properties":{"cell_id":"3035_15275","pred_class":"thermal_power","n_detections":151,"frp_mean":1.6411,"frp_max":5.11,"night_frac":1.0,"first_seen":"2024-01-02","last_seen":"2026-04-27","class_agreement":1.0,"top_reasons":"dist_thermal_plant_km=0.3612 (+9.21); is_persistent=1 (+0.62); dist_power_plant_km=0.3472 (+0.41); nearest_plant_mw=25 (+0.21)"}},{"type":"Feature","geometry":{"type":"Point","coordinates":[76.3785,15.17373]},"properties":{"cell_id":"3035_15276","pred_class":"thermal_power","n_detections":137,"frp_mean":1.5646,"frp_max":4.69,"night_frac":1.0,"first_seen":"2024-01-05","last_seen":"2026-04-26","class_agreement":1.0,"top_reasons":"dist_thermal_plant_km=0.3733 (+9.21); is_persistent=1 (+0.61); dist_power_plant_km=0.3404 (+0.41); nearest_plant_mw=25 (+0.21)"}},{"type":"Feature","geometry":{"type":"Point","coordinates":[76.652,15.17593]},"properties":{"cell_id":"3035_15330","pred_class":"thermal_power","n_detections":42,"frp_mean":2.1483,"frp_max":7.91,"night_frac":0.9762,"first_seen":"2024-01-05","last_seen":"2026-03-25","class_agreement":1.0,"top_reasons":"dist_thermal_plant_km=1.408 (+9.21); is_persistent=1 (+0.58); dist_power_plant_km=1.734 (+0.56); nearest_plant_mw=260 (+0.19)"}},{"type":"Feature","geometry":{"type":"Point","coordinates":[76.65518,15.17557]},"properties":{"cell_id":"3035_15331","pred_class":"thermal_power","n_detections":691,"frp_mean":2.5844,"frp_max":14.37,"night_frac":0.8886,"first_seen":"2024-01-01","last_seen":"2026-04-27","class_agreement":1.0,"top_reasons":"dist_thermal_plant_km=1.194 (+9.20); is_persistent=1 (+0.58); dist_power_plant_km=1.511 (+0.53); nearest_plant_mw=260 (+0.20)"}},{"type":"Feature","geometry":{"type":"Point","coordinates":[76.65895,15.17573]},"properties":{"cell_id":"3035_15332","pred_class":"thermal_power","n_detections":264,"frp_mean":2.5596,"frp_max":16.42,"night_frac":0.8598,"first_seen":"2024-01-04","last_seen":"2026-04-26","class_agreement":1.0,"top_reasons":"dist_thermal_plant_km=0.9737 (+9.21); is_persistent=1 (+0.57); dist_power_plant_km=1.258 (+0.56); nearest_plant_mw=260 (+0.20)"}},{"type":"Feature","geometry":{"type":"Point","coordinates":[76.6643,15.1742]},"properties":{"cell_id":"3035_15333","pred_class":"thermal_power","n_detections":73,"frp_mean":2.4596,"frp_max":17.45,"night_frac":0.8904,"first_seen":"2024-01-04","last_seen":"2026-04-21","class_agreement":1.0,"top_reasons":"dist_thermal_plant_km=1.102 (+9.21); is_persistent=1 (+0.58); dist_power_plant_km=1.267 (+0.51); nearest_plant_mw=260 (+0.20)"}},{"type":"Feature","geometry":{"type":"Point","coordinates":[76.67516,15.17639]},"properties":{"cell_id":"3035_15335","pred_class":"thermal_power","n_detections":115,"frp_mean":2.3872,"frp_max":15.79,"night_frac":0.913,"first_seen":"2024-02-07","last_seen":"2026-04-27","class_agreement":1.0,"top_reasons":"dist_thermal_plant_km=1.622 (+9.21); is_persistent=1 (+0.58); dist_power_plant_km=1.52 (+0.51); nearest_plant_mw=260 (+0.17)"}},{"type":"Feature","geometry":{"type":"Point","coordinates":[76.6793,15.17541]},"properties":{"cell_id":"3035_15336","pred_class":"thermal_power","n_detections":100,"frp_mean":2.6652,"frp_max":10.05,"night_frac":0.79,"first_seen":"2024-01-14","last_seen":"2026-04-24","class_agreement":1.0,"top_reasons":"dist_thermal_plant_km=2.064 (+9.21); is_persistent=1 (+0.57); dist_power_plant_km=1.934 (+0.51); nearest_plant_mw=260 (+0.19)"}},{"type":"Feature","geometry":{"type":"Point","coordinates":[76.6841,15.17328]},"properties":{"cell_id":"3035_15337","pred_class":"thermal_power","n_detections":15,"frp_mean":1.2773,"frp_max":2.04,"night_frac":0.9333,"first_seen":"2024-01-30","last_seen":"2025-12-18","class_agreement":1.0,"top_reasons":"dist_thermal_plant_km=2.63 (+8.97); is_persistent=1 (+0.62); dist_power_plant_km=2.492 (+0.39); n_active_days=15 (-0.22)"}},{"type":"Feature","geometry":{"type":"Point","coordinates":[76.6913,15.17382]},"properties":{"cell_id":"3035_15338","pred_class":"thermal_power","n_detections":83,"frp_mean":1.7019,"frp_max":7.1,"night_frac":0.9277,"first_seen":"2024-11-08","last_seen":"2026-04-26","class_agreement":1.0,"top_reasons":"dist_thermal_plant_km=3.318 (+9.23); is_persistent=1 (+0.60); dist_power_plant_km=3.141 (+0.46); nearest_plant_mw=260 (+0.15)"}},{"type":"Feature","geometry":{"type":"Point","coordinates":[76.69334,15.1739]},"properties":{"cell_id":"3035_15339","pred_class":"thermal_power","n_detections":49,"frp_mean":1.5527,"frp_max":6.2,"night_frac":0.8776,"first_seen":"2024-11-19","last_seen":"2026-04-21","class_agreement":1.0,"top_reasons":"dist_thermal_plant_km=3.522 (+7.88); dist_power_plant_km=3.338 (+0.48); is_persistent=1 (+0.47); lc_crop_1km=0 (+0.19)"}},{"type":"Feature","geometry":{"type":"Point","coordinates":[76.78557,15.17433]},"properties":{"cell_id":"3035_15357","pred_class":"thermal_power","n_detections":110,"frp_mean":1.1275,"frp_max":5.11,"night_frac":1.0,"first_seen":"2024-01-11","last_seen":"2026-04-27","class_agreement":1.0,"top_reasons":"dist_thermal_plant_km=1.131 (+9.16); is_persistent=1 (+0.69); frp_mean=1.127 (+0.20); n_detections=110 (+0.17)"}},{"type":"Feature","geometry":{"type":"Point","coordinates":[77.10031,15.17549]},"properties":{"cell_id":"3035_15420","pred_class":"thermal_power","n_detections":147,"frp_mean":1.3135,"frp_max":5.14,"night_frac":1.0,"first_seen":"2024-01-27","last_seen":"2026-04-25","class_agreement":1.0,"top_reasons":"dist_thermal_plant_km=0.4297 (+9.23); is_persistent=1 (+0.57); dist_power_plant_km=2.323 (+0.53); nearest_plant_mw=18 (+0.14)"}},{"type":"Feature","geometry":{"type":"Point","coordinates":[77.10362,15.17687]},"properties":{"cell_id":"3035_15421","pred_class":"thermal_power","n_detections":38,"frp_mean":1.4197,"frp_max":4.61,"night_frac":1.0,"first_seen":"2024-01-11","last_seen":"2026-04-22","class_agreement":1.0,"top_reasons":"dist_thermal_plant_km=0.09262 (+9.24); is_persistent=1 (+0.58); dist_power_plant_km=2.703 (+0.43); nearest_plant_mw=18 (+0.21)"}},{"type":"Feature","geometry":{"type":"Point","coordinates":[76.64442,15.18168]},"properties":{"cell_id":"3036_15329","pred_class":"thermal_power","n_detections":25,"frp_mean":2.7536,"frp_max":9.04,"night_frac":0.64,"first_seen":"2024-01-24","last_seen":"2026-03-03","class_agreement":1.0,"top_reasons":"dist_thermal_plant_km=1.924 (+9.22); is_persistent=1 (+0.58); dist_power_plant_km=2.218 (+0.46); nearest_plant_mw=260 (+0.17)"}},{"type":"Feature","geometry":{"type":"Point","coordinates":[76.65183,15.17883]},"properties":{"cell_id":"3036_15330","pred_class":"thermal_power","n_detections":57,"frp_mean":2.0833,"frp_max":4.25,"night_frac":1.0,"first_seen":"2024-01-12","last_seen":"2026-03-30","class_agreement":1.0,"top_reasons":"dist_thermal_plant_km=1.247 (+9.22); is_persistent=1 (+0.58); dist_power_plant_km=1.571 (+0.55); nearest_plant_mw=260 (+0.19)"}},{"type":"Feature","geometry":{"type":"Point","coordinates":[76.65502,15.17874]},"properties":{"cell_id":"3036_15331","pred_class":"thermal_power","n_detections":433,"frp_mean":2.4933,"frp_max":8.26,"night_frac":0.9169,"first_seen":"2024-01-04","last_seen":"2026-04-27","class_agreement":1.0,"top_reasons":"dist_thermal_plant_km=0.9605 (+9.21); is_persistent=1 (+0.58); dist_power_plant_km=1.287 (+0.53); nearest_plant_mw=260 (+0.20)"}},{"type":"Feature","geometry":{"type":"Point","coordinates":[76.65862,15.17833]},"properties":{"cell_id":"3036_15332","pred_class":"thermal_power","n_detections":103,"frp_mean":2.2262,"frp_max":7.96,"night_frac":0.9223,"first_seen":"2024-01-04","last_seen":"2026-04-25","class_agreement":1.0,"top_reasons":"dist_thermal_plant_km=0.7285 (+9.21); is_persistent=1 (+0.58); dist_power_plant_km=1.037 (+0.55); nearest_plant_mw=260 (+0.19)"}},{"type":"Feature","geometry":{"type":"Point","coordinates":[76.66551,15.18017]},"properties":{"cell_id":"3036_15333","pred_class":"thermal_power","n_detections":346,"frp_mean":2.6862,"frp_max":8.28,"night_frac":0.8988,"first_seen":"2024-01-02","last_seen":"2026-04-27","class_agreement":1.0,"top_reasons":"dist_thermal_plant_km=0.5457 (+9.20); is_persistent=1 (+0.58); dist_power_plant_km=0.6084 (+0.54); nearest_plant_mw=260 (+0.20)"}},{"type":"Feature","geometry":{"type":"Point","coordinates":[76.66975,15.18073]},"properties":{"cell_id":"3036_15334","pred_class":"thermal_power","n_detections":105,"frp_mean":2.7906,"frp_max":7.98,"night_frac":0.8286,"first_seen":"2024-01-05","last_seen":"2026-04-23","class_agreement":1.0,"top_reasons":"dist_thermal_plant_km=0.8834 (+9.21); is_persistent=1 (+0.57); dist_power_plant_km=0.7658 (+0.56); nearest_plant_mw=260 (+0.20)"}},{"type":"Feature","geometry":{"type":"Point","coordinates":[76.67509,15.17969]},"properties":{"cell_id":"3036_15335","pred_class":"thermal_power","n_detections":308,"frp_mean":2.1817,"frp_max":7.18,"night_frac":0.961,"first_seen":"2024-01-14","last_seen":"2026-04-27","class_agreement":1.0,"top_reasons":"dist_thermal_plant_km=1.46 (+9.21); is_persistent=1 (+0.57); dist_power_plant_km=1.294 (+0.50); nearest_plant_mw=260 (+0.19)"}},{"type":"Feature","geometry":{"type":"Point","coordinates":[76.67927,15.18014]},"properties":{"cell_id":"3036_15336","pred_class":"thermal_power","n_detections":128,"frp_mean":2.7459,"frp_max":9.42,"night_frac":0.7891,"first_seen":"2024-02-04","last_seen":"2026-04-26","class_agreement":1.0,"top_reasons":"dist_thermal_plant_km=1.879 (+9.21); is_persistent=1 (+0.57); dist_power_plant_km=1.678 (+0.51); nearest_plant_mw=260 (+0.19)"}},{"type":"Feature","geometry":{"type":"Point","coordinates":[76.78928,15.18024]},"properties":{"cell_id":"3036_15358","pred_class":"thermal_power","n_detections":23,"frp_mean":0.6791,"frp_max":1.28,"night_frac":1.0,"first_seen":"2024-01-30","last_seen":"2026-02-13","class_agreement":1.0,"top_reasons":"dist_thermal_plant_km=0.3625 (+9.18); is_persistent=1 (+0.65); frp_mean=0.6791 (+0.20); n_detections=23 (+0.17)"}},{"type":"Feature","geometry":{"type":"Point","coordinates":[77.10154,15.179]},"properties":{"cell_id":"3036_15420","pred_class":"thermal_power","n_detections":119,"frp_mean":1.3452,"frp_max":9.74,"night_frac":0.9916,"first_seen":"2024-01-11","last_seen":"2026-04-14","class_agreement":1.0,"top_reasons":"dist_thermal_plant_km=0.2642 (+9.22); is_persistent=1 (+0.57); dist_power_plant_km=2.667 (+0.51); nearest_plant_mw=18 (+0.19)"}},{"type":"Feature","geometry":{"type":"Point","coordinates":[77.10378,15.17905]},"properties":{"cell_id":"3036_15421","pred_class":"thermal_power","n_detections":241,"frp_mean":1.368,"frp_max":4.77,"night_frac":1.0,"first_seen":"2024-01-04","last_seen":"2026-04-24","class_agreement":1.0,"top_reasons":"dist_thermal_plant_km=0.1509 (+9.22); is_persistent=1 (+0.57); dist_power_plant_km=2.857 (+0.50); nearest_plant_mw=18 (+0.20)"}},{"type":"Feature","geometry":{"type":"Point","coordinates":[76.31592,15.18537]},"properties":{"cell_id":"3037_15263","pred_class":"gas_flare","n_detections":17,"frp_mean":1.3747,"frp_max":2.79,"night_frac":1.0,"first_seen":"2024-04-08","last_seen":"2026-04-19","class_agreement":1.0,"top_reasons":"is_persistent=1 (+1.00); dist_industrial_km=6.997 (+0.62); month_entropy=0.6741 (+0.47); dist_any_industry_km=6.997 (-0.42)"}},{"type":"Feature","geometry":{"type":"Point","coordinates":[76.63628,15.18468]},"properties":{"cell_id":"3037_15327","pred_class":"thermal_power","n_detections":16,"frp_mean":1.7394,"frp_max":3.99,"night_frac":1.0,"first_seen":"2024-01-14","last_seen":"2026-04-02","class_agreement":1.0,"top_reasons":"dist_thermal_plant_km=2.782 (+9.04); is_persistent=1 (+0.62); dist_power_plant_km=3.05 (+0.28); n_active_days=16 (-0.14)"}},{"type":"Feature","geometry":{"type":"Point","coordinates":[76.63998,15.18489]},"properties":{"cell_id":"3037_15328","pred_class":"thermal_power","n_detections":141,"frp_mean":2.4968,"frp_max":9.77,"night_frac":0.7518,"first_seen":"2024-01-04","last_seen":"2026-04-25","class_agreement":1.0,"top_reasons":"dist_thermal_plant_km=2.387 (+9.20); is_persistent=1 (+0.58); dist_power_plant_km=2.653 (+0.54); nearest_plant_mw=260 (+0.20)"}},{"type":"Feature","geometry":{"type":"Point","coordinates":[76.64406,15.18388]},"properties":{"cell_id":"3037_15329","pred_class":"thermal_power","n_detections":53,"frp_mean":2.2762,"frp_max":6.52,"night_frac":0.9245,"first_seen":"2024-01-04","last_seen":"2026-04-24","class_agreement":1.0,"top_reasons":"dist_thermal_plant_km=1.947 (+9.21); is_persistent=1 (+0.58); dist_power_plant_km=2.222 (+0.54); nearest_plant_mw=260 (+0.19)"}},{"type":"Feature","geometry":{"type":"Point","coordinates":[76.65055,15.18485]},"properties":{"cell_id":"3037_15330","pred_class":"thermal_power","n_detections":21,"frp_mean":2.131,"frp_max":6.17,"night_frac":0.8571,"first_seen":"2024-02-05","last_seen":"2026-04-16","class_agreement":1.0,"top_reasons":"dist_thermal_plant_km=1.255 (+9.22); is_persistent=1 (+0.58); dist_power_plant_km=1.52 (+0.47); nearest_plant_mw=260 (+0.18)"}},{"type":"Feature","geometry":{"type":"Point","coordinates":[76.65588,15.18597]},"properties":{"cell_id":"3037_15331","pred_class":"thermal_power","n_detections":28,"frp_mean":2.1818,"frp_max":5.26,"night_frac":1.0,"first_seen":"2024-01-14","last_seen":"2026-03-13","class_agreement":1.0,"top_reasons":"dist_thermal_plant_km=0.7164 (+9.23); is_persistent=1 (+0.57); dist_power_plant_km=0.9466 (+0.51); nearest_plant_mw=260 (+0.19)"}},{"type":"Feature","geometry":{"type":"Point","coordinates":[76.65901,15.18647]},"properties":{"cell_id":"3037_15332","pred_class":"thermal_power","n_detections":42,"frp_mean":2.144,"frp_max":5.09,"night_frac":0.9762,"first_seen":"2024-01-13","last_seen":"2026-04-21","class_agreement":1.0,"top_reasons":"dist_thermal_plant_km=0.4461 (+9.21); is_persistent=1 (+0.58); dist_power_plant_km=0.6176 (+0.57); nearest_plant_mw=260 (+0.19)"}},{"type":"Feature","geometry":{"type":"Point","coordinates":[76.66592,15.18373]},"properties":{"cell_id":"3037_15333","pred_class":"thermal_power","n_detections":88,"frp_mean":2.5873,"frp_max":6.59,"night_frac":0.8864,"first_seen":"2024-01-25","last_seen":"2026-04-25","class_agreement":1.0,"top_reasons":"dist_thermal_plant_km=0.4002 (+9.20); is_persistent=1 (+0.59); dist_power_plant_km=0.2454 (+0.55); nearest_plant_mw=260 (+0.18)"}},{"type":"Feature","geometry":{"type":"Point","coordinates":[76.66932,15.18411]},"properties":{"cell_id":"3037_15334","pred_class":"thermal_power","n_detections":57,"frp_mean":2.3712,"frp_max":6.49,"night_frac":0.8596,"first_seen":"2024-12-15","last_seen":"2026-04-26","class_agreement":1.0,"top_reasons":"dist_thermal_plant_km=0.7648 (+9.23); is_persistent=1 (+0.58); dist_power_plant_km=0.5238 (+0.55); nearest_plant_mw=260 (+0.20)"}},{"type":"Feature","geometry":{"type":"Point","coordinates":[76.67479,15.18448]},"properties":{"cell_id":"3037_15335","pred_class":"thermal_power","n_detections":132,"frp_mean":1.7518,"frp_max":5.27,"night_frac":1.0,"first_seen":"2024-12-14","last_seen":"2026-04-22","class_agreement":1.0,"top_reasons":"dist_thermal_plant_km=1.352 (+9.23); is_persistent=1 (+0.59); dist_power_plant_km=1.091 (+0.41); nearest_plant_mw=260 (+0.18)"}},{"type":"Feature","geometry":{"type":"Point","coordinates":[76.6787,15.18405]},"properties":{"cell_id":"3037_15336","pred_class":"thermal_power","n_detections":22,"frp_mean":2.4895,"frp_max":9.21,"night_frac":0.8182,"first_seen":"2024-09-19","last_seen":"2026-04-14","class_agreement":1.0,"top_reasons":"dist_thermal_plant_km=1.771 (+9.24); is_persistent=1 (+0.58); dist_power_plant_km=1.513 (+0.50); nearest_plant_mw=260 (+0.17)"}},{"type":"Feature","geometry":{"type":"Point","coordinates":[76.65613,15.18835]},"properties":{"cell_id":"3038_15331","pred_class":"thermal_power","n_detections":32,"frp_mean":1.9509,"frp_max":6.09,"night_frac":0.9688,"first_seen":"2024-01-20","last_seen":"2026-04-25","class_agreement":1.0,"top_reasons":"dist_thermal_plant_km=0.8184 (+9.22); is_persistent=1 (+0.58); dist_power_plant_km=0.9688 (+0.50); nearest_plant_mw=260 (+0.18)"}},{"type":"Feature","geometry":{"type":"Point","coordinates":[76.65905,15.1888]},"properties":{"cell_id":"3038_15332","pred_class":"thermal_power","n_detections":37,"frp_mean":2.3608,"frp_max":9.3,"night_frac":0.8649,"first_seen":"2024-01-13","last_seen":"2026-04-09","class_agreement":1.0,"top_reasons":"dist_thermal_plant_km=0.6416 (+9.22); is_persistent=1 (+0.58); dist_power_plant_km=0.703 (+0.54); nearest_plant_mw=260 (+0.18)"}},{"type":"Feature","geometry":{"type":"Point","coordinates":[76.7291,15.19101]},"properties":{"cell_id":"3038_15346","pred_class":"thermal_power","n_detections":20,"frp_mean":1.0155,"frp_max":1.71,"night_frac":1.0,"first_seen":"2024-08-04","last_seen":"2025-12-29","class_agreement":1.0,"top_reasons":"dist_thermal_plant_km=1.058 (+9.05); is_persistent=1 (+0.56); frp_mean=1.015 (+0.16); ti4_ti5_diff=18.54 (+0.14)"}},{"type":"Feature","geometry":{"type":"Point","coordinates":[76.37954,15.19604]},"properties":{"cell_id":"3039_15276","pred_class":"thermal_power","n_detections":27,"frp_mean":1.2341,"frp_max":4.16,"night_frac":0.8889,"first_seen":"2024-01-02","last_seen":"2026-04-24","class_agreement":1.0,"top_reasons":"dist_thermal_plant_km=2.83 (+9.17); is_persistent=1 (+0.59); dist_power_plant_km=2.543 (+0.45); nearest_plant_mw=25 (+0.17)"}},{"type":"Feature","geometry":{"type":"Point","coordinates":[76.76157,15.22554]},"properties":{"cell_id":"3045_15352","pred_class":"industrial_plant","n_detections":29,"frp_mean":1.8976,"frp_max":7.87,"night_frac":0.931,"first_seen":"2025-02-22","last_seen":"2026-04-27","class_agreement":1.0,"top_reasons":"dist_industrial_km=0.157 (+3.68); is_persistent=1 (+2.32); inside_industrial=1 (+1.68); dist_thermal_plant_km=5.672 (+0.98)"}},{"type":"Feature","geometry":{"type":"Point","coordinates":[76.76424,15.22529]},"properties":{"cell_id":"3045_15353","pred_class":"industrial_plant","n_detections":122,"frp_mean":1.542,"frp_max":9.85,"night_frac":0.9262,"first_seen":"2024-01-13","last_seen":"2026-04-25","class_agreement":1.0,"top_reasons":"dist_industrial_km=0.1549 (+3.49); is_persistent=1 (+2.31); inside_industrial=1 (+1.78); dist_thermal_plant_km=5.495 (+0.97)"}},{"type":"Feature","geometry":{"type":"Point","coordinates":[76.22011,15.30101]},"properties":{"cell_id":"3060_15244","pred_class":"thermal_power","n_detections":55,"frp_mean":0.7004,"frp_max":1.5,"night_frac":1.0,"first_seen":"2024-02-17","last_seen":"2026-04-25","class_agreement":1.0,"top_reasons":"dist_thermal_plant_km=3.68 (+7.80); is_persistent=1 (+0.58); nearest_plant_mw=12 (+0.28); dist_industrial_km=0.2941 (+0.27)"}},{"type":"Feature","geometry":{"type":"Point","coordinates":[76.25379,15.3097]},"properties":{"cell_id":"3062_15251","pred_class":"thermal_power","n_detections":22,"frp_mean":0.6673,"frp_max":1.44,"night_frac":1.0,"first_seen":"2024-02-20","last_seen":"2026-03-03","class_agreement":1.0,"top_reasons":"dist_thermal_plant_km=0.7746 (+9.15); is_persistent=1 (+0.69); frp_mean=0.6673 (+0.23); nearest_plant_mw=12 (+0.19)"}},{"type":"Feature","geometry":{"type":"Point","coordinates":[76.25145,15.31646]},"properties":{"cell_id":"3063_15250","pred_class":"thermal_power","n_detections":15,"frp_mean":1.0187,"frp_max":2.05,"night_frac":1.0,"first_seen":"2024-03-07","last_seen":"2026-04-23","class_agreement":1.0,"top_reasons":"dist_thermal_plant_km=0.0947 (+8.92); is_persistent=1 (+0.69); n_detections=15 (+0.30); nearest_plant_mw=12 (+0.27)"}},{"type":"Feature","geometry":{"type":"Point","coordinates":[76.25477,15.31551]},"properties":{"cell_id":"3063_15251","pred_class":"thermal_power","n_detections":67,"frp_mean":1.1136,"frp_max":2.52,"night_frac":1.0,"first_seen":"2024-01-05","last_seen":"2026-02-20","class_agreement":1.0,"top_reasons":"dist_thermal_plant_km=0.44 (+9.24); is_persistent=1 (+0.69); frp_mean=1.114 (+0.24); nearest_plant_mw=12 (+0.22)"}},{"type":"Feature","geometry":{"type":"Point","coordinates":[76.28569,15.33202]},"properties":{"cell_id":"3066_15257","pred_class":"industrial_plant","n_detections":68,"frp_mean":1.2428,"frp_max":5.0,"night_frac":1.0,"first_seen":"2024-01-04","last_seen":"2026-04-26","class_agreement":1.0,"top_reasons":"dist_industrial_km=0.731 (+2.82); is_persistent=1 (+1.94); inside_industrial=1 (+1.46); dist_thermal_plant_km=4.154 (-1.03)"}},{"type":"Feature","geometry":{"type":"Point","coordinates":[76.24615,15.33385]},"properties":{"cell_id":"3067_15249","pred_class":"thermal_power","n_detections":35,"frp_mean":1.2443,"frp_max":4.11,"night_frac":1.0,"first_seen":"2024-02-05","last_seen":"2026-04-10","class_agreement":1.0,"top_reasons":"dist_thermal_plant_km=2.044 (+9.24); is_persistent=1 (+0.70); nearest_plant_mw=12 (+0.27); frp_mean=1.244 (+0.23)"}},{"type":"Feature","geometry":{"type":"Point","coordinates":[76.24865,15.33391]},"properties":{"cell_id":"3067_15250","pred_class":"thermal_power","n_detections":16,"frp_mean":0.9931,"frp_max":1.75,"night_frac":1.0,"first_seen":"2024-01-19","last_seen":"2026-03-08","class_agreement":1.0,"top_reasons":"dist_thermal_plant_km=2.004 (+9.09); is_persistent=1 (+0.68); nearest_plant_mw=12 (+0.26); n_detections=16 (+0.24)"}},{"type":"Feature","geometry":{"type":"Point","coordinates":[76.27643,15.33681]},"properties":{"cell_id":"3067_15255","pred_class":"thermal_power","n_detections":29,"frp_mean":1.9186,"frp_max":4.13,"night_frac":0.9655,"first_seen":"2024-01-11","last_seen":"2026-04-09","class_agreement":1.0,"top_reasons":"dist_thermal_plant_km=3.601 (+7.59); is_persistent=1 (+0.47); nearest_plant_mw=12 (+0.35); dist_power_plant_km=4.52 (+0.23)"}},{"type":"Feature","geometry":{"type":"Point","coordinates":[76.27892,15.33654]},"properties":{"cell_id":"3067_15256","pred_class":"thermal_power","n_detections":49,"frp_mean":1.5198,"frp_max":3.56,"night_frac":0.8776,"first_seen":"2024-01-11","last_seen":"2026-04-09","class_agreement":1.0,"top_reasons":"dist_thermal_plant_km=3.792 (+7.96); is_persistent=1 (+0.51); dist_industrial_km=0.2515 (+0.23); nearest_plant_mw=12 (+0.23)"}},{"type":"Feature","geometry":{"type":"Point","coordinates":[76.28553,15.33425]},"properties":{"cell_id":"3067_15257","pred_class":"industrial_plant","n_detections":244,"frp_mean":1.3318,"frp_max":4.21,"night_frac":1.0,"first_seen":"2024-01-02","last_seen":"2026-04-19","class_agreement":1.0,"top_reasons":"dist_industrial_km=0.5531 (+3.56); is_persistent=1 (+2.43); inside_industrial=1 (+1.81); dist_thermal_plant_km=4.251 (+0.99)"}},{"type":"Feature","geometry":{"type":"Point","coordinates":[76.2879,15.33413]},"properties":{"cell_id":"3067_15258","pred_class":"industrial_plant","n_detections":17,"frp_mean":1.2306,"frp_max":3.09,"night_frac":0.9412,"first_seen":"2024-05-27","last_seen":"2026-03-18","class_agreement":1.0,"top_reasons":"dist_industrial_km=0.783 (+3.70); is_persistent=1 (+2.43); inside_industrial=1 (+1.53); dist_thermal_plant_km=4.47 (+0.92)"}},{"type":"Feature","geometry":{"type":"Point","coordinates":[76.27635,15.33912]},"properties":{"cell_id":"3068_15255","pred_class":"thermal_power","n_detections":76,"frp_mean":1.9018,"frp_max":7.67,"night_frac":0.8816,"first_seen":"2024-01-13","last_seen":"2026-03-20","class_agreement":1.0,"top_reasons":"dist_thermal_plant_km=3.765 (+7.88); is_persistent=1 (+0.51); nearest_plant_mw=12 (+0.35); dist_power_plant_km=4.326 (+0.23)"}},{"type":"Feature","geometry":{"type":"Point","coordinates":[76.27879,15.33876]},"properties":{"cell_id":"3068_15256","pred_class":"thermal_power","n_detections":78,"frp_mean":1.8456,"frp_max":5.22,"night_frac":0.8205,"first_seen":"2024-01-14","last_seen":"2026-04-26","class_agreement":1.0,"top_reasons":"dist_thermal_plant_km=3.934 (+8.22); is_persistent=1 (+0.51); nearest_plant_mw=12 (+0.36); dist_power_plant_km=4.193 (+0.23)"}},{"type":"Feature","geometry":{"type":"Point","coordinates":[73.99184,15.52632]},"properties":{"cell_id":"3105_14798","pred_class":"industrial_plant","n_detections":34,"frp_mean":1.4009,"frp_max":3.38,"night_frac":1.0,"first_seen":"2024-01-10","last_seen":"2026-04-03","class_agreement":1.0,"top_reasons":"dist_industrial_km=0.5447 (+4.70); is_persistent=1 (+2.24); dist_thermal_plant_km=20.66 (+0.91); dist_mining_km=1.707 (+0.55)"}},{"type":"Feature","geometry":{"type":"Point","coordinates":[73.99416,15.52569]},"properties":{"cell_id":"3105_14799","pred_class":"industrial_plant","n_detections":86,"frp_mean":1.6813,"frp_max":9.46,"night_frac":0.8837,"first_seen":"2024-01-07","last_seen":"2026-04-25","class_agreement":1.0,"top_reasons":"dist_industrial_km=0.4833 (+4.66); is_persistent=1 (+2.26); dist_thermal_plant_km=20.75 (+0.94); dist_mining_km=1.705 (+0.68)"}},{"type":"Feature","geometry":{"type":"Point","coordinates":[73.99839,15.52404]},"properties":{"cell_id":"3105_14800","pred_class":"industrial_plant","n_detections":25,"frp_mean":0.94,"frp_max":1.74,"night_frac":1.0,"first_seen":"2024-01-19","last_seen":"2026-03-02","class_agreement":1.0,"top_reasons":"dist_industrial_km=0.7262 (+4.64); is_persistent=1 (+2.34); dist_thermal_plant_km=20.89 (+0.90); dist_mining_km=1.857 (+0.63)"}},{"type":"Feature","geometry":{"type":"Point","coordinates":[73.9917,15.52796]},"properties":{"cell_id":"3106_14798","pred_class":"industrial_plant","n_detections":17,"frp_mean":1.1076,"frp_max":1.81,"night_frac":1.0,"first_seen":"2024-01-20","last_seen":"2026-03-13","class_agreement":1.0,"top_reasons":"dist_industrial_km=0.4422 (+4.67); is_persistent=1 (+2.24); dist_thermal_plant_km=20.8 (+0.89); dist_mining_km=1.543 (+0.52)"}},{"type":"Feature","geometry":{"type":"Point","coordinates":[73.99365,15.52825]},"properties":{"cell_id":"3106_14799","pred_class":"industrial_plant","n_detections":19,"frp_mean":2.3979,"frp_max":5.97,"night_frac":0.6316,"first_seen":"2024-01-13","last_seen":"2025-12-18","class_agreement":1.0,"top_reasons":"dist_industrial_km=0.255 (+4.56); is_persistent=1 (+2.27); dist_thermal_plant_km=20.95 (+0.92); dist_mining_km=1.442 (+0.63)"}},{"type":"Feature","geometry":{"type":"Point","coordinates":[73.98662,15.65683]},"properties":{"cell_id":"3131_14797","pred_class":"mining","n_detections":29,"frp_mean":1.2686,"frp_max":2.59,"night_frac":1.0,"first_seen":"2024-01-05","last_seen":"2026-03-26","class_agreement":1.0,"top_reasons":"dist_mining_km=0.8607 (+9.19); dist_thermal_plant_km=33.25 (+0.29); dist_any_industry_km=0.438 (+0.10); lc_grass_5km=0.1874 (+0.09)"}},{"type":"Feature","geometry":{"type":"Point","coordinates":[73.98929,15.65687]},"properties":{"cell_id":"3131_14798","pred_class":"mining","n_detections":95,"frp_mean":1.3283,"frp_max":7.81,"night_frac":0.9263,"first_seen":"2024-01-14","last_seen":"2026-04-12","class_agreement":1.0,"top_reasons":"dist_mining_km=0.739 (+9.16); dist_thermal_plant_km=33.35 (+0.31); lc_grass_1km=0.1818 (+0.22); lc_grass_5km=0.205 (+0.16)"}},{"type":"Feature","geometry":{"type":"Point","coordinates":[73.98679,15.65894]},"properties":{"cell_id":"3132_14797","pred_class":"industrial_plant","n_detections":80,"frp_mean":1.362,"frp_max":3.39,"night_frac":0.9875,"first_seen":"2024-01-29","last_seen":"2026-04-23","class_agreement":1.0,"top_reasons":"dist_industrial_km=0.2991 (+4.30); is_persistent=1 (+2.17); dist_thermal_plant_km=33.47 (+0.78); n_detections=80 (+0.54)"}},{"type":"Feature","geometry":{"type":"Point","coordinates":[73.9893,15.65904]},"properties":{"cell_id":"3132_14798","pred_class":"mining","n_detections":314,"frp_mean":1.3717,"frp_max":9.56,"night_frac":0.9013,"first_seen":"2024-01-01","last_seen":"2026-04-25","class_agreement":1.0,"top_reasons":"dist_mining_km=0.9732 (+7.06); inside_mining=0 (-0.41); lc_grass_1km=0.1653 (+0.37); dist_thermal_plant_km=33.58 (+0.28)"}},{"type":"Feature","geometry":{"type":"Point","coordinates":[78.45651,15.68451]},"properties":{"cell_id":"3137_15691","pred_class":"mining","n_detections":32,"frp_mean":0.9284,"frp_max":1.5,"night_frac":1.0,"first_seen":"2024-01-09","last_seen":"2026-04-22","class_agreement":1.0,"top_reasons":"dist_mining_km=0.7347 (+9.09); dist_thermal_plant_km=109 (+0.34); lc_grass_1km=0.2727 (+0.29); lc_grass_5km=0.1081 (+0.12)"}},{"type":"Feature","geometry":{"type":"Point","coordinates":[78.45846,15.68441]},"properties":{"cell_id":"3137_15692","pred_class":"mining","n_detections":28,"frp_mean":0.9807,"frp_max":1.97,"night_frac":1.0,"first_seen":"2024-01-12","last_seen":"2026-04-10","class_agreement":1.0,"top_reasons":"dist_mining_km=0.9139 (+9.14); dist_thermal_plant_km=109 (+0.34); lc_grass_1km=0.2397 (+0.30); lc_grass_5km=0.1081 (+0.12)"}},{"type":"Feature","geometry":{"type":"Point","coordinates":[97.94416,15.85418]},"properties":{"cell_id":"3171_19589","pred_class":"wildfire","n_detections":48,"frp_mean":0.7773,"frp_max":3.13,"night_frac":1.0,"first_seen":"2024-01-08","last_seen":"2026-02-04","class_agreement":1.0,"top_reasons":"lc_built_5km=0.0009917 (+1.47); n_active_days=44 (-1.14); lc_tree_1km=0.6198 (+0.98); is_persistent=1 (-0.97)"}},{"type":"Feature","geometry":{"type":"Point","coordinates":[97.79554,15.86088]},"properties":{"cell_id":"3172_19559","pred_class":"wildfire","n_detections":213,"frp_mean":1.4026,"frp_max":5.52,"night_frac":0.9249,"first_seen":"2024-01-03","last_seen":"2026-04-23","class_agreement":1.0,"top_reasons":"lc_built_5km=0.0003306 (+1.48); n_active_days=187 (-1.14); lc_tree_1km=0.7769 (+0.98); is_persistent=1 (-0.97)"}},{"type":"Feature","geometry":{"type":"Point","coordinates":[97.79789,15.86112]},"properties":{"cell_id":"3172_19560","pred_class":"wildfire","n_detections":33,"frp_mean":1.4642,"frp_max":7.01,"night_frac":0.9091,"first_seen":"2024-01-02","last_seen":"2026-01-30","class_agreement":1.0,"top_reasons":"lc_built_5km=0.0003306 (+1.47); n_active_days=33 (-1.13); lc_tree_1km=0.7025 (+0.98); is_persistent=1 (-0.97)"}},{"type":"Feature","geometry":{"type":"Point","coordinates":[97.79561,15.86335]},"properties":{"cell_id":"3173_19559","pred_class":"wildfire","n_detections":100,"frp_mean":1.3319,"frp_max":4.86,"night_frac":0.92,"first_seen":"2024-01-03","last_seen":"2026-03-19","class_agreement":1.0,"top_reasons":"lc_built_5km=0.0003306 (+1.36); lc_tree_1km=0.843 (+1.28); n_active_days=97 (-1.14); is_persistent=1 (-0.97)"}},{"type":"Feature","geometry":{"type":"Point","coordinates":[97.75494,15.89608]},"properties":{"cell_id":"3179_19551","pred_class":"wildfire","n_detections":24,"frp_mean":0.9292,"frp_max":2.46,"night_frac":0.9583,"first_seen":"2024-01-13","last_seen":"2025-04-20","class_agreement":1.0,"top_reasons":"lc_built_5km=0.006281 (-3.06); dist_refinery_km=1905 (+2.04); lc_tree_1km=0.438 (+1.45); n_detections=24 (-1.25)"}},{"type":"Feature","geometry":{"type":"Point","coordinates":[77.36174,15.91532]},"properties":{"cell_id":"3183_15472","pred_class":"gas_flare","n_detections":67,"frp_mean":0.9149,"frp_max":3.21,"night_frac":1.0,"first_seen":"2024-01-14","last_seen":"2026-03-21","class_agreement":1.0,"top_reasons":"is_persistent=1 (+0.76); dist_industrial_km=7.238 (+0.59); dist_any_industry_km=7.238 (-0.48); inside_mining=0 (+0.37)"}},{"type":"Feature","geometry":{"type":"Point","coordinates":[77.36338,15.91556]},"properties":{"cell_id":"3183_15473","pred_class":"gas_flare","n_detections":93,"frp_mean":0.8859,"frp_max":3.39,"night_frac":1.0,"first_seen":"2024-01-10","last_seen":"2026-04-09","class_agreement":1.0,"top_reasons":"is_persistent=1 (+0.82); dist_industrial_km=7.385 (+0.70); dist_any_industry_km=7.385 (-0.61); month_entropy=0.78 (+0.44)"}},{"type":"Feature","geometry":{"type":"Point","coordinates":[80.93637,15.96178]},"properties":{"cell_id":"3192_16187","pred_class":"gas_flare","n_detections":22,"frp_mean":0.7327,"frp_max":2.64,"night_frac":1.0,"first_seen":"2024-01-28","last_seen":"2026-03-27","class_agreement":0.5909,"top_reasons":"is_persistent=1 (+0.76); dist_industrial_km=5.418 (+0.56); dist_any_industry_km=5.418 (-0.55); inside_mining=0 (+0.37)"}},{"type":"Feature","geometry":{"type":"Point","coordinates":[80.93884,15.96194]},"properties":{"cell_id":"3192_16188","pred_class":"gas_flare","n_detections":53,"frp_mean":0.8453,"frp_max":7.17,"night_frac":1.0,"first_seen":"2024-01-01","last_seen":"2026-03-30","class_agreement":1.0,"top_reasons":"is_persistent=1 (+0.78); dist_any_industry_km=5.677 (-0.68); dist_industrial_km=5.677 (+0.64); inside_mining=0 (+0.41)"}},{"type":"Feature","geometry":{"type":"Point","coordinates":[80.93665,15.96376]},"properties":{"cell_id":"3193_16187","pred_class":"gas_flare","n_detections":43,"frp_mean":0.6558,"frp_max":1.41,"night_frac":1.0,"first_seen":"2024-01-17","last_seen":"2026-03-25","class_agreement":0.7674,"top_reasons":"is_persistent=1 (+0.61); dist_any_industry_km=5.42 (-0.55); dist_industrial_km=5.42 (+0.49); month_entropy=0.6606 (+0.31)"}},{"type":"Feature","geometry":{"type":"Point","coordinates":[80.93892,15.96365]},"properties":{"cell_id":"3193_16188","pred_class":"gas_flare","n_detections":71,"frp_mean":0.717,"frp_max":4.29,"night_frac":1.0,"first_seen":"2024-01-01","last_seen":"2026-03-31","class_agreement":0.6338,"top_reasons":"is_persistent=1 (+0.70); dist_any_industry_km=5.663 (-0.60); dist_industrial_km=5.663 (+0.60); inside_mining=0 (+0.37)"}},{"type":"Feature","geometry":{"type":"Point","coordinates":[97.68643,15.99]},"properties":{"cell_id":"3198_19537","pred_class":"wildfire","n_detections":76,"frp_mean":1.9489,"frp_max":7.74,"night_frac":0.6316,"first_seen":"2024-01-03","last_seen":"2026-03-28","class_agreement":1.0,"top_reasons":"lc_built_5km=0.008264 (-2.96); lc_tree_1km=0.8264 (+2.19); n_detections=76 (-1.34); n_active_days=67 (-1.23)"}},{"type":"Feature","geometry":{"type":"Point","coordinates":[97.68876,15.99013]},"properties":{"cell_id":"3198_19538","pred_class":"wildfire","n_detections":171,"frp_mean":3.1337,"frp_max":8.77,"night_frac":0.3743,"first_seen":"2024-01-02","last_seen":"2026-03-19","class_agreement":1.0,"top_reasons":"lc_built_5km=0.0119 (-3.20); dist_refinery_km=1899 (+1.96); n_detections=171 (-1.69); lc_tree_1km=0.7438 (+1.52)"}},{"type":"Feature","geometry":{"type":"Point","coordinates":[97.87495,16.22483]},"properties":{"cell_id":"3245_19575","pred_class":"wildfire","n_detections":72,"frp_mean":0.8188,"frp_max":3.01,"night_frac":0.9583,"first_seen":"2024-01-08","last_seen":"2026-04-03","class_agreement":1.0,"top_reasons":"lc_built_5km=0.0006612 (+1.47); n_active_days=63 (-1.13); lc_tree_1km=0.7355 (+0.98); is_persistent=1 (-0.97)"}},{"type":"Feature","geometry":{"type":"Point","coordinates":[77.35898,16.28901]},"properties":{"cell_id":"3258_15472","pred_class":"thermal_power","n_detections":28,"frp_mean":1.16,"frp_max":3.26,"night_frac":0.9286,"first_seen":"2024-01-03","last_seen":"2025-04-06","class_agreement":1.0,"top_reasons":"dist_thermal_plant_km=0.6955 (+9.27); is_persistent=1 (+0.50); dist_power_plant_km=0.8404 (+0.36); n_detections=28 (+0.07)"}},{"type":"Feature","geometry":{"type":"Point","coordinates":[77.36034,16.30564]},"properties":{"cell_id":"3261_15472","pred_class":"thermal_power","n_detections":23,"frp_mean":1.1343,"frp_max":5.19,"night_frac":1.0,"first_seen":"2024-01-03","last_seen":"2026-04-15","class_agreement":1.0,"top_reasons":"dist_thermal_plant_km=0.3302 (+9.23); is_persistent=1 (+0.57); dist_power_plant_km=0.3761 (+0.35); nearest_plant_mw=35 (+0.16)"}},{"type":"Feature","geometry":{"type":"Point","coordinates":[81.28182,16.36018]},"properties":{"cell_id":"3272_16256","pred_class":"gas_flare","n_detections":41,"frp_mean":0.5395,"frp_max":1.8,"night_frac":1.0,"first_seen":"2024-01-17","last_seen":"2026-04-02","class_agreement":1.0,"top_reasons":"is_persistent=1 (+0.71); dist_any_industry_km=17.79 (-0.68); dist_industrial_km=17.79 (+0.66); month_entropy=0.7412 (+0.40)"}},{"type":"Feature","geometry":{"type":"Point","coordinates":[81.28398,16.36042]},"properties":{"cell_id":"3272_16257","pred_class":"gas_flare","n_detections":123,"frp_mean":0.6867,"frp_max":5.09,"night_frac":1.0,"first_seen":"2024-01-01","last_seen":"2026-04-14","class_agreement":0.9919,"top_reasons":"dist_any_industry_km=17.9 (-0.73); dist_industrial_km=17.9 (+0.72); is_persistent=1 (+0.71); month_entropy=0.8091 (+0.42)"}},{"type":"Feature","geometry":{"type":"Point","coordinates":[82.32018,16.36679]},"properties":{"cell_id":"3273_16464","pred_class":"gas_flare","n_detections":48,"frp_mean":3.9785,"frp_max":9.54,"night_frac":0.7917,"first_seen":"2024-01-09","last_seen":"2026-04-08","class_agreement":1.0,"top_reasons":"is_persistent=1 (+1.06); dist_any_industry_km=27.85 (-0.49); month_entropy=0.7702 (+0.46); inside_mining=0 (+0.36)"}},{"type":"Feature","geometry":{"type":"Point","coordinates":[82.31574,16.36988]},"properties":{"cell_id":"3274_16463","pred_class":"gas_flare","n_detections":37,"frp_mean":5.5286,"frp_max":13.83,"night_frac":0.9459,"first_seen":"2024-01-13","last_seen":"2025-11-09","class_agreement":1.0,"top_reasons":"is_persistent=1 (+0.99); month_entropy=0.6924 (+0.53); dist_any_industry_km=27.27 (-0.39); inside_mining=0 (+0.34)"}},{"type":"Feature","geometry":{"type":"Point","coordinates":[82.3201,16.36954]},"properties":{"cell_id":"3274_16464","pred_class":"gas_flare","n_detections":185,"frp_mean":4.4231,"frp_max":13.44,"night_frac":0.7405,"first_seen":"2024-01-09","last_seen":"2026-04-14","class_agreement":1.0,"top_reasons":"is_persistent=1 (+1.08); dist_any_industry_km=27.69 (-0.66); month_entropy=0.8528 (+0.52); inside_mining=0 (+0.38)"}},{"type":"Feature","geometry":{"type":"Point","coordinates":[82.32385,16.36943]},"properties":{"cell_id":"3274_16465","pred_class":"gas_flare","n_detections":42,"frp_mean":4.9271,"frp_max":11.45,"night_frac":0.5,"first_seen":"2024-01-13","last_seen":"2026-03-29","class_agreement":1.0,"top_reasons":"is_persistent=1 (+1.07); dist_any_industry_km=28.04 (-0.65); month_entropy=0.7293 (+0.58); inside_mining=0 (+0.39)"}},{"type":"Feature","geometry":{"type":"Point","coordinates":[97.72619,16.41567]},"properties":{"cell_id":"3283_19545","pred_class":"gas_flare","n_detections":71,"frp_mean":1.2924,"frp_max":2.56,"night_frac":1.0,"first_seen":"2024-01-02","last_seen":"2026-04-20","class_agreement":0.9577,"top_reasons":"is_persistent=1 (+0.76); dist_industrial_km=657.7 (+0.49); dist_any_industry_km=657.7 (-0.40); inside_mining=0 (+0.32)"}},{"type":"Feature","geometry":{"type":"Point","coordinates":[97.72887,16.41472]},"properties":{"cell_id":"3283_19546","pred_class":"gas_flare","n_detections":45,"frp_mean":1.2336,"frp_max":2.26,"night_frac":1.0,"first_seen":"2024-01-08","last_seen":"2026-04-26","class_agreement":1.0,"top_reasons":"is_persistent=1 (+0.79); dist_industrial_km=657.8 (+0.49); dist_any_industry_km=657.8 (-0.38); inside_industrial=0 (+0.35)"}},{"type":"Feature","geometry":{"type":"Point","coordinates":[97.7257,16.41871]},"properties":{"cell_id":"3284_19545","pred_class":"gas_flare","n_detections":20,"frp_mean":1.278,"frp_max":2.66,"night_frac":1.0,"first_seen":"2024-01-03","last_seen":"2026-04-24","class_agreement":0.65,"top_reasons":"is_persistent=1 (+0.73); dist_industrial_km=657.8 (+0.51); dist_any_industry_km=657.8 (-0.41); month_entropy=0.6759 (+0.40)"}},{"type":"Feature","geometry":{"type":"Point","coordinates":[97.71452,16.44539]},"properties":{"cell_id":"3289_19543","pred_class":"gas_flare","n_detections":33,"frp_mean":1.3182,"frp_max":2.68,"night_frac":1.0,"first_seen":"2024-01-07","last_seen":"2026-04-14","class_agreement":1.0,"top_reasons":"is_persistent=1 (+0.78); dist_industrial_km=658.6 (+0.53); dist_any_industry_km=658.6 (-0.38); inside_mining=0 (+0.34)"}},{"type":"Feature","geometry":{"type":"Point","coordinates":[82.59518,16.55138]},"properties":{"cell_id":"3310_16519","pred_class":"gas_flare","n_detections":28,"frp_mean":4.2182,"frp_max":16.66,"night_frac":0.5,"first_seen":"2024-02-14","last_seen":"2025-11-16","class_agreement":1.0,"top_reasons":"is_persistent=1 (+1.06); month_entropy=0.6062 (+0.53); n_active_days=25 (+0.40); dist_any_industry_km=36.54 (-0.38)"}},{"type":"Feature","geometry":{"type":"Point","coordinates":[74.31443,16.6494]},"properties":{"cell_id":"3330_14863","pred_class":"gas_flare","n_detections":29,"frp_mean":0.7531,"frp_max":1.61,"night_frac":1.0,"first_seen":"2024-01-24","last_seen":"2026-04-14","class_agreement":1.0,"top_reasons":"is_persistent=1 (+1.34); dist_industrial_km=2.698 (+1.29); dist_any_industry_km=2.698 (+0.71); inside_mining=0 (+0.63)"}},{"type":"Feature","geometry":{"type":"Point","coordinates":[82.28102,16.73478]},"properties":{"cell_id":"3347_16456","pred_class":"industrial_plant","n_detections":58,"frp_mean":1.4671,"frp_max":9.0,"night_frac":1.0,"first_seen":"2024-12-21","last_seen":"2026-03-03","class_agreement":1.0,"top_reasons":"dist_industrial_km=0.5023 (+3.17); is_persistent=1 (+2.51); inside_industrial=1 (+2.02); dist_thermal_plant_km=36.15 (+1.05)"}},{"type":"Feature","geometry":{"type":"Point","coordinates":[82.28376,16.73489]},"properties":{"cell_id":"3347_16457","pred_class":"industrial_plant","n_detections":70,"frp_mean":1.344,"frp_max":3.51,"night_frac":0.9429,"first_seen":"2024-08-26","last_seen":"2026-04-09","class_agreement":1.0,"top_reasons":"dist_industrial_km=0.3307 (+3.14); is_persistent=1 (+2.51); inside_industrial=1 (+2.06); dist_thermal_plant_km=36.11 (+1.05)"}},{"type":"Feature","geometry":{"type":"Point","coordinates":[80.02118,16.87137]},"properties":{"cell_id":"3374_16004","pred_class":"industrial_plant","n_detections":74,"frp_mean":1.1477,"frp_max":2.91,"night_frac":1.0,"first_seen":"2024-01-06","last_seen":"2026-04-21","class_agreement":1.0,"top_reasons":"dist_industrial_km=0.09073 (+3.53); is_persistent=1 (+2.49); inside_industrial=1 (+1.79); dist_thermal_plant_km=5.038 (+0.97)"}},{"type":"Feature","geometry":{"type":"Point","coordinates":[80.02324,16.8714]},"properties":{"cell_id":"3374_16005","pred_class":"industrial_plant","n_detections":39,"frp_mean":0.9977,"frp_max":3.39,"night_frac":1.0,"first_seen":"2024-01-05","last_seen":"2026-02-25","class_agreement":1.0,"top_reasons":"dist_industrial_km=0.2232 (+3.83); is_persistent=1 (+2.48); inside_industrial=1 (+1.68); dist_thermal_plant_km=4.954 (+1.00)"}},{"type":"Feature","geometry":{"type":"Point","coordinates":[80.02119,16.87313]},"properties":{"cell_id":"3375_16004","pred_class":"industrial_plant","n_detections":18,"frp_mean":0.8522,"frp_max":1.24,"night_frac":1.0,"first_seen":"2024-01-26","last_seen":"2026-02-09","class_agreement":1.0,"top_reasons":"dist_industrial_km=0.2856 (+3.80); is_persistent=1 (+2.49); inside_industrial=1 (+1.72); dist_thermal_plant_km=5.216 (+1.01)"}},{"type":"Feature","geometry":{"type":"Point","coordinates":[80.12027,16.87607]},"properties":{"cell_id":"3375_16024","pred_class":"industrial_plant","n_detections":30,"frp_mean":0.9243,"frp_max":2.31,"night_frac":1.0,"first_seen":"2024-01-20","last_seen":"2026-04-26","class_agreement":1.0,"top_reasons":"dist_industrial_km=0.1761 (+3.23); is_persistent=1 (+2.14); inside_industrial=1 (+1.58); dist_thermal_plant_km=9.891 (+0.88)"}},{"type":"Feature","geometry":{"type":"Point","coordinates":[76.97916,17.06195]},"properties":{"cell_id":"3412_15396","pred_class":"thermal_power","n_detections":35,"frp_mean":1.1834,"frp_max":2.79,"night_frac":1.0,"first_seen":"2024-01-06","last_seen":"2026-04-20","class_agreement":1.0,"top_reasons":"dist_thermal_plant_km=0.771 (+9.24); is_persistent=1 (+0.63); dist_power_plant_km=0.7778 (+0.42); nearest_plant_mw=75 (+0.21)"}},{"type":"Feature","geometry":{"type":"Point","coordinates":[76.97667,17.06392]},"properties":{"cell_id":"3413_15395","pred_class":"thermal_power","n_detections":17,"frp_mean":1.3918,"frp_max":2.41,"night_frac":1.0,"first_seen":"2024-01-04","last_seen":"2026-03-26","class_agreement":1.0,"top_reasons":"dist_thermal_plant_km=0.9732 (+9.08); is_persistent=1 (+0.59); dist_power_plant_km=0.9794 (+0.35); n_detections=17 (+0.15)"}},{"type":"Feature","geometry":{"type":"Point","coordinates":[76.97907,17.06401]},"properties":{"cell_id":"3413_15396","pred_class":"thermal_power","n_detections":113,"frp_mean":1.5535,"frp_max":6.13,"night_frac":0.9912,"first_seen":"2024-01-03","last_seen":"2026-04-27","class_agreement":1.0,"top_reasons":"dist_thermal_plant_km=0.9934 (+9.22); is_persistent=1 (+0.63); dist_power_plant_km=1 (+0.43); nearest_plant_mw=75 (+0.19)"}},{"type":"Feature","geometry":{"type":"Point","coordinates":[78.08989,17.07954]},"properties":{"cell_id":"3416_15618","pred_class":"gas_flare","n_detections":23,"frp_mean":1.0952,"frp_max":2.56,"night_frac":1.0,"first_seen":"2025-02-13","last_seen":"2026-04-25","class_agreement":0.9565,"top_reasons":"is_persistent=1 (+0.81); dist_industrial_km=12.27 (+0.45); n_active_days=17 (+0.38); n_detections=23 (+0.37)"}},{"type":"Feature","geometry":{"type":"Point","coordinates":[77.17557,17.13984]},"properties":{"cell_id":"3428_15435","pred_class":"thermal_power","n_detections":70,"frp_mean":1.258,"frp_max":4.22,"night_frac":1.0,"first_seen":"2024-01-14","last_seen":"2026-04-20","class_agreement":1.0,"top_reasons":"dist_thermal_plant_km=0.3258 (+9.22); is_persistent=1 (+0.62); dist_power_plant_km=1.268 (+0.35); nearest_plant_mw=38.5 (+0.20)"}},{"type":"Feature","geometry":{"type":"Point","coordinates":[77.18188,17.14106]},"properties":{"cell_id":"3428_15436","pred_class":"thermal_power","n_detections":19,"frp_mean":1.1295,"frp_max":1.88,"night_frac":1.0,"first_seen":"2024-01-03","last_seen":"2026-04-27","class_agreement":1.0,"top_reasons":"dist_thermal_plant_km=0.7638 (+9.13); is_persistent=1 (+0.63); dist_power_plant_km=0.7957 (+0.24); nearest_plant_mw=38.5 (+0.16)"}},{"type":"Feature","geometry":{"type":"Point","coordinates":[77.18409,17.14103]},"properties":{"cell_id":"3428_15437","pred_class":"thermal_power","n_detections":114,"frp_mean":1.1094,"frp_max":3.12,"night_frac":1.0,"first_seen":"2024-01-08","last_seen":"2026-04-25","class_agreement":1.0,"top_reasons":"dist_thermal_plant_km=0.9936 (+9.22); is_persistent=1 (+0.61); dist_power_plant_km=0.6697 (+0.36); nearest_plant_mw=38.5 (+0.20)"}},{"type":"Feature","geometry":{"type":"Point","coordinates":[78.22162,17.1456]},"properties":{"cell_id":"3429_15644","pred_class":"gas_flare","n_detections":41,"frp_mean":0.9776,"frp_max":1.59,"night_frac":1.0,"first_seen":"2024-01-12","last_seen":"2026-02-12","class_agreement":1.0,"top_reasons":"is_persistent=1 (+0.75); dist_industrial_km=6.418 (+0.59); month_entropy=0.7186 (+0.37); inside_mining=0 (+0.34)"}},{"type":"Feature","geometry":{"type":"Point","coordinates":[78.22398,17.14591]},"properties":{"cell_id":"3429_15645","pred_class":"gas_flare","n_detections":129,"frp_mean":0.9364,"frp_max":3.39,"night_frac":1.0,"first_seen":"2024-01-05","last_seen":"2026-02-21","class_agreement":0.9922,"top_reasons":"is_persistent=1 (+0.74); dist_industrial_km=6.343 (+0.58); dist_any_industry_km=6.343 (-0.45); inside_mining=0 (+0.34)"}},{"type":"Feature","geometry":{"type":"Point","coordinates":[78.22431,17.14809]},"properties":{"cell_id":"3430_15645","pred_class":"gas_flare","n_detections":19,"frp_mean":0.8005,"frp_max":1.33,"night_frac":1.0,"first_seen":"2024-01-07","last_seen":"2025-12-20","class_agreement":1.0,"top_reasons":"is_persistent=1 (+0.82); dist_industrial_km=6.551 (+0.62); n_detections=19 (+0.40); month_entropy=0.5806 (+0.39)"}},{"type":"Feature","geometry":{"type":"Point","coordinates":[80.77543,17.18044]},"properties":{"cell_id":"3436_16155","pred_class":"gas_flare","n_detections":94,"frp_mean":1.3996,"frp_max":4.79,"night_frac":0.9574,"first_seen":"2024-04-08","last_seen":"2026-03-25","class_agreement":0.9362,"top_reasons":"is_persistent=1 (+0.67); dist_industrial_km=6.673 (+0.61); dist_any_industry_km=6.673 (-0.53); month_entropy=0.7695 (+0.43)"}},{"type":"Feature","geometry":{"type":"Point","coordinates":[97.14172,17.25976]},"properties":{"cell_id":"3452_19428","pred_class":"wildfire","n_detections":36,"frp_mean":0.8653,"frp_max":1.92,"night_frac":1.0,"first_seen":"2024-01-01","last_seen":"2025-12-06","class_agreement":1.0,"top_reasons":"lc_built_5km=0.001983 (+1.34); lc_tree_1km=0.8264 (+1.29); n_active_days=35 (-1.14); is_persistent=1 (-0.97)"}},{"type":"Feature","geometry":{"type":"Point","coordinates":[97.14378,17.2598]},"properties":{"cell_id":"3452_19429","pred_class":"wildfire","n_detections":71,"frp_mean":1.1118,"frp_max":4.57,"night_frac":0.9296,"first_seen":"2024-01-02","last_seen":"2026-03-28","class_agreement":1.0,"top_reasons":"lc_built_5km=0.001983 (+1.35); lc_tree_1km=0.8182 (+1.29); n_active_days=63 (-1.13); is_persistent=1 (-0.97)"}},{"type":"Feature","geometry":{"type":"Point","coordinates":[97.06072,17.30414]},"properties":{"cell_id":"3461_19412","pred_class":"wildfire","n_detections":64,"frp_mean":0.8756,"frp_max":4.18,"night_frac":1.0,"first_seen":"2024-05-14","last_seen":"2026-04-24","class_agreement":1.0,"top_reasons":"lc_built_5km=0.001653 (+1.48); n_active_days=62 (-1.13); lc_tree_1km=0.7934 (+1.09); is_persistent=1 (-0.97)"}},{"type":"Feature","geometry":{"type":"Point","coordinates":[77.47455,17.30921]},"properties":{"cell_id":"3462_15495","pred_class":"mining","n_detections":16,"frp_mean":0.8931,"frp_max":5.27,"night_frac":0.9375,"first_seen":"2024-02-24","last_seen":"2026-04-02","class_agreement":1.0,"top_reasons":"dist_mining_km=0.8655 (+9.12); dist_thermal_plant_km=8.945 (+0.30); lc_shrub_1km=0.3802 (+0.09); dist_any_industry_km=0.09989 (-0.08)"}},{"type":"Feature","geometry":{"type":"Point","coordinates":[77.44593,17.37014]},"properties":{"cell_id":"3474_15489","pred_class":"thermal_power","n_detections":17,"frp_mean":0.9765,"frp_max":1.35,"night_frac":1.0,"first_seen":"2025-04-16","last_seen":"2026-04-09","class_agreement":1.0,"top_reasons":"dist_thermal_plant_km=1.525 (+9.01); is_persistent=1 (+0.70); nearest_plant_mw=30 (+0.20); frp_mean=0.9765 (+0.19)"}},{"type":"Feature","geometry":{"type":"Point","coordinates":[80.65408,17.46206]},"properties":{"cell_id":"3492_16131","pred_class":"mining","n_detections":16,"frp_mean":1.1356,"frp_max":1.69,"night_frac":1.0,"first_seen":"2025-01-12","last_seen":"2026-04-12","class_agreement":1.0,"top_reasons":"dist_mining_km=0.8307 (+5.18); inside_mining=1 (+4.85); dist_thermal_plant_km=18.26 (+0.26); lc_bare_1km=0.6116 (+0.11)"}},{"type":"Feature","geometry":{"type":"Point","coordinates":[80.65205,17.464]},"properties":{"cell_id":"3493_16130","pred_class":"mining","n_detections":18,"frp_mean":1.0733,"frp_max":2.18,"night_frac":1.0,"first_seen":"2025-02-13","last_seen":"2026-04-22","class_agreement":1.0,"top_reasons":"inside_mining=1 (+5.74); dist_mining_km=1.024 (+3.70); dist_thermal_plant_km=18.1 (+0.19); dist_industrial_km=10.21 (+0.09)"}},{"type":"Feature","geometry":{"type":"Point","coordinates":[80.65394,17.46395]},"properties":{"cell_id":"3493_16131","pred_class":"mining","n_detections":86,"frp_mean":1.0986,"frp_max":3.72,"night_frac":1.0,"first_seen":"2024-12-07","last_seen":"2026-04-26","class_agreement":1.0,"top_reasons":"inside_mining=1 (+5.65); dist_mining_km=1.034 (+3.83); dist_thermal_plant_km=18.06 (+0.21); lc_bare_1km=0.438 (+0.14)"}},{"type":"Feature","geometry":{"type":"Point","coordinates":[78.43424,17.51008]},"properties":{"cell_id":"3502_15687","pred_class":"gas_flare","n_detections":57,"frp_mean":1.0032,"frp_max":2.84,"night_frac":1.0,"first_seen":"2024-03-03","last_seen":"2026-04-17","class_agreement":1.0,"top_reasons":"dist_oil_gas_km=1.284 (+2.01); is_persistent=1 (+1.99); lc_built_5km=0.7643 (+1.45); dist_thermal_plant_km=106.5 (+0.77)"}},{"type":"Feature","geometry":{"type":"Point","coordinates":[82.99979,17.5342]},"properties":{"cell_id":"3507_16600","pred_class":"industrial_plant","n_detections":16,"frp_mean":1.74,"frp_max":9.79,"night_frac":0.9375,"first_seen":"2024-02-11","last_seen":"2025-11-13","class_agreement":1.0,"top_reasons":"dist_industrial_km=0.4247 (+2.74); is_persistent=1 (+2.41); inside_industrial=1 (+1.96); dist_thermal_plant_km=11.61 (+0.98)"}},{"type":"Feature","geometry":{"type":"Point","coordinates":[80.31614,17.58496]},"properties":{"cell_id":"3517_16063","pred_class":"mining","n_detections":21,"frp_mean":0.9205,"frp_max":1.47,"night_frac":1.0,"first_seen":"2024-01-03","last_seen":"2025-02-06","class_agreement":1.0,"top_reasons":"inside_mining=1 (+6.90); dist_mining_km=1.707 (+2.24); dist_thermal_plant_km=40.22 (+0.25); dist_power_plant_km=1.762 (-0.17)"}},{"type":"Feature","geometry":{"type":"Point","coordinates":[80.31903,17.58437]},"properties":{"cell_id":"3517_16064","pred_class":"mining","n_detections":70,"frp_mean":0.9816,"frp_max":2.04,"night_frac":1.0,"first_seen":"2024-01-09","last_seen":"2026-04-24","class_agreement":1.0,"top_reasons":"inside_mining=1 (+6.96); dist_mining_km=1.487 (+2.17); dist_thermal_plant_km=39.92 (+0.22); lc_grass_5km=0.2499 (+0.17)"}},{"type":"Feature","geometry":{"type":"Point","coordinates":[83.18442,17.59688]},"properties":{"cell_id":"3519_16637","pred_class":"industrial_plant","n_detections":18,"frp_mean":3.3156,"frp_max":6.3,"night_frac":0.8889,"first_seen":"2024-01-02","last_seen":"2026-04-13","class_agreement":1.0,"top_reasons":"inside_industrial=1 (+5.16); is_persistent=1 (+1.69); dist_mining_km=17.12 (+1.01); dist_industrial_km=2.571 (-0.41)"}},{"type":"Feature","geometry":{"type":"Point","coordinates":[83.18128,17.59951]},"properties":{"cell_id":"3520_16636","pred_class":"industrial_plant","n_detections":51,"frp_mean":4.8312,"frp_max":12.31,"night_frac":0.8824,"first_seen":"2024-01-04","last_seen":"2026-04-13","class_agreement":1.0,"top_reasons":"inside_industrial=1 (+5.06); is_persistent=1 (+1.49); dist_mining_km=16.68 (+0.67); dist_industrial_km=2.503 (-0.59)"}},{"type":"Feature","geometry":{"type":"Point","coordinates":[83.18447,17.60011]},"properties":{"cell_id":"3520_16637","pred_class":"industrial_plant","n_detections":113,"frp_mean":6.0365,"frp_max":33.22,"night_frac":0.6018,"first_seen":"2024-01-02","last_seen":"2026-04-13","class_agreement":1.0,"top_reasons":"inside_industrial=1 (+3.30); is_persistent=1 (+2.03); dist_industrial_km=2.256 (+0.98); dist_thermal_plant_km=6.374 (+0.73)"}},{"type":"Feature","geometry":{"type":"Point","coordinates":[83.20013,17.60162]},"properties":{"cell_id":"3520_16640","pred_class":"industrial_plant","n_detections":40,"frp_mean":1.5725,"frp_max":4.89,"night_frac":0.975,"first_seen":"2025-02-12","last_seen":"2026-04-21","class_agreement":1.0,"top_reasons":"dist_industrial_km=1.073 (+2.57); is_persistent=1 (+2.47); inside_industrial=1 (+2.37); dist_thermal_plant_km=7.814 (+1.03)"}},{"type":"Feature","geometry":{"type":"Point","coordinates":[83.1848,17.60405]},"properties":{"cell_id":"3521_16637","pred_class":"industrial_plant","n_detections":20,"frp_mean":2.973,"frp_max":8.04,"night_frac":0.85,"first_seen":"2024-01-02","last_seen":"2026-04-27","class_agreement":1.0,"top_reasons":"inside_industrial=1 (+2.44); is_persistent=1 (+2.16); dist_industrial_km=1.876 (+1.89); dist_thermal_plant_km=6.688 (+0.87)"}},{"type":"Feature","geometry":{"type":"Point","coordinates":[83.18861,17.60582]},"properties":{"cell_id":"3521_16638","pred_class":"industrial_plant","n_detections":16,"frp_mean":2.0731,"frp_max":7.1,"night_frac":0.75,"first_seen":"2024-01-04","last_seen":"2026-04-22","class_agreement":1.0,"top_reasons":"inside_industrial=1 (+2.43); is_persistent=1 (+2.18); dist_industrial_km=1.487 (+1.85); dist_landfill_km=2.548 (-0.91)"}},{"type":"Feature","geometry":{"type":"Point","coordinates":[83.20088,17.60529]},"properties":{"cell_id":"3521_16640","pred_class":"industrial_plant","n_detections":447,"frp_mean":2.4465,"frp_max":9.18,"night_frac":0.8501,"first_seen":"2024-01-01","last_seen":"2026-04-27","class_agreement":1.0,"top_reasons":"inside_industrial=1 (+2.51); is_persistent=1 (+2.44); dist_industrial_km=0.7051 (+2.36); dist_thermal_plant_km=8.108 (+1.02)"}},{"type":"Feature","geometry":{"type":"Point","coordinates":[83.20337,17.60572]},"properties":{"cell_id":"3521_16641","pred_class":"industrial_plant","n_detections":198,"frp_mean":2.7233,"frp_max":9.3,"night_frac":0.7222,"first_seen":"2024-01-03","last_seen":"2026-04-24","class_agreement":1.0,"top_reasons":"inside_industrial=1 (+2.48); is_persistent=1 (+2.45); dist_industrial_km=0.5041 (+2.40); dist_thermal_plant_km=8.352 (+1.05)"}},{"type":"Feature","geometry":{"type":"Point","coordinates":[83.2013,17.60921]},"properties":{"cell_id":"3522_16640","pred_class":"industrial_plant","n_detections":208,"frp_mean":2.1407,"frp_max":5.36,"night_frac":0.9183,"first_seen":"2024-01-02","last_seen":"2026-04-26","class_agreement":1.0,"top_reasons":"inside_industrial=1 (+2.49); is_persistent=1 (+2.42); dist_industrial_km=0.4668 (+2.36); dist_thermal_plant_km=8.4 (+1.04)"}},{"type":"Feature","geometry":{"type":"Point","coordinates":[83.2044,17.60999]},"properties":{"cell_id":"3522_16641","pred_class":"industrial_plant","n_detections":570,"frp_mean":2.4362,"frp_max":9.74,"night_frac":0.7825,"first_seen":"2024-01-02","last_seen":"2026-04-27","class_agreement":1.0,"top_reasons":"inside_industrial=1 (+2.55); is_persistent=1 (+2.43); dist_industrial_km=0.1397 (+2.34); dist_thermal_plant_km=8.715 (+1.05)"}},{"type":"Feature","geometry":{"type":"Point","coordinates":[83.20457,17.61321]},"properties":{"cell_id":"3523_16641","pred_class":"industrial_plant","n_detections":41,"frp_mean":2.0307,"frp_max":6.19,"night_frac":0.8049,"first_seen":"2024-02-26","last_seen":"2026-04-25","class_agreement":1.0,"top_reasons":"dist_industrial_km=0.409 (+2.58); is_persistent=1 (+2.44); inside_industrial=1 (+2.41); dist_thermal_plant_km=8.947 (+1.06)"}},{"type":"Feature","geometry":{"type":"Point","coordinates":[83.23497,17.61524]},"properties":{"cell_id":"3523_16647","pred_class":"industrial_plant","n_detections":39,"frp_mean":2.5964,"frp_max":5.07,"night_frac":0.641,"first_seen":"2025-04-14","last_seen":"2026-04-26","class_agreement":1.0,"top_reasons":"lc_water_5km=0.5868 (+1.15); dist_industrial_km=3.166 (-1.09); is_persistent=1 (+1.01); dist_mining_km=17.64 (+0.25)"}},{"type":"Feature","geometry":{"type":"Point","coordinates":[83.19453,17.62183]},"properties":{"cell_id":"3524_16639","pred_class":"industrial_plant","n_detections":39,"frp_mean":1.0,"frp_max":2.51,"night_frac":1.0,"first_seen":"2024-02-06","last_seen":"2026-04-11","class_agreement":1.0,"top_reasons":"dist_industrial_km=0.5082 (+3.26); is_persistent=1 (+2.40); inside_industrial=1 (+2.04); dist_thermal_plant_km=8.815 (+1.05)"}},{"type":"Feature","geometry":{"type":"Point","coordinates":[83.19488,17.62344]},"properties":{"cell_id":"3525_16639","pred_class":"industrial_plant","n_detections":59,"frp_mean":1.0659,"frp_max":4.38,"night_frac":1.0,"first_seen":"2024-01-04","last_seen":"2026-04-15","class_agreement":1.0,"top_reasons":"dist_industrial_km=0.6788 (+3.11); is_persistent=1 (+2.39); inside_industrial=1 (+2.16); dist_thermal_plant_km=8.973 (+1.02)"}},{"type":"Feature","geometry":{"type":"Point","coordinates":[80.486,17.66081]},"properties":{"cell_id":"3532_16097","pred_class":"mining","n_detections":54,"frp_mean":1.1446,"frp_max":3.95,"night_frac":0.963,"first_seen":"2025-09-17","last_seen":"2026-03-30","class_agreement":1.0,"top_reasons":"dist_mining_km=0.6282 (+9.13); lc_bare_5km=0.1207 (+0.35); dist_thermal_plant_km=22.42 (+0.29); lc_grass_5km=0.1557 (+0.23)"}},{"type":"Feature","geometry":{"type":"Point","coordinates":[83.24432,17.69175]},"properties":{"cell_id":"3538_16649","pred_class":"industrial_plant","n_detections":23,"frp_mean":2.1848,"frp_max":5.09,"night_frac":0.8696,"first_seen":"2024-01-07","last_seen":"2026-02-16","class_agreement":1.0,"top_reasons":"dist_industrial_km=0.2907 (+3.30); is_persistent=1 (+2.43); inside_industrial=1 (+1.93); dist_thermal_plant_km=18.16 (+1.07)"}},{"type":"Feature","geometry":{"type":"Point","coordinates":[83.24107,17.69432]},"properties":{"cell_id":"3539_16648","pred_class":"industrial_plant","n_detections":26,"frp_mean":1.9054,"frp_max":5.47,"night_frac":0.9615,"first_seen":"2024-01-02","last_seen":"2026-03-22","class_agreement":1.0,"top_reasons":"dist_industrial_km=0.4165 (+3.30); is_persistent=1 (+2.41); inside_industrial=1 (+1.93); dist_thermal_plant_km=18.18 (+1.07)"}},{"type":"Feature","geometry":{"type":"Point","coordinates":[83.2445,17.69407]},"properties":{"cell_id":"3539_16649","pred_class":"industrial_plant","n_detections":59,"frp_mean":2.1505,"frp_max":17.96,"night_frac":0.8814,"first_seen":"2024-01-02","last_seen":"2026-03-15","class_agreement":1.0,"top_reasons":"dist_industrial_km=0.05844 (+3.28); is_persistent=1 (+2.41); inside_industrial=1 (+2.03); dist_thermal_plant_km=18.38 (+1.07)"}},{"type":"Feature","geometry":{"type":"Point","coordinates":[78.43121,17.80676]},"properties":{"cell_id":"3561_15686","pred_class":"industrial_plant","n_detections":19,"frp_mean":0.9079,"frp_max":2.24,"night_frac":1.0,"first_seen":"2024-01-13","last_seen":"2026-02-18","class_agreement":1.0,"top_reasons":"dist_industrial_km=0.2285 (+4.92); is_persistent=1 (+2.43); dist_thermal_plant_km=115.3 (+0.86); dist_mining_km=7.634 (+0.75)"}},{"type":"Feature","geometry":{"type":"Point","coordinates":[78.43123,17.80872]},"properties":{"cell_id":"3562_15686","pred_class":"industrial_plant","n_detections":31,"frp_mean":0.9103,"frp_max":2.14,"night_frac":1.0,"first_seen":"2024-01-30","last_seen":"2026-02-18","class_agreement":1.0,"top_reasons":"dist_industrial_km=0.4358 (+4.94); is_persistent=1 (+2.45); dist_thermal_plant_km=115.4 (+0.87); dist_mining_km=7.71 (+0.74)"}},{"type":"Feature","geometry":{"type":"Point","coordinates":[78.43352,17.80895]},"properties":{"cell_id":"3562_15687","pred_class":"industrial_plant","n_detections":19,"frp_mean":1.4742,"frp_max":13.89,"night_frac":0.9474,"first_seen":"2024-01-20","last_seen":"2026-01-20","class_agreement":1.0,"top_reasons":"dist_industrial_km=0.4764 (+4.92); is_persistent=1 (+2.41); dist_thermal_plant_km=115.6 (+0.86); dist_mining_km=7.495 (+0.76)"}},{"type":"Feature","geometry":{"type":"Point","coordinates":[80.78127,17.95681]},"properties":{"cell_id":"3591_16156","pred_class":"mining","n_detections":22,"frp_mean":1.6532,"frp_max":3.41,"night_frac":1.0,"first_seen":"2024-06-16","last_seen":"2026-04-27","class_agreement":1.0,"top_reasons":"dist_mining_km=0.6732 (+5.14); inside_mining=1 (+4.93); dist_thermal_plant_km=38.38 (+0.26); lc_bare_5km=0.4678 (+0.12)"}},{"type":"Feature","geometry":{"type":"Point","coordinates":[80.78545,17.9566]},"properties":{"cell_id":"3591_16157","pred_class":"mining","n_detections":99,"frp_mean":1.8389,"frp_max":5.77,"night_frac":0.9091,"first_seen":"2024-05-02","last_seen":"2026-04-26","class_agreement":1.0,"top_reasons":"dist_mining_km=0.668 (+5.12); inside_mining=1 (+4.94); dist_thermal_plant_km=38.47 (+0.27); lc_bare_1km=1 (+0.11)"}},{"type":"Feature","geometry":{"type":"Point","coordinates":[80.78123,17.9588]},"properties":{"cell_id":"3592_16156","pred_class":"mining","n_detections":39,"frp_mean":1.4459,"frp_max":5.04,"night_frac":0.9487,"first_seen":"2024-10-07","last_seen":"2026-04-26","class_agreement":1.0,"top_reasons":"dist_mining_km=0.8889 (+5.13); inside_mining=1 (+4.92); dist_thermal_plant_km=38.59 (+0.26); lc_bare_5km=0.4704 (+0.11)"}},{"type":"Feature","geometry":{"type":"Point","coordinates":[80.78479,17.9588]},"properties":{"cell_id":"3592_16157","pred_class":"mining","n_detections":144,"frp_mean":2.0184,"frp_max":7.66,"night_frac":0.8194,"first_seen":"2024-05-11","last_seen":"2026-04-23","class_agreement":1.0,"top_reasons":"dist_mining_km=0.8841 (+5.12); inside_mining=1 (+4.96); dist_thermal_plant_km=38.69 (+0.27); lc_bare_5km=0.4539 (+0.10)"}},{"type":"Feature","geometry":{"type":"Point","coordinates":[80.79929,17.95877]},"properties":{"cell_id":"3592_16160","pred_class":"mining","n_detections":28,"frp_mean":1.54,"frp_max":5.16,"night_frac":0.9643,"first_seen":"2024-05-22","last_seen":"2026-04-15","class_agreement":1.0,"top_reasons":"inside_mining=1 (+8.03); dist_mining_km=1.916 (+1.22); lc_bare_1km=0.686 (+0.30); dist_thermal_plant_km=39.09 (+0.16)"}},{"type":"Feature","geometry":{"type":"Point","coordinates":[83.1593,17.96371]},"properties":{"cell_id":"3593_16632","pred_class":"industrial_plant","n_detections":19,"frp_mean":0.8295,"frp_max":1.44,"night_frac":1.0,"first_seen":"2024-01-04","last_seen":"2026-03-31","class_agreement":1.0,"top_reasons":"dist_industrial_km=0.6334 (+3.55); is_persistent=1 (+2.50); inside_industrial=1 (+1.81); dist_thermal_plant_km=42.06 (+1.01)"}},{"type":"Feature","geometry":{"type":"Point","coordinates":[83.1514,17.96985]},"properties":{"cell_id":"3594_16630","pred_class":"industrial_plant","n_detections":30,"frp_mean":0.9487,"frp_max":5.84,"night_frac":1.0,"first_seen":"2024-01-31","last_seen":"2026-03-01","class_agreement":1.0,"top_reasons":"dist_industrial_km=0.337 (+3.58); is_persistent=1 (+2.51); inside_industrial=1 (+1.76); dist_thermal_plant_km=42.6 (+1.02)"}},{"type":"Feature","geometry":{"type":"Point","coordinates":[83.15352,17.96948]},"properties":{"cell_id":"3594_16631","pred_class":"industrial_plant","n_detections":30,"frp_mean":0.7913,"frp_max":1.47,"night_frac":1.0,"first_seen":"2024-08-10","last_seen":"2026-02-26","class_agreement":1.0,"top_reasons":"dist_industrial_km=0.1199 (+3.55); is_persistent=1 (+2.51); inside_industrial=1 (+1.73); dist_thermal_plant_km=42.59 (+1.02)"}},{"type":"Feature","geometry":{"type":"Point","coordinates":[80.83015,17.98438]},"properties":{"cell_id":"3597_16166","pred_class":"mining","n_detections":31,"frp_mean":2.0087,"frp_max":4.25,"night_frac":0.9355,"first_seen":"2025-01-17","last_seen":"2026-03-29","class_agreement":1.0,"top_reasons":"inside_mining=1 (+5.76); dist_mining_km=1.073 (+3.83); dist_thermal_plant_km=42.82 (+0.18); lc_bare_1km=0.7521 (+0.16)"}},{"type":"Feature","geometry":{"type":"Point","coordinates":[83.46531,18.37535]},"properties":{"cell_id":"3675_16693","pred_class":"wildfire","n_detections":17,"frp_mean":0.5724,"frp_max":1.64,"night_frac":1.0,"first_seen":"2024-01-31","last_seen":"2026-02-11","class_agreement":1.0,"top_reasons":"lc_built_5km=0.02777 (-3.44); lc_tree_1km=0.5868 (+3.24); dist_industrial_km=5.826 (+1.28); n_detections=17 (-0.85)"}},{"type":"Feature","geometry":{"type":"Point","coordinates":[73.94421,18.45576]},"properties":{"cell_id":"3691_14789","pred_class":"industrial_plant","n_detections":16,"frp_mean":0.7762,"frp_max":1.65,"night_frac":1.0,"first_seen":"2024-04-07","last_seen":"2025-12-24","class_agreement":1.0,"top_reasons":"dist_industrial_km=1.945 (+4.70); is_persistent=1 (+2.22); dist_thermal_plant_km=62.84 (+0.81); dist_mining_km=4.327 (+0.69)"}},{"type":"Feature","geometry":{"type":"Point","coordinates":[83.34361,18.54054]},"properties":{"cell_id":"3708_16669","pred_class":"mining","n_detections":22,"frp_mean":1.6405,"frp_max":6.67,"night_frac":0.9091,"first_seen":"2024-01-05","last_seen":"2026-02-20","class_agreement":1.0,"top_reasons":"dist_mining_km=0.7963 (+9.16); dist_thermal_plant_km=108.9 (+0.39); dist_any_industry_km=1.247 (+0.19); dist_power_plant_km=7.569 (+0.11)"}},{"type":"Feature","geometry":{"type":"Point","coordinates":[72.24062,18.57582]},"properties":{"cell_id":"3715_14448","pred_class":"gas_flare","n_detections":62,"frp_mean":3.8356,"frp_max":14.68,"night_frac":0.629,"first_seen":"2024-02-05","last_seen":"2026-04-27","class_agreement":1.0,"top_reasons":"is_persistent=1 (+0.88); dist_industrial_km=66.58 (+0.62); dist_any_industry_km=66.58 (-0.60); month_entropy=0.8221 (+0.39)"}},{"type":"Feature","geometry":{"type":"Point","coordinates":[72.24331,18.57593]},"properties":{"cell_id":"3715_14449","pred_class":"gas_flare","n_detections":25,"frp_mean":4.9824,"frp_max":9.9,"night_frac":0.28,"first_seen":"2024-02-20","last_seen":"2026-04-11","class_agreement":1.0,"top_reasons":"is_persistent=1 (+0.85); dist_industrial_km=66.3 (+0.59); dist_any_industry_km=66.3 (-0.52); inside_mining=0 (+0.36)"}},{"type":"Feature","geometry":{"type":"Point","coordinates":[72.24043,18.57951]},"properties":{"cell_id":"3716_14448","pred_class":"gas_flare","n_detections":54,"frp_mean":3.1437,"frp_max":13.92,"night_frac":0.8148,"first_seen":"2024-02-04","last_seen":"2026-04-27","class_agreement":1.0,"top_reasons":"is_persistent=1 (+0.88); dist_industrial_km=66.52 (+0.67); dist_any_industry_km=66.52 (-0.63); month_entropy=0.855 (+0.45)"}},{"type":"Feature","geometry":{"type":"Point","coordinates":[72.24355,18.57875]},"properties":{"cell_id":"3716_14449","pred_class":"gas_flare","n_detections":18,"frp_mean":5.3272,"frp_max":8.67,"night_frac":0.3333,"first_seen":"2024-04-06","last_seen":"2026-04-23","class_agreement":1.0,"top_reasons":"is_persistent=1 (+0.91); dist_industrial_km=66.21 (+0.54); n_detections=18 (+0.45); dist_any_industry_km=66.21 (-0.37)"}},{"type":"Feature","geometry":{"type":"Point","coordinates":[71.03362,18.58639]},"properties":{"cell_id":"3717_14207","pred_class":"gas_flare","n_detections":16,"frp_mean":1.0862,"frp_max":3.8,"night_frac":1.0,"first_seen":"2024-01-17","last_seen":"2025-10-02","class_agreement":1.0,"top_reasons":"is_persistent=1 (+1.01); dist_any_industry_km=191.1 (-0.48); dist_thermal_plant_km=194 (+0.41); n_active_days=16 (+0.41)"}},{"type":"Feature","geometry":{"type":"Point","coordinates":[72.24004,18.58343]},"properties":{"cell_id":"3717_14448","pred_class":"gas_flare","n_detections":17,"frp_mean":1.5188,"frp_max":4.11,"night_frac":1.0,"first_seen":"2024-02-04","last_seen":"2026-04-20","class_agreement":1.0,"top_reasons":"is_persistent=1 (+0.90); dist_any_industry_km=66.47 (-0.63); dist_industrial_km=66.47 (+0.61); month_entropy=0.6888 (+0.42)"}},{"type":"Feature","geometry":{"type":"Point","coordinates":[79.55507,18.6752]},"properties":{"cell_id":"3735_15911","pred_class":"mining","n_detections":160,"frp_mean":3.2074,"frp_max":11.29,"night_frac":0.7625,"first_seen":"2024-02-09","last_seen":"2026-04-09","class_agreement":1.0,"top_reasons":"inside_mining=1 (+6.84); dist_mining_km=1.137 (+2.53); dist_thermal_plant_km=13.86 (+0.24); dist_power_plant_km=2.128 (-0.16)"}},{"type":"Feature","geometry":{"type":"Point","coordinates":[79.55819,18.67504]},"properties":{"cell_id":"3735_15912","pred_class":"mining","n_detections":20,"frp_mean":3.757,"frp_max":7.62,"night_frac":0.4,"first_seen":"2024-03-15","last_seen":"2024-09-12","class_agreement":1.0,"top_reasons":"inside_mining=1 (+6.64); dist_mining_km=1.386 (+1.97); lc_grass_1km=0.5207 (-0.49); dist_thermal_plant_km=14.12 (+0.23)"}},{"type":"Feature","geometry":{"type":"Point","coordinates":[73.0313,18.68167]},"properties":{"cell_id":"3736_14606","pred_class":"thermal_power","n_detections":24,"frp_mean":1.9829,"frp_max":5.06,"night_frac":1.0,"first_seen":"2024-03-23","last_seen":"2026-03-24","class_agreement":1.0,"top_reasons":"dist_thermal_plant_km=1.231 (+9.24); is_persistent=1 (+0.59); dist_power_plant_km=1.347 (+0.59); nearest_plant_mw=67.6 (+0.20)"}},{"type":"Feature","geometry":{"type":"Point","coordinates":[73.03511,18.68097]},"properties":{"cell_id":"3736_14607","pred_class":"thermal_power","n_detections":330,"frp_mean":2.2405,"frp_max":8.06,"night_frac":0.9273,"first_seen":"2024-01-02","last_seen":"2026-04-26","class_agreement":1.0,"top_reasons":"dist_thermal_plant_km=1.085 (+9.21); is_persistent=1 (+0.59); dist_power_plant_km=1.027 (+0.58); nearest_plant_mw=67.6 (+0.19)"}},{"type":"Feature","geometry":{"type":"Point","coordinates":[73.0395,18.68113]},"properties":{"cell_id":"3736_14608","pred_class":"thermal_power","n_detections":176,"frp_mean":2.3985,"frp_max":7.47,"night_frac":0.8693,"first_seen":"2024-01-02","last_seen":"2026-04-20","class_agreement":1.0,"top_reasons":"dist_thermal_plant_km=0.9873 (+9.21); is_persistent=1 (+0.59); dist_power_plant_km=0.6787 (+0.58); nearest_plant_mw=67.6 (+0.21)"}},{"type":"Feature","geometry":{"type":"Point","coordinates":[73.04461,18.67951]},"properties":{"cell_id":"3736_14609","pred_class":"thermal_power","n_detections":82,"frp_mean":2.0506,"frp_max":8.9,"night_frac":0.8537,"first_seen":"2024-01-04","last_seen":"2026-03-01","class_agreement":1.0,"top_reasons":"dist_thermal_plant_km=1.307 (+9.22); is_persistent=1 (+0.58); dist_power_plant_km=0.7528 (+0.55); nearest_plant_mw=67.6 (+0.22)"}},{"type":"Feature","geometry":{"type":"Point","coordinates":[79.55441,18.67832]},"properties":{"cell_id":"3736_15911","pred_class":"mining","n_detections":29,"frp_mean":2.5848,"frp_max":7.62,"night_frac":0.7931,"first_seen":"2024-01-12","last_seen":"2024-04-29","class_agreement":1.0,"top_reasons":"inside_mining=1 (+6.94); dist_mining_km=1.358 (+2.49); dist_thermal_plant_km=13.58 (+0.23); dist_power_plant_km=2.312 (-0.16)"}},{"type":"Feature","geometry":{"type":"Point","coordinates":[73.03042,18.68533]},"properties":{"cell_id":"3737_14606","pred_class":"thermal_power","n_detections":526,"frp_mean":2.2164,"frp_max":7.16,"night_frac":0.8973,"first_seen":"2024-01-01","last_seen":"2026-04-27","class_agreement":1.0,"top_reasons":"dist_thermal_plant_km=1.042 (+9.21); is_persistent=1 (+0.59); dist_power_plant_km=1.347 (+0.57); nearest_plant_mw=67.6 (+0.20)"}},{"type":"Feature","geometry":{"type":"Point","coordinates":[73.03488,18.68415]},"properties":{"cell_id":"3737_14607","pred_class":"thermal_power","n_detections":251,"frp_mean":2.39,"frp_max":7.55,"night_frac":0.8845,"first_seen":"2024-01-04","last_seen":"2026-04-27","class_agreement":1.0,"top_reasons":"dist_thermal_plant_km=0.7816 (+9.21); is_persistent=1 (+0.59); dist_power_plant_km=0.9015 (+0.58); nearest_plant_mw=67.6 (+0.20)"}},{"type":"Feature","geometry":{"type":"Point","coordinates":[73.03973,18.68458]},"properties":{"cell_id":"3737_14608","pred_class":"thermal_power","n_detections":357,"frp_mean":2.9545,"frp_max":11.6,"night_frac":0.8095,"first_seen":"2024-01-03","last_seen":"2026-04-26","class_agreement":1.0,"top_reasons":"dist_thermal_plant_km=0.6079 (+9.21); is_persistent=1 (+0.59); dist_power_plant_km=0.4029 (+0.57); nearest_plant_mw=67.6 (+0.20)"}},{"type":"Feature","geometry":{"type":"Point","coordinates":[73.04329,18.68392]},"properties":{"cell_id":"3737_14609","pred_class":"thermal_power","n_detections":43,"frp_mean":4.1898,"frp_max":9.5,"night_frac":0.4651,"first_seen":"2024-01-07","last_seen":"2026-04-26","class_agreement":1.0,"top_reasons":"dist_thermal_plant_km=0.8126 (+9.21); is_persistent=1 (+0.59); dist_power_plant_km=0.2471 (+0.58); nearest_plant_mw=67.6 (+0.20)"}},{"type":"Feature","geometry":{"type":"Point","coordinates":[73.05063,18.68701]},"properties":{"cell_id":"3737_14610","pred_class":"thermal_power","n_detections":17,"frp_mean":1.3382,"frp_max":4.36,"night_frac":1.0,"first_seen":"2024-01-23","last_seen":"2026-04-22","class_agreement":1.0,"top_reasons":"dist_thermal_plant_km=1.269 (+9.06); is_persistent=1 (+0.63); n_active_days=17 (-0.16); n_detections=17 (+0.15)"}},{"type":"Feature","geometry":{"type":"Point","coordinates":[73.03053,18.68793]},"properties":{"cell_id":"3738_14606","pred_class":"thermal_power","n_detections":47,"frp_mean":1.9394,"frp_max":4.45,"night_frac":0.9574,"first_seen":"2024-01-11","last_seen":"2026-04-14","class_agreement":1.0,"top_reasons":"dist_thermal_plant_km=0.9218 (+9.22); is_persistent=1 (+0.59); dist_power_plant_km=1.348 (+0.56); nearest_plant_mw=67.6 (+0.20)"}},{"type":"Feature","geometry":{"type":"Point","coordinates":[73.04033,18.69095]},"properties":{"cell_id":"3738_14608","pred_class":"thermal_power","n_detections":434,"frp_mean":2.7299,"frp_max":8.75,"night_frac":0.8364,"first_seen":"2024-01-02","last_seen":"2026-04-26","class_agreement":1.0,"top_reasons":"dist_thermal_plant_km=0.1752 (+9.20); is_persistent=1 (+0.60); dist_power_plant_km=0.6131 (+0.58); nearest_plant_mw=67.6 (+0.20)"}},{"type":"Feature","geometry":{"type":"Point","coordinates":[73.04306,18.69132]},"properties":{"cell_id":"3738_14609","pred_class":"thermal_power","n_detections":62,"frp_mean":2.8463,"frp_max":8.32,"night_frac":0.6935,"first_seen":"2024-01-12","last_seen":"2026-04-03","class_agreement":1.0,"top_reasons":"dist_thermal_plant_km=0.4523 (+9.21); is_persistent=1 (+0.59); dist_power_plant_km=0.5752 (+0.58); nearest_plant_mw=67.6 (+0.20)"}},{"type":"Feature","geometry":{"type":"Point","coordinates":[73.05063,18.68876]},"properties":{"cell_id":"3738_14610","pred_class":"thermal_power","n_detections":38,"frp_mean":1.1337,"frp_max":4.86,"night_frac":1.0,"first_seen":"2024-02-23","last_seen":"2026-04-23","class_agreement":1.0,"top_reasons":"dist_thermal_plant_km=1.233 (+9.23); is_persistent=1 (+0.59); dist_power_plant_km=0.8366 (+0.37); nearest_plant_mw=67.6 (+0.17)"}},{"type":"Feature","geometry":{"type":"Point","coordinates":[73.84093,18.69109]},"properties":{"cell_id":"3738_14768","pred_class":"gas_flare","n_detections":29,"frp_mean":1.1834,"frp_max":2.61,"night_frac":1.0,"first_seen":"2024-02-07","last_seen":"2026-04-06","class_agreement":1.0,"top_reasons":"is_persistent=1 (+0.97); dist_industrial_km=3.536 (+0.72); dist_any_industry_km=3.536 (-0.72); inside_mining=0 (+0.55)"}},{"type":"Feature","geometry":{"type":"Point","coordinates":[73.04039,18.69355]},"properties":{"cell_id":"3739_14608","pred_class":"thermal_power","n_detections":284,"frp_mean":2.3942,"frp_max":9.06,"night_frac":0.8592,"first_seen":"2024-01-01","last_seen":"2026-04-24","class_agreement":1.0,"top_reasons":"dist_thermal_plant_km=0.4212 (+9.21); is_persistent=1 (+0.59); dist_power_plant_km=0.8744 (+0.58); nearest_plant_mw=67.6 (+0.20)"}},{"type":"Feature","geometry":{"type":"Point","coordinates":[73.04314,18.69327]},"properties":{"cell_id":"3739_14609","pred_class":"thermal_power","n_detections":35,"frp_mean":2.146,"frp_max":6.66,"night_frac":0.7714,"first_seen":"2024-01-12","last_seen":"2026-04-03","class_agreement":1.0,"top_reasons":"dist_thermal_plant_km=0.5675 (+9.14); is_persistent=1 (+0.58); dist_power_plant_km=0.7923 (+0.56); nearest_plant_mw=67.6 (+0.19)"}},{"type":"Feature","geometry":{"type":"Point","coordinates":[79.54539,18.69623]},"properties":{"cell_id":"3739_15909","pred_class":"mining","n_detections":20,"frp_mean":2.0585,"frp_max":4.23,"night_frac":0.85,"first_seen":"2024-02-19","last_seen":"2026-01-28","class_agreement":1.0,"top_reasons":"inside_mining=1 (+8.10); dist_mining_km=1.957 (+1.27); lc_bare_1km=0.9091 (+0.28); lc_bare_5km=0.2879 (+0.21)"}},{"type":"Feature","geometry":{"type":"Point","coordinates":[79.54535,18.699]},"properties":{"cell_id":"3740_15909","pred_class":"mining","n_detections":22,"frp_mean":2.4318,"frp_max":9.64,"night_frac":0.7273,"first_seen":"2024-02-08","last_seen":"2026-04-24","class_agreement":1.0,"top_reasons":"inside_mining=1 (+7.13); dist_mining_km=1.717 (+2.41); lc_bare_5km=0.2969 (+0.23); dist_thermal_plant_km=11.42 (+0.17)"}},{"type":"Feature","geometry":{"type":"Point","coordinates":[79.55508,18.70957]},"properties":{"cell_id":"3742_15911","pred_class":"mining","n_detections":28,"frp_mean":2.3636,"frp_max":7.99,"night_frac":0.8571,"first_seen":"2024-02-15","last_seen":"2025-05-08","class_agreement":1.0,"top_reasons":"dist_mining_km=2.195 (+1.23); inside_mining=0 (-0.71); lc_bare_5km=0.2261 (+0.43); lc_grass_5km=0.2628 (+0.28)"}},{"type":"Feature","geometry":{"type":"Point","coordinates":[79.53645,18.71624]},"properties":{"cell_id":"3743_15907","pred_class":"mining","n_detections":33,"frp_mean":2.3679,"frp_max":7.02,"night_frac":0.8485,"first_seen":"2025-04-24","last_seen":"2026-04-24","class_agreement":1.0,"top_reasons":"dist_mining_km=0.6968 (+5.11); inside_mining=1 (+4.86); dist_thermal_plant_km=9.619 (+0.28); lc_bare_5km=0.3574 (+0.13)"}},{"type":"Feature","geometry":{"type":"Point","coordinates":[79.53961,18.7157]},"properties":{"cell_id":"3743_15908","pred_class":"mining","n_detections":123,"frp_mean":2.1956,"frp_max":10.0,"night_frac":0.813,"first_seen":"2024-09-11","last_seen":"2026-04-25","class_agreement":1.0,"top_reasons":"dist_mining_km=0.821 (+5.04); inside_mining=1 (+4.77); dist_thermal_plant_km=9.94 (+0.34); lc_bare_5km=0.36 (+0.11)"}},{"type":"Feature","geometry":{"type":"Point","coordinates":[79.51979,18.72083]},"properties":{"cell_id":"3744_15904","pred_class":"gas_flare","n_detections":15,"frp_mean":0.8687,"frp_max":4.06,"night_frac":0.9333,"first_seen":"2024-02-19","last_seen":"2025-01-08","class_agreement":1.0,"top_reasons":"is_persistent=1 (+0.81); month_entropy=0.6386 (+0.44); dist_any_industry_km=4.799 (-0.37); inside_industrial=0 (+0.36)"}},{"type":"Feature","geometry":{"type":"Point","coordinates":[79.53603,18.7204]},"properties":{"cell_id":"3744_15907","pred_class":"mining","n_detections":343,"frp_mean":2.3677,"frp_max":13.2,"night_frac":0.8426,"first_seen":"2024-01-01","last_seen":"2026-04-26","class_agreement":1.0,"top_reasons":"inside_mining=1 (+7.06); dist_mining_km=1.136 (+2.50); lc_bare_5km=0.3233 (+0.18); lc_bare_1km=0.9339 (+0.18)"}},{"type":"Feature","geometry":{"type":"Point","coordinates":[79.53871,18.72028]},"properties":{"cell_id":"3744_15908","pred_class":"mining","n_detections":265,"frp_mean":2.5563,"frp_max":8.51,"night_frac":0.7396,"first_seen":"2024-01-05","last_seen":"2026-04-26","class_agreement":0.9019,"top_reasons":"dist_mining_km=1.202 (+2.60); inside_mining=0 (-1.69); lc_bare_5km=0.3233 (+0.31); lc_grass_5km=0.2304 (+0.25)"}},{"type":"Feature","geometry":{"type":"Point","coordinates":[79.53606,18.72352]},"properties":{"cell_id":"3745_15907","pred_class":"mining","n_detections":66,"frp_mean":1.5439,"frp_max":4.23,"night_frac":0.9545,"first_seen":"2024-01-01","last_seen":"2026-04-13","class_agreement":1.0,"top_reasons":"inside_mining=1 (+7.09); dist_mining_km=1.479 (+2.44); lc_bare_1km=0.9587 (+0.19); lc_bare_5km=0.2803 (+0.19)"}},{"type":"Feature","geometry":{"type":"Point","coordinates":[79.53864,18.72313]},"properties":{"cell_id":"3745_15908","pred_class":"mining","n_detections":30,"frp_mean":1.5367,"frp_max":3.63,"night_frac":0.9,"first_seen":"2024-01-03","last_seen":"2026-04-24","class_agreement":1.0,"top_reasons":"inside_mining=1 (+7.11); dist_mining_km=1.497 (+2.35); lc_bare_1km=0.7851 (+0.19); lc_bare_5km=0.2912 (+0.18)"}},{"type":"Feature","geometry":{"type":"Point","coordinates":[79.53497,18.73566]},"properties":{"cell_id":"3747_15907","pred_class":"mining","n_detections":23,"frp_mean":2.5865,"frp_max":6.89,"night_frac":0.6957,"first_seen":"2024-02-15","last_seen":"2025-06-08","class_agreement":1.0,"top_reasons":"dist_mining_km=0.8419 (+9.10); dist_thermal_plant_km=8.653 (+0.27); lc_bare_5km=0.1537 (+0.26); lc_grass_5km=0.1726 (+0.23)"}},{"type":"Feature","geometry":{"type":"Point","coordinates":[74.25945,18.80178]},"properties":{"cell_id":"3760_14852","pred_class":"industrial_plant","n_detections":28,"frp_mean":1.8839,"frp_max":5.58,"night_frac":1.0,"first_seen":"2024-03-09","last_seen":"2026-04-04","class_agreement":1.0,"top_reasons":"dist_industrial_km=1.91 (+4.63); is_persistent=1 (+2.12); dist_thermal_plant_km=57.38 (+0.83); dist_mining_km=5 (+0.68)"}},{"type":"Feature","geometry":{"type":"Point","coordinates":[74.25651,18.805]},"properties":{"cell_id":"3761_14851","pred_class":"gas_flare","n_detections":18,"frp_mean":2.6289,"frp_max":6.27,"night_frac":1.0,"first_seen":"2024-03-09","last_seen":"2026-03-29","class_agreement":1.0,"top_reasons":"is_persistent=1 (+1.65); dist_industrial_km=2.254 (+1.40); dist_any_industry_km=2.254 (+0.86); inside_mining=0 (+0.77)"}},{"type":"Feature","geometry":{"type":"Point","coordinates":[74.25968,18.80475]},"properties":{"cell_id":"3761_14852","pred_class":"gas_flare","n_detections":119,"frp_mean":2.096,"frp_max":7.82,"night_frac":1.0,"first_seen":"2024-01-03","last_seen":"2026-04-25","class_agreement":1.0,"top_reasons":"is_persistent=1 (+1.98); dist_industrial_km=2.241 (+1.94); dist_any_industry_km=2.241 (+1.07); inside_mining=0 (+1.03)"}},{"type":"Feature","geometry":{"type":"Point","coordinates":[72.92592,18.85878]},"properties":{"cell_id":"3772_14585","pred_class":"thermal_power","n_detections":23,"frp_mean":3.933,"frp_max":10.36,"night_frac":0.5217,"first_seen":"2024-01-29","last_seen":"2026-04-24","class_agreement":1.0,"top_reasons":"dist_thermal_plant_km=1.095 (+8.89); is_persistent=1 (+0.58); lc_water_5km=0.5663 (+0.36); n_active_days=19 (-0.12)"}},{"type":"Feature","geometry":{"type":"Point","coordinates":[72.04113,18.92001]},"properties":{"cell_id":"3784_14408","pred_class":"gas_flare","n_detections":21,"frp_mean":3.491,"frp_max":13.41,"night_frac":0.8571,"first_seen":"2024-02-08","last_seen":"2025-12-04","class_agreement":1.0,"top_reasons":"is_persistent=1 (+0.93); dist_industrial_km=81.53 (+0.55); n_detections=21 (+0.39); n_active_days=17 (+0.39)"}},{"type":"Feature","geometry":{"type":"Point","coordinates":[71.62162,18.97177]},"properties":{"cell_id":"3794_14324","pred_class":"gas_flare","n_detections":19,"frp_mean":2.0242,"frp_max":7.11,"night_frac":0.9474,"first_seen":"2024-01-02","last_seen":"2026-04-04","class_agreement":1.0,"top_reasons":"is_persistent=1 (+0.95); dist_any_industry_km=124.8 (-0.38); dist_industrial_km=124.8 (+0.37); n_detections=19 (+0.34)"}},{"type":"Feature","geometry":{"type":"Point","coordinates":[71.62411,18.9718]},"properties":{"cell_id":"3794_14325","pred_class":"gas_flare","n_detections":38,"frp_mean":2.2237,"frp_max":6.05,"night_frac":0.8421,"first_seen":"2024-01-02","last_seen":"2025-06-08","class_agreement":1.0,"top_reasons":"is_persistent=1 (+0.82); dist_industrial_km=124.5 (+0.53); dist_any_industry_km=124.5 (-0.43); inside_industrial=0 (+0.34)"}},{"type":"Feature","geometry":{"type":"Point","coordinates":[71.62112,18.97424]},"properties":{"cell_id":"3795_14324","pred_class":"gas_flare","n_detections":49,"frp_mean":2.1361,"frp_max":4.32,"night_frac":0.9592,"first_seen":"2024-01-04","last_seen":"2026-04-04","class_agreement":1.0,"top_reasons":"is_persistent=1 (+0.85); dist_industrial_km=124.8 (+0.55); dist_any_industry_km=124.8 (-0.53); inside_industrial=0 (+0.34)"}},{"type":"Feature","geometry":{"type":"Point","coordinates":[71.62411,18.97419]},"properties":{"cell_id":"3795_14325","pred_class":"gas_flare","n_detections":84,"frp_mean":2.3969,"frp_max":6.01,"night_frac":0.7619,"first_seen":"2024-01-01","last_seen":"2026-04-04","class_agreement":1.0,"top_reasons":"is_persistent=1 (+0.81); dist_industrial_km=124.5 (+0.55); dist_any_industry_km=124.5 (-0.49); inside_mining=0 (+0.33)"}},{"type":"Feature","geometry":{"type":"Point","coordinates":[96.38907,19.00914]},"properties":{"cell_id":"3802_19278","pred_class":"wildfire","n_detections":30,"frp_mean":0.9133,"frp_max":2.32,"night_frac":1.0,"first_seen":"2024-01-18","last_seen":"2026-02-04","class_agreement":1.0,"top_reasons":"lc_built_5km=0.04298 (-3.05); lc_tree_1km=0.405 (+2.04); dist_refinery_km=1839 (+1.72); n_detections=30 (-0.90)"}},{"type":"Feature","geometry":{"type":"Point","coordinates":[72.89037,19.02087]},"properties":{"cell_id":"3804_14578","pred_class":"thermal_power","n_detections":34,"frp_mean":2.9668,"frp_max":17.54,"night_frac":0.8235,"first_seen":"2024-02-10","last_seen":"2026-04-10","class_agreement":1.0,"top_reasons":"dist_thermal_plant_km=0.714 (+9.24); is_persistent=1 (+0.59); dist_power_plant_km=2.506 (+0.43); nearest_plant_mw=31.2 (+0.20)"}},{"type":"Feature","geometry":{"type":"Point","coordinates":[72.89414,19.02053]},"properties":{"cell_id":"3804_14579","pred_class":"thermal_power","n_detections":18,"frp_mean":2.5033,"frp_max":5.22,"night_frac":0.6667,"first_seen":"2024-01-23","last_seen":"2026-03-27","class_agreement":1.0,"top_reasons":"dist_thermal_plant_km=0.5085 (+9.08); is_persistent=1 (+0.61); dist_power_plant_km=2.353 (+0.42); nearest_plant_mw=31.2 (+0.16)"}},{"type":"Feature","geometry":{"type":"Point","coordinates":[73.03557,19.0816]},"properties":{"cell_id":"3816_14607","pred_class":"thermal_power","n_detections":18,"frp_mean":0.9078,"frp_max":1.52,"night_frac":1.0,"first_seen":"2024-03-01","last_seen":"2026-02-08","class_agreement":1.0,"top_reasons":"dist_thermal_plant_km=1.218 (+9.15); is_persistent=1 (+0.70); frp_mean=0.9078 (+0.28); n_detections=18 (+0.20)"}},{"type":"Feature","geometry":{"type":"Point","coordinates":[82.16559,19.09044]},"properties":{"cell_id":"3818_16433","pred_class":"industrial_plant","n_detections":30,"frp_mean":2.9613,"frp_max":9.77,"night_frac":0.8,"first_seen":"2024-01-04","last_seen":"2026-04-26","class_agreement":1.0,"top_reasons":"dist_industrial_km=0.1426 (+2.81); is_persistent=1 (+2.48); inside_industrial=1 (+2.08); dist_thermal_plant_km=193.3 (+0.97)"}},{"type":"Feature","geometry":{"type":"Point","coordinates":[82.1696,19.09108]},"properties":{"cell_id":"3818_16434","pred_class":"industrial_plant","n_detections":85,"frp_mean":1.8455,"frp_max":5.91,"night_frac":0.9059,"first_seen":"2024-01-10","last_seen":"2026-04-16","class_agreement":1.0,"top_reasons":"dist_industrial_km=0.2722 (+2.79); is_persistent=1 (+2.51); inside_industrial=1 (+2.12); dist_thermal_plant_km=193.1 (+1.00)"}},{"type":"Feature","geometry":{"type":"Point","coordinates":[82.16628,19.09621]},"properties":{"cell_id":"3819_16433","pred_class":"industrial_plant","n_detections":116,"frp_mean":2.2381,"frp_max":9.16,"night_frac":0.8966,"first_seen":"2024-01-05","last_seen":"2026-04-23","class_agreement":1.0,"top_reasons":"dist_industrial_km=0.5389 (+2.75); is_persistent=1 (+2.51); inside_industrial=1 (+2.16); dist_thermal_plant_km=193.8 (+1.01)"}},{"type":"Feature","geometry":{"type":"Point","coordinates":[82.16932,19.09495]},"properties":{"cell_id":"3819_16434","pred_class":"industrial_plant","n_detections":212,"frp_mean":2.82,"frp_max":12.76,"night_frac":0.7547,"first_seen":"2024-01-20","last_seen":"2026-04-26","class_agreement":1.0,"top_reasons":"dist_industrial_km=0.6004 (+2.82); is_persistent=1 (+2.47); inside_industrial=1 (+2.11); dist_thermal_plant_km=193.5 (+1.01)"}},{"type":"Feature","geometry":{"type":"Point","coordinates":[73.05124,19.10078]},"properties":{"cell_id":"3820_14610","pred_class":"thermal_power","n_detections":225,"frp_mean":1.5708,"frp_max":6.0,"night_frac":1.0,"first_seen":"2024-01-01","last_seen":"2026-04-27","class_agreement":1.0,"top_reasons":"dist_thermal_plant_km=3.054 (+9.21); is_persistent=1 (+0.73); frp_mean=1.571 (+0.29); n_detections=225 (+0.18)"}},{"type":"Feature","geometry":{"type":"Point","coordinates":[73.0536,19.10083]},"properties":{"cell_id":"3820_14611","pred_class":"thermal_power","n_detections":199,"frp_mean":1.3314,"frp_max":5.42,"night_frac":1.0,"first_seen":"2024-01-01","last_seen":"2026-04-25","class_agreement":1.0,"top_reasons":"dist_thermal_plant_km=3.276 (+9.21); is_persistent=1 (+0.73); frp_mean=1.331 (+0.29); n_detections=199 (+0.18)"}},{"type":"Feature","geometry":{"type":"Point","coordinates":[82.16602,19.10021]},"properties":{"cell_id":"3820_16433","pred_class":"industrial_plant","n_detections":328,"frp_mean":2.1056,"frp_max":9.68,"night_frac":0.875,"first_seen":"2024-01-01","last_seen":"2026-04-25","class_agreement":1.0,"top_reasons":"dist_industrial_km=0.9704 (+2.80); is_persistent=1 (+2.49); inside_industrial=1 (+2.14); dist_thermal_plant_km=194.2 (+1.00)"}},{"type":"Feature","geometry":{"type":"Point","coordinates":[82.16878,19.10021]},"properties":{"cell_id":"3820_16434","pred_class":"industrial_plant","n_detections":276,"frp_mean":2.2049,"frp_max":9.99,"night_frac":0.8261,"first_seen":"2024-01-05","last_seen":"2026-04-26","class_agreement":1.0,"top_reasons":"dist_industrial_km=1.047 (+2.75); is_persistent=1 (+2.51); inside_industrial=1 (+2.17); dist_thermal_plant_km=194 (+1.00)"}},{"type":"Feature","geometry":{"type":"Point","coordinates":[73.05127,19.10363]},"properties":{"cell_id":"3821_14610","pred_class":"thermal_power","n_detections":115,"frp_mean":1.4377,"frp_max":5.04,"night_frac":1.0,"first_seen":"2024-01-02","last_seen":"2026-04-26","class_agreement":1.0,"top_reasons":"dist_thermal_plant_km=3.222 (+9.21); is_persistent=1 (+0.72); frp_mean=1.438 (+0.29); n_detections=115 (+0.18)"}},{"type":"Feature","geometry":{"type":"Point","coordinates":[73.05368,19.10368]},"properties":{"cell_id":"3821_14611","pred_class":"thermal_power","n_detections":142,"frp_mean":1.1568,"frp_max":4.12,"night_frac":1.0,"first_seen":"2024-01-02","last_seen":"2026-04-09","class_agreement":1.0,"top_reasons":"dist_thermal_plant_km=3.437 (+9.22); is_persistent=1 (+0.72); frp_mean=1.157 (+0.29); n_detections=142 (+0.18)"}},{"type":"Feature","geometry":{"type":"Point","coordinates":[82.16548,19.10413]},"properties":{"cell_id":"3821_16433","pred_class":"industrial_plant","n_detections":310,"frp_mean":2.0103,"frp_max":10.27,"night_frac":0.829,"first_seen":"2024-01-01","last_seen":"2026-04-27","class_agreement":1.0,"top_reasons":"dist_industrial_km=1.4 (+2.76); is_persistent=1 (+2.49); inside_industrial=1 (+2.15); dist_thermal_plant_km=194.6 (+1.00)"}},{"type":"Feature","geometry":{"type":"Point","coordinates":[82.16894,19.10367]},"properties":{"cell_id":"3821_16434","pred_class":"industrial_plant","n_detections":221,"frp_mean":1.9312,"frp_max":12.23,"night_frac":0.8281,"first_seen":"2024-01-03","last_seen":"2026-04-26","class_agreement":1.0,"top_reasons":"dist_industrial_km=1.414 (+2.77); is_persistent=1 (+2.50); inside_industrial=1 (+2.14); dist_thermal_plant_km=194.4 (+0.99)"}},{"type":"Feature","geometry":{"type":"Point","coordinates":[70.94522,19.1763]},"properties":{"cell_id":"3835_14189","pred_class":"gas_flare","n_detections":136,"frp_mean":1.4106,"frp_max":5.3,"night_frac":0.9485,"first_seen":"2024-01-01","last_seen":"2026-04-23","class_agreement":1.0,"top_reasons":"is_persistent=1 (+1.01); dist_any_industry_km=171 (-0.65); dist_industrial_km=171 (+0.59); month_entropy=0.8033 (+0.48)"}},{"type":"Feature","geometry":{"type":"Point","coordinates":[70.94532,19.17827]},"properties":{"cell_id":"3836_14189","pred_class":"gas_flare","n_detections":102,"frp_mean":1.3334,"frp_max":4.76,"night_frac":0.9902,"first_seen":"2024-01-06","last_seen":"2026-04-24","class_agreement":1.0,"top_reasons":"is_persistent=1 (+0.87); dist_any_industry_km=170.8 (-0.47); dist_industrial_km=170.8 (+0.40); inside_mining=0 (+0.33)"}},{"type":"Feature","geometry":{"type":"Point","coordinates":[72.11484,19.21459]},"properties":{"cell_id":"3843_14423","pred_class":"gas_flare","n_detections":19,"frp_mean":2.7626,"frp_max":8.74,"night_frac":1.0,"first_seen":"2024-01-24","last_seen":"2026-04-04","class_agreement":1.0,"top_reasons":"is_persistent=1 (+0.93); dist_industrial_km=71.19 (+0.66); dist_any_industry_km=71.19 (-0.64); month_entropy=0.8509 (+0.43)"}},{"type":"Feature","geometry":{"type":"Point","coordinates":[71.42531,19.27644]},"properties":{"cell_id":"3855_14285","pred_class":"gas_flare","n_detections":59,"frp_mean":1.2481,"frp_max":6.89,"night_frac":1.0,"first_seen":"2024-01-07","last_seen":"2026-04-09","class_agreement":1.0,"top_reasons":"is_persistent=1 (+0.94); dist_any_industry_km=143.1 (-0.56); dist_industrial_km=143.1 (+0.50); inside_mining=0 (+0.37)"}},{"type":"Feature","geometry":{"type":"Point","coordinates":[71.42593,19.27885]},"properties":{"cell_id":"3856_14285","pred_class":"gas_flare","n_detections":110,"frp_mean":1.3588,"frp_max":6.89,"night_frac":0.9727,"first_seen":"2024-01-07","last_seen":"2026-04-14","class_agreement":1.0,"top_reasons":"is_persistent=1 (+0.93); dist_any_industry_km=143 (-0.51); dist_industrial_km=143 (+0.49); dist_thermal_plant_km=156 (+0.37)"}},{"type":"Feature","geometry":{"type":"Point","coordinates":[71.42836,19.27928]},"properties":{"cell_id":"3856_14286","pred_class":"gas_flare","n_detections":22,"frp_mean":0.9418,"frp_max":3.72,"night_frac":1.0,"first_seen":"2024-01-02","last_seen":"2026-04-12","class_agreement":1.0,"top_reasons":"is_persistent=1 (+0.95); dist_any_industry_km=142.8 (-0.51); dist_industrial_km=142.8 (+0.39); inside_mining=0 (+0.37)"}},{"type":"Feature","geometry":{"type":"Point","coordinates":[71.43569,19.28173]},"properties":{"cell_id":"3856_14287","pred_class":"gas_flare","n_detections":42,"frp_mean":2.6298,"frp_max":20.15,"night_frac":0.8571,"first_seen":"2024-01-05","last_seen":"2026-03-23","class_agreement":1.0,"top_reasons":"is_persistent=1 (+1.02); dist_any_industry_km=142 (-0.65); dist_industrial_km=142 (+0.57); month_entropy=0.8456 (+0.47)"}},{"type":"Feature","geometry":{"type":"Point","coordinates":[71.43533,19.28369]},"properties":{"cell_id":"3857_14287","pred_class":"gas_flare","n_detections":59,"frp_mean":2.7103,"frp_max":15.5,"night_frac":0.9153,"first_seen":"2024-01-01","last_seen":"2026-04-18","class_agreement":1.0,"top_reasons":"is_persistent=1 (+0.98); dist_any_industry_km=142 (-0.60); dist_industrial_km=142 (+0.55); month_entropy=0.8342 (+0.45)"}},{"type":"Feature","geometry":{"type":"Point","coordinates":[72.02011,19.33189]},"properties":{"cell_id":"3866_14404","pred_class":"gas_flare","n_detections":22,"frp_mean":1.835,"frp_max":6.75,"night_frac":0.9091,"first_seen":"2024-01-12","last_seen":"2026-03-16","class_agreement":1.0,"top_reasons":"is_persistent=1 (+0.97); dist_industrial_km=80.8 (+0.55); dist_any_industry_km=80.8 (-0.54); inside_mining=0 (+0.39)"}},{"type":"Feature","geometry":{"type":"Point","coordinates":[72.01964,19.33406]},"properties":{"cell_id":"3867_14404","pred_class":"gas_flare","n_detections":75,"frp_mean":2.4801,"frp_max":18.32,"night_frac":0.8667,"first_seen":"2024-01-05","last_seen":"2026-04-24","class_agreement":1.0,"top_reasons":"is_persistent=1 (+0.86); dist_any_industry_km=80.86 (-0.77); dist_industrial_km=80.86 (+0.63); inside_industrial=0 (+0.42)"}},{"type":"Feature","geometry":{"type":"Point","coordinates":[83.42928,19.3337]},"properties":{"cell_id":"3867_16686","pred_class":"industrial_plant","n_detections":31,"frp_mean":0.7006,"frp_max":1.28,"night_frac":1.0,"first_seen":"2024-01-21","last_seen":"2026-04-26","class_agreement":1.0,"top_reasons":"dist_industrial_km=0.338 (+2.84); is_persistent=1 (+2.52); inside_industrial=1 (+2.11); dist_thermal_plant_km=197 (+0.93)"}},{"type":"Feature","geometry":{"type":"Point","coordinates":[71.30432,19.34617]},"properties":{"cell_id":"3869_14261","pred_class":"gas_flare","n_detections":25,"frp_mean":1.7768,"frp_max":6.72,"night_frac":0.96,"first_seen":"2024-01-01","last_seen":"2026-01-20","class_agreement":1.0,"top_reasons":"is_persistent=1 (+1.01); dist_industrial_km=152.6 (+0.55); dist_any_industry_km=152.6 (-0.51); dist_thermal_plant_km=165.6 (+0.45)"}},{"type":"Feature","geometry":{"type":"Point","coordinates":[71.30409,19.34845]},"properties":{"cell_id":"3870_14261","pred_class":"gas_flare","n_detections":19,"frp_mean":2.6084,"frp_max":18.15,"night_frac":1.0,"first_seen":"2024-01-01","last_seen":"2026-01-20","class_agreement":1.0,"top_reasons":"is_persistent=1 (+0.96); n_detections=19 (+0.42); n_active_days=17 (+0.41); dist_thermal_plant_km=165.5 (+0.39)"}},{"type":"Feature","geometry":{"type":"Point","coordinates":[71.35129,19.37027]},"properties":{"cell_id":"3874_14270","pred_class":"gas_flare","n_detections":113,"frp_mean":4.1298,"frp_max":16.42,"night_frac":0.9735,"first_seen":"2024-01-04","last_seen":"2026-04-21","class_agreement":1.0,"top_reasons":"is_persistent=1 (+0.86); dist_any_industry_km=147 (-0.43); dist_industrial_km=147 (+0.42); inside_mining=0 (+0.34)"}},{"type":"Feature","geometry":{"type":"Point","coordinates":[71.35448,19.37024]},"properties":{"cell_id":"3874_14271","pred_class":"gas_flare","n_detections":347,"frp_mean":4.6816,"frp_max":17.51,"night_frac":0.6888,"first_seen":"2024-01-02","last_seen":"2026-04-27","class_agreement":1.0,"top_reasons":"is_persistent=1 (+0.86); dist_any_industry_km=146.7 (-0.43); dist_industrial_km=146.7 (+0.37); inside_mining=0 (+0.32)"}},{"type":"Feature","geometry":{"type":"Point","coordinates":[71.36011,19.37089]},"properties":{"cell_id":"3874_14272","pred_class":"gas_flare","n_detections":18,"frp_mean":2.9978,"frp_max":10.68,"night_frac":0.8889,"first_seen":"2024-02-16","last_seen":"2026-04-16","class_agreement":1.0,"top_reasons":"is_persistent=1 (+1.00); dist_any_industry_km=146.1 (-0.50); inside_mining=0 (+0.38); dist_industrial_km=146.1 (+0.38)"}},{"type":"Feature","geometry":{"type":"Point","coordinates":[71.35102,19.37337]},"properties":{"cell_id":"3875_14270","pred_class":"gas_flare","n_detections":19,"frp_mean":3.6353,"frp_max":9.9,"night_frac":1.0,"first_seen":"2024-01-07","last_seen":"2026-04-21","class_agreement":1.0,"top_reasons":"is_persistent=1 (+1.03); dist_any_industry_km=146.9 (-0.49); inside_mining=0 (+0.39); dist_industrial_km=146.9 (+0.39)"}},{"type":"Feature","geometry":{"type":"Point","coordinates":[71.35499,19.37307]},"properties":{"cell_id":"3875_14271","pred_class":"gas_flare","n_detections":32,"frp_mean":4.2594,"frp_max":11.11,"night_frac":0.6562,"first_seen":"2024-01-04","last_seen":"2026-04-15","class_agreement":1.0,"top_reasons":"is_persistent=1 (+0.95); dist_any_industry_km=146.5 (-0.47); dist_industrial_km=146.5 (+0.43); inside_mining=0 (+0.36)"}},{"type":"Feature","geometry":{"type":"Point","coordinates":[71.3602,19.37381]},"properties":{"cell_id":"3875_14272","pred_class":"gas_flare","n_detections":44,"frp_mean":1.7598,"frp_max":5.43,"night_frac":0.9545,"first_seen":"2025-08-21","last_seen":"2026-04-21","class_agreement":1.0,"top_reasons":"is_persistent=1 (+0.80); dist_industrial_km=146 (+0.40); dist_any_industry_km=146 (-0.38); month_entropy=0.6127 (+0.36)"}},{"type":"Feature","geometry":{"type":"Point","coordinates":[71.39017,19.41626]},"properties":{"cell_id":"3883_14278","pred_class":"gas_flare","n_detections":24,"frp_mean":1.7071,"frp_max":12.7,"night_frac":0.9583,"first_seen":"2024-01-02","last_seen":"2026-04-07","class_agreement":1.0,"top_reasons":"is_persistent=1 (+0.96); dist_industrial_km=141.4 (+0.58); dist_any_industry_km=141.4 (-0.51); inside_mining=0 (+0.40)"}},{"type":"Feature","geometry":{"type":"Point","coordinates":[71.39064,19.41879]},"properties":{"cell_id":"3884_14278","pred_class":"gas_flare","n_detections":18,"frp_mean":1.505,"frp_max":7.09,"night_frac":1.0,"first_seen":"2024-01-11","last_seen":"2025-05-21","class_agreement":1.0,"top_reasons":"is_persistent=1 (+0.88); n_active_days=16 (+0.47); dist_industrial_km=141.3 (+0.43); n_detections=18 (+0.41)"}},{"type":"Feature","geometry":{"type":"Point","coordinates":[71.29573,19.52649]},"properties":{"cell_id":"3905_14259","pred_class":"gas_flare","n_detections":23,"frp_mean":6.1443,"frp_max":17.56,"night_frac":0.6087,"first_seen":"2024-03-09","last_seen":"2026-03-02","class_agreement":1.0,"top_reasons":"is_persistent=1 (+0.89); dist_industrial_km=139.1 (+0.57); n_detections=23 (+0.39); dist_any_industry_km=139.1 (-0.34)"}},{"type":"Feature","geometry":{"type":"Point","coordinates":[71.29941,19.52651]},"properties":{"cell_id":"3905_14260","pred_class":"gas_flare","n_detections":36,"frp_mean":5.8653,"frp_max":33.26,"night_frac":0.6944,"first_seen":"2024-01-11","last_seen":"2026-03-13","class_agreement":1.0,"top_reasons":"is_persistent=1 (+0.85); dist_industrial_km=139.2 (+0.53); dist_any_industry_km=139.2 (-0.48); inside_industrial=0 (+0.34)"}},{"type":"Feature","geometry":{"type":"Point","coordinates":[71.29631,19.52933]},"properties":{"cell_id":"3906_14259","pred_class":"gas_flare","n_detections":74,"frp_mean":4.7704,"frp_max":32.06,"night_frac":0.8649,"first_seen":"2024-01-03","last_seen":"2026-03-27","class_agreement":1.0,"top_reasons":"is_persistent=1 (+0.88); dist_industrial_km=138.8 (+0.62); dist_any_industry_km=138.8 (-0.45); inside_mining=0 (+0.35)"}},{"type":"Feature","geometry":{"type":"Point","coordinates":[71.29954,19.52939]},"properties":{"cell_id":"3906_14260","pred_class":"gas_flare","n_detections":228,"frp_mean":4.2555,"frp_max":30.62,"night_frac":0.8246,"first_seen":"2024-01-01","last_seen":"2026-04-18","class_agreement":1.0,"top_reasons":"is_persistent=1 (+0.93); dist_industrial_km=138.9 (+0.71); dist_any_industry_km=138.9 (-0.59); month_entropy=0.85 (+0.45)"}},{"type":"Feature","geometry":{"type":"Point","coordinates":[71.3552,19.56642]},"properties":{"cell_id":"3913_14271","pred_class":"gas_flare","n_detections":28,"frp_mean":6.3839,"frp_max":22.19,"night_frac":0.6429,"first_seen":"2024-01-05","last_seen":"2026-04-26","class_agreement":1.0,"top_reasons":"is_persistent=1 (+0.91); dist_industrial_km=137 (+0.64); dist_any_industry_km=137 (-0.49); inside_mining=0 (+0.36)"}},{"type":"Feature","geometry":{"type":"Point","coordinates":[71.35093,19.56963]},"properties":{"cell_id":"3914_14270","pred_class":"gas_flare","n_detections":26,"frp_mean":6.7565,"frp_max":25.75,"night_frac":1.0,"first_seen":"2024-01-10","last_seen":"2026-02-09","class_agreement":1.0,"top_reasons":"is_persistent=1 (+0.94); dist_industrial_km=136.5 (+0.53); n_active_days=19 (+0.38); inside_mining=0 (+0.36)"}},{"type":"Feature","geometry":{"type":"Point","coordinates":[71.35499,19.56953]},"properties":{"cell_id":"3914_14271","pred_class":"gas_flare","n_detections":111,"frp_mean":6.8173,"frp_max":25.75,"night_frac":0.5946,"first_seen":"2024-01-05","last_seen":"2026-04-26","class_agreement":1.0,"top_reasons":"is_persistent=1 (+0.88); dist_industrial_km=136.7 (+0.60); dist_any_industry_km=136.7 (-0.45); inside_mining=0 (+0.33)"}},{"type":"Feature","geometry":{"type":"Point","coordinates":[71.36019,19.57073]},"properties":{"cell_id":"3914_14272","pred_class":"gas_flare","n_detections":42,"frp_mean":4.071,"frp_max":20.99,"night_frac":0.8333,"first_seen":"2024-01-02","last_seen":"2026-04-21","class_agreement":1.0,"top_reasons":"is_persistent=1 (+0.85); dist_industrial_km=136.7 (+0.54); dist_any_industry_km=136.7 (-0.47); inside_industrial=0 (+0.34)"}},{"type":"Feature","geometry":{"type":"Point","coordinates":[71.36407,19.57129]},"properties":{"cell_id":"3914_14273","pred_class":"gas_flare","n_detections":28,"frp_mean":2.1882,"frp_max":10.26,"night_frac":1.0,"first_seen":"2024-01-10","last_seen":"2026-03-07","class_agreement":1.0,"top_reasons":"is_persistent=1 (+0.91); dist_industrial_km=136.8 (+0.45); dist_any_industry_km=136.8 (-0.35); n_detections=28 (+0.29)"}},{"type":"Feature","geometry":{"type":"Point","coordinates":[71.36143,19.57384]},"properties":{"cell_id":"3915_14272","pred_class":"gas_flare","n_detections":23,"frp_mean":1.9457,"frp_max":3.82,"night_frac":1.0,"first_seen":"2024-01-04","last_seen":"2025-12-27","class_agreement":1.0,"top_reasons":"is_persistent=1 (+0.91); dist_industrial_km=136.5 (+0.64); dist_any_industry_km=136.5 (-0.39); n_detections=23 (+0.39)"}},{"type":"Feature","geometry":{"type":"Point","coordinates":[71.36358,19.57363]},"properties":{"cell_id":"3915_14273","pred_class":"gas_flare","n_detections":23,"frp_mean":1.7265,"frp_max":3.74,"night_frac":1.0,"first_seen":"2024-01-02","last_seen":"2026-02-08","class_agreement":1.0,"top_reasons":"is_persistent=1 (+0.91); dist_industrial_km=136.6 (+0.65); dist_any_industry_km=136.6 (-0.52); inside_mining=0 (+0.38)"}},{"type":"Feature","geometry":{"type":"Point","coordinates":[96.14127,19.59893]},"properties":{"cell_id":"3920_19228","pred_class":"gas_flare","n_detections":23,"frp_mean":0.963,"frp_max":3.14,"night_frac":1.0,"first_seen":"2024-01-07","last_seen":"2024-05-21","class_agreement":0.7826,"top_reasons":"is_persistent=1 (+0.76); dist_industrial_km=457.8 (+0.36); dist_any_industry_km=457.8 (-0.35); n_active_days=21 (+0.31)"}},{"type":"Feature","geometry":{"type":"Point","coordinates":[96.14333,19.5994]},"properties":{"cell_id":"3920_19229","pred_class":"agricultural_burn","n_detections":16,"frp_mean":0.8912,"frp_max":2.68,"night_frac":1.0,"first_seen":"2024-01-02","last_seen":"2024-05-11","class_agreement":1.0,"top_reasons":"lc_crop_1km=0.7355 (+3.53); is_night=1 (-1.90); month=1 (-1.69); lc_crop_5km=0.8473 (+0.47)"}},{"type":"Feature","geometry":{"type":"Point","coordinates":[79.17482,19.72199]},"properties":{"cell_id":"3944_15835","pred_class":"thermal_power","n_detections":47,"frp_mean":1.0696,"frp_max":3.45,"night_frac":1.0,"first_seen":"2024-05-02","last_seen":"2026-04-18","class_agreement":1.0,"top_reasons":"dist_thermal_plant_km=0.09478 (+9.23); is_persistent=1 (+0.74); frp_mean=1.07 (+0.23); nearest_plant_mw=10 (+0.23)"}},{"type":"Feature","geometry":{"type":"Point","coordinates":[79.17497,19.72366]},"properties":{"cell_id":"3945_15835","pred_class":"thermal_power","n_detections":116,"frp_mean":1.2205,"frp_max":4.56,"night_frac":1.0,"first_seen":"2024-01-08","last_seen":"2026-04-22","class_agreement":1.0,"top_reasons":"dist_thermal_plant_km=0.1201 (+9.21); is_persistent=1 (+0.74); frp_mean=1.221 (+0.23); nearest_plant_mw=50 (+0.20)"}},{"type":"Feature","geometry":{"type":"Point","coordinates":[79.0636,19.78686]},"properties":{"cell_id":"3957_15813","pred_class":"mining","n_detections":16,"frp_mean":1.0806,"frp_max":2.1,"night_frac":1.0,"first_seen":"2024-01-04","last_seen":"2026-04-15","class_agreement":1.0,"top_reasons":"dist_mining_km=0.8002 (+9.18); dist_thermal_plant_km=9.23 (+0.29); lc_grass_1km=0.3388 (+0.17); dist_any_industry_km=0.1702 (+0.14)"}},{"type":"Feature","geometry":{"type":"Point","coordinates":[79.14645,19.78628]},"properties":{"cell_id":"3957_15829","pred_class":"thermal_power","n_detections":109,"frp_mean":1.756,"frp_max":5.6,"night_frac":1.0,"first_seen":"2024-01-12","last_seen":"2026-04-10","class_agreement":1.0,"top_reasons":"dist_thermal_plant_km=0.5951 (+9.21); is_persistent=1 (+0.75); frp_mean=1.756 (+0.22); lc_built_1km=0.5702 (+0.21)"}},{"type":"Feature","geometry":{"type":"Point","coordinates":[79.14851,19.78615]},"properties":{"cell_id":"3957_15830","pred_class":"thermal_power","n_detections":113,"frp_mean":1.6163,"frp_max":5.55,"night_frac":0.9912,"first_seen":"2024-01-01","last_seen":"2026-04-26","class_agreement":1.0,"top_reasons":"dist_thermal_plant_km=0.4068 (+9.21); is_persistent=1 (+0.75); frp_mean=1.616 (+0.26); nearest_plant_mw=46 (+0.20)"}},{"type":"Feature","geometry":{"type":"Point","coordinates":[79.1466,19.78814]},"properties":{"cell_id":"3958_15829","pred_class":"thermal_power","n_detections":41,"frp_mean":1.3668,"frp_max":2.18,"night_frac":1.0,"first_seen":"2024-01-01","last_seen":"2026-04-02","class_agreement":1.0,"top_reasons":"dist_thermal_plant_km=0.5445 (+9.14); is_persistent=1 (+0.75); frp_mean=1.367 (+0.22); nearest_plant_mw=46 (+0.20)"}},{"type":"Feature","geometry":{"type":"Point","coordinates":[79.14856,19.78807]},"properties":{"cell_id":"3958_15830","pred_class":"thermal_power","n_detections":38,"frp_mean":1.3542,"frp_max":4.48,"night_frac":1.0,"first_seen":"2024-01-03","last_seen":"2026-03-19","class_agreement":1.0,"top_reasons":"dist_thermal_plant_km=0.3386 (+9.18); is_persistent=1 (+0.75); frp_mean=1.354 (+0.23); nearest_plant_mw=46 (+0.20)"}},{"type":"Feature","geometry":{"type":"Point","coordinates":[78.86509,19.80161]},"properties":{"cell_id":"3960_15773","pred_class":"gas_flare","n_detections":70,"frp_mean":0.7281,"frp_max":1.19,"night_frac":1.0,"first_seen":"2024-01-15","last_seen":"2026-04-18","class_agreement":1.0,"top_reasons":"is_persistent=1 (+0.71); dist_industrial_km=20.97 (+0.56); dist_any_industry_km=20.97 (-0.46); peak_month_share=0.2857 (-0.33)"}},{"type":"Feature","geometry":{"type":"Point","coordinates":[78.86519,19.80321]},"properties":{"cell_id":"3961_15773","pred_class":"gas_flare","n_detections":39,"frp_mean":0.7344,"frp_max":1.05,"night_frac":1.0,"first_seen":"2024-01-11","last_seen":"2026-03-31","class_agreement":1.0,"top_reasons":"is_persistent=1 (+0.74); dist_industrial_km=20.97 (+0.60); dist_any_industry_km=20.97 (-0.53); inside_mining=0 (+0.35)"}},{"type":"Feature","geometry":{"type":"Point","coordinates":[75.22995,19.81928]},"properties":{"cell_id":"3964_15046","pred_class":"industrial_plant","n_detections":21,"frp_mean":3.0233,"frp_max":4.6,"night_frac":0.0,"first_seen":"2024-02-04","last_seen":"2026-04-03","class_agreement":1.0,"top_reasons":"dist_industrial_km=0.2303 (+3.51); is_persistent=1 (+2.23); inside_industrial=1 (+1.60); dist_thermal_plant_km=45.75 (+1.02)"}},{"type":"Feature","geometry":{"type":"Point","coordinates":[79.11181,19.92093]},"properties":{"cell_id":"3984_15822","pred_class":"thermal_power","n_detections":90,"frp_mean":1.2582,"frp_max":2.86,"night_frac":1.0,"first_seen":"2024-01-01","last_seen":"2026-03-27","class_agreement":1.0,"top_reasons":"dist_thermal_plant_km=0.1612 (+9.21); is_persistent=1 (+0.64); dist_power_plant_km=1.344 (+0.36); nearest_plant_mw=40 (+0.22)"}},{"type":"Feature","geometry":{"type":"Point","coordinates":[79.11381,19.92106]},"properties":{"cell_id":"3984_15823","pred_class":"thermal_power","n_detections":166,"frp_mean":1.2502,"frp_max":4.83,"night_frac":1.0,"first_seen":"2024-01-06","last_seen":"2026-04-23","class_agreement":1.0,"top_reasons":"dist_thermal_plant_km=0.05936 (+9.21); is_persistent=1 (+0.63); dist_power_plant_km=1.214 (+0.41); nearest_plant_mw=40 (+0.23)"}},{"type":"Feature","geometry":{"type":"Point","coordinates":[79.11158,19.92309]},"properties":{"cell_id":"3985_15822","pred_class":"thermal_power","n_detections":20,"frp_mean":1.1845,"frp_max":2.21,"night_frac":1.0,"first_seen":"2024-01-22","last_seen":"2026-03-31","class_agreement":1.0,"top_reasons":"dist_thermal_plant_km=0.2683 (+9.13); is_persistent=1 (+0.64); dist_power_plant_km=1.181 (+0.29); nearest_plant_mw=40 (+0.18)"}},{"type":"Feature","geometry":{"type":"Point","coordinates":[79.11394,19.92316]},"properties":{"cell_id":"3985_15823","pred_class":"thermal_power","n_detections":32,"frp_mean":0.945,"frp_max":1.48,"night_frac":1.0,"first_seen":"2024-01-08","last_seen":"2026-03-20","class_agreement":1.0,"top_reasons":"dist_thermal_plant_km=0.2172 (+9.23); is_persistent=1 (+0.61); dist_power_plant_km=1.012 (+0.36); nearest_plant_mw=40 (+0.21)"}},{"type":"Feature","geometry":{"type":"Point","coordinates":[79.12062,19.92978]},"properties":{"cell_id":"3986_15824","pred_class":"thermal_power","n_detections":86,"frp_mean":1.4051,"frp_max":3.65,"night_frac":1.0,"first_seen":"2024-01-04","last_seen":"2026-04-26","class_agreement":1.0,"top_reasons":"dist_thermal_plant_km=0.1117 (+9.21); is_persistent=1 (+0.59); dist_power_plant_km=0.1194 (+0.41); nearest_plant_mw=30 (+0.21)"}},{"type":"Feature","geometry":{"type":"Point","coordinates":[73.71099,19.93593]},"properties":{"cell_id":"3987_14742","pred_class":"mining","n_detections":98,"frp_mean":1.1168,"frp_max":3.49,"night_frac":1.0,"first_seen":"2024-02-06","last_seen":"2026-04-22","class_agreement":1.0,"top_reasons":"dist_mining_km=0.26 (+9.16); dist_thermal_plant_km=19.35 (+0.34); lc_grass_1km=0.3058 (+0.23); lc_grass_5km=0.3478 (+0.14)"}},{"type":"Feature","geometry":{"type":"Point","coordinates":[73.71349,19.93604]},"properties":{"cell_id":"3987_14743","pred_class":"mining","n_detections":43,"frp_mean":1.0379,"frp_max":3.76,"night_frac":1.0,"first_seen":"2024-02-03","last_seen":"2026-04-23","class_agreement":1.0,"top_reasons":"dist_mining_km=0.004742 (+5.34); inside_mining=1 (+4.71); dist_thermal_plant_km=19.09 (+0.35); lc_grass_5km=0.3326 (+0.08)"}},{"type":"Feature","geometry":{"type":"Point","coordinates":[73.71061,19.93811]},"properties":{"cell_id":"3988_14742","pred_class":"mining","n_detections":30,"frp_mean":1.5653,"frp_max":6.54,"night_frac":1.0,"first_seen":"2024-02-19","last_seen":"2026-04-24","class_agreement":1.0,"top_reasons":"dist_mining_km=0.38 (+9.18); dist_thermal_plant_km=19.33 (+0.31); lc_grass_1km=0.2893 (+0.23); lc_grass_5km=0.3445 (+0.12)"}},{"type":"Feature","geometry":{"type":"Point","coordinates":[79.33179,19.96149]},"properties":{"cell_id":"3992_15866","pred_class":"industrial_plant","n_detections":24,"frp_mean":1.2454,"frp_max":5.52,"night_frac":1.0,"first_seen":"2024-01-06","last_seen":"2026-04-22","class_agreement":1.0,"top_reasons":"dist_industrial_km=0.6324 (+3.36); is_persistent=1 (+2.42); inside_industrial=1 (+1.82); dist_thermal_plant_km=6.626 (+0.99)"}},{"type":"Feature","geometry":{"type":"Point","coordinates":[79.33445,19.96152]},"properties":{"cell_id":"3992_15867","pred_class":"industrial_plant","n_detections":119,"frp_mean":1.5792,"frp_max":5.41,"night_frac":0.8992,"first_seen":"2024-01-05","last_seen":"2026-04-26","class_agreement":1.0,"top_reasons":"dist_industrial_km=0.6919 (+3.32); is_persistent=1 (+2.44); inside_industrial=1 (+1.90); dist_thermal_plant_km=6.81 (+1.02)"}},{"type":"Feature","geometry":{"type":"Point","coordinates":[79.33198,19.96422]},"properties":{"cell_id":"3993_15866","pred_class":"industrial_plant","n_detections":25,"frp_mean":1.2692,"frp_max":3.81,"night_frac":1.0,"first_seen":"2024-01-12","last_seen":"2026-03-27","class_agreement":1.0,"top_reasons":"dist_industrial_km=0.3298 (+3.47); is_persistent=1 (+2.40); inside_industrial=1 (+1.82); dist_thermal_plant_km=6.413 (+1.04)"}},{"type":"Feature","geometry":{"type":"Point","coordinates":[79.33456,19.96391]},"properties":{"cell_id":"3993_15867","pred_class":"industrial_plant","n_detections":210,"frp_mean":1.6721,"frp_max":8.61,"night_frac":0.8095,"first_seen":"2024-01-03","last_seen":"2026-04-16","class_agreement":1.0,"top_reasons":"dist_industrial_km=0.4704 (+3.31); is_persistent=1 (+2.46); inside_industrial=1 (+1.91); dist_thermal_plant_km=6.626 (+1.04)"}},{"type":"Feature","geometry":{"type":"Point","coordinates":[79.17961,19.9964]},"properties":{"cell_id":"3999_15836","pred_class":"thermal_power","n_detections":31,"frp_mean":0.9316,"frp_max":2.18,"night_frac":1.0,"first_seen":"2024-12-10","last_seen":"2026-04-15","class_agreement":1.0,"top_reasons":"dist_thermal_plant_km=1.163 (+9.19); is_persistent=1 (+0.59); dist_power_plant_km=1.137 (+0.40); nearest_plant_mw=25 (+0.18)"}},{"type":"Feature","geometry":{"type":"Point","coordinates":[79.18391,20.00573]},"properties":{"cell_id":"4001_15837","pred_class":"thermal_power","n_detections":64,"frp_mean":0.7662,"frp_max":2.19,"night_frac":1.0,"first_seen":"2024-01-08","last_seen":"2026-04-15","class_agreement":1.0,"top_reasons":"dist_thermal_plant_km=0.06192 (+9.23); is_persistent=1 (+0.59); dist_power_plant_km=0.05647 (+0.32); n_detections=64 (+0.14)"}},{"type":"Feature","geometry":{"type":"Point","coordinates":[79.04107,20.0794]},"properties":{"cell_id":"4016_15808","pred_class":"gas_flare","n_detections":17,"frp_mean":1.1918,"frp_max":3.49,"night_frac":0.9412,"first_seen":"2025-05-10","last_seen":"2025-12-23","class_agreement":1.0,"top_reasons":"is_persistent=1 (+0.82); n_detections=17 (+0.38); dist_any_industry_km=8.587 (-0.38); dist_industrial_km=8.587 (+0.34)"}},{"type":"Feature","geometry":{"type":"Point","coordinates":[79.02662,20.1139]},"properties":{"cell_id":"4023_15805","pred_class":"gas_flare","n_detections":18,"frp_mean":1.9383,"frp_max":5.97,"night_frac":1.0,"first_seen":"2024-02-16","last_seen":"2025-05-10","class_agreement":1.0,"top_reasons":"is_persistent=1 (+0.79); dist_industrial_km=9.386 (+0.58); dist_any_industry_km=9.386 (-0.49); inside_industrial=0 (+0.45)"}},{"type":"Feature","geometry":{"type":"Point","coordinates":[79.1114,20.1299]},"properties":{"cell_id":"4026_15822","pred_class":"gas_flare","n_detections":52,"frp_mean":0.8319,"frp_max":1.6,"night_frac":1.0,"first_seen":"2024-04-16","last_seen":"2026-03-20","class_agreement":0.8654,"top_reasons":"is_persistent=1 (+0.69); dist_any_industry_km=12.76 (-0.68); dist_industrial_km=12.76 (+0.67); month_entropy=0.8053 (+0.42)"}},{"type":"Feature","geometry":{"type":"Point","coordinates":[79.11321,20.13001]},"properties":{"cell_id":"4026_15823","pred_class":"gas_flare","n_detections":32,"frp_mean":0.7266,"frp_max":2.78,"night_frac":1.0,"first_seen":"2024-12-12","last_seen":"2026-03-04","class_agreement":0.5312,"top_reasons":"is_persistent=1 (+0.60); dist_industrial_km=12.64 (+0.52); dist_any_industry_km=12.64 (-0.51); month_entropy=0.7956 (+0.35)"}},{"type":"Feature","geometry":{"type":"Point","coordinates":[96.56616,20.18515]},"properties":{"cell_id":"4037_19313","pred_class":"wildfire","n_detections":27,"frp_mean":6.4159,"frp_max":32.56,"night_frac":0.7407,"first_seen":"2024-12-25","last_seen":"2025-04-27","class_agreement":1.0,"top_reasons":"lc_built_5km=0 (+1.44); lc_tree_1km=0.6198 (+1.07); is_persistent=1 (-0.97); dist_refinery_km=1901 (+0.66)"}},{"type":"Feature","geometry":{"type":"Point","coordinates":[96.56915,20.18547]},"properties":{"cell_id":"4037_19314","pred_class":"wildfire","n_detections":25,"frp_mean":6.44,"frp_max":40.8,"night_frac":0.52,"first_seen":"2024-12-20","last_seen":"2025-04-28","class_agreement":1.0,"top_reasons":"lc_built_5km=0 (+1.45); is_persistent=1 (-1.26); lc_tree_1km=0.405 (+0.76); dist_refinery_km=1901 (+0.65)"}},{"type":"Feature","geometry":{"type":"Point","coordinates":[72.81048,20.21082]},"properties":{"cell_id":"4042_14562","pred_class":"gas_flare","n_detections":30,"frp_mean":1.112,"frp_max":2.09,"night_frac":1.0,"first_seen":"2024-01-18","last_seen":"2026-01-24","class_agreement":1.0,"top_reasons":"is_persistent=1 (+0.78); dist_industrial_km=3.509 (+0.74); dist_any_industry_km=3.509 (-0.50); inside_mining=0 (+0.41)"}},{"type":"Feature","geometry":{"type":"Point","coordinates":[72.81314,20.21068]},"properties":{"cell_id":"4042_14563","pred_class":"gas_flare","n_detections":17,"frp_mean":1.6388,"frp_max":5.09,"night_frac":1.0,"first_seen":"2024-01-28","last_seen":"2025-12-27","class_agreement":0.8824,"top_reasons":"is_persistent=1 (+0.87); dist_industrial_km=3.233 (+0.74); dist_any_industry_km=3.233 (-0.48); inside_mining=0 (+0.45)"}},{"type":"Feature","geometry":{"type":"Point","coordinates":[86.60568,20.24099]},"properties":{"cell_id":"4048_17321","pred_class":"gas_flare","n_detections":19,"frp_mean":2.2068,"frp_max":6.09,"night_frac":0.9474,"first_seen":"2024-01-01","last_seen":"2026-04-02","class_agreement":1.0,"top_reasons":"is_persistent=1 (+2.16); dist_flare_km=0.2376 (+1.60); lc_water_5km=0.4132 (+0.98); dist_thermal_plant_km=155.9 (+0.88)"}},{"type":"Feature","geometry":{"type":"Point","coordinates":[86.60586,20.2438]},"properties":{"cell_id":"4049_17321","pred_class":"gas_flare","n_detections":25,"frp_mean":2.6388,"frp_max":6.93,"night_frac":1.0,"first_seen":"2024-01-01","last_seen":"2026-01-20","class_agreement":1.0,"top_reasons":"is_persistent=1 (+2.11); dist_flare_km=0.2178 (+1.62); dist_thermal_plant_km=155.8 (+1.07); lc_water_5km=0.3921 (+0.97)"}},{"type":"Feature","geometry":{"type":"Point","coordinates":[72.94933,20.35572]},"properties":{"cell_id":"4071_14590","pred_class":"industrial_plant","n_detections":79,"frp_mean":1.2044,"frp_max":3.19,"night_frac":1.0,"first_seen":"2024-01-12","last_seen":"2026-04-26","class_agreement":1.0,"top_reasons":"dist_industrial_km=1.043 (+4.92); is_persistent=1 (+2.41); dist_thermal_plant_km=49.33 (+0.92); dist_mining_km=11.99 (+0.70)"}},{"type":"Feature","geometry":{"type":"Point","coordinates":[85.72469,20.51502]},"properties":{"cell_id":"4103_17145","pred_class":"industrial_plant","n_detections":83,"frp_mean":1.0069,"frp_max":1.6,"night_frac":1.0,"first_seen":"2024-01-05","last_seen":"2026-04-01","class_agreement":1.0,"top_reasons":"dist_industrial_km=0.1886 (+2.61); is_persistent=1 (+2.53); inside_industrial=1 (+2.16); dist_thermal_plant_km=61.84 (+1.00)"}},{"type":"Feature","geometry":{"type":"Point","coordinates":[85.90648,20.53179]},"properties":{"cell_id":"4106_17181","pred_class":"industrial_plant","n_detections":23,"frp_mean":0.9748,"frp_max":3.3,"night_frac":0.9565,"first_seen":"2024-12-21","last_seen":"2026-04-10","class_agreement":1.0,"top_reasons":"dist_industrial_km=0.8605 (+5.05); is_persistent=1 (+2.49); dist_thermal_plant_km=76.4 (+0.89); dist_mining_km=29.65 (+0.71)"}},{"type":"Feature","geometry":{"type":"Point","coordinates":[85.90873,20.5316]},"properties":{"cell_id":"4106_17182","pred_class":"industrial_plant","n_detections":26,"frp_mean":1.8712,"frp_max":4.7,"night_frac":0.7308,"first_seen":"2024-12-27","last_seen":"2026-04-21","class_agreement":1.0,"top_reasons":"dist_industrial_km=0.6259 (+5.07); is_persistent=1 (+2.50); dist_thermal_plant_km=76.62 (+0.91); dist_mining_km=29.51 (+0.69)"}},{"type":"Feature","geometry":{"type":"Point","coordinates":[85.90643,20.53358]},"properties":{"cell_id":"4107_17181","pred_class":"industrial_plant","n_detections":17,"frp_mean":1.7924,"frp_max":5.79,"night_frac":0.8235,"first_seen":"2025-02-24","last_seen":"2026-03-31","class_agreement":1.0,"top_reasons":"dist_industrial_km=0.8961 (+5.03); is_persistent=1 (+2.44); dist_thermal_plant_km=76.3 (+0.86); dist_mining_km=29.51 (+0.70)"}},{"type":"Feature","geometry":{"type":"Point","coordinates":[85.90884,20.5337]},"properties":{"cell_id":"4107_17182","pred_class":"industrial_plant","n_detections":26,"frp_mean":1.9492,"frp_max":5.5,"night_frac":0.6923,"first_seen":"2024-01-08","last_seen":"2026-04-10","class_agreement":1.0,"top_reasons":"dist_industrial_km=0.6613 (+5.00); is_persistent=1 (+2.50); dist_thermal_plant_km=76.51 (+0.91); dist_mining_km=29.33 (+0.69)"}},{"type":"Feature","geometry":{"type":"Point","coordinates":[85.73929,20.56901]},"properties":{"cell_id":"4114_17148","pred_class":"gas_flare","n_detections":15,"frp_mean":0.6393,"frp_max":1.15,"night_frac":1.0,"first_seen":"2024-11-09","last_seen":"2026-02-25","class_agreement":1.0,"top_reasons":"is_persistent=1 (+1.44); dist_industrial_km=2.423 (+0.96); dist_any_industry_km=2.423 (+0.53); inside_mining=0 (+0.42)"}},{"type":"Feature","geometry":{"type":"Point","coordinates":[78.49357,20.65897]},"properties":{"cell_id":"4132_15699","pred_class":"industrial_plant","n_detections":28,"frp_mean":1.0307,"frp_max":1.32,"night_frac":1.0,"first_seen":"2025-10-15","last_seen":"2026-04-09","class_agreement":1.0,"top_reasons":"dist_industrial_km=0.2038 (+5.03); is_persistent=1 (+2.49); dist_thermal_plant_km=15.64 (+0.89); dist_mining_km=34.98 (+0.77)"}},{"type":"Feature","geometry":{"type":"Point","coordinates":[78.63627,20.6962]},"properties":{"cell_id":"4139_15727","pred_class":"thermal_power","n_detections":80,"frp_mean":1.4095,"frp_max":4.46,"night_frac":1.0,"first_seen":"2024-01-11","last_seen":"2026-04-25","class_agreement":1.0,"top_reasons":"dist_thermal_plant_km=0.2326 (+9.22); is_persistent=1 (+0.58); dist_power_plant_km=1.456 (+0.36); nearest_plant_mw=80 (+0.17)"}},{"type":"Feature","geometry":{"type":"Point","coordinates":[78.63818,20.69581]},"properties":{"cell_id":"4139_15728","pred_class":"thermal_power","n_detections":54,"frp_mean":1.5389,"frp_max":7.13,"night_frac":0.9815,"first_seen":"2024-01-03","last_seen":"2026-04-15","class_agreement":1.0,"top_reasons":"dist_thermal_plant_km=0.07383 (+9.22); is_persistent=1 (+0.57); dist_power_plant_km=1.603 (+0.35); nearest_plant_mw=80 (+0.16)"}},{"type":"Feature","geometry":{"type":"Point","coordinates":[78.62086,20.70161]},"properties":{"cell_id":"4140_15724","pred_class":"thermal_power","n_detections":49,"frp_mean":1.519,"frp_max":4.55,"night_frac":0.898,"first_seen":"2024-02-05","last_seen":"2026-04-16","class_agreement":1.0,"top_reasons":"dist_thermal_plant_km=1.924 (+9.22); is_persistent=1 (+0.59); dist_power_plant_km=1.068 (+0.29); nearest_plant_mw=80 (+0.16)"}},{"type":"Feature","geometry":{"type":"Point","coordinates":[78.63621,20.69822]},"properties":{"cell_id":"4140_15727","pred_class":"thermal_power","n_detections":35,"frp_mean":1.4723,"frp_max":3.57,"night_frac":0.9714,"first_seen":"2024-01-21","last_seen":"2026-04-11","class_agreement":1.0,"top_reasons":"dist_thermal_plant_km=0.3128 (+9.14); is_persistent=1 (+0.58); dist_power_plant_km=1.265 (+0.35); nearest_plant_mw=80 (+0.17)"}},{"type":"Feature","geometry":{"type":"Point","coordinates":[78.62091,20.70415]},"properties":{"cell_id":"4141_15724","pred_class":"thermal_power","n_detections":117,"frp_mean":1.8207,"frp_max":15.89,"night_frac":0.8974,"first_seen":"2024-01-01","last_seen":"2026-04-14","class_agreement":1.0,"top_reasons":"dist_thermal_plant_km=2.022 (+9.21); is_persistent=1 (+0.56); dist_power_plant_km=0.9199 (+0.46); nearest_plant_mw=80 (+0.14)"}},{"type":"Feature","geometry":{"type":"Point","coordinates":[78.62348,20.70469]},"properties":{"cell_id":"4141_15725","pred_class":"thermal_power","n_detections":53,"frp_mean":2.0762,"frp_max":10.51,"night_frac":0.8302,"first_seen":"2024-02-04","last_seen":"2026-04-10","class_agreement":1.0,"top_reasons":"dist_thermal_plant_km=1.814 (+9.21); dist_power_plant_km=0.6523 (+0.55); is_persistent=1 (+0.54); n_detections=53 (+0.12)"}},{"type":"Feature","geometry":{"type":"Point","coordinates":[85.29121,20.76056]},"properties":{"cell_id":"4152_17058","pred_class":"gas_flare","n_detections":244,"frp_mean":1.7976,"frp_max":9.24,"night_frac":0.9795,"first_seen":"2024-01-04","last_seen":"2026-04-26","class_agreement":1.0,"top_reasons":"is_persistent=1 (+0.81); dist_industrial_km=6.081 (+0.68); dist_any_industry_km=6.081 (-0.62); inside_industrial=0 (+0.53)"}},{"type":"Feature","geometry":{"type":"Point","coordinates":[85.29484,20.76036]},"properties":{"cell_id":"4152_17059","pred_class":"gas_flare","n_detections":598,"frp_mean":2.1085,"frp_max":9.76,"night_frac":0.9415,"first_seen":"2024-01-02","last_seen":"2026-04-26","class_agreement":1.0,"top_reasons":"is_persistent=1 (+0.85); dist_any_industry_km=6.322 (-0.64); dist_industrial_km=6.322 (+0.63); inside_industrial=0 (+0.55)"}},{"type":"Feature","geometry":{"type":"Point","coordinates":[85.2988,20.76023]},"properties":{"cell_id":"4152_17060","pred_class":"gas_flare","n_detections":263,"frp_mean":2.4976,"frp_max":9.64,"night_frac":0.7643,"first_seen":"2024-12-08","last_seen":"2026-04-27","class_agreement":1.0,"top_reasons":"is_persistent=1 (+0.79); dist_industrial_km=6.592 (+0.65); dist_any_industry_km=6.592 (-0.60); inside_industrial=0 (+0.46)"}},{"type":"Feature","geometry":{"type":"Point","coordinates":[85.29095,20.76324]},"properties":{"cell_id":"4153_17058","pred_class":"gas_flare","n_detections":33,"frp_mean":1.5591,"frp_max":3.78,"night_frac":1.0,"first_seen":"2024-01-03","last_seen":"2026-04-25","class_agreement":1.0,"top_reasons":"is_persistent=1 (+0.78); dist_industrial_km=5.823 (+0.62); dist_any_industry_km=5.823 (-0.60); inside_mining=0 (+0.41)"}},{"type":"Feature","geometry":{"type":"Point","coordinates":[85.29442,20.76322]},"properties":{"cell_id":"4153_17059","pred_class":"gas_flare","n_detections":85,"frp_mean":1.9047,"frp_max":5.4,"night_frac":0.9882,"first_seen":"2024-01-01","last_seen":"2026-04-23","class_agreement":1.0,"top_reasons":"is_persistent=1 (+0.74); dist_industrial_km=6.046 (+0.60); dist_any_industry_km=6.046 (-0.56); inside_industrial=0 (+0.42)"}},{"type":"Feature","geometry":{"type":"Point","coordinates":[85.29853,20.76297]},"properties":{"cell_id":"4153_17060","pred_class":"gas_flare","n_detections":17,"frp_mean":1.42,"frp_max":2.8,"night_frac":1.0,"first_seen":"2024-05-28","last_seen":"2026-04-24","class_agreement":1.0,"top_reasons":"is_persistent=1 (+0.86); dist_industrial_km=6.344 (+0.57); dist_any_industry_km=6.344 (-0.44); inside_industrial=0 (+0.44)"}},{"type":"Feature","geometry":{"type":"Point","coordinates":[85.33932,20.77472]},"properties":{"cell_id":"4155_17068","pred_class":"gas_flare","n_detections":41,"frp_mean":0.7134,"frp_max":1.4,"night_frac":1.0,"first_seen":"2025-08-27","last_seen":"2026-03-31","class_agreement":1.0,"top_reasons":"is_persistent=1 (+0.58); dist_industrial_km=8.005 (+0.54); dist_any_industry_km=8.005 (-0.47); month_entropy=0.7259 (+0.44)"}},{"type":"Feature","geometry":{"type":"Point","coordinates":[85.25638,20.78452]},"properties":{"cell_id":"4157_17051","pred_class":"industrial_plant","n_detections":59,"frp_mean":1.8866,"frp_max":5.1,"night_frac":0.9661,"first_seen":"2024-01-07","last_seen":"2026-03-31","class_agreement":1.0,"top_reasons":"inside_industrial=1 (+5.37); is_persistent=1 (+1.73); dist_mining_km=20.29 (+1.00); dist_industrial_km=2.33 (-0.53)"}},{"type":"Feature","geometry":{"type":"Point","coordinates":[85.26055,20.78563]},"properties":{"cell_id":"4157_17052","pred_class":"industrial_plant","n_detections":530,"frp_mean":2.2529,"frp_max":8.34,"night_frac":0.917,"first_seen":"2024-01-01","last_seen":"2026-04-25","class_agreement":1.0,"top_reasons":"inside_industrial=1 (+3.54); is_persistent=1 (+2.23); dist_thermal_plant_km=9.406 (+0.80); dist_industrial_km=2.221 (+0.79)"}},{"type":"Feature","geometry":{"type":"Point","coordinates":[85.26475,20.78561]},"properties":{"cell_id":"4157_17053","pred_class":"industrial_plant","n_detections":567,"frp_mean":2.0819,"frp_max":9.77,"night_frac":0.8995,"first_seen":"2024-01-01","last_seen":"2026-04-27","class_agreement":1.0,"top_reasons":"inside_industrial=1 (+5.80); is_persistent=1 (+1.77); dist_mining_km=20.7 (+1.03); dist_industrial_km=2.32 (-0.51)"}},{"type":"Feature","geometry":{"type":"Point","coordinates":[85.26822,20.78586]},"properties":{"cell_id":"4157_17054","pred_class":"industrial_plant","n_detections":87,"frp_mean":1.7821,"frp_max":7.45,"night_frac":0.8851,"first_seen":"2024-01-08","last_seen":"2026-04-25","class_agreement":1.0,"top_reasons":"inside_industrial=1 (+5.68); is_persistent=1 (+1.72); dist_mining_km=20.9 (+1.01); dist_industrial_km=2.433 (-0.59)"}},{"type":"Feature","geometry":{"type":"Point","coordinates":[85.25154,20.79173]},"properties":{"cell_id":"4158_17050","pred_class":"industrial_plant","n_detections":81,"frp_mean":2.5068,"frp_max":6.1,"night_frac":0.9753,"first_seen":"2024-01-02","last_seen":"2026-04-09","class_agreement":1.0,"top_reasons":"dist_industrial_km=1.656 (+2.72); is_persistent=1 (+2.52); inside_industrial=1 (+2.26); dist_thermal_plant_km=8.853 (+1.03)"}},{"type":"Feature","geometry":{"type":"Point","coordinates":[85.25493,20.79136]},"properties":{"cell_id":"4158_17051","pred_class":"industrial_plant","n_detections":245,"frp_mean":3.0669,"frp_max":11.03,"night_frac":0.8163,"first_seen":"2024-01-05","last_seen":"2026-04-17","class_agreement":1.0,"top_reasons":"is_persistent=1 (+2.51); dist_industrial_km=1.592 (+2.39); inside_industrial=1 (+2.35); dist_thermal_plant_km=8.836 (+1.02)"}},{"type":"Feature","geometry":{"type":"Point","coordinates":[85.25999,20.78944]},"properties":{"cell_id":"4158_17052","pred_class":"industrial_plant","n_detections":455,"frp_mean":2.5047,"frp_max":11.06,"night_frac":0.8813,"first_seen":"2024-01-01","last_seen":"2026-04-27","class_agreement":1.0,"top_reasons":"is_persistent=1 (+2.50); inside_industrial=1 (+2.34); dist_industrial_km=1.793 (+2.27); dist_thermal_plant_km=8.988 (+1.01)"}},{"type":"Feature","geometry":{"type":"Point","coordinates":[85.26502,20.78862]},"properties":{"cell_id":"4158_17053","pred_class":"industrial_plant","n_detections":257,"frp_mean":1.9811,"frp_max":11.04,"night_frac":0.9339,"first_seen":"2024-01-01","last_seen":"2026-04-24","class_agreement":1.0,"top_reasons":"inside_industrial=1 (+3.40); is_persistent=1 (+2.23); dist_industrial_km=2.016 (+0.96); dist_thermal_plant_km=9.052 (+0.80)"}},{"type":"Feature","geometry":{"type":"Point","coordinates":[85.26857,20.78883]},"properties":{"cell_id":"4158_17054","pred_class":"industrial_plant","n_detections":68,"frp_mean":1.7238,"frp_max":6.93,"night_frac":0.8824,"first_seen":"2024-02-01","last_seen":"2026-04-09","class_agreement":1.0,"top_reasons":"inside_industrial=1 (+3.03); is_persistent=1 (+2.27); dist_industrial_km=2.16 (+1.76); dist_thermal_plant_km=9.026 (+0.86)"}},{"type":"Feature","geometry":{"type":"Point","coordinates":[85.25139,20.79478]},"properties":{"cell_id":"4159_17050","pred_class":"industrial_plant","n_detections":358,"frp_mean":3.5227,"frp_max":11.82,"night_frac":0.919,"first_seen":"2024-01-04","last_seen":"2026-04-19","class_agreement":1.0,"top_reasons":"is_persistent=1 (+2.50); dist_industrial_km=1.357 (+2.48); inside_industrial=1 (+2.36); dist_thermal_plant_km=8.522 (+1.02)"}},{"type":"Feature","geometry":{"type":"Point","coordinates":[85.25467,20.79477]},"properties":{"cell_id":"4159_17051","pred_class":"industrial_plant","n_detections":1077,"frp_mean":4.9967,"frp_max":18.11,"night_frac":0.5887,"first_seen":"2024-01-01","last_seen":"2026-04-27","class_agreement":1.0,"top_reasons":"is_persistent=1 (+2.50); inside_industrial=1 (+2.38); dist_industrial_km=1.228 (+2.27); dist_thermal_plant_km=8.464 (+1.02)"}},{"type":"Feature","geometry":{"type":"Point","coordinates":[85.25906,20.79579]},"properties":{"cell_id":"4159_17052","pred_class":"industrial_plant","n_detections":154,"frp_mean":2.5194,"frp_max":16.03,"night_frac":0.9091,"first_seen":"2024-01-01","last_seen":"2026-04-21","class_agreement":1.0,"top_reasons":"is_persistent=1 (+2.51); dist_industrial_km=1.081 (+2.39); inside_industrial=1 (+2.31); dist_thermal_plant_km=8.294 (+1.02)"}},{"type":"Feature","geometry":{"type":"Point","coordinates":[85.25516,20.79825]},"properties":{"cell_id":"4160_17051","pred_class":"industrial_plant","n_detections":79,"frp_mean":2.0914,"frp_max":5.2,"night_frac":1.0,"first_seen":"2024-01-02","last_seen":"2026-04-06","class_agreement":1.0,"top_reasons":"dist_industrial_km=0.8431 (+2.65); is_persistent=1 (+2.51); inside_industrial=1 (+2.29); dist_thermal_plant_km=8.074 (+1.03)"}},{"type":"Feature","geometry":{"type":"Point","coordinates":[85.25918,20.79899]},"properties":{"cell_id":"4160_17052","pred_class":"industrial_plant","n_detections":187,"frp_mean":2.278,"frp_max":9.2,"night_frac":0.8503,"first_seen":"2024-01-01","last_seen":"2026-04-16","class_agreement":1.0,"top_reasons":"is_persistent=1 (+2.51); dist_industrial_km=0.7307 (+2.42); inside_industrial=1 (+2.32); dist_thermal_plant_km=7.938 (+1.03)"}},{"type":"Feature","geometry":{"type":"Point","coordinates":[85.25599,20.80551]},"properties":{"cell_id":"4161_17051","pred_class":"industrial_plant","n_detections":465,"frp_mean":2.4039,"frp_max":7.44,"night_frac":0.9226,"first_seen":"2024-01-01","last_seen":"2026-04-27","class_agreement":1.0,"top_reasons":"dist_industrial_km=0.1854 (+2.59); is_persistent=1 (+2.49); inside_industrial=1 (+2.29); dist_thermal_plant_km=7.263 (+1.04)"}},{"type":"Feature","geometry":{"type":"Point","coordinates":[85.25848,20.80549]},"properties":{"cell_id":"4161_17052","pred_class":"industrial_plant","n_detections":274,"frp_mean":2.4355,"frp_max":7.84,"night_frac":0.8321,"first_seen":"2024-01-04","last_seen":"2026-04-27","class_agreement":1.0,"top_reasons":"dist_industrial_km=0.07452 (+2.68); is_persistent=1 (+2.47); inside_industrial=1 (+2.25); dist_thermal_plant_km=7.229 (+1.04)"}},{"type":"Feature","geometry":{"type":"Point","coordinates":[85.25571,20.80877]},"properties":{"cell_id":"4162_17051","pred_class":"industrial_plant","n_detections":261,"frp_mean":1.9926,"frp_max":8.15,"night_frac":0.9425,"first_seen":"2024-01-01","last_seen":"2026-04-24","class_agreement":1.0,"top_reasons":"dist_industrial_km=0.4284 (+2.68); is_persistent=1 (+2.50); inside_industrial=1 (+2.23); dist_thermal_plant_km=6.911 (+1.05)"}},{"type":"Feature","geometry":{"type":"Point","coordinates":[85.25831,20.80857]},"properties":{"cell_id":"4162_17052","pred_class":"industrial_plant","n_detections":81,"frp_mean":2.1793,"frp_max":14.85,"night_frac":0.8765,"first_seen":"2024-01-05","last_seen":"2026-04-26","class_agreement":1.0,"top_reasons":"dist_industrial_km=0.3534 (+2.72); is_persistent=1 (+2.50); inside_industrial=1 (+2.26); dist_thermal_plant_km=6.892 (+1.04)"}},{"type":"Feature","geometry":{"type":"Point","coordinates":[86.96466,20.82059]},"properties":{"cell_id":"4164_17393","pred_class":"industrial_plant","n_detections":24,"frp_mean":2.5629,"frp_max":9.31,"night_frac":0.625,"first_seen":"2024-02-22","last_seen":"2024-06-08","class_agreement":1.0,"top_reasons":"dist_industrial_km=1.198 (+3.01); is_persistent=1 (+2.31); inside_industrial=1 (+1.71); dist_thermal_plant_km=116.5 (+0.89)"}},{"type":"Feature","geometry":{"type":"Point","coordinates":[86.96042,20.82481]},"properties":{"cell_id":"4165_17392","pred_class":"industrial_plant","n_detections":31,"frp_mean":1.6316,"frp_max":5.95,"night_frac":0.8387,"first_seen":"2024-02-03","last_seen":"2026-04-09","class_agreement":1.0,"top_reasons":"dist_industrial_km=0.811 (+3.23); is_persistent=1 (+2.38); inside_industrial=1 (+1.89); dist_thermal_plant_km=115.9 (+0.94)"}},{"type":"Feature","geometry":{"type":"Point","coordinates":[86.96123,20.82932]},"properties":{"cell_id":"4166_17392","pred_class":"industrial_plant","n_detections":78,"frp_mean":2.3535,"frp_max":10.56,"night_frac":0.8462,"first_seen":"2024-01-11","last_seen":"2026-02-24","class_agreement":1.0,"top_reasons":"dist_industrial_km=0.3566 (+3.24); is_persistent=1 (+2.42); inside_industrial=1 (+1.93); dist_thermal_plant_km=115.6 (+1.01)"}},{"type":"Feature","geometry":{"type":"Point","coordinates":[86.96384,20.82967]},"properties":{"cell_id":"4166_17393","pred_class":"industrial_plant","n_detections":105,"frp_mean":3.667,"frp_max":15.19,"night_frac":0.5048,"first_seen":"2024-01-06","last_seen":"2026-02-23","class_agreement":1.0,"top_reasons":"dist_industrial_km=0.1861 (+3.19); is_persistent=1 (+2.43); inside_industrial=1 (+1.88); dist_thermal_plant_km=115.7 (+0.99)"}},{"type":"Feature","geometry":{"type":"Point","coordinates":[70.6915,20.83472]},"properties":{"cell_id":"4167_14138","pred_class":"industrial_plant","n_detections":23,"frp_mean":1.2117,"frp_max":1.91,"night_frac":1.0,"first_seen":"2024-01-10","last_seen":"2026-01-13","class_agreement":1.0,"top_reasons":"dist_industrial_km=0.04718 (+3.55); is_persistent=1 (+2.40); inside_industrial=1 (+1.72); dist_thermal_plant_km=81.13 (+1.01)"}},{"type":"Feature","geometry":{"type":"Point","coordinates":[70.69402,20.83512]},"properties":{"cell_id":"4167_14139","pred_class":"industrial_plant","n_detections":77,"frp_mean":1.1538,"frp_max":11.55,"night_frac":0.987,"first_seen":"2024-01-02","last_seen":"2026-04-05","class_agreement":1.0,"top_reasons":"dist_industrial_km=0.2724 (+3.55); is_persistent=1 (+2.34); inside_industrial=1 (+1.75); dist_thermal_plant_km=80.86 (+0.98)"}},{"type":"Feature","geometry":{"type":"Point","coordinates":[86.96105,20.83509]},"properties":{"cell_id":"4167_17392","pred_class":"industrial_plant","n_detections":52,"frp_mean":2.22,"frp_max":8.63,"night_frac":0.6923,"first_seen":"2024-04-28","last_seen":"2026-04-21","class_agreement":1.0,"top_reasons":"dist_industrial_km=0.5111 (+3.28); is_persistent=1 (+2.41); inside_industrial=1 (+1.86); dist_thermal_plant_km=115.1 (+1.00)"}},{"type":"Feature","geometry":{"type":"Point","coordinates":[86.96331,20.83542]},"properties":{"cell_id":"4167_17393","pred_class":"industrial_plant","n_detections":24,"frp_mean":2.6587,"frp_max":6.93,"night_frac":0.5833,"first_seen":"2024-01-11","last_seen":"2026-04-17","class_agreement":1.0,"top_reasons":"dist_industrial_km=0.4578 (+3.13); is_persistent=1 (+2.40); inside_industrial=1 (+1.85); dist_thermal_plant_km=115.2 (+0.99)"}},{"type":"Feature","geometry":{"type":"Point","coordinates":[70.56534,20.86681]},"properties":{"cell_id":"4173_14113","pred_class":"mining","n_detections":21,"frp_mean":0.9029,"frp_max":2.05,"night_frac":1.0,"first_seen":"2024-01-13","last_seen":"2026-04-13","class_agreement":1.0,"top_reasons":"dist_mining_km=0.9187 (+9.24); dist_thermal_plant_km=93.98 (+0.32); dist_power_plant_km=13.55 (+0.08); dist_flare_km=176.2 (+0.08)"}},{"type":"Feature","geometry":{"type":"Point","coordinates":[84.98662,20.86527]},"properties":{"cell_id":"4173_16997","pred_class":"industrial_plant","n_detections":28,"frp_mean":1.7818,"frp_max":4.11,"night_frac":1.0,"first_seen":"2025-05-04","last_seen":"2026-04-23","class_agreement":1.0,"top_reasons":"dist_industrial_km=1.506 (+3.65); is_persistent=1 (+2.44); inside_industrial=1 (+1.76); dist_thermal_plant_km=23.45 (+1.03)"}},{"type":"Feature","geometry":{"type":"Point","coordinates":[84.99047,20.86532]},"properties":{"cell_id":"4173_16998","pred_class":"industrial_plant","n_detections":409,"frp_mean":1.9653,"frp_max":7.18,"night_frac":0.9291,"first_seen":"2024-01-01","last_seen":"2026-04-26","class_agreement":1.0,"top_reasons":"dist_industrial_km=1.27 (+3.49); is_persistent=1 (+2.44); inside_industrial=1 (+1.85); dist_thermal_plant_km=23.05 (+1.05)"}},{"type":"Feature","geometry":{"type":"Point","coordinates":[84.99456,20.86503]},"properties":{"cell_id":"4173_16999","pred_class":"industrial_plant","n_detections":447,"frp_mean":2.067,"frp_max":10.29,"night_frac":0.8904,"first_seen":"2024-01-02","last_seen":"2026-04-26","class_agreement":1.0,"top_reasons":"dist_industrial_km=1.164 (+3.50); is_persistent=1 (+2.47); inside_industrial=1 (+1.84); dist_thermal_plant_km=22.65 (+1.05)"}},{"type":"Feature","geometry":{"type":"Point","coordinates":[84.99833,20.86549]},"properties":{"cell_id":"4173_17000","pred_class":"industrial_plant","n_detections":20,"frp_mean":3.093,"frp_max":6.29,"night_frac":0.45,"first_seen":"2024-02-12","last_seen":"2026-04-17","class_agreement":1.0,"top_reasons":"dist_industrial_km=1.12 (+3.68); is_persistent=1 (+2.45); inside_industrial=1 (+1.58); dist_thermal_plant_km=22.25 (+1.00)"}},{"type":"Feature","geometry":{"type":"Point","coordinates":[96.39032,20.86658]},"properties":{"cell_id":"4173_19278","pred_class":"wildfire","n_detections":52,"frp_mean":1.536,"frp_max":37.33,"night_frac":0.9808,"first_seen":"2024-01-18","last_seen":"2026-04-24","class_agreement":1.0,"top_reasons":"lc_built_5km=0.007603 (-3.24); dist_refinery_km=1914 (+2.11); n_detections=52 (-1.57); lc_tree_1km=0.4876 (+1.46)"}},{"type":"Feature","geometry":{"type":"Point","coordinates":[70.56521,20.86832]},"properties":{"cell_id":"4174_14113","pred_class":"industrial_plant","n_detections":49,"frp_mean":0.8004,"frp_max":2.24,"night_frac":1.0,"first_seen":"2024-01-23","last_seen":"2026-04-23","class_agreement":1.0,"top_reasons":"dist_industrial_km=0.416 (+3.46); is_persistent=1 (+2.16); inside_industrial=1 (+1.69); dist_thermal_plant_km=93.99 (+0.82)"}},{"type":"Feature","geometry":{"type":"Point","coordinates":[84.99031,20.86863]},"properties":{"cell_id":"4174_16998","pred_class":"industrial_plant","n_detections":206,"frp_mean":2.0876,"frp_max":15.71,"night_frac":0.9126,"first_seen":"2024-01-03","last_seen":"2026-04-26","class_agreement":1.0,"top_reasons":"dist_industrial_km=0.9725 (+3.59); is_persistent=1 (+2.48); inside_industrial=1 (+1.81); dist_thermal_plant_km=22.99 (+1.06)"}},{"type":"Feature","geometry":{"type":"Point","coordinates":[84.99491,20.86983]},"properties":{"cell_id":"4174_16999","pred_class":"industrial_plant","n_detections":184,"frp_mean":3.4834,"frp_max":15.71,"night_frac":0.712,"first_seen":"2024-01-08","last_seen":"2026-04-21","class_agreement":1.0,"top_reasons":"dist_industrial_km=0.6328 (+3.53); is_persistent=1 (+2.47); inside_industrial=1 (+1.83); dist_thermal_plant_km=22.5 (+1.05)"}},{"type":"Feature","geometry":{"type":"Point","coordinates":[84.99834,20.86969]},"properties":{"cell_id":"4174_17000","pred_class":"industrial_plant","n_detections":16,"frp_mean":4.0706,"frp_max":12.89,"night_frac":0.625,"first_seen":"2024-05-28","last_seen":"2026-04-16","class_agreement":1.0,"top_reasons":"dist_industrial_km=0.6683 (+3.60); is_persistent=1 (+2.44); inside_industrial=1 (+1.61); dist_thermal_plant_km=22.15 (+1.00)"}},{"type":"Feature","geometry":{"type":"Point","coordinates":[96.3905,20.86828]},"properties":{"cell_id":"4174_19278","pred_class":"wildfire","n_detections":50,"frp_mean":0.7806,"frp_max":1.45,"night_frac":1.0,"first_seen":"2024-01-08","last_seen":"2026-04-10","class_agreement":1.0,"top_reasons":"lc_built_5km=0.008595 (-3.24); dist_refinery_km=1914 (+2.11); n_detections=50 (-1.57); lc_tree_1km=0.4793 (+1.46)"}},{"type":"Feature","geometry":{"type":"Point","coordinates":[84.99079,20.87458]},"properties":{"cell_id":"4175_16998","pred_class":"industrial_plant","n_detections":26,"frp_mean":2.245,"frp_max":11.09,"night_frac":0.9615,"first_seen":"2024-02-03","last_seen":"2026-04-05","class_agreement":1.0,"top_reasons":"dist_industrial_km=0.5767 (+4.98); is_persistent=1 (+2.48); dist_thermal_plant_km=22.82 (+1.04); dist_mining_km=8.286 (+0.73)"}},{"type":"Feature","geometry":{"type":"Point","coordinates":[84.9945,20.8742]},"properties":{"cell_id":"4175_16999","pred_class":"industrial_plant","n_detections":37,"frp_mean":5.0103,"frp_max":22.89,"night_frac":0.6486,"first_seen":"2024-02-03","last_seen":"2026-04-09","class_agreement":1.0,"top_reasons":"dist_industrial_km=0.2263 (+3.83); is_persistent=1 (+2.45); inside_industrial=1 (+1.69); dist_thermal_plant_km=22.45 (+1.08)"}},{"type":"Feature","geometry":{"type":"Point","coordinates":[84.98134,20.88124]},"properties":{"cell_id":"4176_16996","pred_class":"industrial_plant","n_detections":23,"frp_mean":1.6326,"frp_max":4.17,"night_frac":1.0,"first_seen":"2024-02-09","last_seen":"2026-03-03","class_agreement":1.0,"top_reasons":"dist_industrial_km=1.683 (+3.73); is_persistent=1 (+2.48); inside_industrial=1 (+1.80); dist_thermal_plant_km=23.68 (+1.05)"}},{"type":"Feature","geometry":{"type":"Point","coordinates":[84.98083,20.88557]},"properties":{"cell_id":"4177_16996","pred_class":"industrial_plant","n_detections":347,"frp_mean":2.4445,"frp_max":9.6,"night_frac":0.9078,"first_seen":"2024-01-01","last_seen":"2026-04-26","class_agreement":1.0,"top_reasons":"dist_industrial_km=1.209 (+3.49); is_persistent=1 (+2.46); inside_industrial=1 (+1.84); dist_thermal_plant_km=23.67 (+1.05)"}},{"type":"Feature","geometry":{"type":"Point","coordinates":[84.98379,20.88535]},"properties":{"cell_id":"4177_16997","pred_class":"industrial_plant","n_detections":239,"frp_mean":2.7097,"frp_max":8.32,"night_frac":0.7238,"first_seen":"2024-01-02","last_seen":"2026-04-23","class_agreement":1.0,"top_reasons":"dist_industrial_km=1.31 (+3.42); is_persistent=1 (+2.46); inside_industrial=1 (+1.93); dist_thermal_plant_km=23.37 (+1.06)"}},{"type":"Feature","geometry":{"type":"Point","coordinates":[84.99106,20.8866]},"properties":{"cell_id":"4177_16998","pred_class":"industrial_plant","n_detections":15,"frp_mean":2.0467,"frp_max":5.14,"night_frac":1.0,"first_seen":"2024-02-08","last_seen":"2026-02-07","class_agreement":1.0,"top_reasons":"dist_industrial_km=1.36 (+3.61); is_persistent=1 (+2.28); inside_industrial=1 (+1.70); dist_thermal_plant_km=22.6 (+1.00)"}},{"type":"Feature","geometry":{"type":"Point","coordinates":[84.99325,20.88603]},"properties":{"cell_id":"4177_16999","pred_class":"industrial_plant","n_detections":28,"frp_mean":1.8136,"frp_max":6.19,"night_frac":0.9643,"first_seen":"2024-01-25","last_seen":"2026-03-21","class_agreement":1.0,"top_reasons":"dist_industrial_km=1.225 (+3.68); is_persistent=1 (+2.27); inside_industrial=1 (+1.84); dist_thermal_plant_km=22.38 (+1.05)"}},{"type":"Feature","geometry":{"type":"Point","coordinates":[84.98051,20.88916]},"properties":{"cell_id":"4178_16996","pred_class":"industrial_plant","n_detections":357,"frp_mean":2.2041,"frp_max":11.06,"night_frac":0.8936,"first_seen":"2024-01-02","last_seen":"2026-04-26","class_agreement":1.0,"top_reasons":"dist_industrial_km=0.8091 (+4.98); is_persistent=1 (+2.49); dist_thermal_plant_km=23.66 (+1.00); dist_mining_km=7.794 (+0.83)"}},{"type":"Feature","geometry":{"type":"Point","coordinates":[84.98341,20.88881]},"properties":{"cell_id":"4178_16997","pred_class":"industrial_plant","n_detections":117,"frp_mean":2.5928,"frp_max":8.78,"night_frac":0.6667,"first_seen":"2024-02-08","last_seen":"2026-04-24","class_agreement":1.0,"top_reasons":"dist_industrial_km=0.9415 (+4.97); is_persistent=1 (+2.49); dist_thermal_plant_km=23.36 (+1.01); dist_mining_km=7.709 (+0.77)"}},{"type":"Feature","geometry":{"type":"Point","coordinates":[71.45716,20.91034]},"properties":{"cell_id":"4182_14291","pred_class":"thermal_power","n_detections":50,"frp_mean":1.2858,"frp_max":2.96,"night_frac":1.0,"first_seen":"2024-01-02","last_seen":"2026-04-14","class_agreement":1.0,"top_reasons":"dist_thermal_plant_km=1.815 (+9.23); is_persistent=1 (+0.52); dist_power_plant_km=1.497 (+0.43); lc_built_1km=0.6777 (+0.10)"}},{"type":"Feature","geometry":{"type":"Point","coordinates":[71.45955,20.91021]},"properties":{"cell_id":"4182_14292","pred_class":"thermal_power","n_detections":505,"frp_mean":1.438,"frp_max":4.52,"night_frac":0.9743,"first_seen":"2024-01-01","last_seen":"2026-04-27","class_agreement":1.0,"top_reasons":"dist_thermal_plant_km=1.641 (+9.22); is_persistent=1 (+0.56); dist_power_plant_km=1.362 (+0.48); n_detections=505 (+0.12)"}},{"type":"Feature","geometry":{"type":"Point","coordinates":[86.04165,20.92406]},"properties":{"cell_id":"4185_17208","pred_class":"industrial_plant","n_detections":37,"frp_mean":0.8695,"frp_max":2.56,"night_frac":1.0,"first_seen":"2024-01-06","last_seen":"2026-04-12","class_agreement":1.0,"top_reasons":"dist_industrial_km=0.3531 (+3.78); is_persistent=1 (+2.51); inside_industrial=1 (+1.70); dist_thermal_plant_km=77.23 (+1.05)"}},{"type":"Feature","geometry":{"type":"Point","coordinates":[86.04339,20.92369]},"properties":{"cell_id":"4185_17209","pred_class":"industrial_plant","n_detections":47,"frp_mean":0.8983,"frp_max":2.55,"night_frac":1.0,"first_seen":"2024-01-05","last_seen":"2026-04-05","class_agreement":1.0,"top_reasons":"dist_industrial_km=0.5255 (+3.78); is_persistent=1 (+2.51); inside_industrial=1 (+1.73); dist_thermal_plant_km=77.23 (+1.05)"}},{"type":"Feature","geometry":{"type":"Point","coordinates":[86.056,20.94164]},"properties":{"cell_id":"4188_17211","pred_class":"industrial_plant","n_detections":51,"frp_mean":1.5884,"frp_max":3.96,"night_frac":1.0,"first_seen":"2024-01-02","last_seen":"2026-04-27","class_agreement":1.0,"top_reasons":"dist_industrial_km=0.5231 (+3.63); is_persistent=1 (+2.50); inside_industrial=1 (+1.87); dist_thermal_plant_km=74.99 (+1.05)"}},{"type":"Feature","geometry":{"type":"Point","coordinates":[86.06033,20.94097]},"properties":{"cell_id":"4188_17212","pred_class":"industrial_plant","n_detections":194,"frp_mean":1.8484,"frp_max":6.35,"night_frac":0.9278,"first_seen":"2024-01-02","last_seen":"2026-04-25","class_agreement":1.0,"top_reasons":"dist_industrial_km=0.5136 (+3.55); is_persistent=1 (+2.50); inside_industrial=1 (+1.77); dist_thermal_plant_km=74.97 (+1.04)"}},{"type":"Feature","geometry":{"type":"Point","coordinates":[86.06343,20.94109]},"properties":{"cell_id":"4188_17213","pred_class":"industrial_plant","n_detections":38,"frp_mean":1.7321,"frp_max":5.38,"night_frac":0.9211,"first_seen":"2024-02-01","last_seen":"2026-04-26","class_agreement":1.0,"top_reasons":"dist_industrial_km=0.6667 (+3.74); is_persistent=1 (+2.50); inside_industrial=1 (+1.75); dist_thermal_plant_km=74.89 (+1.01)"}},{"type":"Feature","geometry":{"type":"Point","coordinates":[86.05567,20.9438]},"properties":{"cell_id":"4189_17211","pred_class":"industrial_plant","n_detections":117,"frp_mean":1.6338,"frp_max":4.12,"night_frac":1.0,"first_seen":"2024-01-01","last_seen":"2026-01-25","class_agreement":1.0,"top_reasons":"dist_industrial_km=0.3894 (+3.84); is_persistent=1 (+2.48); inside_industrial=1 (+1.73); dist_thermal_plant_km=74.77 (+1.01)"}},{"type":"Feature","geometry":{"type":"Point","coordinates":[86.05987,20.94341]},"properties":{"cell_id":"4189_17212","pred_class":"industrial_plant","n_detections":33,"frp_mean":1.463,"frp_max":2.68,"night_frac":1.0,"first_seen":"2024-01-30","last_seen":"2026-03-01","class_agreement":1.0,"top_reasons":"dist_industrial_km=0.241 (+3.80); is_persistent=1 (+2.52); inside_industrial=1 (+1.74); dist_thermal_plant_km=74.71 (+1.04)"}},{"type":"Feature","geometry":{"type":"Point","coordinates":[85.01036,20.95187]},"properties":{"cell_id":"4190_17002","pred_class":"mining","n_detections":17,"frp_mean":1.5459,"frp_max":4.29,"night_frac":1.0,"first_seen":"2024-01-06","last_seen":"2026-04-25","class_agreement":1.0,"top_reasons":"dist_mining_km=0.184 (+5.08); inside_mining=1 (+4.78); dist_thermal_plant_km=17.4 (+0.25); lc_bare_5km=0.1088 (+0.14)"}},{"type":"Feature","geometry":{"type":"Point","coordinates":[85.01395,20.95197]},"properties":{"cell_id":"4190_17003","pred_class":"mining","n_detections":15,"frp_mean":1.886,"frp_max":8.05,"night_frac":0.8667,"first_seen":"2024-05-28","last_seen":"2026-04-03","class_agreement":1.0,"top_reasons":"dist_mining_km=0.2503 (+5.12); inside_mining=1 (+4.63); dist_thermal_plant_km=17.25 (+0.30); lc_bare_5km=0.1174 (+0.12)"}},{"type":"Feature","geometry":{"type":"Point","coordinates":[86.04653,20.95082]},"properties":{"cell_id":"4190_17209","pred_class":"industrial_plant","n_detections":205,"frp_mean":2.645,"frp_max":11.24,"night_frac":0.8732,"first_seen":"2024-01-04","last_seen":"2026-04-27","class_agreement":1.0,"top_reasons":"dist_industrial_km=0.6508 (+3.50); is_persistent=1 (+2.47); inside_industrial=1 (+1.78); dist_thermal_plant_km=74.22 (+1.05)"}},{"type":"Feature","geometry":{"type":"Point","coordinates":[86.04924,20.95069]},"properties":{"cell_id":"4190_17210","pred_class":"industrial_plant","n_detections":493,"frp_mean":3.1021,"frp_max":24.59,"night_frac":0.6613,"first_seen":"2024-01-01","last_seen":"2026-04-26","class_agreement":1.0,"top_reasons":"dist_industrial_km=0.4406 (+3.30); is_persistent=1 (+2.46); inside_industrial=1 (+1.88); dist_thermal_plant_km=74.17 (+1.07)"}},{"type":"Feature","geometry":{"type":"Point","coordinates":[85.00634,20.95491]},"properties":{"cell_id":"4191_17001","pred_class":"mining","n_detections":95,"frp_mean":1.6254,"frp_max":4.29,"night_frac":1.0,"first_seen":"2024-01-01","last_seen":"2026-04-24","class_agreement":1.0,"top_reasons":"dist_mining_km=0.6054 (+9.16); lc_grass_5km=0.3266 (+0.29); dist_thermal_plant_km=17.25 (+0.27); lc_bare_5km=0.08893 (+0.24)"}},{"type":"Feature","geometry":{"type":"Point","coordinates":[85.01006,20.95511]},"properties":{"cell_id":"4191_17002","pred_class":"mining","n_detections":262,"frp_mean":2.3237,"frp_max":8.48,"night_frac":0.8435,"first_seen":"2024-01-01","last_seen":"2026-04-27","class_agreement":1.0,"top_reasons":"dist_mining_km=0.3029 (+9.06); dist_thermal_plant_km=17.08 (+0.28); lc_bare_5km=0.1088 (+0.21); lc_grass_1km=0.2645 (+0.20)"}},{"type":"Feature","geometry":{"type":"Point","coordinates":[85.01388,20.95516]},"properties":{"cell_id":"4191_17003","pred_class":"mining","n_detections":151,"frp_mean":2.1129,"frp_max":11.02,"night_frac":0.8212,"first_seen":"2024-04-02","last_seen":"2026-04-26","class_agreement":1.0,"top_reasons":"dist_mining_km=0.3357 (+5.09); inside_mining=1 (+4.67); dist_thermal_plant_km=16.92 (+0.33); lc_bare_5km=0.1174 (+0.12)"}},{"type":"Feature","geometry":{"type":"Point","coordinates":[85.14435,20.95676]},"properties":{"cell_id":"4191_17029","pred_class":"mining","n_detections":49,"frp_mean":0.9541,"frp_max":3.68,"night_frac":1.0,"first_seen":"2024-01-10","last_seen":"2026-04-11","class_agreement":1.0,"top_reasons":"inside_mining=1 (+7.07); dist_mining_km=1.558 (+2.16); lc_bare_5km=0.3127 (+0.19); dist_thermal_plant_km=8.353 (+0.19)"}},{"type":"Feature","geometry":{"type":"Point","coordinates":[86.04643,20.95332]},"properties":{"cell_id":"4191_17209","pred_class":"industrial_plant","n_detections":75,"frp_mean":2.0965,"frp_max":5.71,"night_frac":0.8933,"first_seen":"2024-01-04","last_seen":"2026-04-26","class_agreement":1.0,"top_reasons":"dist_industrial_km=0.5768 (+3.49); is_persistent=1 (+2.47); inside_industrial=1 (+1.80); dist_thermal_plant_km=73.95 (+1.07)"}},{"type":"Feature","geometry":{"type":"Point","coordinates":[86.04913,20.9533]},"properties":{"cell_id":"4191_17210","pred_class":"industrial_plant","n_detections":146,"frp_mean":2.5429,"frp_max":12.53,"night_frac":0.7603,"first_seen":"2024-01-01","last_seen":"2026-04-22","class_agreement":1.0,"top_reasons":"dist_industrial_km=0.2981 (+3.40); is_persistent=1 (+2.47); inside_industrial=1 (+1.82); dist_thermal_plant_km=73.89 (+1.08)"}},{"type":"Feature","geometry":{"type":"Point","coordinates":[85.01038,20.95887]},"properties":{"cell_id":"4192_17002","pred_class":"mining","n_detections":81,"frp_mean":2.4496,"frp_max":8.31,"night_frac":0.8395,"first_seen":"2024-02-02","last_seen":"2026-04-27","class_agreement":1.0,"top_reasons":"dist_mining_km=0.6799 (+9.12); dist_thermal_plant_km=16.68 (+0.26); lc_bare_5km=0.1088 (+0.21); lc_grass_1km=0.3388 (+0.20)"}},{"type":"Feature","geometry":{"type":"Point","coordinates":[85.01484,20.95941]},"properties":{"cell_id":"4192_17003","pred_class":"mining","n_detections":104,"frp_mean":1.7737,"frp_max":6.26,"night_frac":0.9519,"first_seen":"2024-05-07","last_seen":"2026-04-24","class_agreement":1.0,"top_reasons":"dist_mining_km=0.7924 (+9.08); dist_thermal_plant_km=16.44 (+0.22); lc_bare_5km=0.1177 (+0.21); lc_grass_1km=0.1653 (+0.20)"}},{"type":"Feature","geometry":{"type":"Point","coordinates":[85.14428,20.95833]},"properties":{"cell_id":"4192_17029","pred_class":"mining","n_detections":55,"frp_mean":0.9575,"frp_max":2.23,"night_frac":1.0,"first_seen":"2024-01-01","last_seen":"2026-04-04","class_agreement":1.0,"top_reasons":"inside_mining=1 (+7.09); dist_mining_km=1.427 (+2.21); lc_bare_5km=0.3147 (+0.20); dist_thermal_plant_km=8.468 (+0.18)"}},{"type":"Feature","geometry":{"type":"Point","coordinates":[85.16146,20.96153]},"properties":{"cell_id":"4192_17032","pred_class":"gas_flare","n_detections":18,"frp_mean":1.4867,"frp_max":3.32,"night_frac":1.0,"first_seen":"2024-03-09","last_seen":"2026-01-28","class_agreement":1.0,"top_reasons":"is_persistent=1 (+1.84); dist_industrial_km=2.419 (+1.50); inside_mining=0 (+0.83); dist_any_industry_km=2.419 (+0.80)"}},{"type":"Feature","geometry":{"type":"Point","coordinates":[85.16499,20.96172]},"properties":{"cell_id":"4192_17033","pred_class":"mining","n_detections":106,"frp_mean":2.0202,"frp_max":6.12,"night_frac":0.9811,"first_seen":"2024-01-01","last_seen":"2026-04-25","class_agreement":1.0,"top_reasons":"inside_mining=1 (+7.34); dist_mining_km=1.32 (+2.42); dist_thermal_plant_km=7.24 (+0.18); lc_bare_5km=0.2797 (+0.14)"}},{"type":"Feature","geometry":{"type":"Point","coordinates":[85.17051,20.96146]},"properties":{"cell_id":"4192_17034","pred_class":"mining","n_detections":243,"frp_mean":2.2229,"frp_max":7.97,"night_frac":0.893,"first_seen":"2024-01-02","last_seen":"2026-04-27","class_agreement":1.0,"top_reasons":"inside_mining=1 (+6.23); dist_mining_km=1.077 (+3.67); lc_water_1km=0.438 (-0.25); dist_thermal_plant_km=6.884 (+0.12)"}},{"type":"Feature","geometry":{"type":"Point","coordinates":[85.17445,20.96124]},"properties":{"cell_id":"4192_17035","pred_class":"mining","n_detections":394,"frp_mean":2.6991,"frp_max":9.96,"night_frac":0.802,"first_seen":"2024-01-02","last_seen":"2026-04-27","class_agreement":1.0,"top_reasons":"inside_mining=1 (+5.16); dist_mining_km=0.675 (+5.03); dist_thermal_plant_km=6.645 (+0.21); lc_grass_5km=0.2863 (+0.10)"}},{"type":"Feature","geometry":{"type":"Point","coordinates":[85.18036,20.96153]},"properties":{"cell_id":"4192_17036","pred_class":"mining","n_detections":36,"frp_mean":2.0181,"frp_max":3.83,"night_frac":0.9722,"first_seen":"2024-01-02","last_seen":"2026-03-30","class_agreement":1.0,"top_reasons":"inside_mining=1 (+5.05); dist_mining_km=0.1087 (+5.04); dist_thermal_plant_km=6.381 (+0.19); lc_bare_5km=0.2245 (+0.12)"}},{"type":"Feature","geometry":{"type":"Point","coordinates":[85.18547,20.96105]},"properties":{"cell_id":"4192_17037","pred_class":"mining","n_detections":192,"frp_mean":2.6595,"frp_max":12.76,"night_frac":0.9062,"first_seen":"2024-01-02","last_seen":"2026-04-25","class_agreement":1.0,"top_reasons":"inside_mining=1 (+4.99); dist_mining_km=0.5049 (+4.97); dist_thermal_plant_km=6.119 (+0.26); lc_grass_5km=0.3243 (+0.14)"}},{"type":"Feature","geometry":{"type":"Point","coordinates":[85.18916,20.96132]},"properties":{"cell_id":"4192_17038","pred_class":"mining","n_detections":188,"frp_mean":3.2002,"frp_max":14.74,"night_frac":0.75,"first_seen":"2024-01-01","last_seen":"2026-04-25","class_agreement":1.0,"top_reasons":"dist_mining_km=0.8737 (+5.15); inside_mining=1 (+4.92); dist_thermal_plant_km=6.017 (+0.24); lc_bare_5km=0.1656 (+0.13)"}},{"type":"Feature","geometry":{"type":"Point","coordinates":[86.00574,20.96159]},"properties":{"cell_id":"4192_17201","pred_class":"industrial_plant","n_detections":136,"frp_mean":2.7138,"frp_max":16.64,"night_frac":0.8162,"first_seen":"2024-01-04","last_seen":"2026-04-27","class_agreement":1.0,"top_reasons":"dist_industrial_km=1.13 (+4.81); is_persistent=1 (+2.48); dist_thermal_plant_km=74.17 (+1.00); dist_mining_km=9.848 (+0.78)"}},{"type":"Feature","geometry":{"type":"Point","coordinates":[86.00967,20.96163]},"properties":{"cell_id":"4192_17202","pred_class":"industrial_plant","n_detections":151,"frp_mean":3.5277,"frp_max":23.63,"night_frac":0.6755,"first_seen":"2024-02-17","last_seen":"2026-04-25","class_agreement":1.0,"top_reasons":"dist_industrial_km=1.02 (+4.89); is_persistent=1 (+2.47); dist_thermal_plant_km=74.04 (+1.00); dist_mining_km=10.23 (+0.78)"}},{"type":"Feature","geometry":{"type":"Point","coordinates":[86.01418,20.9616]},"properties":{"cell_id":"4192_17203","pred_class":"industrial_plant","n_detections":46,"frp_mean":3.1383,"frp_max":11.55,"night_frac":0.8696,"first_seen":"2024-01-15","last_seen":"2026-04-22","class_agreement":1.0,"top_reasons":"dist_industrial_km=1.095 (+4.79); is_persistent=1 (+2.48); dist_thermal_plant_km=73.92 (+1.00); dist_mining_km=10.66 (+0.78)"}},{"type":"Feature","geometry":{"type":"Point","coordinates":[85.01477,20.96481]},"properties":{"cell_id":"4193_17003","pred_class":"mining","n_detections":26,"frp_mean":1.8746,"frp_max":5.67,"night_frac":0.9231,"first_seen":"2024-01-01","last_seen":"2026-04-26","class_agreement":1.0,"top_reasons":"dist_mining_km=1.362 (+2.39); inside_mining=0 (-1.73); lc_grass_5km=0.2919 (+0.31); lc_bare_5km=0.117 (+0.26)"}},{"type":"Feature","geometry":{"type":"Point","coordinates":[85.02008,20.96551]},"properties":{"cell_id":"4193_17004","pred_class":"mining","n_detections":57,"frp_mean":1.8374,"frp_max":5.84,"night_frac":0.8947,"first_seen":"2024-11-25","last_seen":"2026-04-11","class_agreement":1.0,"top_reasons":"dist_mining_km=1.158 (+2.40); inside_mining=0 (-1.73); lc_bare_5km=0.1233 (+0.29); lc_grass_5km=0.3002 (+0.25)"}},{"type":"Feature","geometry":{"type":"Point","coordinates":[85.03039,20.96613]},"properties":{"cell_id":"4193_17006","pred_class":"mining","n_detections":36,"frp_mean":2.4492,"frp_max":6.12,"night_frac":0.8333,"first_seen":"2025-02-14","last_seen":"2026-04-26","class_agreement":1.0,"top_reasons":"dist_mining_km=0.7213 (+9.13); lc_bare_5km=0.1253 (+0.27); dist_thermal_plant_km=15.2 (+0.25); lc_grass_1km=0.281 (+0.20)"}},{"type":"Feature","geometry":{"type":"Point","coordinates":[85.07509,20.96585]},"properties":{"cell_id":"4193_17015","pred_class":"mining","n_detections":35,"frp_mean":1.3591,"frp_max":3.33,"night_frac":0.9714,"first_seen":"2024-02-15","last_seen":"2026-04-11","class_agreement":1.0,"top_reasons":"dist_mining_km=0.9919 (+7.01); inside_mining=0 (-0.57); lc_grass_1km=0.3967 (+0.47); lc_grass_5km=0.3293 (+0.28)"}},{"type":"Feature","geometry":{"type":"Point","coordinates":[85.08,20.96456]},"properties":{"cell_id":"4193_17016","pred_class":"mining","n_detections":44,"frp_mean":2.183,"frp_max":9.54,"night_frac":0.8409,"first_seen":"2024-01-06","last_seen":"2026-04-04","class_agreement":1.0,"top_reasons":"dist_mining_km=0.8336 (+5.14); inside_mining=1 (+4.77); dist_thermal_plant_km=14.54 (+0.26); lc_bare_1km=0.719 (+0.11)"}},{"type":"Feature","geometry":{"type":"Point","coordinates":[85.15103,20.96585]},"properties":{"cell_id":"4193_17030","pred_class":"mining","n_detections":113,"frp_mean":2.3638,"frp_max":7.08,"night_frac":0.9027,"first_seen":"2024-01-02","last_seen":"2026-04-24","class_agreement":1.0,"top_reasons":"inside_mining=1 (+7.26); dist_mining_km=1.735 (+2.42); dist_thermal_plant_km=8.529 (+0.16); lc_bare_5km=0.3098 (+0.15)"}},{"type":"Feature","geometry":{"type":"Point","coordinates":[85.15411,20.96639]},"properties":{"cell_id":"4193_17031","pred_class":"mining","n_detections":220,"frp_mean":2.3737,"frp_max":8.57,"night_frac":0.7864,"first_seen":"2024-01-03","last_seen":"2026-04-25","class_agreement":1.0,"top_reasons":"inside_mining=1 (+7.25); dist_mining_km=1.888 (+2.40); dist_thermal_plant_km=8.358 (+0.19); lc_grass_5km=0.2109 (+0.14)"}},{"type":"Feature","geometry":{"type":"Point","coordinates":[85.16064,20.9652]},"properties":{"cell_id":"4193_17032","pred_class":"gas_flare","n_detections":130,"frp_mean":1.668,"frp_max":5.3,"night_frac":0.9846,"first_seen":"2024-01-03","last_seen":"2026-04-22","class_agreement":1.0,"top_reasons":"dist_industrial_km=2.795 (+2.04); is_persistent=1 (+1.86); inside_mining=0 (+1.20); dist_any_industry_km=2.795 (+1.15)"}},{"type":"Feature","geometry":{"type":"Point","coordinates":[85.16555,20.96449]},"properties":{"cell_id":"4193_17033","pred_class":"gas_flare","n_detections":318,"frp_mean":2.4008,"frp_max":10.16,"night_frac":0.934,"first_seen":"2024-01-02","last_seen":"2026-04-27","class_agreement":1.0,"top_reasons":"dist_industrial_km=2.871 (+1.92); is_persistent=1 (+1.86); inside_mining=0 (+1.18); dist_any_industry_km=2.871 (+1.10)"}},{"type":"Feature","geometry":{"type":"Point","coordinates":[85.17024,20.965]},"properties":{"cell_id":"4193_17034","pred_class":"mining","n_detections":779,"frp_mean":2.7523,"frp_max":12.02,"night_frac":0.8524,"first_seen":"2024-01-01","last_seen":"2026-04-27","class_agreement":1.0,"top_reasons":"inside_mining=1 (+5.18); dist_mining_km=0.7908 (+5.07); dist_thermal_plant_km=7.23 (+0.13); lc_grass_5km=0.2942 (+0.10)"}},{"type":"Feature","geometry":{"type":"Point","coordinates":[85.17441,20.96442]},"properties":{"cell_id":"4193_17035","pred_class":"mining","n_detections":623,"frp_mean":3.3023,"frp_max":14.39,"night_frac":0.7191,"first_seen":"2024-01-01","last_seen":"2026-04-27","class_agreement":1.0,"top_reasons":"inside_mining=1 (+5.19); dist_mining_km=0.7035 (+5.02); dist_thermal_plant_km=6.954 (+0.14); lc_grass_5km=0.3088 (+0.10)"}},{"type":"Feature","geometry":{"type":"Point","coordinates":[85.18026,20.96472]},"properties":{"cell_id":"4193_17036","pred_class":"mining","n_detections":151,"frp_mean":2.1353,"frp_max":6.53,"night_frac":0.9868,"first_seen":"2024-01-01","last_seen":"2026-04-26","class_agreement":1.0,"top_reasons":"dist_mining_km=0.2642 (+5.03); inside_mining=1 (+5.01); dist_thermal_plant_km=6.707 (+0.19); lc_bare_5km=0.2192 (+0.12)"}},{"type":"Feature","geometry":{"type":"Point","coordinates":[85.18552,20.96419]},"properties":{"cell_id":"4193_17037","pred_class":"mining","n_detections":266,"frp_mean":3.1464,"frp_max":11.23,"night_frac":0.8459,"first_seen":"2024-01-02","last_seen":"2026-04-26","class_agreement":1.0,"top_reasons":"dist_mining_km=0.5266 (+4.95); inside_mining=1 (+4.86); dist_thermal_plant_km=6.443 (+0.23); lc_grass_5km=0.3359 (+0.13)"}},{"type":"Feature","geometry":{"type":"Point","coordinates":[85.18971,20.96424]},"properties":{"cell_id":"4193_17038","pred_class":"mining","n_detections":423,"frp_mean":2.9941,"frp_max":12.04,"night_frac":0.7565,"first_seen":"2024-01-05","last_seen":"2026-04-27","class_agreement":1.0,"top_reasons":"inside_mining=1 (+5.65); dist_mining_km=0.9448 (+4.07); lc_grass_5km=0.3365 (+0.19); lc_grass_1km=0.1901 (+0.19)"}},{"type":"Feature","geometry":{"type":"Point","coordinates":[86.00139,20.96575]},"properties":{"cell_id":"4193_17200","pred_class":"industrial_plant","n_detections":61,"frp_mean":2.1043,"frp_max":6.9,"night_frac":0.9672,"first_seen":"2024-02-25","last_seen":"2026-04-26","class_agreement":1.0,"top_reasons":"dist_industrial_km=1.088 (+3.78); is_persistent=1 (+2.47); inside_industrial=1 (+1.71); dist_thermal_plant_km=73.85 (+1.05)"}},{"type":"Feature","geometry":{"type":"Point","coordinates":[86.00535,20.96453]},"properties":{"cell_id":"4193_17201","pred_class":"industrial_plant","n_detections":429,"frp_mean":3.0525,"frp_max":16.64,"night_frac":0.7436,"first_seen":"2024-01-01","last_seen":"2026-04-27","class_agreement":1.0,"top_reasons":"dist_industrial_km=0.8693 (+3.52); is_persistent=1 (+2.45); inside_industrial=1 (+1.79); dist_thermal_plant_km=73.86 (+1.05)"}},{"type":"Feature","geometry":{"type":"Point","coordinates":[86.0102,20.965]},"properties":{"cell_id":"4193_17202","pred_class":"industrial_plant","n_detections":654,"frp_mean":4.3547,"frp_max":47.05,"night_frac":0.7278,"first_seen":"2024-01-03","last_seen":"2026-04-26","class_agreement":1.0,"top_reasons":"dist_industrial_km=0.6433 (+3.52); is_persistent=1 (+2.44); inside_industrial=1 (+1.80); dist_thermal_plant_km=73.67 (+1.05)"}},{"type":"Feature","geometry":{"type":"Point","coordinates":[86.01394,20.96552]},"properties":{"cell_id":"4193_17203","pred_class":"industrial_plant","n_detections":372,"frp_mean":4.7387,"frp_max":41.97,"night_frac":0.672,"first_seen":"2024-01-03","last_seen":"2026-04-16","class_agreement":1.0,"top_reasons":"dist_industrial_km=0.6919 (+3.48); is_persistent=1 (+2.45); inside_industrial=1 (+1.81); dist_thermal_plant_km=73.5 (+1.05)"}},{"type":"Feature","geometry":{"type":"Point","coordinates":[86.05007,20.96444]},"properties":{"cell_id":"4193_17210","pred_class":"industrial_plant","n_detections":149,"frp_mean":1.6189,"frp_max":4.54,"night_frac":0.8054,"first_seen":"2024-02-12","last_seen":"2026-04-22","class_agreement":1.0,"top_reasons":"dist_industrial_km=1.174 (+4.92); is_persistent=1 (+2.48); dist_thermal_plant_km=72.66 (+0.94); dist_mining_km=10.2 (+0.78)"}},{"type":"Feature","geometry":{"type":"Point","coordinates":[85.02008,20.96933]},"properties":{"cell_id":"4194_17004","pred_class":"mining","n_detections":68,"frp_mean":1.7391,"frp_max":5.85,"night_frac":0.9118,"first_seen":"2024-01-04","last_seen":"2025-03-18","class_agreement":1.0,"top_reasons":"dist_mining_km=1.439 (+2.46); inside_mining=0 (-1.73); lc_grass_5km=0.3365 (+0.32); lc_bare_5km=0.1098 (+0.32)"}},{"type":"Feature","geometry":{"type":"Point","coordinates":[85.03075,20.96922]},"properties":{"cell_id":"4194_17006","pred_class":"mining","n_detections":30,"frp_mean":1.909,"frp_max":4.95,"night_frac":0.9,"first_seen":"2024-01-05","last_seen":"2026-04-25","class_agreement":1.0,"top_reasons":"dist_mining_km=1.067 (+6.84); inside_mining=0 (-0.62); lc_grass_1km=0.3719 (+0.42); lc_water_1km=0.3058 (-0.26)"}},{"type":"Feature","geometry":{"type":"Point","coordinates":[85.12494,20.97126]},"properties":{"cell_id":"4194_17025","pred_class":"mining","n_detections":50,"frp_mean":1.3818,"frp_max":3.04,"night_frac":0.96,"first_seen":"2024-01-02","last_seen":"2026-04-22","class_agreement":1.0,"top_reasons":"dist_mining_km=1.078 (+6.59); inside_mining=0 (-0.74); lc_grass_1km=0.4711 (+0.38); lc_water_1km=0.04132 (-0.21)"}},{"type":"Feature","geometry":{"type":"Point","coordinates":[85.13539,20.97049]},"properties":{"cell_id":"4194_17027","pred_class":"mining","n_detections":40,"frp_mean":1.583,"frp_max":4.71,"night_frac":0.975,"first_seen":"2024-01-01","last_seen":"2026-04-01","class_agreement":1.0,"top_reasons":"dist_mining_km=0.3744 (+5.08); inside_mining=1 (+4.93); dist_thermal_plant_km=10.05 (+0.22); lc_bare_5km=0.3131 (+0.11)"}},{"type":"Feature","geometry":{"type":"Point","coordinates":[85.13972,20.97103]},"properties":{"cell_id":"4194_17028","pred_class":"mining","n_detections":45,"frp_mean":2.0416,"frp_max":5.48,"night_frac":0.8667,"first_seen":"2025-01-07","last_seen":"2026-04-02","class_agreement":1.0,"top_reasons":"dist_mining_km=0.6947 (+5.12); inside_mining=1 (+4.87); dist_thermal_plant_km=9.763 (+0.26); lc_grass_5km=0.3005 (+0.11)"}},{"type":"Feature","geometry":{"type":"Point","coordinates":[85.15126,20.96911]},"properties":{"cell_id":"4194_17030","pred_class":"mining","n_detections":142,"frp_mean":2.3473,"frp_max":8.26,"night_frac":0.9366,"first_seen":"2024-01-02","last_seen":"2026-04-26","class_agreement":1.0,"top_reasons":"inside_mining=1 (+7.13); dist_mining_km=1.764 (+2.47); dist_thermal_plant_km=8.78 (+0.19); lc_grass_1km=0.1653 (+0.14)"}},{"type":"Feature","geometry":{"type":"Point","coordinates":[85.15414,20.96898]},"properties":{"cell_id":"4194_17031","pred_class":"mining","n_detections":286,"frp_mean":2.6122,"frp_max":13.84,"night_frac":0.7448,"first_seen":"2024-01-08","last_seen":"2026-04-27","class_agreement":1.0,"top_reasons":"inside_mining=1 (+7.10); dist_mining_km=1.81 (+2.47); dist_thermal_plant_km=8.574 (+0.19); lc_grass_1km=0.1653 (+0.14)"}},{"type":"Feature","geometry":{"type":"Point","coordinates":[85.15966,20.96859]},"properties":{"cell_id":"4194_17032","pred_class":"mining","n_detections":20,"frp_mean":1.6675,"frp_max":3.88,"night_frac":1.0,"first_seen":"2024-01-31","last_seen":"2026-03-28","class_agreement":1.0,"top_reasons":"inside_mining=1 (+7.29); dist_mining_km=1.264 (+2.38); dist_thermal_plant_km=8.184 (+0.15); lc_bare_1km=0.6612 (+0.14)"}},{"type":"Feature","geometry":{"type":"Point","coordinates":[85.16672,20.96918]},"properties":{"cell_id":"4194_17033","pred_class":"mining","n_detections":74,"frp_mean":2.4711,"frp_max":7.55,"night_frac":1.0,"first_seen":"2024-01-02","last_seen":"2026-04-13","class_agreement":1.0,"top_reasons":"dist_mining_km=0.5693 (+5.08); inside_mining=1 (+4.93); dist_thermal_plant_km=7.818 (+0.27); lc_grass_5km=0.2899 (+0.11)"}},{"type":"Feature","geometry":{"type":"Point","coordinates":[85.17027,20.96932]},"properties":{"cell_id":"4194_17034","pred_class":"mining","n_detections":769,"frp_mean":2.936,"frp_max":12.31,"night_frac":0.8192,"first_seen":"2024-01-01","last_seen":"2026-04-26","class_agreement":1.0,"top_reasons":"inside_mining=1 (+5.08); dist_mining_km=0.3201 (+5.07); dist_thermal_plant_km=7.64 (+0.13); lc_grass_5km=0.3061 (+0.11)"}},{"type":"Feature","geometry":{"type":"Point","coordinates":[85.175,20.97023]},"properties":{"cell_id":"4194_17035","pred_class":"mining","n_detections":886,"frp_mean":3.5511,"frp_max":15.06,"night_frac":0.6874,"first_seen":"2024-01-01","last_seen":"2026-04-27","class_agreement":1.0,"top_reasons":"dist_mining_km=0.4379 (+5.06); inside_mining=1 (+5.05); dist_thermal_plant_km=7.495 (+0.13); lc_grass_5km=0.316 (+0.12)"}},{"type":"Feature","geometry":{"type":"Point","coordinates":[85.17841,20.97052]},"properties":{"cell_id":"4194_17036","pred_class":"mining","n_detections":200,"frp_mean":3.4178,"frp_max":10.89,"night_frac":0.575,"first_seen":"2024-01-04","last_seen":"2026-04-27","class_agreement":1.0,"top_reasons":"dist_mining_km=0.7612 (+9.01); lc_grass_5km=0.318 (+0.29); lc_bare_5km=0.2281 (+0.24); dist_thermal_plant_km=7.374 (+0.20)"}},{"type":"Feature","geometry":{"type":"Point","coordinates":[86.00156,20.97048]},"properties":{"cell_id":"4194_17200","pred_class":"industrial_plant","n_detections":149,"frp_mean":2.0897,"frp_max":6.23,"night_frac":0.9866,"first_seen":"2024-01-03","last_seen":"2026-04-24","class_agreement":1.0,"top_reasons":"dist_industrial_km=0.9167 (+3.43); is_persistent=1 (+2.47); inside_industrial=1 (+1.84); dist_thermal_plant_km=73.35 (+1.05)"}},{"type":"Feature","geometry":{"type":"Point","coordinates":[86.00376,20.97034]},"properties":{"cell_id":"4194_17201","pred_class":"industrial_plant","n_detections":233,"frp_mean":2.4165,"frp_max":11.3,"night_frac":0.9227,"first_seen":"2024-01-04","last_seen":"2026-04-14","class_agreement":1.0,"top_reasons":"dist_industrial_km=0.6889 (+3.41); is_persistent=1 (+2.46); inside_industrial=1 (+1.84); dist_thermal_plant_km=73.3 (+1.05)"}},{"type":"Feature","geometry":{"type":"Point","coordinates":[86.01093,20.96896]},"properties":{"cell_id":"4194_17202","pred_class":"industrial_plant","n_detections":249,"frp_mean":3.3928,"frp_max":24.76,"night_frac":0.8675,"first_seen":"2024-01-02","last_seen":"2026-04-27","class_agreement":1.0,"top_reasons":"dist_industrial_km=0.2111 (+3.48); is_persistent=1 (+2.46); inside_industrial=1 (+1.80); dist_thermal_plant_km=73.23 (+1.07)"}},{"type":"Feature","geometry":{"type":"Point","coordinates":[86.01441,20.96911]},"properties":{"cell_id":"4194_17203","pred_class":"industrial_plant","n_detections":299,"frp_mean":4.0239,"frp_max":24.0,"night_frac":0.7291,"first_seen":"2024-01-04","last_seen":"2026-04-26","class_agreement":1.0,"top_reasons":"dist_industrial_km=0.4577 (+3.40); is_persistent=1 (+2.44); inside_industrial=1 (+1.86); dist_thermal_plant_km=73.11 (+1.07)"}},{"type":"Feature","geometry":{"type":"Point","coordinates":[86.01994,20.96942]},"properties":{"cell_id":"4194_17204","pred_class":"industrial_plant","n_detections":113,"frp_mean":1.9995,"frp_max":8.8,"night_frac":0.9204,"first_seen":"2024-01-05","last_seen":"2026-04-27","class_agreement":1.0,"top_reasons":"dist_industrial_km=1.004 (+3.53); is_persistent=1 (+2.46); inside_industrial=1 (+1.81); dist_thermal_plant_km=72.91 (+1.06)"}},{"type":"Feature","geometry":{"type":"Point","coordinates":[85.12482,20.97393]},"properties":{"cell_id":"4195_17025","pred_class":"mining","n_detections":57,"frp_mean":1.6193,"frp_max":5.05,"night_frac":0.9298,"first_seen":"2025-03-06","last_seen":"2026-04-27","class_agreement":1.0,"top_reasons":"dist_mining_km=1.24 (+2.40); inside_mining=0 (-1.55); dist_industrial_km=4.849 (+0.21); lc_grass_5km=0.324 (+0.19)"}},{"type":"Feature","geometry":{"type":"Point","coordinates":[85.13101,20.97628]},"properties":{"cell_id":"4195_17026","pred_class":"mining","n_detections":76,"frp_mean":2.1687,"frp_max":7.31,"night_frac":0.9605,"first_seen":"2024-01-05","last_seen":"2026-01-08","class_agreement":1.0,"top_reasons":"inside_mining=1 (+5.61); dist_mining_km=1.063 (+4.20); dist_thermal_plant_km=10.82 (+0.18); lc_grass_1km=0.2479 (+0.14)"}},{"type":"Feature","geometry":{"type":"Point","coordinates":[85.13504,20.97578]},"properties":{"cell_id":"4195_17027","pred_class":"mining","n_detections":324,"frp_mean":2.5586,"frp_max":12.56,"night_frac":0.8611,"first_seen":"2024-01-01","last_seen":"2026-04-26","class_agreement":1.0,"top_reasons":"inside_mining=1 (+5.95); dist_mining_km=0.9505 (+3.95); lc_grass_5km=0.3279 (+0.16); dist_thermal_plant_km=10.48 (+0.14)"}},{"type":"Feature","geometry":{"type":"Point","coordinates":[85.13861,20.97552]},"properties":{"cell_id":"4195_17028","pred_class":"mining","n_detections":75,"frp_mean":2.0053,"frp_max":6.71,"night_frac":0.92,"first_seen":"2024-01-15","last_seen":"2026-04-22","class_agreement":1.0,"top_reasons":"inside_mining=1 (+5.93); dist_mining_km=1.018 (+3.93); lc_grass_5km=0.3256 (+0.15); dist_thermal_plant_km=10.2 (+0.12)"}},{"type":"Feature","geometry":{"type":"Point","coordinates":[85.1457,20.97607]},"properties":{"cell_id":"4195_17029","pred_class":"mining","n_detections":73,"frp_mean":1.8804,"frp_max":6.93,"night_frac":0.9041,"first_seen":"2024-01-01","last_seen":"2026-03-28","class_agreement":1.0,"top_reasons":"inside_mining=1 (+7.13); dist_mining_km=1.53 (+2.51); lc_bare_1km=0.6942 (+0.20); lc_grass_5km=0.3266 (+0.17)"}},{"type":"Feature","geometry":{"type":"Point","coordinates":[85.16648,20.97617]},"properties":{"cell_id":"4195_17033","pred_class":"mining","n_detections":37,"frp_mean":1.9162,"frp_max":3.2,"night_frac":0.973,"first_seen":"2024-01-05","last_seen":"2026-03-30","class_agreement":1.0,"top_reasons":"dist_mining_km=0.6756 (+5.12); inside_mining=1 (+4.83); dist_thermal_plant_km=8.496 (+0.24); lc_grass_5km=0.3048 (+0.10)"}},{"type":"Feature","geometry":{"type":"Point","coordinates":[85.17049,20.97522]},"properties":{"cell_id":"4195_17034","pred_class":"mining","n_detections":234,"frp_mean":2.1862,"frp_max":11.56,"night_frac":0.9359,"first_seen":"2024-01-01","last_seen":"2026-04-26","class_agreement":1.0,"top_reasons":"dist_mining_km=0.3615 (+5.14); inside_mining=1 (+4.74); dist_thermal_plant_km=8.203 (+0.24); lc_grass_5km=0.3236 (+0.12)"}},{"type":"Feature","geometry":{"type":"Point","coordinates":[85.17454,20.97401]},"properties":{"cell_id":"4195_17035","pred_class":"mining","n_detections":347,"frp_mean":2.3445,"frp_max":12.3,"night_frac":0.8444,"first_seen":"2024-01-03","last_seen":"2026-04-26","class_agreement":1.0,"top_reasons":"dist_mining_km=0.404 (+5.14); inside_mining=1 (+4.76); dist_thermal_plant_km=7.894 (+0.29); lc_grass_5km=0.3293 (+0.14)"}},{"type":"Feature","geometry":{"type":"Point","coordinates":[85.17829,20.97314]},"properties":{"cell_id":"4195_17036","pred_class":"mining","n_detections":25,"frp_mean":2.588,"frp_max":6.95,"night_frac":0.64,"first_seen":"2024-05-28","last_seen":"2026-04-17","class_agreement":1.0,"top_reasons":"dist_mining_km=0.7399 (+9.03); lc_grass_1km=0.1653 (+0.25); lc_bare_5km=0.2294 (+0.24); lc_grass_5km=0.3253 (+0.22)"}},{"type":"Feature","geometry":{"type":"Point","coordinates":[86.00164,20.97345]},"properties":{"cell_id":"4195_17200","pred_class":"industrial_plant","n_detections":62,"frp_mean":1.5837,"frp_max":4.79,"night_frac":1.0,"first_seen":"2024-01-13","last_seen":"2026-04-21","class_agreement":1.0,"top_reasons":"dist_industrial_km=0.9544 (+3.47); is_persistent=1 (+2.46); inside_industrial=1 (+1.84); dist_thermal_plant_km=73.03 (+1.04)"}},{"type":"Feature","geometry":{"type":"Point","coordinates":[86.00502,20.97443]},"properties":{"cell_id":"4195_17201","pred_class":"industrial_plant","n_detections":240,"frp_mean":1.6219,"frp_max":5.44,"night_frac":0.9375,"first_seen":"2024-01-04","last_seen":"2026-04-27","class_agreement":1.0,"top_reasons":"dist_industrial_km=0.6884 (+3.35); is_persistent=1 (+2.47); inside_industrial=1 (+1.95); dist_thermal_plant_km=72.82 (+1.01)"}},{"type":"Feature","geometry":{"type":"Point","coordinates":[86.00845,20.97482]},"properties":{"cell_id":"4195_17202","pred_class":"industrial_plant","n_detections":16,"frp_mean":1.9331,"frp_max":3.52,"night_frac":0.75,"first_seen":"2024-02-16","last_seen":"2026-03-28","class_agreement":1.0,"top_reasons":"dist_industrial_km=0.4917 (+3.54); is_persistent=1 (+2.35); inside_industrial=1 (+1.64); dist_thermal_plant_km=72.67 (+1.01)"}},{"type":"Feature","geometry":{"type":"Point","coordinates":[85.13064,20.97955]},"properties":{"cell_id":"4196_17026","pred_class":"mining","n_detections":202,"frp_mean":2.2886,"frp_max":8.73,"night_frac":0.901,"first_seen":"2024-01-01","last_seen":"2026-04-24","class_agreement":1.0,"top_reasons":"inside_mining=1 (+6.95); dist_mining_km=1.422 (+2.60); lc_grass_5km=0.3332 (+0.18); dist_thermal_plant_km=11.1 (+0.15)"}},{"type":"Feature","geometry":{"type":"Point","coordinates":[85.13516,20.97927]},"properties":{"cell_id":"4196_17027","pred_class":"mining","n_detections":344,"frp_mean":2.6179,"frp_max":12.75,"night_frac":0.8634,"first_seen":"2024-01-02","last_seen":"2026-04-27","class_agreement":1.0,"top_reasons":"inside_mining=1 (+7.06); dist_mining_km=1.339 (+2.57); lc_grass_5km=0.3382 (+0.18); lc_bare_1km=0.6446 (+0.16)"}},{"type":"Feature","geometry":{"type":"Point","coordinates":[85.13908,20.98003]},"properties":{"cell_id":"4196_17028","pred_class":"mining","n_detections":223,"frp_mean":2.344,"frp_max":9.67,"night_frac":0.843,"first_seen":"2024-01-03","last_seen":"2026-04-20","class_agreement":1.0,"top_reasons":"inside_mining=1 (+7.06); dist_mining_km=1.502 (+2.57); dist_thermal_plant_km=10.53 (+0.17); lc_grass_5km=0.3339 (+0.16)"}},{"type":"Feature","geometry":{"type":"Point","coordinates":[85.14568,20.97896]},"properties":{"cell_id":"4196_17029","pred_class":"mining","n_detections":149,"frp_mean":1.6517,"frp_max":9.0,"night_frac":0.9262,"first_seen":"2024-01-05","last_seen":"2025-06-14","class_agreement":1.0,"top_reasons":"inside_mining=1 (+7.11); dist_mining_km=1.752 (+2.56); dist_thermal_plant_km=9.989 (+0.20); lc_grass_5km=0.3276 (+0.16)"}},{"type":"Feature","geometry":{"type":"Point","coordinates":[85.14801,20.97869]},"properties":{"cell_id":"4196_17030","pred_class":"mining","n_detections":38,"frp_mean":1.9118,"frp_max":5.84,"night_frac":0.7632,"first_seen":"2024-01-03","last_seen":"2025-02-07","class_agreement":1.0,"top_reasons":"inside_mining=1 (+7.90); dist_mining_km=1.902 (+1.20); lc_grass_5km=0.3174 (+0.16); lc_bare_5km=0.2936 (+0.15)"}},{"type":"Feature","geometry":{"type":"Point","coordinates":[85.16011,20.97897]},"properties":{"cell_id":"4196_17032","pred_class":"mining","n_detections":24,"frp_mean":1.7929,"frp_max":6.03,"night_frac":0.875,"first_seen":"2024-02-15","last_seen":"2026-02-28","class_agreement":1.0,"top_reasons":"inside_mining=1 (+7.09); dist_mining_km=1.39 (+2.55); dist_thermal_plant_km=9.105 (+0.17); lc_grass_5km=0.285 (+0.13)"}},{"type":"Feature","geometry":{"type":"Point","coordinates":[85.17029,20.97836]},"properties":{"cell_id":"4196_17034","pred_class":"mining","n_detections":47,"frp_mean":1.8845,"frp_max":5.94,"night_frac":0.8723,"first_seen":"2024-02-07","last_seen":"2026-04-17","class_agreement":1.0,"top_reasons":"dist_mining_km=0.7085 (+5.18); inside_mining=1 (+4.64); dist_thermal_plant_km=8.523 (+0.31); lc_grass_5km=0.3028 (+0.13)"}},{"type":"Feature","geometry":{"type":"Point","coordinates":[85.12602,20.98466]},"properties":{"cell_id":"4197_17025","pred_class":"mining","n_detections":75,"frp_mean":1.5891,"frp_max":4.26,"night_frac":0.92,"first_seen":"2024-01-09","last_seen":"2025-02-25","class_agreement":1.0,"top_reasons":"dist_mining_km=2.122 (+1.26); inside_mining=0 (-0.60); lc_grass_5km=0.3464 (+0.34); lc_bare_5km=0.2288 (+0.33)"}},{"type":"Feature","geometry":{"type":"Point","coordinates":[85.12915,20.98474]},"properties":{"cell_id":"4197_17026","pred_class":"mining","n_detections":81,"frp_mean":1.8112,"frp_max":5.1,"night_frac":0.8642,"first_seen":"2024-01-03","last_seen":"2026-03-28","class_agreement":1.0,"top_reasons":"dist_mining_km=2.019 (+1.33); inside_mining=0 (-0.59); lc_bare_5km=0.238 (+0.27); lc_grass_5km=0.3326 (+0.23)"}},{"type":"Feature","geometry":{"type":"Point","coordinates":[85.13558,20.98373]},"properties":{"cell_id":"4197_17027","pred_class":"mining","n_detections":34,"frp_mean":2.1282,"frp_max":8.59,"night_frac":0.9118,"first_seen":"2024-03-01","last_seen":"2026-04-24","class_agreement":1.0,"top_reasons":"dist_mining_km=1.837 (+2.59); inside_mining=0 (-1.72); lc_grass_1km=0.4132 (+0.28); lc_grass_5km=0.3349 (+0.22)"}},{"type":"Feature","geometry":{"type":"Point","coordinates":[85.13909,20.98376]},"properties":{"cell_id":"4197_17028","pred_class":"mining","n_detections":41,"frp_mean":2.2832,"frp_max":7.97,"night_frac":0.8293,"first_seen":"2024-04-04","last_seen":"2025-06-05","class_agreement":1.0,"top_reasons":"dist_mining_km=1.899 (+1.30); inside_mining=0 (-0.61); lc_grass_5km=0.3302 (+0.22); dist_industrial_km=5.071 (+0.16)"}},{"type":"Feature","geometry":{"type":"Point","coordinates":[86.01157,20.99603]},"properties":{"cell_id":"4199_17202","pred_class":"industrial_plant","n_detections":47,"frp_mean":2.6219,"frp_max":14.66,"night_frac":0.8936,"first_seen":"2024-02-15","last_seen":"2026-04-25","class_agreement":1.0,"top_reasons":"dist_industrial_km=0.909 (+3.76); is_persistent=1 (+2.49); inside_industrial=1 (+1.74); dist_thermal_plant_km=70.33 (+1.06)"}},{"type":"Feature","geometry":{"type":"Point","coordinates":[86.01447,20.99597]},"properties":{"cell_id":"4199_17203","pred_class":"industrial_plant","n_detections":181,"frp_mean":3.0122,"frp_max":16.68,"night_frac":0.674,"first_seen":"2024-01-02","last_seen":"2026-02-27","class_agreement":1.0,"top_reasons":"dist_industrial_km=0.6397 (+3.70); is_persistent=1 (+2.48); inside_industrial=1 (+1.74); dist_thermal_plant_km=70.24 (+1.06)"}},{"type":"Feature","geometry":{"type":"Point","coordinates":[86.01118,20.99933]},"properties":{"cell_id":"4200_17202","pred_class":"industrial_plant","n_detections":101,"frp_mean":1.6836,"frp_max":6.69,"night_frac":0.9703,"first_seen":"2024-01-01","last_seen":"2026-04-23","class_agreement":1.0,"top_reasons":"dist_industrial_km=0.8926 (+3.44); is_persistent=1 (+2.48); inside_industrial=1 (+1.84); dist_thermal_plant_km=69.99 (+1.06)"}},{"type":"Feature","geometry":{"type":"Point","coordinates":[86.01419,20.99861]},"properties":{"cell_id":"4200_17203","pred_class":"industrial_plant","n_detections":135,"frp_mean":2.887,"frp_max":13.51,"night_frac":0.6741,"first_seen":"2024-01-02","last_seen":"2026-04-25","class_agreement":1.0,"top_reasons":"dist_industrial_km=0.5799 (+3.47); is_persistent=1 (+2.47); inside_industrial=1 (+1.84); dist_thermal_plant_km=69.97 (+1.08)"}},{"type":"Feature","geometry":{"type":"Point","coordinates":[86.02561,21.00051]},"properties":{"cell_id":"4200_17205","pred_class":"industrial_plant","n_detections":224,"frp_mean":1.2655,"frp_max":4.49,"night_frac":0.9777,"first_seen":"2024-01-01","last_seen":"2026-04-26","class_agreement":1.0,"top_reasons":"dist_industrial_km=0.632 (+3.51); is_persistent=1 (+2.52); inside_industrial=1 (+1.84); dist_thermal_plant_km=69.43 (+1.02)"}},{"type":"Feature","geometry":{"type":"Point","coordinates":[86.028,21.00056]},"properties":{"cell_id":"4200_17206","pred_class":"industrial_plant","n_detections":48,"frp_mean":1.33,"frp_max":5.2,"night_frac":0.8542,"first_seen":"2024-02-10","last_seen":"2026-04-21","class_agreement":1.0,"top_reasons":"dist_industrial_km=0.8737 (+3.83); is_persistent=1 (+2.51); inside_industrial=1 (+1.76); dist_thermal_plant_km=69.36 (+1.03)"}},{"type":"Feature","geometry":{"type":"Point","coordinates":[86.02538,21.00308]},"properties":{"cell_id":"4201_17205","pred_class":"industrial_plant","n_detections":28,"frp_mean":1.0,"frp_max":2.96,"night_frac":0.9643,"first_seen":"2024-01-21","last_seen":"2026-04-18","class_agreement":1.0,"top_reasons":"dist_industrial_km=0.7454 (+3.71); is_persistent=1 (+2.53); inside_industrial=1 (+1.80); dist_thermal_plant_km=69.16 (+1.01)"}},{"type":"Feature","geometry":{"type":"Point","coordinates":[85.03563,21.06985]},"properties":{"cell_id":"4214_17007","pred_class":"mining","n_detections":31,"frp_mean":1.7665,"frp_max":4.09,"night_frac":1.0,"first_seen":"2024-01-01","last_seen":"2024-05-04","class_agreement":1.0,"top_reasons":"dist_mining_km=0.6687 (+5.34); inside_mining=1 (+4.68); dist_thermal_plant_km=4.969 (+0.19); lc_bare_5km=0.05521 (+0.13)"}},{"type":"Feature","geometry":{"type":"Point","coordinates":[85.04091,21.07156]},"properties":{"cell_id":"4214_17008","pred_class":"mining","n_detections":107,"frp_mean":1.4753,"frp_max":4.35,"night_frac":1.0,"first_seen":"2024-01-06","last_seen":"2026-04-22","class_agreement":1.0,"top_reasons":"dist_mining_km=0.5239 (+5.25); inside_mining=1 (+4.69); dist_thermal_plant_km=4.421 (+0.23); lc_grass_5km=0.2522 (+0.12)"}},{"type":"Feature","geometry":{"type":"Point","coordinates":[85.04313,21.07184]},"properties":{"cell_id":"4214_17009","pred_class":"mining","n_detections":26,"frp_mean":1.4846,"frp_max":3.44,"night_frac":1.0,"first_seen":"2024-01-05","last_seen":"2026-04-11","class_agreement":1.0,"top_reasons":"dist_mining_km=0.6625 (+5.26); inside_mining=1 (+4.69); dist_thermal_plant_km=4.223 (+0.23); lc_bare_5km=0.05818 (+0.10)"}},{"type":"Feature","geometry":{"type":"Point","coordinates":[85.03155,21.07647]},"properties":{"cell_id":"4215_17006","pred_class":"mining","n_detections":27,"frp_mean":2.2548,"frp_max":4.77,"night_frac":1.0,"first_seen":"2024-03-08","last_seen":"2025-05-05","class_agreement":1.0,"top_reasons":"dist_mining_km=0.683 (+9.10); lc_bare_5km=0.05587 (+0.29); lc_grass_5km=0.2833 (+0.22); lc_grass_1km=0.2397 (+0.20)"}},{"type":"Feature","geometry":{"type":"Point","coordinates":[85.03549,21.07636]},"properties":{"cell_id":"4215_17007","pred_class":"mining","n_detections":164,"frp_mean":2.232,"frp_max":7.78,"night_frac":0.9573,"first_seen":"2024-01-02","last_seen":"2026-04-20","class_agreement":1.0,"top_reasons":"dist_mining_km=0.2835 (+5.24); inside_mining=1 (+4.79); dist_thermal_plant_km=4.586 (+0.16); lc_grass_5km=0.2899 (+0.12)"}},{"type":"Feature","geometry":{"type":"Point","coordinates":[85.04034,21.07555]},"properties":{"cell_id":"4215_17008","pred_class":"mining","n_detections":512,"frp_mean":2.1506,"frp_max":11.38,"night_frac":0.9414,"first_seen":"2024-01-01","last_seen":"2026-04-26","class_agreement":1.0,"top_reasons":"inside_mining=1 (+4.63); dist_mining_km=0.2389 (+4.42); dist_thermal_plant_km=4.205 (-1.11); lc_grass_1km=0.1818 (+0.47)"}},{"type":"Feature","geometry":{"type":"Point","coordinates":[85.0436,21.07547]},"properties":{"cell_id":"4215_17009","pred_class":"thermal_power","n_detections":245,"frp_mean":2.3993,"frp_max":12.12,"night_frac":0.8245,"first_seen":"2024-01-02","last_seen":"2026-04-26","class_agreement":1.0,"top_reasons":"dist_thermal_plant_km=3.932 (+7.87); nearest_plant_mw=3000 (-0.63); dist_power_plant_km=2.966 (+0.55); is_persistent=1 (+0.36)"}},{"type":"Feature","geometry":{"type":"Point","coordinates":[85.03186,21.07937]},"properties":{"cell_id":"4216_17006","pred_class":"mining","n_detections":90,"frp_mean":1.9263,"frp_max":6.57,"night_frac":0.9889,"first_seen":"2024-01-13","last_seen":"2026-03-31","class_agreement":1.0,"top_reasons":"dist_mining_km=0.7762 (+9.10); lc_grass_5km=0.2945 (+0.28); lc_bare_5km=0.0562 (+0.25); lc_grass_1km=0.1983 (+0.25)"}},{"type":"Feature","geometry":{"type":"Point","coordinates":[85.03508,21.07965]},"properties":{"cell_id":"4216_17007","pred_class":"mining","n_detections":631,"frp_mean":2.6385,"frp_max":13.55,"night_frac":0.8669,"first_seen":"2024-01-03","last_seen":"2026-04-27","class_agreement":1.0,"top_reasons":"dist_mining_km=0.5605 (+5.21); inside_mining=1 (+4.85); lc_grass_5km=0.2988 (+0.12); lc_bare_5km=0.05653 (+0.11)"}},{"type":"Feature","geometry":{"type":"Point","coordinates":[85.03968,21.07908]},"properties":{"cell_id":"4216_17008","pred_class":"mining","n_detections":474,"frp_mean":2.8233,"frp_max":14.9,"night_frac":0.7954,"first_seen":"2024-01-01","last_seen":"2026-04-27","class_agreement":1.0,"top_reasons":"inside_mining=1 (+4.69); dist_mining_km=0.4403 (+4.32); dist_thermal_plant_km=4.059 (-1.19); lc_grass_1km=0.124 (+0.40)"}},{"type":"Feature","geometry":{"type":"Point","coordinates":[85.04373,21.0785]},"properties":{"cell_id":"4216_17009","pred_class":"thermal_power","n_detections":114,"frp_mean":2.5796,"frp_max":12.32,"night_frac":0.7632,"first_seen":"2024-01-01","last_seen":"2026-04-27","class_agreement":1.0,"top_reasons":"dist_thermal_plant_km=3.73 (+7.45); nearest_plant_mw=3000 (-0.62); dist_power_plant_km=2.773 (+0.53); is_persistent=1 (+0.35)"}},{"type":"Feature","geometry":{"type":"Point","coordinates":[85.0347,21.08297]},"properties":{"cell_id":"4217_17007","pred_class":"mining","n_detections":28,"frp_mean":1.8196,"frp_max":8.82,"night_frac":0.8929,"first_seen":"2024-01-13","last_seen":"2026-01-23","class_agreement":1.0,"top_reasons":"dist_mining_km=0.9071 (+5.31); inside_mining=1 (+4.68); dist_thermal_plant_km=4.349 (+0.22); lc_bare_5km=0.07174 (+0.12)"}},{"type":"Feature","geometry":{"type":"Point","coordinates":[72.6315,21.10101]},"properties":{"cell_id":"4220_14526","pred_class":"thermal_power","n_detections":56,"frp_mean":3.9307,"frp_max":14.5,"night_frac":1.0,"first_seen":"2024-01-05","last_seen":"2026-04-27","class_agreement":1.0,"top_reasons":"dist_thermal_plant_km=2.679 (+9.10); dist_power_plant_km=2.212 (+0.64); is_persistent=1 (+0.55); nearest_plant_mw=515 (+0.14)"}},{"type":"Feature","geometry":{"type":"Point","coordinates":[72.63541,21.10118]},"properties":{"cell_id":"4220_14527","pred_class":"thermal_power","n_detections":769,"frp_mean":5.3464,"frp_max":28.38,"night_frac":0.684,"first_seen":"2024-01-01","last_seen":"2026-04-25","class_agreement":1.0,"top_reasons":"dist_thermal_plant_km=2.308 (+9.21); dist_power_plant_km=2.07 (+0.64); is_persistent=1 (+0.57); nearest_plant_mw=515 (+0.13)"}},{"type":"Feature","geometry":{"type":"Point","coordinates":[72.63831,21.10144]},"properties":{"cell_id":"4220_14528","pred_class":"thermal_power","n_detections":199,"frp_mean":5.2207,"frp_max":22.2,"night_frac":0.5528,"first_seen":"2024-01-05","last_seen":"2026-04-22","class_agreement":1.0,"top_reasons":"dist_thermal_plant_km=2.032 (+9.21); dist_power_plant_km=1.996 (+0.60); is_persistent=1 (+0.58); nearest_plant_mw=515 (+0.13)"}},{"type":"Feature","geometry":{"type":"Point","coordinates":[72.64516,21.10198]},"properties":{"cell_id":"4220_14529","pred_class":"thermal_power","n_detections":83,"frp_mean":4.1254,"frp_max":17.03,"night_frac":0.8675,"first_seen":"2024-01-10","last_seen":"2026-04-26","class_agreement":1.0,"top_reasons":"dist_thermal_plant_km=1.432 (+9.21); dist_power_plant_km=1.399 (+0.62); is_persistent=1 (+0.57); nearest_plant_mw=515 (+0.13)"}},{"type":"Feature","geometry":{"type":"Point","coordinates":[72.65025,21.10144]},"properties":{"cell_id":"4220_14530","pred_class":"thermal_power","n_detections":70,"frp_mean":2.9354,"frp_max":12.43,"night_frac":0.8286,"first_seen":"2024-01-04","last_seen":"2026-04-14","class_agreement":1.0,"top_reasons":"dist_thermal_plant_km=1.172 (+9.22); dist_power_plant_km=1.089 (+0.59); is_persistent=1 (+0.58); nearest_plant_mw=515 (+0.17)"}},{"type":"Feature","geometry":{"type":"Point","coordinates":[72.65392,21.10073]},"properties":{"cell_id":"4220_14531","pred_class":"thermal_power","n_detections":39,"frp_mean":2.9082,"frp_max":7.9,"night_frac":0.641,"first_seen":"2024-01-23","last_seen":"2026-04-03","class_agreement":1.0,"top_reasons":"dist_thermal_plant_km=1.148 (+9.10); dist_power_plant_km=1.026 (+0.60); is_persistent=1 (+0.58); nearest_plant_mw=515 (+0.16)"}},{"type":"Feature","geometry":{"type":"Point","coordinates":[72.63136,21.10452]},"properties":{"cell_id":"4221_14526","pred_class":"thermal_power","n_detections":61,"frp_mean":3.9598,"frp_max":15.26,"night_frac":0.9836,"first_seen":"2024-01-16","last_seen":"2026-04-27","class_agreement":1.0,"top_reasons":"dist_thermal_plant_km=2.556 (+9.14); dist_power_plant_km=1.866 (+0.61); is_persistent=1 (+0.58); nearest_plant_mw=515 (+0.17)"}},{"type":"Feature","geometry":{"type":"Point","coordinates":[72.63547,21.10421]},"properties":{"cell_id":"4221_14527","pred_class":"thermal_power","n_detections":875,"frp_mean":5.8107,"frp_max":41.76,"night_frac":0.7051,"first_seen":"2024-01-01","last_seen":"2026-04-27","class_agreement":1.0,"top_reasons":"dist_thermal_plant_km=2.162 (+9.21); dist_power_plant_km=1.74 (+0.61); is_persistent=1 (+0.58); nearest_plant_mw=515 (+0.17)"}},{"type":"Feature","geometry":{"type":"Point","coordinates":[72.63927,21.10461]},"properties":{"cell_id":"4221_14528","pred_class":"thermal_power","n_detections":409,"frp_mean":5.4438,"frp_max":35.86,"night_frac":0.7237,"first_seen":"2024-01-01","last_seen":"2026-04-26","class_agreement":1.0,"top_reasons":"dist_thermal_plant_km=1.779 (+9.20); is_persistent=1 (+0.58); dist_power_plant_km=1.638 (+0.57); nearest_plant_mw=515 (+0.17)"}},{"type":"Feature","geometry":{"type":"Point","coordinates":[72.64538,21.10517]},"properties":{"cell_id":"4221_14529","pred_class":"thermal_power","n_detections":1453,"frp_mean":7.4524,"frp_max":55.27,"night_frac":0.6469,"first_seen":"2024-01-01","last_seen":"2026-04-27","class_agreement":1.0,"top_reasons":"dist_thermal_plant_km=1.19 (+9.21); dist_power_plant_km=1.189 (+0.59); is_persistent=1 (+0.58); nearest_plant_mw=515 (+0.17)"}},{"type":"Feature","geometry":{"type":"Point","coordinates":[72.64852,21.10538]},"properties":{"cell_id":"4221_14530","pred_class":"thermal_power","n_detections":491,"frp_mean":7.4579,"frp_max":50.97,"night_frac":0.5214,"first_seen":"2024-01-01","last_seen":"2026-04-27","class_agreement":1.0,"top_reasons":"dist_thermal_plant_km=0.9174 (+9.21); is_persistent=1 (+0.59); dist_power_plant_km=0.8936 (+0.52); lc_water_5km=0.2952 (+0.15)"}},{"type":"Feature","geometry":{"type":"Point","coordinates":[72.65319,21.10335]},"properties":{"cell_id":"4221_14531","pred_class":"thermal_power","n_detections":18,"frp_mean":2.6322,"frp_max":4.29,"night_frac":0.6667,"first_seen":"2024-01-28","last_seen":"2026-02-03","class_agreement":1.0,"top_reasons":"dist_thermal_plant_km=0.8708 (+9.05); is_persistent=1 (+0.61); dist_power_plant_km=0.7631 (+0.43); ti4_ti5_diff=21.12 (+0.15)"}},{"type":"Feature","geometry":{"type":"Point","coordinates":[72.63165,21.11008]},"properties":{"cell_id":"4222_14526","pred_class":"thermal_power","n_detections":27,"frp_mean":2.6544,"frp_max":8.2,"night_frac":1.0,"first_seen":"2024-01-19","last_seen":"2026-04-11","class_agreement":1.0,"top_reasons":"dist_thermal_plant_km=2.425 (+9.15); is_persistent=1 (+0.58); dist_power_plant_km=1.332 (+0.52); nearest_plant_mw=515 (+0.15)"}},{"type":"Feature","geometry":{"type":"Point","coordinates":[72.63524,21.11032]},"properties":{"cell_id":"4222_14527","pred_class":"thermal_power","n_detections":469,"frp_mean":2.4692,"frp_max":8.68,"night_frac":0.9744,"first_seen":"2024-01-01","last_seen":"2026-04-27","class_agreement":1.0,"top_reasons":"dist_thermal_plant_km=2.051 (+9.21); dist_power_plant_km=1.108 (+0.59); is_persistent=1 (+0.58); nearest_plant_mw=515 (+0.17)"}},{"type":"Feature","geometry":{"type":"Point","coordinates":[72.6392,21.1096]},"properties":{"cell_id":"4222_14528","pred_class":"thermal_power","n_detections":117,"frp_mean":2.7525,"frp_max":18.65,"night_frac":0.9829,"first_seen":"2024-01-05","last_seen":"2026-04-27","class_agreement":1.0,"top_reasons":"dist_thermal_plant_km=1.647 (+9.21); dist_power_plant_km=1.084 (+0.57); is_persistent=1 (+0.57); nearest_plant_mw=515 (+0.17)"}},{"type":"Feature","geometry":{"type":"Point","coordinates":[72.64549,21.10842]},"properties":{"cell_id":"4222_14529","pred_class":"thermal_power","n_detections":415,"frp_mean":5.3119,"frp_max":29.49,"night_frac":0.7663,"first_seen":"2024-01-02","last_seen":"2026-04-27","class_agreement":1.0,"top_reasons":"dist_thermal_plant_km=1.027 (+9.21); is_persistent=1 (+0.59); dist_power_plant_km=1.072 (+0.56); nearest_plant_mw=515 (+0.15)"}},{"type":"Feature","geometry":{"type":"Point","coordinates":[72.64849,21.10832]},"properties":{"cell_id":"4222_14530","pred_class":"thermal_power","n_detections":123,"frp_mean":5.3815,"frp_max":25.46,"night_frac":0.6016,"first_seen":"2024-01-08","last_seen":"2026-04-16","class_agreement":1.0,"top_reasons":"dist_thermal_plant_km=0.7385 (+9.21); is_persistent=1 (+0.59); dist_power_plant_km=0.7681 (+0.56); nearest_plant_mw=515 (+0.14)"}},{"type":"Feature","geometry":{"type":"Point","coordinates":[72.63524,21.11325]},"properties":{"cell_id":"4223_14527","pred_class":"thermal_power","n_detections":95,"frp_mean":1.9577,"frp_max":6.69,"night_frac":1.0,"first_seen":"2024-01-01","last_seen":"2026-04-26","class_agreement":1.0,"top_reasons":"dist_thermal_plant_km=2.065 (+9.21); is_persistent=1 (+0.58); dist_power_plant_km=0.8257 (+0.54); nearest_plant_mw=515 (+0.14)"}},{"type":"Feature","geometry":{"type":"Point","coordinates":[81.38054,21.18096]},"properties":{"cell_id":"4236_16276","pred_class":"industrial_plant","n_detections":55,"frp_mean":1.5791,"frp_max":4.47,"night_frac":1.0,"first_seen":"2024-01-02","last_seen":"2026-04-15","class_agreement":1.0,"top_reasons":"dist_industrial_km=0.4565 (+2.87); is_persistent=1 (+2.09); inside_industrial=1 (+1.94); dist_thermal_plant_km=4.487 (+0.96)"}},{"type":"Feature","geometry":{"type":"Point","coordinates":[81.38554,21.18069]},"properties":{"cell_id":"4236_16277","pred_class":"thermal_power","n_detections":284,"frp_mean":2.3048,"frp_max":9.99,"night_frac":0.9824,"first_seen":"2024-01-02","last_seen":"2026-04-27","class_agreement":1.0,"top_reasons":"dist_thermal_plant_km=3.974 (+8.17); dist_power_plant_km=0.9468 (+0.58); is_persistent=1 (+0.46); lc_crop_1km=0 (+0.19)"}},{"type":"Feature","geometry":{"type":"Point","coordinates":[81.38817,21.18049]},"properties":{"cell_id":"4236_16278","pred_class":"thermal_power","n_detections":67,"frp_mean":1.9755,"frp_max":5.08,"night_frac":0.9552,"first_seen":"2024-01-12","last_seen":"2026-04-13","class_agreement":1.0,"top_reasons":"dist_thermal_plant_km=3.705 (+8.09); dist_power_plant_km=0.6862 (+0.59); is_persistent=1 (+0.46); lc_crop_1km=0 (+0.22)"}},{"type":"Feature","geometry":{"type":"Point","coordinates":[81.3812,21.18347]},"properties":{"cell_id":"4237_16276","pred_class":"industrial_plant","n_detections":55,"frp_mean":1.8213,"frp_max":6.45,"night_frac":0.9636,"first_seen":"2024-01-14","last_seen":"2026-04-02","class_agreement":1.0,"top_reasons":"dist_industrial_km=0.2738 (+3.02); is_persistent=1 (+2.21); inside_industrial=1 (+1.85); dist_thermal_plant_km=4.407 (+0.96)"}},{"type":"Feature","geometry":{"type":"Point","coordinates":[81.38558,21.18412]},"properties":{"cell_id":"4237_16277","pred_class":"thermal_power","n_detections":209,"frp_mean":1.9945,"frp_max":7.34,"night_frac":1.0,"first_seen":"2024-01-01","last_seen":"2026-04-21","class_agreement":1.0,"top_reasons":"dist_thermal_plant_km=3.952 (+8.41); dist_power_plant_km=1.13 (+0.55); is_persistent=1 (+0.45); lc_crop_1km=0 (+0.24)"}},{"type":"Feature","geometry":{"type":"Point","coordinates":[81.3896,21.18562]},"properties":{"cell_id":"4237_16278","pred_class":"thermal_power","n_detections":247,"frp_mean":2.077,"frp_max":8.52,"night_frac":0.9879,"first_seen":"2024-01-03","last_seen":"2026-04-26","class_agreement":1.0,"top_reasons":"dist_thermal_plant_km=3.54 (+8.42); dist_power_plant_km=0.9849 (+0.57); is_persistent=1 (+0.46); dist_industrial_km=0.1025 (+0.29)"}},{"type":"Feature","geometry":{"type":"Point","coordinates":[81.393,21.18682]},"properties":{"cell_id":"4237_16279","pred_class":"thermal_power","n_detections":23,"frp_mean":1.6561,"frp_max":3.55,"night_frac":0.9565,"first_seen":"2024-02-10","last_seen":"2026-02-09","class_agreement":1.0,"top_reasons":"dist_thermal_plant_km=3.198 (+9.15); is_persistent=1 (+0.59); dist_power_plant_km=1.006 (+0.49); nearest_plant_mw=500 (+0.15)"}},{"type":"Feature","geometry":{"type":"Point","coordinates":[81.199,21.19022]},"properties":{"cell_id":"4238_16240","pred_class":"thermal_power","n_detections":99,"frp_mean":0.9714,"frp_max":3.12,"night_frac":1.0,"first_seen":"2024-01-02","last_seen":"2026-04-15","class_agreement":1.0,"top_reasons":"dist_thermal_plant_km=1.162 (+9.22); is_persistent=1 (+0.67); n_detections=99 (+0.23); nearest_plant_mw=12.8 (+0.22)"}},{"type":"Feature","geometry":{"type":"Point","coordinates":[81.20933,21.18879]},"properties":{"cell_id":"4238_16242","pred_class":"thermal_power","n_detections":34,"frp_mean":1.0976,"frp_max":2.91,"night_frac":1.0,"first_seen":"2024-01-15","last_seen":"2026-04-10","class_agreement":1.0,"top_reasons":"dist_thermal_plant_km=0.1254 (+9.23); is_persistent=1 (+0.70); n_detections=34 (+0.25); nearest_plant_mw=12.8 (+0.23)"}},{"type":"Feature","geometry":{"type":"Point","coordinates":[81.39036,21.189]},"properties":{"cell_id":"4238_16278","pred_class":"thermal_power","n_detections":338,"frp_mean":2.4,"frp_max":7.92,"night_frac":0.9497,"first_seen":"2024-01-01","last_seen":"2026-04-27","class_agreement":1.0,"top_reasons":"dist_thermal_plant_km=3.501 (+8.25); dist_power_plant_km=1.302 (+0.56); is_persistent=1 (+0.45); lc_crop_1km=0 (+0.22)"}},{"type":"Feature","geometry":{"type":"Point","coordinates":[81.39313,21.18907]},"properties":{"cell_id":"4238_16279","pred_class":"thermal_power","n_detections":58,"frp_mean":2.0979,"frp_max":6.71,"night_frac":0.8621,"first_seen":"2024-01-04","last_seen":"2026-04-15","class_agreement":1.0,"top_reasons":"dist_thermal_plant_km=3.219 (+9.21); is_persistent=1 (+0.57); dist_power_plant_km=1.254 (+0.55); nearest_plant_mw=500 (+0.17)"}},{"type":"Feature","geometry":{"type":"Point","coordinates":[81.41567,21.19172]},"properties":{"cell_id":"4238_16283","pred_class":"thermal_power","n_detections":47,"frp_mean":3.1268,"frp_max":12.56,"night_frac":0.8723,"first_seen":"2024-01-14","last_seen":"2026-04-16","class_agreement":1.0,"top_reasons":"dist_thermal_plant_km=1.196 (+9.21); is_persistent=1 (+0.56); dist_power_plant_km=1.028 (+0.54); nearest_plant_mw=500 (+0.17)"}},{"type":"Feature","geometry":{"type":"Point","coordinates":[81.4183,21.19198]},"properties":{"cell_id":"4238_16284","pred_class":"thermal_power","n_detections":22,"frp_mean":3.3227,"frp_max":8.5,"night_frac":0.7273,"first_seen":"2024-02-15","last_seen":"2026-02-11","class_agreement":1.0,"top_reasons":"dist_thermal_plant_km=1.049 (+9.15); dist_power_plant_km=0.7926 (+0.58); is_persistent=1 (+0.51); nearest_plant_mw=500 (+0.15)"}},{"type":"Feature","geometry":{"type":"Point","coordinates":[81.21461,21.19361]},"properties":{"cell_id":"4239_16243","pred_class":"thermal_power","n_detections":35,"frp_mean":1.0703,"frp_max":1.71,"night_frac":1.0,"first_seen":"2024-10-23","last_seen":"2026-03-19","class_agreement":1.0,"top_reasons":"dist_thermal_plant_km=0.8094 (+9.24); is_persistent=1 (+0.72); nearest_plant_mw=12.8 (+0.25); n_detections=35 (+0.24)"}},{"type":"Feature","geometry":{"type":"Point","coordinates":[81.39098,21.19363]},"properties":{"cell_id":"4239_16278","pred_class":"thermal_power","n_detections":65,"frp_mean":1.9712,"frp_max":7.07,"night_frac":0.9231,"first_seen":"2024-01-05","last_seen":"2026-04-20","class_agreement":1.0,"top_reasons":"dist_thermal_plant_km=3.558 (+7.93); dist_power_plant_km=1.786 (+0.52); is_persistent=1 (+0.43); lc_crop_1km=0 (+0.26)"}},{"type":"Feature","geometry":{"type":"Point","coordinates":[81.39546,21.19515]},"properties":{"cell_id":"4239_16279","pred_class":"thermal_power","n_detections":92,"frp_mean":1.9345,"frp_max":5.52,"night_frac":0.9891,"first_seen":"2024-01-01","last_seen":"2026-04-07","class_agreement":1.0,"top_reasons":"dist_thermal_plant_km=3.179 (+9.21); is_persistent=1 (+0.57); dist_power_plant_km=1.929 (+0.41); nearest_plant_mw=500 (+0.16)"}},{"type":"Feature","geometry":{"type":"Point","coordinates":[81.39838,21.19554]},"properties":{"cell_id":"4239_16280","pred_class":"thermal_power","n_detections":21,"frp_mean":1.779,"frp_max":3.83,"night_frac":1.0,"first_seen":"2024-01-24","last_seen":"2026-03-04","class_agreement":1.0,"top_reasons":"dist_thermal_plant_km=2.922 (+9.24); is_persistent=1 (+0.54); dist_power_plant_km=2.016 (+0.39); nearest_plant_mw=500 (+0.12)"}},{"type":"Feature","geometry":{"type":"Point","coordinates":[81.41569,21.19497]},"properties":{"cell_id":"4239_16283","pred_class":"thermal_power","n_detections":225,"frp_mean":3.9055,"frp_max":19.05,"night_frac":0.8267,"first_seen":"2024-01-05","last_seen":"2026-04-25","class_agreement":1.0,"top_reasons":"dist_thermal_plant_km=1.476 (+9.21); is_persistent=1 (+0.58); dist_power_plant_km=1.202 (+0.55); nearest_plant_mw=500 (+0.18)"}},{"type":"Feature","geometry":{"type":"Point","coordinates":[81.41838,21.19492]},"properties":{"cell_id":"4239_16284","pred_class":"thermal_power","n_detections":111,"frp_mean":5.2125,"frp_max":26.05,"night_frac":0.6486,"first_seen":"2024-01-03","last_seen":"2026-04-26","class_agreement":1.0,"top_reasons":"dist_thermal_plant_km=1.334 (+9.21); is_persistent=1 (+0.58); dist_power_plant_km=0.9893 (+0.53); nearest_plant_mw=500 (+0.17)"}},{"type":"Feature","geometry":{"type":"Point","coordinates":[81.4006,21.20031]},"properties":{"cell_id":"4240_16280","pred_class":"thermal_power","n_detections":20,"frp_mean":4.1135,"frp_max":17.46,"night_frac":0.55,"first_seen":"2024-02-10","last_seen":"2026-02-17","class_agreement":1.0,"top_reasons":"dist_thermal_plant_km=3.004 (+9.01); is_persistent=1 (+0.56); dist_power_plant_km=2.587 (+0.37); n_active_days=18 (-0.16)"}},{"type":"Feature","geometry":{"type":"Point","coordinates":[81.41574,21.19853]},"properties":{"cell_id":"4240_16283","pred_class":"thermal_power","n_detections":31,"frp_mean":2.9348,"frp_max":9.78,"night_frac":0.9032,"first_seen":"2024-01-05","last_seen":"2026-03-16","class_agreement":1.0,"top_reasons":"dist_thermal_plant_km=1.814 (+9.22); is_persistent=1 (+0.56); dist_power_plant_km=1.47 (+0.53); nearest_plant_mw=500 (+0.19)"}},{"type":"Feature","geometry":{"type":"Point","coordinates":[82.13541,21.21172]},"properties":{"cell_id":"4242_16427","pred_class":"gas_flare","n_detections":50,"frp_mean":1.5494,"frp_max":26.12,"night_frac":0.96,"first_seen":"2024-04-20","last_seen":"2026-02-26","class_agreement":0.62,"top_reasons":"is_persistent=1 (+0.65); dist_industrial_km=13 (+0.48); dist_any_industry_km=13 (-0.43); inside_industrial=0 (+0.32)"}},{"type":"Feature","geometry":{"type":"Point","coordinates":[82.13602,21.21409]},"properties":{"cell_id":"4243_16427","pred_class":"gas_flare","n_detections":152,"frp_mean":1.1863,"frp_max":12.6,"night_frac":0.9868,"first_seen":"2024-01-02","last_seen":"2026-04-10","class_agreement":0.9079,"top_reasons":"dist_any_industry_km=13.2 (-0.69); is_persistent=1 (+0.65); dist_industrial_km=13.2 (+0.62); month_entropy=0.8297 (+0.44)"}},{"type":"Feature","geometry":{"type":"Point","coordinates":[82.13836,21.21498]},"properties":{"cell_id":"4243_16428","pred_class":"gas_flare","n_detections":55,"frp_mean":1.2878,"frp_max":4.5,"night_frac":0.9818,"first_seen":"2024-12-03","last_seen":"2026-04-26","class_agreement":0.5091,"top_reasons":"is_persistent=1 (+0.63); dist_industrial_km=13.45 (+0.48); dist_any_industry_km=13.45 (-0.47); inside_mining=0 (+0.32)"}},{"type":"Feature","geometry":{"type":"Point","coordinates":[79.6295,21.23189]},"properties":{"cell_id":"4246_15926","pred_class":"thermal_power","n_detections":78,"frp_mean":1.374,"frp_max":3.91,"night_frac":1.0,"first_seen":"2024-01-03","last_seen":"2026-04-18","class_agreement":1.0,"top_reasons":"dist_thermal_plant_km=0.1665 (+9.21); is_persistent=1 (+0.74); nearest_plant_mw=15 (+0.27); n_detections=78 (+0.26)"}},{"type":"Feature","geometry":{"type":"Point","coordinates":[79.63011,21.23396]},"properties":{"cell_id":"4247_15926","pred_class":"thermal_power","n_detections":260,"frp_mean":1.553,"frp_max":7.61,"night_frac":0.9692,"first_seen":"2024-01-08","last_seen":"2026-04-26","class_agreement":1.0,"top_reasons":"dist_thermal_plant_km=0.2409 (+9.21); is_persistent=1 (+0.74); frp_mean=1.553 (+0.25); nearest_plant_mw=15 (+0.22)"}},{"type":"Feature","geometry":{"type":"Point","coordinates":[79.22549,21.24105]},"properties":{"cell_id":"4248_15845","pred_class":"mining","n_detections":24,"frp_mean":1.3913,"frp_max":2.18,"night_frac":0.9583,"first_seen":"2024-04-15","last_seen":"2026-04-16","class_agreement":1.0,"top_reasons":"dist_mining_km=0.2877 (+5.30); inside_mining=1 (+4.73); dist_thermal_plant_km=12.22 (+0.37); dist_any_industry_km=1.892 (+0.08)"}},{"type":"Feature","geometry":{"type":"Point","coordinates":[79.22937,21.24044]},"properties":{"cell_id":"4248_15846","pred_class":"mining","n_detections":89,"frp_mean":1.3346,"frp_max":2.87,"night_frac":1.0,"first_seen":"2024-01-23","last_seen":"2026-04-25","class_agreement":1.0,"top_reasons":"dist_mining_km=0.2962 (+5.19); inside_mining=1 (+4.74); dist_thermal_plant_km=12.62 (+0.39); lc_grass_1km=0.2479 (+0.10)"}},{"type":"Feature","geometry":{"type":"Point","coordinates":[81.38609,21.23946]},"properties":{"cell_id":"4248_16277","pred_class":"industrial_plant","n_detections":70,"frp_mean":0.9883,"frp_max":3.54,"night_frac":1.0,"first_seen":"2024-01-20","last_seen":"2026-03-26","class_agreement":1.0,"top_reasons":"dist_industrial_km=0.2981 (+3.55); is_persistent=1 (+2.28); inside_industrial=1 (+2.00); dist_thermal_plant_km=7.296 (+1.04)"}},{"type":"Feature","geometry":{"type":"Point","coordinates":[79.22155,21.24543]},"properties":{"cell_id":"4249_15844","pred_class":"mining","n_detections":143,"frp_mean":1.6699,"frp_max":4.04,"night_frac":0.972,"first_seen":"2024-01-04","last_seen":"2026-04-26","class_agreement":1.0,"top_reasons":"dist_mining_km=0.7111 (+9.15); lc_grass_1km=0.2397 (+0.39); dist_thermal_plant_km=11.66 (+0.31); lc_tree_1km=0.08264 (+0.13)"}},{"type":"Feature","geometry":{"type":"Point","coordinates":[79.22414,21.24548]},"properties":{"cell_id":"4249_15845","pred_class":"mining","n_detections":268,"frp_mean":1.7648,"frp_max":8.74,"night_frac":0.8843,"first_seen":"2024-01-15","last_seen":"2026-04-26","class_agreement":1.0,"top_reasons":"dist_mining_km=0.489 (+5.33); inside_mining=1 (+4.62); dist_thermal_plant_km=11.91 (+0.37); lc_grass_1km=0.3306 (+0.10)"}},{"type":"Feature","geometry":{"type":"Point","coordinates":[81.76997,21.24572]},"properties":{"cell_id":"4249_16354","pred_class":"industrial_plant","n_detections":70,"frp_mean":0.9766,"frp_max":3.99,"night_frac":1.0,"first_seen":"2024-01-10","last_seen":"2026-03-19","class_agreement":1.0,"top_reasons":"dist_industrial_km=0.07585 (+3.72); is_persistent=1 (+2.52); inside_industrial=1 (+1.74); dist_thermal_plant_km=24.26 (+1.05)"}},{"type":"Feature","geometry":{"type":"Point","coordinates":[79.20606,21.25033]},"properties":{"cell_id":"4250_15841","pred_class":"mining","n_detections":69,"frp_mean":1.1761,"frp_max":4.38,"night_frac":0.971,"first_seen":"2024-09-15","last_seen":"2026-04-10","class_agreement":1.0,"top_reasons":"dist_mining_km=0.5113 (+5.27); inside_mining=1 (+4.68); dist_thermal_plant_km=9.966 (+0.31); dist_any_industry_km=4.07 (+0.10)"}},{"type":"Feature","geometry":{"type":"Point","coordinates":[79.2098,21.24972]},"properties":{"cell_id":"4250_15842","pred_class":"mining","n_detections":66,"frp_mean":2.2577,"frp_max":9.17,"night_frac":0.8788,"first_seen":"2024-03-31","last_seen":"2026-04-26","class_agreement":1.0,"top_reasons":"dist_mining_km=0.122 (+5.28); inside_mining=1 (+4.63); dist_thermal_plant_km=10.35 (+0.28); lc_grass_1km=0.2645 (+0.12)"}},{"type":"Feature","geometry":{"type":"Point","coordinates":[79.21461,21.25118]},"properties":{"cell_id":"4250_15843","pred_class":"mining","n_detections":39,"frp_mean":2.1795,"frp_max":7.45,"night_frac":0.8205,"first_seen":"2024-03-26","last_seen":"2026-04-18","class_agreement":1.0,"top_reasons":"dist_mining_km=0.4034 (+9.17); dist_thermal_plant_km=10.77 (+0.27); lc_grass_5km=0.1345 (+0.19); dist_any_industry_km=3.482 (+0.18)"}},{"type":"Feature","geometry":{"type":"Point","coordinates":[79.22136,21.2483]},"properties":{"cell_id":"4250_15844","pred_class":"mining","n_detections":35,"frp_mean":1.5649,"frp_max":4.04,"night_frac":1.0,"first_seen":"2024-01-01","last_seen":"2026-03-23","class_agreement":1.0,"top_reasons":"dist_mining_km=0.9129 (+9.19); lc_grass_1km=0.1653 (+0.30); dist_thermal_plant_km=11.54 (+0.28); dist_any_industry_km=2.792 (+0.15)"}},{"type":"Feature","geometry":{"type":"Point","coordinates":[79.22359,21.24831]},"properties":{"cell_id":"4250_15845","pred_class":"mining","n_detections":48,"frp_mean":1.5642,"frp_max":6.34,"night_frac":0.8958,"first_seen":"2024-01-11","last_seen":"2026-03-21","class_agreement":1.0,"top_reasons":"dist_mining_km=0.7638 (+9.15); lc_grass_1km=0.2562 (+0.40); dist_thermal_plant_km=11.75 (+0.30); lc_grass_5km=0.1098 (+0.14)"}},{"type":"Feature","geometry":{"type":"Point","coordinates":[79.19559,21.25871]},"properties":{"cell_id":"4252_15839","pred_class":"mining","n_detections":23,"frp_mean":1.9809,"frp_max":5.05,"night_frac":0.8696,"first_seen":"2025-02-03","last_seen":"2026-04-15","class_agreement":1.0,"top_reasons":"inside_mining=1 (+5.85); dist_mining_km=0.9913 (+3.97); dist_thermal_plant_km=8.637 (+0.15); lc_bare_1km=0.4793 (+0.12)"}},{"type":"Feature","geometry":{"type":"Point","coordinates":[79.18058,21.26487]},"properties":{"cell_id":"4253_15836","pred_class":"mining","n_detections":33,"frp_mean":1.3664,"frp_max":7.4,"night_frac":1.0,"first_seen":"2024-11-26","last_seen":"2026-03-21","class_agreement":1.0,"top_reasons":"dist_mining_km=0.7109 (+9.02); lc_bare_5km=0.1633 (+0.28); dist_thermal_plant_km=6.952 (+0.20); lc_grass_1km=0.5041 (+0.19)"}},{"type":"Feature","geometry":{"type":"Point","coordinates":[79.1409,21.28182]},"properties":{"cell_id":"4256_15828","pred_class":"thermal_power","n_detections":21,"frp_mean":2.86,"frp_max":15.23,"night_frac":0.9524,"first_seen":"2024-05-02","last_seen":"2025-05-24","class_agreement":1.0,"top_reasons":"dist_thermal_plant_km=2.579 (+9.09); is_persistent=1 (+0.55); dist_power_plant_km=2.148 (+0.44); frp_cv=1.09 (+0.17)"}},{"type":"Feature","geometry":{"type":"Point","coordinates":[79.14524,21.28145]},"properties":{"cell_id":"4256_15829","pred_class":"thermal_power","n_detections":42,"frp_mean":2.4664,"frp_max":10.93,"night_frac":0.8333,"first_seen":"2024-03-24","last_seen":"2026-04-22","class_agreement":1.0,"top_reasons":"dist_thermal_plant_km=3.03 (+9.26); is_persistent=1 (+0.51); dist_power_plant_km=2.566 (+0.46); dist_mining_km=0.1648 (+0.09)"}},{"type":"Feature","geometry":{"type":"Point","coordinates":[79.14932,21.28086]},"properties":{"cell_id":"4256_15830","pred_class":"thermal_power","n_detections":81,"frp_mean":1.9657,"frp_max":7.29,"night_frac":0.8395,"first_seen":"2024-03-26","last_seen":"2026-04-26","class_agreement":1.0,"top_reasons":"dist_thermal_plant_km=3.454 (+8.10); dist_power_plant_km=2.962 (+0.52); is_persistent=1 (+0.40); lc_grass_1km=0.3802 (+0.39)"}},{"type":"Feature","geometry":{"type":"Point","coordinates":[79.14083,21.28491]},"properties":{"cell_id":"4257_15828","pred_class":"thermal_power","n_detections":121,"frp_mean":4.4192,"frp_max":17.77,"night_frac":0.719,"first_seen":"2024-05-03","last_seen":"2026-02-24","class_agreement":1.0,"top_reasons":"dist_thermal_plant_km=2.596 (+9.24); dist_power_plant_km=2.28 (+0.53); is_persistent=1 (+0.52); n_detections=121 (+0.09)"}},{"type":"Feature","geometry":{"type":"Point","coordinates":[79.14409,21.28459]},"properties":{"cell_id":"4257_15829","pred_class":"thermal_power","n_detections":119,"frp_mean":4.142,"frp_max":18.44,"night_frac":0.6555,"first_seen":"2024-05-05","last_seen":"2026-03-21","class_agreement":1.0,"top_reasons":"dist_thermal_plant_km=2.927 (+9.24); dist_power_plant_km=2.569 (+0.53); is_persistent=1 (+0.51); n_detections=119 (+0.09)"}},{"type":"Feature","geometry":{"type":"Point","coordinates":[79.14918,21.28339]},"properties":{"cell_id":"4257_15830","pred_class":"thermal_power","n_detections":32,"frp_mean":1.7594,"frp_max":5.03,"night_frac":0.875,"first_seen":"2024-03-31","last_seen":"2026-04-24","class_agreement":1.0,"top_reasons":"dist_thermal_plant_km=3.443 (+9.21); is_persistent=1 (+0.51); dist_power_plant_km=3.018 (+0.39); n_active_days=25 (+0.09)"}},{"type":"Feature","geometry":{"type":"Point","coordinates":[81.59439,21.2943]},"properties":{"cell_id":"4259_16319","pred_class":"industrial_plant","n_detections":51,"frp_mean":0.5931,"frp_max":3.71,"night_frac":1.0,"first_seen":"2024-05-04","last_seen":"2026-03-31","class_agreement":1.0,"top_reasons":"dist_industrial_km=0.08724 (+3.14); is_persistent=1 (+2.46); inside_industrial=1 (+2.05); dist_thermal_plant_km=21.53 (+1.04)"}},{"type":"Feature","geometry":{"type":"Point","coordinates":[81.60592,21.29642]},"properties":{"cell_id":"4259_16321","pred_class":"industrial_plant","n_detections":44,"frp_mean":0.8293,"frp_max":2.32,"night_frac":1.0,"first_seen":"2024-01-09","last_seen":"2026-04-26","class_agreement":1.0,"top_reasons":"dist_industrial_km=1.221 (+2.93); is_persistent=1 (+2.46); inside_industrial=1 (+2.17); dist_thermal_plant_km=22.65 (+1.01)"}},{"type":"Feature","geometry":{"type":"Point","coordinates":[81.6082,21.29688]},"properties":{"cell_id":"4259_16322","pred_class":"industrial_plant","n_detections":17,"frp_mean":1.0824,"frp_max":2.44,"night_frac":0.9412,"first_seen":"2024-01-10","last_seen":"2026-04-09","class_agreement":1.0,"top_reasons":"dist_industrial_km=1.105 (+3.05); is_persistent=1 (+2.44); inside_industrial=1 (+1.88); dist_thermal_plant_km=22.87 (+0.96)"}},{"type":"Feature","geometry":{"type":"Point","coordinates":[81.60584,21.2997]},"properties":{"cell_id":"4260_16321","pred_class":"industrial_plant","n_detections":193,"frp_mean":1.1166,"frp_max":6.14,"night_frac":0.9845,"first_seen":"2024-01-03","last_seen":"2026-04-25","class_agreement":1.0,"top_reasons":"dist_industrial_km=1.356 (+2.95); is_persistent=1 (+2.45); inside_industrial=1 (+2.14); dist_thermal_plant_km=22.84 (+1.00)"}},{"type":"Feature","geometry":{"type":"Point","coordinates":[81.6082,21.29939]},"properties":{"cell_id":"4260_16322","pred_class":"industrial_plant","n_detections":72,"frp_mean":1.2315,"frp_max":6.64,"night_frac":0.9444,"first_seen":"2024-02-04","last_seen":"2026-04-15","class_agreement":1.0,"top_reasons":"dist_industrial_km=1.231 (+3.04); is_persistent=1 (+2.45); inside_industrial=1 (+2.06); dist_thermal_plant_km=23.03 (+1.01)"}},{"type":"Feature","geometry":{"type":"Point","coordinates":[81.59067,21.30997]},"properties":{"cell_id":"4262_16318","pred_class":"industrial_plant","n_detections":357,"frp_mean":1.0917,"frp_max":6.11,"night_frac":1.0,"first_seen":"2024-01-01","last_seen":"2026-04-26","class_agreement":1.0,"top_reasons":"dist_industrial_km=0.0302 (+3.13); is_persistent=1 (+2.53); inside_industrial=1 (+1.97); dist_thermal_plant_km=22.26 (+0.99)"}},{"type":"Feature","geometry":{"type":"Point","coordinates":[81.59289,21.3099]},"properties":{"cell_id":"4262_16319","pred_class":"industrial_plant","n_detections":34,"frp_mean":0.9618,"frp_max":2.07,"night_frac":1.0,"first_seen":"2024-01-08","last_seen":"2026-04-14","class_agreement":1.0,"top_reasons":"dist_industrial_km=0.2034 (+3.30); is_persistent=1 (+2.54); inside_industrial=1 (+1.86); dist_thermal_plant_km=22.44 (+1.04)"}},{"type":"Feature","geometry":{"type":"Point","coordinates":[81.57884,21.32439]},"properties":{"cell_id":"4265_16316","pred_class":"industrial_plant","n_detections":28,"frp_mean":0.5843,"frp_max":1.04,"night_frac":1.0,"first_seen":"2024-01-18","last_seen":"2026-03-25","class_agreement":1.0,"top_reasons":"dist_industrial_km=0.5117 (+3.27); is_persistent=1 (+2.47); inside_industrial=1 (+1.95); dist_thermal_plant_km=22.41 (+1.04)"}},{"type":"Feature","geometry":{"type":"Point","coordinates":[78.96551,21.33612]},"properties":{"cell_id":"4267_15793","pred_class":"mining","n_detections":33,"frp_mean":2.737,"frp_max":11.62,"night_frac":0.9091,"first_seen":"2026-01-24","last_seen":"2026-04-15","class_agreement":0.697,"top_reasons":"dist_mining_km=1.142 (+2.31); inside_mining=0 (-1.69); dist_any_industry_km=4.417 (+0.26); lc_grass_1km=0.1736 (+0.17)"}},{"type":"Feature","geometry":{"type":"Point","coordinates":[78.96915,21.33579]},"properties":{"cell_id":"4267_15794","pred_class":"mining","n_detections":45,"frp_mean":1.8942,"frp_max":11.56,"night_frac":0.9778,"first_seen":"2025-10-15","last_seen":"2026-04-26","class_agreement":0.5111,"top_reasons":"dist_mining_km=1.357 (+2.24); inside_mining=0 (-1.69); dist_any_industry_km=4.475 (+0.30); lc_grass_1km=0.2727 (+0.28)"}},{"type":"Feature","geometry":{"type":"Point","coordinates":[78.97006,21.33906]},"properties":{"cell_id":"4268_15794","pred_class":"agricultural_burn","n_detections":16,"frp_mean":1.4644,"frp_max":3.26,"night_frac":0.9375,"first_seen":"2025-10-16","last_seen":"2026-04-24","class_agreement":0.875,"top_reasons":"lc_crop_1km=0.7851 (+4.63); is_night=1 (-3.19); bright_ti4=310.9 (-0.79); lc_crop_5km=0.8307 (+0.58)"}},{"type":"Feature","geometry":{"type":"Point","coordinates":[81.6711,21.34126]},"properties":{"cell_id":"4268_16334","pred_class":"industrial_plant","n_detections":78,"frp_mean":0.8128,"frp_max":1.79,"night_frac":1.0,"first_seen":"2024-01-02","last_seen":"2026-04-15","class_agreement":1.0,"top_reasons":"dist_industrial_km=1.242 (+3.61); is_persistent=1 (+2.52); inside_industrial=1 (+1.83); dist_thermal_plant_km=22.33 (+1.03)"}},{"type":"Feature","geometry":{"type":"Point","coordinates":[81.66505,21.34575]},"properties":{"cell_id":"4269_16333","pred_class":"industrial_plant","n_detections":165,"frp_mean":1.4379,"frp_max":5.35,"night_frac":0.9697,"first_seen":"2024-03-08","last_seen":"2026-04-26","class_agreement":1.0,"top_reasons":"dist_industrial_km=1.027 (+3.60); is_persistent=1 (+2.51); inside_industrial=1 (+1.83); dist_thermal_plant_km=22.6 (+1.02)"}},{"type":"Feature","geometry":{"type":"Point","coordinates":[81.67062,21.3437]},"properties":{"cell_id":"4269_16334","pred_class":"industrial_plant","n_detections":59,"frp_mean":0.8425,"frp_max":2.55,"night_frac":0.9831,"first_seen":"2024-01-03","last_seen":"2026-03-23","class_agreement":1.0,"top_reasons":"dist_industrial_km=0.9771 (+3.74); is_persistent=1 (+2.53); inside_industrial=1 (+1.78); dist_thermal_plant_km=22.23 (+1.02)"}},{"type":"Feature","geometry":{"type":"Point","coordinates":[81.66504,21.34884]},"properties":{"cell_id":"4270_16333","pred_class":"industrial_plant","n_detections":80,"frp_mean":2.0009,"frp_max":6.76,"night_frac":0.7875,"first_seen":"2024-01-04","last_seen":"2026-04-27","class_agreement":1.0,"top_reasons":"dist_industrial_km=0.8166 (+3.57); is_persistent=1 (+2.50); inside_industrial=1 (+1.82); dist_thermal_plant_km=22.43 (+1.03)"}},{"type":"Feature","geometry":{"type":"Point","coordinates":[81.67365,21.35505]},"properties":{"cell_id":"4271_16335","pred_class":"industrial_plant","n_detections":16,"frp_mean":0.8794,"frp_max":1.83,"night_frac":1.0,"first_seen":"2024-01-19","last_seen":"2026-02-09","class_agreement":1.0,"top_reasons":"dist_industrial_km=0.3443 (+3.56); is_persistent=1 (+2.52); inside_industrial=1 (+1.63); dist_thermal_plant_km=21.31 (+1.01)"}},{"type":"Feature","geometry":{"type":"Point","coordinates":[81.65028,21.36101]},"properties":{"cell_id":"4272_16330","pred_class":"industrial_plant","n_detections":20,"frp_mean":0.954,"frp_max":1.56,"night_frac":1.0,"first_seen":"2024-01-09","last_seen":"2026-03-25","class_agreement":1.0,"top_reasons":"dist_industrial_km=1.447 (+3.75); is_persistent=1 (+2.51); inside_industrial=1 (+1.71); dist_thermal_plant_km=23.15 (+1.00)"}},{"type":"Feature","geometry":{"type":"Point","coordinates":[81.64555,21.3649]},"properties":{"cell_id":"4273_16329","pred_class":"industrial_plant","n_detections":100,"frp_mean":1.3511,"frp_max":2.95,"night_frac":1.0,"first_seen":"2024-01-01","last_seen":"2026-04-26","class_agreement":1.0,"top_reasons":"dist_industrial_km=1.11 (+3.62); is_persistent=1 (+2.51); inside_industrial=1 (+1.82); dist_thermal_plant_km=23.42 (+1.00)"}},{"type":"Feature","geometry":{"type":"Point","coordinates":[81.65152,21.36451]},"properties":{"cell_id":"4273_16330","pred_class":"industrial_plant","n_detections":61,"frp_mean":1.5254,"frp_max":5.41,"night_frac":1.0,"first_seen":"2024-01-17","last_seen":"2026-04-25","class_agreement":1.0,"top_reasons":"dist_industrial_km=1.164 (+3.59); is_persistent=1 (+2.51); inside_industrial=1 (+1.84); dist_thermal_plant_km=22.87 (+1.01)"}},{"type":"Feature","geometry":{"type":"Point","coordinates":[81.65356,21.36456]},"properties":{"cell_id":"4273_16331","pred_class":"industrial_plant","n_detections":57,"frp_mean":1.3714,"frp_max":2.62,"night_frac":1.0,"first_seen":"2024-01-04","last_seen":"2026-04-26","class_agreement":1.0,"top_reasons":"dist_industrial_km=1.235 (+3.56); is_persistent=1 (+2.51); inside_industrial=1 (+1.85); dist_thermal_plant_km=22.68 (+1.02)"}},{"type":"Feature","geometry":{"type":"Point","coordinates":[81.67667,21.36564]},"properties":{"cell_id":"4273_16335","pred_class":"industrial_plant","n_detections":115,"frp_mean":1.8213,"frp_max":3.72,"night_frac":1.0,"first_seen":"2024-01-01","last_seen":"2026-04-16","class_agreement":1.0,"top_reasons":"dist_industrial_km=0.4807 (+3.59); is_persistent=1 (+2.50); inside_industrial=1 (+1.80); dist_thermal_plant_km=20.47 (+1.05)"}},{"type":"Feature","geometry":{"type":"Point","coordinates":[81.67894,21.36559]},"properties":{"cell_id":"4273_16336","pred_class":"industrial_plant","n_detections":198,"frp_mean":1.6174,"frp_max":5.28,"night_frac":1.0,"first_seen":"2024-01-03","last_seen":"2026-04-26","class_agreement":1.0,"top_reasons":"dist_industrial_km=0.2456 (+3.59); is_persistent=1 (+2.50); inside_industrial=1 (+1.80); dist_thermal_plant_km=20.27 (+1.04)"}},{"type":"Feature","geometry":{"type":"Point","coordinates":[81.68463,21.36459]},"properties":{"cell_id":"4273_16337","pred_class":"industrial_plant","n_detections":31,"frp_mean":1.5058,"frp_max":3.61,"night_frac":1.0,"first_seen":"2024-01-09","last_seen":"2026-04-12","class_agreement":1.0,"top_reasons":"dist_industrial_km=0.3624 (+3.72); is_persistent=1 (+2.51); inside_industrial=1 (+1.72); dist_thermal_plant_km=19.8 (+1.03)"}},{"type":"Feature","geometry":{"type":"Point","coordinates":[81.6765,21.36904]},"properties":{"cell_id":"4274_16335","pred_class":"industrial_plant","n_detections":20,"frp_mean":1.9315,"frp_max":2.85,"night_frac":1.0,"first_seen":"2024-01-12","last_seen":"2026-03-06","class_agreement":1.0,"top_reasons":"dist_industrial_km=0.6263 (+5.23); is_persistent=1 (+2.50); dist_thermal_plant_km=20.32 (+0.88); dist_mining_km=13.54 (+0.71)"}},{"type":"Feature","geometry":{"type":"Point","coordinates":[81.67899,21.36815]},"properties":{"cell_id":"4274_16336","pred_class":"industrial_plant","n_detections":35,"frp_mean":1.5089,"frp_max":2.48,"night_frac":1.0,"first_seen":"2024-01-17","last_seen":"2026-02-25","class_agreement":1.0,"top_reasons":"dist_industrial_km=0.3689 (+3.73); is_persistent=1 (+2.50); inside_industrial=1 (+1.69); dist_thermal_plant_km=20.13 (+1.02)"}},{"type":"Feature","geometry":{"type":"Point","coordinates":[81.68499,21.37142]},"properties":{"cell_id":"4274_16337","pred_class":"industrial_plant","n_detections":101,"frp_mean":1.4653,"frp_max":3.4,"night_frac":1.0,"first_seen":"2024-01-01","last_seen":"2026-04-15","class_agreement":1.0,"top_reasons":"dist_industrial_km=0.5597 (+3.60); is_persistent=1 (+2.51); inside_industrial=1 (+1.80); dist_thermal_plant_km=19.41 (+1.03)"}},{"type":"Feature","geometry":{"type":"Point","coordinates":[81.64046,21.37584]},"properties":{"cell_id":"4275_16328","pred_class":"industrial_plant","n_detections":334,"frp_mean":1.8426,"frp_max":6.79,"night_frac":1.0,"first_seen":"2024-01-01","last_seen":"2026-04-26","class_agreement":1.0,"top_reasons":"dist_industrial_km=0.8262 (+3.01); is_persistent=1 (+2.50); inside_industrial=1 (+2.07); dist_thermal_plant_km=23.44 (+0.96)"}},{"type":"Feature","geometry":{"type":"Point","coordinates":[81.6434,21.37632]},"properties":{"cell_id":"4275_16329","pred_class":"industrial_plant","n_detections":93,"frp_mean":1.8778,"frp_max":4.05,"night_frac":1.0,"first_seen":"2024-01-03","last_seen":"2026-04-02","class_agreement":1.0,"top_reasons":"dist_industrial_km=0.5463 (+3.18); is_persistent=1 (+2.51); inside_industrial=1 (+2.01); dist_thermal_plant_km=23.14 (+1.04)"}},{"type":"Feature","geometry":{"type":"Point","coordinates":[81.65166,21.37519]},"properties":{"cell_id":"4275_16330","pred_class":"industrial_plant","n_detections":17,"frp_mean":1.1694,"frp_max":1.58,"night_frac":1.0,"first_seen":"2024-01-13","last_seen":"2026-04-10","class_agreement":1.0,"top_reasons":"dist_industrial_km=0.3538 (+3.69); is_persistent=1 (+2.51); inside_industrial=1 (+1.60); dist_thermal_plant_km=22.39 (+0.99)"}},{"type":"Feature","geometry":{"type":"Point","coordinates":[81.65314,21.37527]},"properties":{"cell_id":"4275_16331","pred_class":"industrial_plant","n_detections":31,"frp_mean":1.1981,"frp_max":3.13,"night_frac":1.0,"first_seen":"2024-01-15","last_seen":"2026-04-13","class_agreement":1.0,"top_reasons":"dist_industrial_km=0.5059 (+3.74); is_persistent=1 (+2.50); inside_industrial=1 (+1.73); dist_thermal_plant_km=22.24 (+1.04)"}},{"type":"Feature","geometry":{"type":"Point","coordinates":[81.67638,21.37532]},"properties":{"cell_id":"4275_16335","pred_class":"industrial_plant","n_detections":27,"frp_mean":2.2452,"frp_max":3.93,"night_frac":1.0,"first_seen":"2024-01-12","last_seen":"2026-04-16","class_agreement":1.0,"top_reasons":"dist_industrial_km=0.5151 (+5.18); is_persistent=1 (+2.51); dist_thermal_plant_km=20.03 (+0.89); dist_mining_km=14.03 (+0.72)"}},{"type":"Feature","geometry":{"type":"Point","coordinates":[81.68025,21.3757]},"properties":{"cell_id":"4275_16336","pred_class":"industrial_plant","n_detections":459,"frp_mean":2.0884,"frp_max":9.16,"night_frac":0.9847,"first_seen":"2024-01-01","last_seen":"2026-04-26","class_agreement":1.0,"top_reasons":"dist_industrial_km=0.1298 (+3.49); is_persistent=1 (+2.50); inside_industrial=1 (+1.86); dist_thermal_plant_km=19.65 (+1.04)"}},{"type":"Feature","geometry":{"type":"Point","coordinates":[81.68367,21.37505]},"properties":{"cell_id":"4275_16337","pred_class":"industrial_plant","n_detections":65,"frp_mean":1.6986,"frp_max":4.38,"night_frac":1.0,"first_seen":"2024-01-05","last_seen":"2026-04-26","class_agreement":1.0,"top_reasons":"dist_industrial_km=0.2404 (+3.53); is_persistent=1 (+2.44); inside_industrial=1 (+1.83); dist_thermal_plant_km=19.36 (+1.03)"}},{"type":"Feature","geometry":{"type":"Point","coordinates":[81.64049,21.37837]},"properties":{"cell_id":"4276_16328","pred_class":"industrial_plant","n_detections":124,"frp_mean":1.9388,"frp_max":10.1,"night_frac":0.9919,"first_seen":"2024-01-06","last_seen":"2026-04-13","class_agreement":1.0,"top_reasons":"dist_industrial_km=0.9161 (+3.08); is_persistent=1 (+2.52); inside_industrial=1 (+2.05); dist_thermal_plant_km=23.34 (+1.04)"}},{"type":"Feature","geometry":{"type":"Point","coordinates":[81.64453,21.37847]},"properties":{"cell_id":"4276_16329","pred_class":"industrial_plant","n_detections":69,"frp_mean":1.5561,"frp_max":3.6,"night_frac":1.0,"first_seen":"2024-01-06","last_seen":"2026-03-26","class_agreement":1.0,"top_reasons":"dist_industrial_km=0.5874 (+3.17); is_persistent=1 (+2.50); inside_industrial=1 (+2.04); dist_thermal_plant_km=22.95 (+1.02)"}},{"type":"Feature","geometry":{"type":"Point","coordinates":[81.65594,21.38181]},"properties":{"cell_id":"4276_16331","pred_class":"industrial_plant","n_detections":43,"frp_mean":1.1088,"frp_max":2.45,"night_frac":1.0,"first_seen":"2024-01-10","last_seen":"2026-03-22","class_agreement":1.0,"top_reasons":"dist_industrial_km=1.13 (+3.74); is_persistent=1 (+2.51); inside_industrial=1 (+1.75); dist_thermal_plant_km=21.71 (+1.02)"}},{"type":"Feature","geometry":{"type":"Point","coordinates":[81.68045,21.37879]},"properties":{"cell_id":"4276_16336","pred_class":"industrial_plant","n_detections":309,"frp_mean":1.8062,"frp_max":5.62,"night_frac":0.9773,"first_seen":"2024-01-02","last_seen":"2026-04-24","class_agreement":1.0,"top_reasons":"dist_industrial_km=0.4164 (+3.56); is_persistent=1 (+2.49); inside_industrial=1 (+1.81); dist_thermal_plant_km=19.49 (+1.04)"}},{"type":"Feature","geometry":{"type":"Point","coordinates":[81.68298,21.37902]},"properties":{"cell_id":"4276_16337","pred_class":"industrial_plant","n_detections":27,"frp_mean":1.6989,"frp_max":4.34,"night_frac":0.963,"first_seen":"2024-01-01","last_seen":"2026-04-10","class_agreement":1.0,"top_reasons":"dist_industrial_km=0.463 (+3.61); is_persistent=1 (+2.50); inside_industrial=1 (+1.77); dist_thermal_plant_km=19.24 (+1.03)"}},{"type":"Feature","geometry":{"type":"Point","coordinates":[81.64539,21.38693]},"properties":{"cell_id":"4277_16329","pred_class":"industrial_plant","n_detections":15,"frp_mean":1.5013,"frp_max":2.51,"night_frac":1.0,"first_seen":"2024-03-22","last_seen":"2026-02-14","class_agreement":1.0,"top_reasons":"dist_industrial_km=0.5269 (+4.92); is_persistent=1 (+2.49); dist_thermal_plant_km=22.55 (+0.87); dist_mining_km=17.28 (+0.75)"}},{"type":"Feature","geometry":{"type":"Point","coordinates":[81.65599,21.3837]},"properties":{"cell_id":"4277_16331","pred_class":"industrial_plant","n_detections":46,"frp_mean":1.2257,"frp_max":4.95,"night_frac":0.9783,"first_seen":"2024-01-12","last_seen":"2026-02-08","class_agreement":1.0,"top_reasons":"dist_industrial_km=1.291 (+3.75); is_persistent=1 (+2.51); inside_industrial=1 (+1.76); dist_thermal_plant_km=21.63 (+1.02)"}},{"type":"Feature","geometry":{"type":"Point","coordinates":[81.64594,21.3897]},"properties":{"cell_id":"4278_16329","pred_class":"industrial_plant","n_detections":377,"frp_mean":1.6473,"frp_max":5.84,"night_frac":0.9947,"first_seen":"2024-01-01","last_seen":"2026-04-26","class_agreement":1.0,"top_reasons":"dist_industrial_km=0.2155 (+2.80); is_persistent=1 (+2.52); inside_industrial=1 (+2.18); dist_thermal_plant_km=22.41 (+1.03)"}},{"type":"Feature","geometry":{"type":"Point","coordinates":[81.64823,21.3896]},"properties":{"cell_id":"4278_16330","pred_class":"industrial_plant","n_detections":113,"frp_mean":1.4775,"frp_max":4.51,"night_frac":1.0,"first_seen":"2024-01-11","last_seen":"2026-04-20","class_agreement":1.0,"top_reasons":"dist_industrial_km=0.2693 (+2.91); is_persistent=1 (+2.54); inside_industrial=1 (+2.13); dist_thermal_plant_km=22.18 (+1.04)"}},{"type":"Feature","geometry":{"type":"Point","coordinates":[72.98881,21.41021]},"properties":{"cell_id":"4282_14598","pred_class":"gas_flare","n_detections":15,"frp_mean":0.956,"frp_max":3.2,"night_frac":0.8,"first_seen":"2024-04-08","last_seen":"2026-04-19","class_agreement":1.0,"top_reasons":"is_persistent=1 (+1.39); dist_industrial_km=2.405 (+1.08); inside_mining=0 (+0.57); month_entropy=0.6758 (+0.56)"}},{"type":"Feature","geometry":{"type":"Point","coordinates":[72.97574,21.43124]},"properties":{"cell_id":"4286_14595","pred_class":"industrial_plant","n_detections":38,"frp_mean":1.4292,"frp_max":4.59,"night_frac":0.9211,"first_seen":"2024-02-04","last_seen":"2026-04-23","class_agreement":1.0,"top_reasons":"dist_industrial_km=1.57 (+5.04); is_persistent=1 (+2.52); dist_thermal_plant_km=10.12 (+0.86); dist_mining_km=12.63 (+0.70)"}},{"type":"Feature","geometry":{"type":"Point","coordinates":[72.9757,21.43394]},"properties":{"cell_id":"4287_14595","pred_class":"industrial_plant","n_detections":52,"frp_mean":1.2885,"frp_max":7.29,"night_frac":1.0,"first_seen":"2024-01-14","last_seen":"2026-04-26","class_agreement":1.0,"top_reasons":"dist_industrial_km=1.829 (+4.85); is_persistent=1 (+2.53); dist_thermal_plant_km=10.42 (+0.85); dist_mining_km=12.7 (+0.69)"}},{"type":"Feature","geometry":{"type":"Point","coordinates":[72.97848,21.43407]},"properties":{"cell_id":"4287_14596","pred_class":"industrial_plant","n_detections":16,"frp_mean":1.0494,"frp_max":2.49,"night_frac":0.9375,"first_seen":"2025-02-12","last_seen":"2026-02-25","class_agreement":1.0,"top_reasons":"dist_industrial_km=1.988 (+3.09); is_persistent=1 (+2.18); dist_thermal_plant_km=10.4 (+0.67); dist_mining_km=12.42 (+0.55)"}},{"type":"Feature","geometry":{"type":"Point","coordinates":[81.80129,21.45884]},"properties":{"cell_id":"4292_16360","pred_class":"industrial_plant","n_detections":17,"frp_mean":1.7735,"frp_max":8.48,"night_frac":0.8235,"first_seen":"2025-02-12","last_seen":"2026-04-07","class_agreement":1.0,"top_reasons":"dist_industrial_km=2.111 (+2.84); is_persistent=1 (+1.85); dist_thermal_plant_km=5.392 (+0.52); dist_mining_km=5.503 (+0.51)"}},{"type":"Feature","geometry":{"type":"Point","coordinates":[81.76672,21.48616]},"properties":{"cell_id":"4297_16353","pred_class":"industrial_plant","n_detections":86,"frp_mean":1.5233,"frp_max":3.08,"night_frac":1.0,"first_seen":"2024-01-02","last_seen":"2026-04-02","class_agreement":1.0,"top_reasons":"dist_industrial_km=0.2926 (+3.73); is_persistent=1 (+2.50); inside_industrial=1 (+1.77); dist_thermal_plant_km=9.75 (+1.04)"}},{"type":"Feature","geometry":{"type":"Point","coordinates":[81.76933,21.48606]},"properties":{"cell_id":"4297_16354","pred_class":"industrial_plant","n_detections":357,"frp_mean":1.5498,"frp_max":4.39,"night_frac":0.9972,"first_seen":"2024-01-01","last_seen":"2026-04-26","class_agreement":1.0,"top_reasons":"dist_industrial_km=0.02482 (+3.54); is_persistent=1 (+2.47); inside_industrial=1 (+1.81); dist_thermal_plant_km=9.499 (+1.03)"}},{"type":"Feature","geometry":{"type":"Point","coordinates":[81.76664,21.48854]},"properties":{"cell_id":"4298_16353","pred_class":"industrial_plant","n_detections":49,"frp_mean":1.4718,"frp_max":2.59,"night_frac":1.0,"first_seen":"2024-01-19","last_seen":"2026-03-28","class_agreement":1.0,"top_reasons":"dist_industrial_km=0.4005 (+5.11); is_persistent=1 (+2.49); dist_thermal_plant_km=9.87 (+0.89); dist_mining_km=3.319 (+0.69)"}},{"type":"Feature","geometry":{"type":"Point","coordinates":[81.76949,21.48857]},"properties":{"cell_id":"4298_16354","pred_class":"industrial_plant","n_detections":235,"frp_mean":1.4307,"frp_max":3.07,"night_frac":1.0,"first_seen":"2024-01-03","last_seen":"2026-04-26","class_agreement":1.0,"top_reasons":"dist_industrial_km=0.2675 (+3.57); is_persistent=1 (+2.49); inside_industrial=1 (+1.80); dist_thermal_plant_km=9.606 (+1.04)"}},{"type":"Feature","geometry":{"type":"Point","coordinates":[81.81103,21.49321]},"properties":{"cell_id":"4299_16362","pred_class":"gas_flare","n_detections":20,"frp_mean":0.4685,"frp_max":0.84,"night_frac":1.0,"first_seen":"2024-11-28","last_seen":"2026-02-03","class_agreement":1.0,"top_reasons":"is_persistent=1 (+1.37); dist_industrial_km=2.485 (+1.24); dist_any_industry_km=2.485 (+0.67); inside_mining=0 (+0.62)"}},{"type":"Feature","geometry":{"type":"Point","coordinates":[86.8319,21.53112]},"properties":{"cell_id":"4306_17366","pred_class":"industrial_plant","n_detections":27,"frp_mean":0.9156,"frp_max":1.63,"night_frac":1.0,"first_seen":"2024-02-03","last_seen":"2026-01-26","class_agreement":1.0,"top_reasons":"dist_industrial_km=0.2285 (+5.02); is_persistent=1 (+2.51); dist_thermal_plant_km=64.46 (+0.89); dist_mining_km=81.77 (+0.70)"}},{"type":"Feature","geometry":{"type":"Point","coordinates":[86.8337,21.53107]},"properties":{"cell_id":"4306_17367","pred_class":"industrial_plant","n_detections":67,"frp_mean":0.8401,"frp_max":1.89,"night_frac":1.0,"first_seen":"2024-03-04","last_seen":"2026-01-27","class_agreement":1.0,"top_reasons":"dist_industrial_km=0.3764 (+5.08); is_persistent=1 (+2.50); dist_thermal_plant_km=64.64 (+0.88); dist_mining_km=81.94 (+0.69)"}},{"type":"Feature","geometry":{"type":"Point","coordinates":[81.9464,21.54184]},"properties":{"cell_id":"4308_16389","pred_class":"industrial_plant","n_detections":23,"frp_mean":1.1617,"frp_max":2.18,"night_frac":1.0,"first_seen":"2024-01-04","last_seen":"2026-03-25","class_agreement":1.0,"top_reasons":"dist_industrial_km=0.3832 (+3.70); is_persistent=1 (+2.49); inside_industrial=1 (+1.72); dist_thermal_plant_km=14.1 (+1.03)"}},{"type":"Feature","geometry":{"type":"Point","coordinates":[81.94644,21.54371]},"properties":{"cell_id":"4309_16389","pred_class":"industrial_plant","n_detections":48,"frp_mean":1.3952,"frp_max":2.5,"night_frac":1.0,"first_seen":"2024-01-02","last_seen":"2026-04-15","class_agreement":1.0,"top_reasons":"dist_industrial_km=0.3486 (+3.51); is_persistent=1 (+2.47); inside_industrial=1 (+1.83); dist_thermal_plant_km=14.26 (+1.04)"}},{"type":"Feature","geometry":{"type":"Point","coordinates":[81.94834,21.5437]},"properties":{"cell_id":"4309_16390","pred_class":"industrial_plant","n_detections":42,"frp_mean":1.3293,"frp_max":7.33,"night_frac":1.0,"first_seen":"2024-01-03","last_seen":"2026-02-26","class_agreement":1.0,"top_reasons":"dist_industrial_km=0.1569 (+3.72); is_persistent=1 (+2.47); inside_industrial=1 (+1.75); dist_thermal_plant_km=14.39 (+1.03)"}},{"type":"Feature","geometry":{"type":"Point","coordinates":[81.7469,21.55505]},"properties":{"cell_id":"4311_16349","pred_class":"industrial_plant","n_detections":18,"frp_mean":0.8872,"frp_max":1.7,"night_frac":1.0,"first_seen":"2024-03-23","last_seen":"2026-03-29","class_agreement":1.0,"top_reasons":"dist_industrial_km=1.335 (+5.19); is_persistent=1 (+2.48); dist_thermal_plant_km=16 (+0.86); dist_mining_km=6.632 (+0.72)"}},{"type":"Feature","geometry":{"type":"Point","coordinates":[81.74886,21.55641]},"properties":{"cell_id":"4311_16350","pred_class":"industrial_plant","n_detections":58,"frp_mean":0.92,"frp_max":1.61,"night_frac":1.0,"first_seen":"2024-03-24","last_seen":"2026-04-14","class_agreement":1.0,"top_reasons":"dist_industrial_km=1.083 (+5.21); is_persistent=1 (+2.51); dist_thermal_plant_km=15.98 (+0.87); dist_mining_km=6.618 (+0.72)"}},{"type":"Feature","geometry":{"type":"Point","coordinates":[81.75487,21.56024]},"properties":{"cell_id":"4312_16351","pred_class":"industrial_plant","n_detections":38,"frp_mean":1.1411,"frp_max":2.04,"night_frac":1.0,"first_seen":"2025-03-17","last_seen":"2026-04-15","class_agreement":1.0,"top_reasons":"dist_industrial_km=0.3316 (+3.64); is_persistent=1 (+2.51); inside_industrial=1 (+1.78); dist_thermal_plant_km=15.89 (+1.02)"}},{"type":"Feature","geometry":{"type":"Point","coordinates":[72.91599,21.56397]},"properties":{"cell_id":"4313_14583","pred_class":"industrial_plant","n_detections":23,"frp_mean":1.8926,"frp_max":4.4,"night_frac":0.6957,"first_seen":"2025-10-03","last_seen":"2026-04-24","class_agreement":1.0,"top_reasons":"dist_industrial_km=1.898 (+4.95); is_persistent=1 (+2.35); dist_thermal_plant_km=24.89 (+0.83); dist_mining_km=25.36 (+0.62)"}},{"type":"Feature","geometry":{"type":"Point","coordinates":[82.0217,21.57627]},"properties":{"cell_id":"4315_16404","pred_class":"industrial_plant","n_detections":46,"frp_mean":1.5089,"frp_max":3.18,"night_frac":1.0,"first_seen":"2024-01-09","last_seen":"2026-04-14","class_agreement":1.0,"top_reasons":"dist_industrial_km=0.0422 (+3.49); is_persistent=1 (+2.49); inside_industrial=1 (+1.86); dist_thermal_plant_km=22.45 (+1.04)"}},{"type":"Feature","geometry":{"type":"Point","coordinates":[82.02362,21.57634]},"properties":{"cell_id":"4315_16405","pred_class":"industrial_plant","n_detections":48,"frp_mean":1.6142,"frp_max":3.9,"night_frac":1.0,"first_seen":"2024-02-21","last_seen":"2026-04-26","class_agreement":1.0,"top_reasons":"dist_industrial_km=0.1983 (+3.62); is_persistent=1 (+2.49); inside_industrial=1 (+1.80); dist_thermal_plant_km=22.61 (+1.04)"}},{"type":"Feature","geometry":{"type":"Point","coordinates":[96.23203,21.576]},"properties":{"cell_id":"4315_19246","pred_class":"gas_flare","n_detections":15,"frp_mean":1.588,"frp_max":2.58,"night_frac":1.0,"first_seen":"2024-06-27","last_seen":"2026-04-02","class_agreement":1.0,"top_reasons":"is_persistent=1 (+0.79); dist_any_industry_km=357.6 (-0.50); dist_industrial_km=357.6 (+0.45); month_entropy=0.727 (+0.34)"}},{"type":"Feature","geometry":{"type":"Point","coordinates":[96.23424,21.57614]},"properties":{"cell_id":"4315_19247","pred_class":"gas_flare","n_detections":114,"frp_mean":1.6069,"frp_max":4.72,"night_frac":0.9649,"first_seen":"2024-01-08","last_seen":"2026-04-08","class_agreement":1.0,"top_reasons":"is_persistent=1 (+0.77); dist_any_industry_km=357.8 (-0.74); dist_industrial_km=357.8 (+0.67); month_entropy=0.8857 (+0.46)"}},{"type":"Feature","geometry":{"type":"Point","coordinates":[82.0217,21.57815]},"properties":{"cell_id":"4316_16404","pred_class":"industrial_plant","n_detections":15,"frp_mean":1.5347,"frp_max":2.77,"night_frac":1.0,"first_seen":"2024-01-13","last_seen":"2026-03-25","class_agreement":1.0,"top_reasons":"dist_industrial_km=0.25 (+3.36); is_persistent=1 (+2.43); inside_industrial=1 (+1.84); dist_thermal_plant_km=22.58 (+0.98)"}},{"type":"Feature","geometry":{"type":"Point","coordinates":[82.02327,21.57805]},"properties":{"cell_id":"4316_16405","pred_class":"industrial_plant","n_detections":18,"frp_mean":1.4817,"frp_max":4.42,"night_frac":1.0,"first_seen":"2024-01-10","last_seen":"2026-04-24","class_agreement":1.0,"top_reasons":"dist_industrial_km=0.2857 (+3.49); is_persistent=1 (+2.47); inside_industrial=1 (+1.84); dist_thermal_plant_km=22.7 (+1.02)"}},{"type":"Feature","geometry":{"type":"Point","coordinates":[96.23429,21.57816]},"properties":{"cell_id":"4316_19247","pred_class":"gas_flare","n_detections":50,"frp_mean":1.4876,"frp_max":2.85,"night_frac":1.0,"first_seen":"2024-01-13","last_seen":"2026-03-18","class_agreement":1.0,"top_reasons":"is_persistent=1 (+0.74); dist_industrial_km=357.7 (+0.61); dist_any_industry_km=357.7 (-0.54); month_entropy=0.7544 (+0.40)"}},{"type":"Feature","geometry":{"type":"Point","coordinates":[96.22679,21.59141]},"properties":{"cell_id":"4318_19245","pred_class":"wildfire","n_detections":42,"frp_mean":1.2114,"frp_max":2.16,"night_frac":0.9762,"first_seen":"2024-01-06","last_seen":"2026-04-16","class_agreement":1.0,"top_reasons":"lc_built_5km=0.06545 (-3.20); dist_refinery_km=1932 (+1.98); lc_tree_1km=0.3719 (+1.50); n_detections=42 (-1.50)"}},{"type":"Feature","geometry":{"type":"Point","coordinates":[96.2288,21.59156]},"properties":{"cell_id":"4318_19246","pred_class":"wildfire","n_detections":112,"frp_mean":1.4424,"frp_max":6.2,"night_frac":1.0,"first_seen":"2024-01-01","last_seen":"2026-04-12","class_agreement":1.0,"top_reasons":"lc_built_5km=0.06645 (-3.21); dist_refinery_km=1933 (+2.07); lc_tree_1km=0.3636 (+1.53); n_detections=112 (-1.46)"}},{"type":"Feature","geometry":{"type":"Point","coordinates":[96.2268,21.59359]},"properties":{"cell_id":"4319_19245","pred_class":"gas_flare","n_detections":49,"frp_mean":1.249,"frp_max":4.47,"night_frac":1.0,"first_seen":"2024-01-20","last_seen":"2026-04-08","class_agreement":1.0,"top_reasons":"is_persistent=1 (+0.77); dist_any_industry_km=356.6 (-0.66); dist_industrial_km=356.6 (+0.65); month_entropy=0.8073 (+0.41)"}},{"type":"Feature","geometry":{"type":"Point","coordinates":[96.22888,21.59367]},"properties":{"cell_id":"4319_19246","pred_class":"gas_flare","n_detections":121,"frp_mean":1.2185,"frp_max":3.51,"night_frac":1.0,"first_seen":"2024-01-02","last_seen":"2026-04-24","class_agreement":1.0,"top_reasons":"is_persistent=1 (+0.72); dist_industrial_km=356.8 (+0.64); dist_any_industry_km=356.8 (-0.60); month_entropy=0.8318 (+0.41)"}},{"type":"Feature","geometry":{"type":"Point","coordinates":[81.7941,21.62139]},"properties":{"cell_id":"4324_16359","pred_class":"mining","n_detections":47,"frp_mean":0.8904,"frp_max":1.44,"night_frac":1.0,"first_seen":"2025-11-19","last_seen":"2026-04-04","class_agreement":1.0,"top_reasons":"dist_mining_km=2.061 (+1.08); inside_mining=0 (-0.70); dist_any_industry_km=5.292 (+0.23); lc_grass_1km=0.3058 (+0.12)"}},{"type":"Feature","geometry":{"type":"Point","coordinates":[81.79419,21.62335]},"properties":{"cell_id":"4325_16359","pred_class":"gas_flare","n_detections":21,"frp_mean":0.7967,"frp_max":1.42,"night_frac":1.0,"first_seen":"2025-11-29","last_seen":"2026-03-26","class_agreement":0.619,"top_reasons":"is_persistent=1 (+0.66); dist_industrial_km=5.498 (+0.51); dist_any_industry_km=5.498 (-0.47); month_entropy=0.5926 (+0.32)"}},{"type":"Feature","geometry":{"type":"Point","coordinates":[82.11128,21.6308]},"properties":{"cell_id":"4326_16422","pred_class":"industrial_plant","n_detections":48,"frp_mean":0.9498,"frp_max":1.95,"night_frac":1.0,"first_seen":"2024-01-09","last_seen":"2026-04-15","class_agreement":1.0,"top_reasons":"dist_industrial_km=0.1464 (+3.74); is_persistent=1 (+2.51); inside_industrial=1 (+1.74); dist_thermal_plant_km=33.48 (+1.04)"}},{"type":"Feature","geometry":{"type":"Point","coordinates":[82.11308,21.63058]},"properties":{"cell_id":"4326_16423","pred_class":"industrial_plant","n_detections":26,"frp_mean":0.9235,"frp_max":6.06,"night_frac":1.0,"first_seen":"2024-01-19","last_seen":"2026-04-26","class_agreement":1.0,"top_reasons":"dist_industrial_km=0.3024 (+3.76); is_persistent=1 (+2.50); inside_industrial=1 (+1.74); dist_thermal_plant_km=33.62 (+1.03)"}},{"type":"Feature","geometry":{"type":"Point","coordinates":[82.08077,21.67153]},"properties":{"cell_id":"4334_16416","pred_class":"industrial_plant","n_detections":163,"frp_mean":1.5572,"frp_max":4.38,"night_frac":1.0,"first_seen":"2024-01-04","last_seen":"2026-04-23","class_agreement":1.0,"top_reasons":"dist_industrial_km=0.4471 (+3.41); is_persistent=1 (+2.44); inside_industrial=1 (+1.85); dist_thermal_plant_km=34.13 (+1.03)"}},{"type":"Feature","geometry":{"type":"Point","coordinates":[82.0832,21.67147]},"properties":{"cell_id":"4334_16417","pred_class":"industrial_plant","n_detections":59,"frp_mean":1.372,"frp_max":3.77,"night_frac":1.0,"first_seen":"2024-01-03","last_seen":"2026-04-10","class_agreement":1.0,"top_reasons":"dist_industrial_km=0.2773 (+3.49); is_persistent=1 (+2.38); inside_industrial=1 (+1.81); dist_thermal_plant_km=34.3 (+1.02)"}},{"type":"Feature","geometry":{"type":"Point","coordinates":[84.0405,21.67196]},"properties":{"cell_id":"4334_16808","pred_class":"industrial_plant","n_detections":21,"frp_mean":1.099,"frp_max":2.06,"night_frac":1.0,"first_seen":"2024-04-15","last_seen":"2026-02-18","class_agreement":1.0,"top_reasons":"dist_industrial_km=0.5226 (+3.94); is_persistent=1 (+2.48); inside_industrial=1 (+1.67); dist_thermal_plant_km=12.55 (+1.05)"}},{"type":"Feature","geometry":{"type":"Point","coordinates":[82.08041,21.67403]},"properties":{"cell_id":"4335_16416","pred_class":"industrial_plant","n_detections":248,"frp_mean":1.6845,"frp_max":5.66,"night_frac":0.996,"first_seen":"2024-01-07","last_seen":"2026-04-25","class_agreement":1.0,"top_reasons":"dist_industrial_km=0.4161 (+3.42); is_persistent=1 (+2.41); inside_industrial=1 (+1.86); dist_thermal_plant_km=34.3 (+1.02)"}},{"type":"Feature","geometry":{"type":"Point","coordinates":[82.08335,21.67364]},"properties":{"cell_id":"4335_16417","pred_class":"industrial_plant","n_detections":73,"frp_mean":1.589,"frp_max":8.04,"night_frac":1.0,"first_seen":"2024-01-02","last_seen":"2026-04-25","class_agreement":1.0,"top_reasons":"dist_industrial_km=0.1104 (+3.40); is_persistent=1 (+2.44); inside_industrial=1 (+1.88); dist_thermal_plant_km=34.48 (+1.04)"}},{"type":"Feature","geometry":{"type":"Point","coordinates":[84.03621,21.67679]},"properties":{"cell_id":"4335_16807","pred_class":"industrial_plant","n_detections":95,"frp_mean":1.9326,"frp_max":4.68,"night_frac":1.0,"first_seen":"2024-01-02","last_seen":"2026-03-28","class_agreement":1.0,"top_reasons":"dist_industrial_km=0.7376 (+5.09); is_persistent=1 (+2.53); dist_thermal_plant_km=12.19 (+0.83); dist_mining_km=8.312 (+0.72)"}},{"type":"Feature","geometry":{"type":"Point","coordinates":[84.03961,21.67578]},"properties":{"cell_id":"4335_16808","pred_class":"industrial_plant","n_detections":336,"frp_mean":1.969,"frp_max":6.96,"night_frac":0.8929,"first_seen":"2024-01-02","last_seen":"2026-04-26","class_agreement":1.0,"top_reasons":"dist_industrial_km=0.3788 (+5.04); is_persistent=1 (+2.51); dist_thermal_plant_km=12.52 (+0.87); dist_mining_km=8.619 (+0.79)"}},{"type":"Feature","geometry":{"type":"Point","coordinates":[84.03628,21.6793]},"properties":{"cell_id":"4336_16807","pred_class":"industrial_plant","n_detections":269,"frp_mean":2.1728,"frp_max":6.76,"night_frac":0.9703,"first_seen":"2024-01-03","last_seen":"2026-04-25","class_agreement":1.0,"top_reasons":"dist_industrial_km=0.8168 (+5.07); is_persistent=1 (+2.52); dist_thermal_plant_km=12.25 (+0.86); dist_mining_km=8.098 (+0.76)"}},{"type":"Feature","geometry":{"type":"Point","coordinates":[84.03968,21.6798]},"properties":{"cell_id":"4336_16808","pred_class":"industrial_plant","n_detections":937,"frp_mean":2.7465,"frp_max":8.95,"night_frac":0.7439,"first_seen":"2024-01-01","last_seen":"2026-04-27","class_agreement":1.0,"top_reasons":"dist_industrial_km=0.5721 (+3.74); is_persistent=1 (+2.47); inside_industrial=1 (+1.69); dist_thermal_plant_km=12.6 (+1.03)"}},{"type":"Feature","geometry":{"type":"Point","coordinates":[84.04321,21.68087]},"properties":{"cell_id":"4336_16809","pred_class":"industrial_plant","n_detections":42,"frp_mean":1.4614,"frp_max":4.59,"night_frac":0.9762,"first_seen":"2024-01-05","last_seen":"2026-03-31","class_agreement":1.0,"top_reasons":"dist_industrial_km=0.5543 (+3.98); is_persistent=1 (+2.49); inside_industrial=1 (+1.62); dist_thermal_plant_km=12.98 (+1.03)"}},{"type":"Feature","geometry":{"type":"Point","coordinates":[84.0406,21.68307]},"properties":{"cell_id":"4337_16808","pred_class":"industrial_plant","n_detections":70,"frp_mean":1.5163,"frp_max":4.18,"night_frac":1.0,"first_seen":"2024-01-07","last_seen":"2026-04-26","class_agreement":1.0,"top_reasons":"dist_industrial_km=0.8451 (+3.84); is_persistent=1 (+2.50); inside_industrial=1 (+1.70); dist_thermal_plant_km=12.77 (+1.02)"}},{"type":"Feature","geometry":{"type":"Point","coordinates":[84.0311,21.69701]},"properties":{"cell_id":"4339_16806","pred_class":"industrial_plant","n_detections":17,"frp_mean":0.8418,"frp_max":2.23,"night_frac":0.9412,"first_seen":"2024-01-04","last_seen":"2026-03-04","class_agreement":1.0,"top_reasons":"dist_industrial_km=0.1892 (+3.91); is_persistent=1 (+2.47); inside_industrial=1 (+1.53); dist_thermal_plant_km=12.27 (+0.96)"}},{"type":"Feature","geometry":{"type":"Point","coordinates":[84.03135,21.69875]},"properties":{"cell_id":"4340_16806","pred_class":"industrial_plant","n_detections":36,"frp_mean":0.9733,"frp_max":10.21,"night_frac":0.9722,"first_seen":"2024-01-10","last_seen":"2026-04-16","class_agreement":1.0,"top_reasons":"dist_industrial_km=0.2028 (+3.94); is_persistent=1 (+2.44); inside_industrial=1 (+1.66); dist_thermal_plant_km=12.37 (+1.05)"}},{"type":"Feature","geometry":{"type":"Point","coordinates":[84.03326,21.69877]},"properties":{"cell_id":"4340_16807","pred_class":"industrial_plant","n_detections":24,"frp_mean":0.8033,"frp_max":1.9,"night_frac":1.0,"first_seen":"2024-01-06","last_seen":"2026-04-21","class_agreement":1.0,"top_reasons":"dist_industrial_km=0.1425 (+3.79); is_persistent=1 (+2.48); inside_industrial=1 (+1.74); dist_thermal_plant_km=12.55 (+1.06)"}},{"type":"Feature","geometry":{"type":"Point","coordinates":[97.13563,21.70454]},"properties":{"cell_id":"4341_19427","pred_class":"wildfire","n_detections":25,"frp_mean":1.6088,"frp_max":5.81,"night_frac":0.84,"first_seen":"2024-02-04","last_seen":"2025-03-31","class_agreement":1.0,"top_reasons":"lc_tree_1km=1 (+1.39); lc_built_5km=0 (+1.28); is_persistent=1 (-0.97); n_active_days=21 (-0.48)"}},{"type":"Feature","geometry":{"type":"Point","coordinates":[84.04064,21.71444]},"properties":{"cell_id":"4343_16808","pred_class":"industrial_plant","n_detections":103,"frp_mean":0.8186,"frp_max":2.3,"night_frac":1.0,"first_seen":"2024-01-06","last_seen":"2026-04-21","class_agreement":1.0,"top_reasons":"dist_industrial_km=0.1675 (+3.75); is_persistent=1 (+2.49); inside_industrial=1 (+1.87); dist_thermal_plant_km=11.12 (+1.05)"}},{"type":"Feature","geometry":{"type":"Point","coordinates":[82.21213,21.73099]},"properties":{"cell_id":"4346_16442","pred_class":"industrial_plant","n_detections":17,"frp_mean":1.0859,"frp_max":2.63,"night_frac":1.0,"first_seen":"2024-04-05","last_seen":"2026-03-22","class_agreement":1.0,"top_reasons":"dist_industrial_km=0.2562 (+3.56); is_persistent=1 (+2.36); inside_industrial=1 (+1.61); dist_thermal_plant_km=32.61 (+0.97)"}},{"type":"Feature","geometry":{"type":"Point","coordinates":[82.21436,21.7307]},"properties":{"cell_id":"4346_16443","pred_class":"industrial_plant","n_detections":232,"frp_mean":1.433,"frp_max":7.0,"night_frac":1.0,"first_seen":"2024-01-09","last_seen":"2026-04-10","class_agreement":1.0,"top_reasons":"dist_industrial_km=0.02404 (+3.59); is_persistent=1 (+2.45); inside_industrial=1 (+1.76); dist_thermal_plant_km=32.49 (+1.03)"}},{"type":"Feature","geometry":{"type":"Point","coordinates":[83.8204,21.73082]},"properties":{"cell_id":"4346_16764","pred_class":"gas_flare","n_detections":55,"frp_mean":1.8845,"frp_max":6.37,"night_frac":0.8182,"first_seen":"2024-01-15","last_seen":"2026-03-22","class_agreement":1.0,"top_reasons":"is_persistent=1 (+1.36); dist_industrial_km=2.688 (+1.29); inside_mining=0 (+0.78); dist_any_industry_km=2.688 (+0.65)"}},{"type":"Feature","geometry":{"type":"Point","coordinates":[83.82461,21.73049]},"properties":{"cell_id":"4346_16765","pred_class":"gas_flare","n_detections":31,"frp_mean":1.541,"frp_max":6.8,"night_frac":0.9677,"first_seen":"2025-02-23","last_seen":"2026-01-04","class_agreement":1.0,"top_reasons":"dist_industrial_km=2.399 (+1.44); is_persistent=1 (+1.29); month_entropy=0.8017 (+0.78); inside_mining=0 (+0.69)"}},{"type":"Feature","geometry":{"type":"Point","coordinates":[83.84646,21.73156]},"properties":{"cell_id":"4346_16769","pred_class":"industrial_plant","n_detections":22,"frp_mean":1.3473,"frp_max":3.22,"night_frac":1.0,"first_seen":"2025-07-22","last_seen":"2025-12-03","class_agreement":1.0,"top_reasons":"dist_industrial_km=0.6966 (+4.66); is_persistent=1 (+2.16); dist_thermal_plant_km=5.127 (+0.76); dist_mining_km=2.069 (+0.57)"}},{"type":"Feature","geometry":{"type":"Point","coordinates":[83.84884,21.73143]},"properties":{"cell_id":"4346_16770","pred_class":"industrial_plant","n_detections":38,"frp_mean":1.3811,"frp_max":3.65,"night_frac":0.9474,"first_seen":"2025-06-06","last_seen":"2026-01-15","class_agreement":1.0,"top_reasons":"dist_industrial_km=0.6484 (+4.76); is_persistent=1 (+2.21); dist_thermal_plant_km=5.052 (+0.81); dist_mining_km=2.121 (+0.70)"}},{"type":"Feature","geometry":{"type":"Point","coordinates":[83.98095,21.73196]},"properties":{"cell_id":"4346_16796","pred_class":"mining","n_detections":23,"frp_mean":1.143,"frp_max":2.03,"night_frac":1.0,"first_seen":"2024-01-10","last_seen":"2026-04-11","class_agreement":1.0,"top_reasons":"dist_mining_km=0.7554 (+9.11); lc_bare_5km=0.04727 (+0.28); dist_thermal_plant_km=10.36 (+0.26); lc_grass_5km=0.2965 (+0.20)"}},{"type":"Feature","geometry":{"type":"Point","coordinates":[83.98614,21.73127]},"properties":{"cell_id":"4346_16797","pred_class":"mining","n_detections":66,"frp_mean":1.1686,"frp_max":4.13,"night_frac":0.9848,"first_seen":"2024-01-25","last_seen":"2026-04-10","class_agreement":1.0,"top_reasons":"dist_mining_km=0.5193 (+5.30); inside_mining=1 (+4.64); dist_thermal_plant_km=10.63 (+0.29); lc_bare_5km=0.04397 (+0.12)"}},{"type":"Feature","geometry":{"type":"Point","coordinates":[83.98838,21.73102]},"properties":{"cell_id":"4346_16798","pred_class":"mining","n_detections":19,"frp_mean":1.33,"frp_max":5.06,"night_frac":0.8421,"first_seen":"2024-02-22","last_seen":"2026-04-24","class_agreement":1.0,"top_reasons":"dist_mining_km=0.5614 (+5.35); inside_mining=1 (+4.67); dist_thermal_plant_km=10.72 (+0.30); lc_bare_5km=0.04397 (+0.12)"}},{"type":"Feature","geometry":{"type":"Point","coordinates":[82.21467,21.73291]},"properties":{"cell_id":"4347_16443","pred_class":"industrial_plant","n_detections":31,"frp_mean":1.0926,"frp_max":2.43,"night_frac":1.0,"first_seen":"2024-01-30","last_seen":"2026-04-07","class_agreement":1.0,"top_reasons":"dist_industrial_km=0.2433 (+3.62); is_persistent=1 (+2.45); inside_industrial=1 (+1.75); dist_thermal_plant_km=32.28 (+0.97)"}},{"type":"Feature","geometry":{"type":"Point","coordinates":[83.8202,21.73352]},"properties":{"cell_id":"4347_16764","pred_class":"gas_flare","n_detections":25,"frp_mean":2.4236,"frp_max":6.34,"night_frac":0.8,"first_seen":"2024-01-21","last_seen":"2026-03-13","class_agreement":1.0,"top_reasons":"is_persistent=1 (+1.35); dist_industrial_km=2.523 (+1.01); inside_mining=0 (+0.64); dist_any_industry_km=2.523 (+0.60)"}},{"type":"Feature","geometry":{"type":"Point","coordinates":[83.84619,21.73495]},"properties":{"cell_id":"4347_16769","pred_class":"mining","n_detections":65,"frp_mean":1.6458,"frp_max":9.43,"night_frac":0.9538,"first_seen":"2024-05-05","last_seen":"2026-01-06","class_agreement":1.0,"top_reasons":"inside_mining=1 (+7.13); dist_mining_km=1.691 (+2.38); lc_bare_1km=0.562 (+0.16); lc_grass_5km=0.3547 (+0.16)"}},{"type":"Feature","geometry":{"type":"Point","coordinates":[83.84898,21.73426]},"properties":{"cell_id":"4347_16770","pred_class":"industrial_plant","n_detections":69,"frp_mean":1.8771,"frp_max":7.59,"night_frac":0.8116,"first_seen":"2025-06-04","last_seen":"2026-01-20","class_agreement":1.0,"top_reasons":"dist_industrial_km=0.3337 (+4.51); is_persistent=1 (+2.21); dist_thermal_plant_km=5.355 (+0.78); dist_mining_km=1.818 (+0.62)"}},{"type":"Feature","geometry":{"type":"Point","coordinates":[83.98049,21.73423]},"properties":{"cell_id":"4347_16796","pred_class":"mining","n_detections":169,"frp_mean":1.2363,"frp_max":8.47,"night_frac":0.9882,"first_seen":"2024-01-01","last_seen":"2026-04-16","class_agreement":1.0,"top_reasons":"dist_mining_km=0.6896 (+9.15); dist_thermal_plant_km=10.53 (+0.28); lc_bare_5km=0.0519 (+0.27); lc_grass_1km=0.314 (+0.19)"}},{"type":"Feature","geometry":{"type":"Point","coordinates":[83.98453,21.73332]},"properties":{"cell_id":"4347_16797","pred_class":"mining","n_detections":24,"frp_mean":1.2225,"frp_max":1.89,"night_frac":1.0,"first_seen":"2024-01-31","last_seen":"2026-01-31","class_agreement":1.0,"top_reasons":"dist_mining_km=0.3769 (+5.32); inside_mining=1 (+4.75); dist_thermal_plant_km=10.7 (+0.25); lc_bare_5km=0.04992 (+0.11)"}},{"type":"Feature","geometry":{"type":"Point","coordinates":[83.84101,21.74058]},"properties":{"cell_id":"4348_16768","pred_class":"mining","n_detections":49,"frp_mean":4.3812,"frp_max":16.92,"night_frac":0.7347,"first_seen":"2024-02-22","last_seen":"2026-04-26","class_agreement":1.0,"top_reasons":"inside_mining=1 (+7.19); dist_mining_km=1.118 (+2.39); lc_bare_1km=0.7686 (+0.21); dist_thermal_plant_km=6.252 (+0.21)"}},{"type":"Feature","geometry":{"type":"Point","coordinates":[83.84401,21.73983]},"properties":{"cell_id":"4348_16769","pred_class":"mining","n_detections":41,"frp_mean":3.1276,"frp_max":9.56,"night_frac":0.7561,"first_seen":"2024-05-05","last_seen":"2026-04-26","class_agreement":1.0,"top_reasons":"inside_mining=1 (+7.21); dist_mining_km=1.142 (+2.28); lc_bare_1km=0.8347 (+0.20); lc_bare_5km=0.24 (+0.14)"}},{"type":"Feature","geometry":{"type":"Point","coordinates":[83.81549,21.74573]},"properties":{"cell_id":"4349_16763","pred_class":"gas_flare","n_detections":78,"frp_mean":2.5408,"frp_max":8.67,"night_frac":0.8205,"first_seen":"2024-04-25","last_seen":"2026-04-11","class_agreement":1.0,"top_reasons":"dist_industrial_km=2.567 (+1.14); is_persistent=1 (+1.08); month_entropy=0.7344 (+0.63); dist_any_industry_km=2.567 (+0.63)"}},{"type":"Feature","geometry":{"type":"Point","coordinates":[83.81972,21.7452]},"properties":{"cell_id":"4349_16764","pred_class":"mining","n_detections":43,"frp_mean":2.5653,"frp_max":6.12,"night_frac":0.814,"first_seen":"2024-04-26","last_seen":"2026-02-21","class_agreement":1.0,"top_reasons":"inside_mining=1 (+7.16); dist_mining_km=1.794 (+2.41); lc_bare_1km=0.8182 (+0.18); dist_thermal_plant_km=7.676 (+0.16)"}},{"type":"Feature","geometry":{"type":"Point","coordinates":[83.82443,21.74437]},"properties":{"cell_id":"4349_16765","pred_class":"mining","n_detections":34,"frp_mean":1.5088,"frp_max":5.09,"night_frac":0.9118,"first_seen":"2024-02-17","last_seen":"2025-04-06","class_agreement":1.0,"top_reasons":"inside_mining=1 (+8.07); dist_mining_km=1.9 (+1.29); lc_bare_1km=0.8099 (+0.24); lc_bare_5km=0.2565 (+0.14)"}},{"type":"Feature","geometry":{"type":"Point","coordinates":[83.84072,21.74456]},"properties":{"cell_id":"4349_16768","pred_class":"mining","n_detections":120,"frp_mean":3.0588,"frp_max":11.79,"night_frac":0.8167,"first_seen":"2024-05-05","last_seen":"2026-04-27","class_agreement":1.0,"top_reasons":"dist_mining_km=0.7311 (+5.14); inside_mining=1 (+4.98); dist_thermal_plant_km=6.682 (+0.30); lc_grass_5km=0.3028 (+0.10)"}},{"type":"Feature","geometry":{"type":"Point","coordinates":[83.84397,21.74522]},"properties":{"cell_id":"4349_16769","pred_class":"mining","n_detections":85,"frp_mean":6.7019,"frp_max":24.95,"night_frac":0.4471,"first_seen":"2025-12-30","last_seen":"2026-04-27","class_agreement":1.0,"top_reasons":"dist_mining_km=0.5438 (+5.08); inside_mining=1 (+5.03); dist_thermal_plant_km=6.661 (+0.24); lc_bare_1km=0.7107 (+0.11)"}},{"type":"Feature","geometry":{"type":"Point","coordinates":[83.81518,21.74873]},"properties":{"cell_id":"4350_16763","pred_class":"gas_flare","n_detections":57,"frp_mean":2.0007,"frp_max":6.92,"night_frac":0.8596,"first_seen":"2024-04-28","last_seen":"2026-04-16","class_agreement":1.0,"top_reasons":"is_persistent=1 (+1.15); dist_industrial_km=2.612 (+1.09); inside_mining=0 (+0.64); dist_any_industry_km=2.612 (+0.60)"}},{"type":"Feature","geometry":{"type":"Point","coordinates":[83.84095,21.74964]},"properties":{"cell_id":"4350_16768","pred_class":"mining","n_detections":65,"frp_mean":4.4802,"frp_max":14.66,"night_frac":0.7538,"first_seen":"2024-01-12","last_seen":"2026-04-26","class_agreement":1.0,"top_reasons":"dist_mining_km=0.3766 (+5.02); inside_mining=1 (+4.95); dist_thermal_plant_km=7.216 (+0.29); lc_bare_1km=0.6198 (+0.10)"}},{"type":"Feature","geometry":{"type":"Point","coordinates":[83.9752,21.74987]},"properties":{"cell_id":"4350_16795","pred_class":"mining","n_detections":158,"frp_mean":2.0154,"frp_max":10.59,"night_frac":0.8671,"first_seen":"2025-05-31","last_seen":"2026-04-15","class_agreement":0.7595,"top_reasons":"dist_mining_km=1.972 (+1.30); inside_mining=0 (-0.74); lc_bare_1km=0.6446 (+0.34); lc_grass_5km=0.2258 (+0.18)"}},{"type":"Feature","geometry":{"type":"Point","coordinates":[84.02463,21.75211]},"properties":{"cell_id":"4350_16805","pred_class":"industrial_plant","n_detections":23,"frp_mean":1.307,"frp_max":2.45,"night_frac":1.0,"first_seen":"2024-01-02","last_seen":"2026-02-18","class_agreement":1.0,"top_reasons":"dist_industrial_km=1.323 (+3.85); is_persistent=1 (+2.44); inside_industrial=1 (+1.79); dist_thermal_plant_km=7.115 (+1.01)"}},{"type":"Feature","geometry":{"type":"Point","coordinates":[83.81931,21.75671]},"properties":{"cell_id":"4351_16764","pred_class":"mining","n_detections":20,"frp_mean":0.9255,"frp_max":1.7,"night_frac":1.0,"first_seen":"2024-01-05","last_seen":"2026-04-16","class_agreement":1.0,"top_reasons":"dist_mining_km=0.5549 (+5.15); inside_mining=1 (+4.70); dist_thermal_plant_km=8.799 (+0.31); lc_bare_5km=0.2469 (+0.11)"}},{"type":"Feature","geometry":{"type":"Point","coordinates":[83.8406,21.75522]},"properties":{"cell_id":"4351_16768","pred_class":"mining","n_detections":309,"frp_mean":1.8204,"frp_max":7.89,"night_frac":0.9159,"first_seen":"2024-01-01","last_seen":"2026-04-26","class_agreement":1.0,"top_reasons":"dist_mining_km=0.703 (+9.09); dist_thermal_plant_km=7.825 (+0.32); lc_grass_5km=0.2919 (+0.24); lc_grass_1km=0.1901 (+0.23)"}},{"type":"Feature","geometry":{"type":"Point","coordinates":[83.84343,21.75573]},"properties":{"cell_id":"4351_16769","pred_class":"mining","n_detections":93,"frp_mean":2.1278,"frp_max":8.15,"night_frac":0.871,"first_seen":"2024-01-07","last_seen":"2026-04-26","class_agreement":1.0,"top_reasons":"dist_mining_km=0.6383 (+5.05); inside_mining=1 (+4.93); dist_thermal_plant_km=7.81 (+0.31); lc_bare_5km=0.3283 (+0.13)"}},{"type":"Feature","geometry":{"type":"Point","coordinates":[83.97486,21.75365]},"properties":{"cell_id":"4351_16795","pred_class":"gas_flare","n_detections":42,"frp_mean":1.3317,"frp_max":4.01,"night_frac":0.9524,"first_seen":"2024-06-12","last_seen":"2026-03-28","class_agreement":1.0,"top_reasons":"is_persistent=1 (+0.73); dist_industrial_km=4.436 (+0.49); dist_any_industry_km=4.436 (-0.41); inside_industrial=0 (+0.40)"}},{"type":"Feature","geometry":{"type":"Point","coordinates":[84.02156,21.75558]},"properties":{"cell_id":"4351_16804","pred_class":"industrial_plant","n_detections":198,"frp_mean":2.2814,"frp_max":6.25,"night_frac":0.9949,"first_seen":"2024-01-01","last_seen":"2026-04-26","class_agreement":1.0,"top_reasons":"dist_industrial_km=0.8935 (+3.56); is_persistent=1 (+2.48); inside_industrial=1 (+1.95); dist_thermal_plant_km=6.824 (+1.02)"}},{"type":"Feature","geometry":{"type":"Point","coordinates":[84.02445,21.75526]},"properties":{"cell_id":"4351_16805","pred_class":"industrial_plant","n_detections":609,"frp_mean":2.3723,"frp_max":8.44,"night_frac":0.8851,"first_seen":"2024-01-02","last_seen":"2026-04-25","class_agreement":1.0,"top_reasons":"dist_industrial_km=0.9825 (+3.66); is_persistent=1 (+2.46); inside_industrial=1 (+1.90); dist_thermal_plant_km=6.779 (+1.02)"}},{"type":"Feature","geometry":{"type":"Point","coordinates":[71.95056,21.75953]},"properties":{"cell_id":"4352_14390","pred_class":"industrial_plant","n_detections":25,"frp_mean":0.6048,"frp_max":1.24,"night_frac":1.0,"first_seen":"2024-01-01","last_seen":"2026-04-24","class_agreement":1.0,"top_reasons":"dist_industrial_km=0.4698 (+2.78); is_persistent=1 (+2.49); inside_industrial=1 (+1.85); dist_thermal_plant_km=34.21 (+1.03)"}},{"type":"Feature","geometry":{"type":"Point","coordinates":[83.81915,21.75909]},"properties":{"cell_id":"4352_16764","pred_class":"mining","n_detections":36,"frp_mean":1.2136,"frp_max":4.01,"night_frac":0.9167,"first_seen":"2024-01-02","last_seen":"2026-04-23","class_agreement":1.0,"top_reasons":"dist_mining_km=0.3456 (+5.10); inside_mining=1 (+4.74); dist_thermal_plant_km=9.039 (+0.31); lc_bare_5km=0.2354 (+0.12)"}},{"type":"Feature","geometry":{"type":"Point","coordinates":[83.84131,21.75963]},"properties":{"cell_id":"4352_16768","pred_class":"industrial_plant","n_detections":205,"frp_mean":1.9548,"frp_max":5.48,"night_frac":0.9707,"first_seen":"2024-01-02","last_seen":"2026-04-26","class_agreement":1.0,"top_reasons":"dist_industrial_km=0.8264 (+4.69); is_persistent=1 (+2.20); dist_thermal_plant_km=8.282 (+0.78); dist_mining_km=1.113 (+0.61)"}},{"type":"Feature","geometry":{"type":"Point","coordinates":[83.84412,21.75997]},"properties":{"cell_id":"4352_16769","pred_class":"mining","n_detections":439,"frp_mean":2.3007,"frp_max":12.5,"night_frac":0.7563,"first_seen":"2024-01-01","last_seen":"2026-04-27","class_agreement":1.0,"top_reasons":"inside_mining=1 (+7.28); dist_mining_km=1.1 (+2.42); dist_thermal_plant_km=8.256 (+0.19); lc_bare_1km=0.4463 (+0.13)"}},{"type":"Feature","geometry":{"type":"Point","coordinates":[84.02048,21.76068]},"properties":{"cell_id":"4352_16804","pred_class":"industrial_plant","n_detections":374,"frp_mean":2.3608,"frp_max":11.6,"night_frac":0.9358,"first_seen":"2024-01-01","last_seen":"2026-04-24","class_agreement":1.0,"top_reasons":"dist_industrial_km=0.3383 (+3.65); is_persistent=1 (+2.47); inside_industrial=1 (+1.90); dist_thermal_plant_km=6.317 (+1.02)"}},{"type":"Feature","geometry":{"type":"Point","coordinates":[84.02454,21.75935]},"properties":{"cell_id":"4352_16805","pred_class":"industrial_plant","n_detections":273,"frp_mean":1.9747,"frp_max":8.37,"night_frac":0.9304,"first_seen":"2024-01-02","last_seen":"2026-04-25","class_agreement":1.0,"top_reasons":"dist_industrial_km=0.5774 (+3.67); is_persistent=1 (+2.47); inside_industrial=1 (+1.89); dist_thermal_plant_km=6.337 (+1.02)"}},{"type":"Feature","geometry":{"type":"Point","coordinates":[83.82006,21.76519]},"properties":{"cell_id":"4353_16764","pred_class":"mining","n_detections":49,"frp_mean":2.3022,"frp_max":7.99,"night_frac":0.8163,"first_seen":"2025-02-18","last_seen":"2026-02-11","class_agreement":1.0,"top_reasons":"dist_mining_km=0.4662 (+9.14); dist_thermal_plant_km=9.604 (+0.26); lc_bare_5km=0.2172 (+0.22); lc_grass_5km=0.2559 (+0.22)"}},{"type":"Feature","geometry":{"type":"Point","coordinates":[83.84135,21.76313]},"properties":{"cell_id":"4353_16768","pred_class":"industrial_plant","n_detections":21,"frp_mean":1.7448,"frp_max":3.76,"night_frac":1.0,"first_seen":"2024-01-29","last_seen":"2025-11-25","class_agreement":1.0,"top_reasons":"dist_industrial_km=0.4949 (+3.68); is_persistent=1 (+2.25); inside_industrial=1 (+1.68); dist_thermal_plant_km=8.66 (+1.03)"}},{"type":"Feature","geometry":{"type":"Point","coordinates":[83.84394,21.76322]},"properties":{"cell_id":"4353_16769","pred_class":"industrial_plant","n_detections":38,"frp_mean":1.5458,"frp_max":3.69,"night_frac":0.9737,"first_seen":"2024-01-12","last_seen":"2026-01-07","class_agreement":1.0,"top_reasons":"dist_industrial_km=0.3608 (+4.66); is_persistent=1 (+2.24); dist_thermal_plant_km=8.615 (+0.87); dist_mining_km=1.463 (+0.60)"}},{"type":"Feature","geometry":{"type":"Point","coordinates":[84.0167,21.76549]},"properties":{"cell_id":"4353_16803","pred_class":"industrial_plant","n_detections":174,"frp_mean":2.2759,"frp_max":5.98,"night_frac":1.0,"first_seen":"2024-01-01","last_seen":"2026-04-24","class_agreement":1.0,"top_reasons":"dist_industrial_km=0.5239 (+3.73); is_persistent=1 (+2.47); inside_industrial=1 (+1.87); dist_thermal_plant_km=5.964 (+1.02)"}},{"type":"Feature","geometry":{"type":"Point","coordinates":[84.01974,21.76507]},"properties":{"cell_id":"4353_16804","pred_class":"industrial_plant","n_detections":727,"frp_mean":2.5243,"frp_max":12.22,"night_frac":0.9147,"first_seen":"2024-01-02","last_seen":"2026-04-27","class_agreement":1.0,"top_reasons":"dist_industrial_km=0.2323 (+3.70); is_persistent=1 (+2.47); inside_industrial=1 (+1.89); dist_thermal_plant_km=5.885 (+1.02)"}},{"type":"Feature","geometry":{"type":"Point","coordinates":[84.02459,21.76455]},"properties":{"cell_id":"4353_16805","pred_class":"industrial_plant","n_detections":204,"frp_mean":2.4234,"frp_max":11.44,"night_frac":0.799,"first_seen":"2024-01-01","last_seen":"2026-04-21","class_agreement":1.0,"top_reasons":"dist_industrial_km=0.3498 (+3.77); is_persistent=1 (+2.48); inside_industrial=1 (+1.83); dist_thermal_plant_km=5.779 (+1.03)"}},{"type":"Feature","geometry":{"type":"Point","coordinates":[85.57943,21.76464]},"properties":{"cell_id":"4353_17116","pred_class":"gas_flare","n_detections":32,"frp_mean":0.8506,"frp_max":1.36,"night_frac":1.0,"first_seen":"2024-01-05","last_seen":"2026-04-12","class_agreement":1.0,"top_reasons":"dist_any_industry_km=17.29 (-0.73); is_persistent=1 (+0.71); dist_industrial_km=17.29 (+0.62); month_entropy=0.6697 (+0.43)"}},{"type":"Feature","geometry":{"type":"Point","coordinates":[83.82023,21.7698]},"properties":{"cell_id":"4354_16764","pred_class":"mining","n_detections":89,"frp_mean":3.8892,"frp_max":25.56,"night_frac":0.6966,"first_seen":"2025-01-11","last_seen":"2026-03-16","class_agreement":1.0,"top_reasons":"inside_mining=1 (+5.50); dist_mining_km=0.9619 (+4.13); dist_thermal_plant_km=10.06 (+0.20); lc_grass_1km=0.2893 (+0.15)"}},{"type":"Feature","geometry":{"type":"Point","coordinates":[83.82434,21.77046]},"properties":{"cell_id":"4354_16765","pred_class":"mining","n_detections":40,"frp_mean":3.6763,"frp_max":13.4,"night_frac":0.7,"first_seen":"2024-04-15","last_seen":"2026-01-30","class_agreement":1.0,"top_reasons":"inside_mining=1 (+5.96); dist_mining_km=1.064 (+3.89); dist_thermal_plant_km=9.964 (+0.16); lc_bare_1km=0.7107 (+0.11)"}},{"type":"Feature","geometry":{"type":"Point","coordinates":[83.8297,21.77104]},"properties":{"cell_id":"4354_16766","pred_class":"mining","n_detections":35,"frp_mean":1.5966,"frp_max":4.53,"night_frac":0.9143,"first_seen":"2025-01-01","last_seen":"2026-04-10","class_agreement":1.0,"top_reasons":"inside_mining=1 (+7.03); dist_mining_km=1.375 (+2.45); dist_thermal_plant_km=9.834 (+0.22); lc_bare_1km=0.6446 (+0.18)"}},{"type":"Feature","geometry":{"type":"Point","coordinates":[84.01669,21.76917]},"properties":{"cell_id":"4354_16803","pred_class":"industrial_plant","n_detections":123,"frp_mean":2.0872,"frp_max":4.16,"night_frac":1.0,"first_seen":"2024-01-11","last_seen":"2026-04-13","class_agreement":1.0,"top_reasons":"dist_industrial_km=0.7834 (+3.83); is_persistent=1 (+2.48); inside_industrial=1 (+1.82); dist_thermal_plant_km=5.593 (+1.00)"}},{"type":"Feature","geometry":{"type":"Point","coordinates":[84.01985,21.76972]},"properties":{"cell_id":"4354_16804","pred_class":"industrial_plant","n_detections":659,"frp_mean":1.9443,"frp_max":8.75,"night_frac":0.9636,"first_seen":"2024-01-01","last_seen":"2026-04-26","class_agreement":1.0,"top_reasons":"dist_industrial_km=0.696 (+3.65); is_persistent=1 (+2.46); inside_industrial=1 (+1.91); dist_thermal_plant_km=5.403 (+0.99)"}},{"type":"Feature","geometry":{"type":"Point","coordinates":[84.02368,21.76948]},"properties":{"cell_id":"4354_16805","pred_class":"industrial_plant","n_detections":52,"frp_mean":1.8554,"frp_max":5.49,"night_frac":0.8269,"first_seen":"2024-01-01","last_seen":"2026-04-12","class_agreement":1.0,"top_reasons":"dist_industrial_km=0.6956 (+3.76); is_persistent=1 (+2.48); inside_industrial=1 (+1.86); dist_thermal_plant_km=5.284 (+1.00)"}},{"type":"Feature","geometry":{"type":"Point","coordinates":[85.55392,21.77189]},"properties":{"cell_id":"4354_17111","pred_class":"wildfire","n_detections":16,"frp_mean":0.6069,"frp_max":0.9,"night_frac":1.0,"first_seen":"2024-01-31","last_seen":"2026-02-11","class_agreement":1.0,"top_reasons":"lc_built_5km=0.01289 (-3.33); lc_tree_1km=0.3884 (+2.84); dist_industrial_km=14.61 (+0.91); n_detections=16 (-0.90)"}},{"type":"Feature","geometry":{"type":"Point","coordinates":[83.82584,21.77446]},"properties":{"cell_id":"4355_16765","pred_class":"mining","n_detections":102,"frp_mean":1.7744,"frp_max":8.56,"night_frac":0.9608,"first_seen":"2024-02-28","last_seen":"2026-04-25","class_agreement":1.0,"top_reasons":"inside_mining=1 (+7.04); dist_mining_km=1.535 (+2.54); dist_thermal_plant_km=10.32 (+0.19); lc_grass_5km=0.2631 (+0.17)"}},{"type":"Feature","geometry":{"type":"Point","coordinates":[83.82993,21.77546]},"properties":{"cell_id":"4355_16766","pred_class":"mining","n_detections":233,"frp_mean":2.1333,"frp_max":9.53,"night_frac":0.9056,"first_seen":"2024-01-10","last_seen":"2026-04-26","class_agreement":1.0,"top_reasons":"inside_mining=1 (+7.01); dist_mining_km=1.801 (+2.44); lc_bare_1km=0.6694 (+0.22); dist_thermal_plant_km=10.29 (+0.22)"}},{"type":"Feature","geometry":{"type":"Point","coordinates":[83.835,21.77574]},"properties":{"cell_id":"4355_16767","pred_class":"mining","n_detections":93,"frp_mean":1.5305,"frp_max":3.82,"night_frac":0.9892,"first_seen":"2024-04-26","last_seen":"2026-03-25","class_agreement":1.0,"top_reasons":"inside_mining=1 (+7.07); dist_mining_km=1.731 (+2.41); dist_thermal_plant_km=10.18 (+0.21); lc_grass_5km=0.275 (+0.17)"}},{"type":"Feature","geometry":{"type":"Point","coordinates":[83.83876,21.7762]},"properties":{"cell_id":"4355_16768","pred_class":"mining","n_detections":23,"frp_mean":1.2626,"frp_max":2.38,"night_frac":1.0,"first_seen":"2024-12-26","last_seen":"2026-04-22","class_agreement":1.0,"top_reasons":"inside_mining=1 (+6.79); dist_mining_km=1.361 (+1.81); lc_grass_1km=0.6446 (-0.52); dist_thermal_plant_km=10.14 (+0.21)"}},{"type":"Feature","geometry":{"type":"Point","coordinates":[84.02028,21.77307]},"properties":{"cell_id":"4355_16804","pred_class":"industrial_plant","n_detections":74,"frp_mean":1.298,"frp_max":3.78,"night_frac":1.0,"first_seen":"2024-01-07","last_seen":"2026-04-21","class_agreement":1.0,"top_reasons":"dist_industrial_km=1.057 (+3.74); is_persistent=1 (+2.49); inside_industrial=1 (+1.89); dist_thermal_plant_km=5.043 (+1.00)"}},{"type":"Feature","geometry":{"type":"Point","coordinates":[85.55398,21.77368]},"properties":{"cell_id":"4355_17111","pred_class":"wildfire","n_detections":31,"frp_mean":0.5161,"frp_max":1.22,"night_frac":1.0,"first_seen":"2024-01-30","last_seen":"2026-02-09","class_agreement":1.0,"top_reasons":"lc_built_5km=0.01289 (-4.05); lc_tree_1km=0.405 (+2.19); n_detections=31 (-1.88); n_active_days=31 (-0.88)"}},{"type":"Feature","geometry":{"type":"Point","coordinates":[83.83055,21.77929]},"properties":{"cell_id":"4356_16766","pred_class":"industrial_plant","n_detections":133,"frp_mean":1.8643,"frp_max":5.08,"night_frac":0.9323,"first_seen":"2024-02-09","last_seen":"2026-03-22","class_agreement":1.0,"top_reasons":"dist_industrial_km=1.525 (+4.58); is_persistent=1 (+2.20); dist_thermal_plant_km=10.68 (+0.79); dist_mining_km=2.061 (+0.63)"}},{"type":"Feature","geometry":{"type":"Point","coordinates":[83.83467,21.77954]},"properties":{"cell_id":"4356_16767","pred_class":"mining","n_detections":187,"frp_mean":1.798,"frp_max":6.5,"night_frac":0.9358,"first_seen":"2024-03-14","last_seen":"2026-04-05","class_agreement":1.0,"top_reasons":"inside_mining=1 (+7.03); dist_mining_km=1.637 (+2.35); dist_thermal_plant_km=10.6 (+0.23); lc_bare_1km=0.6612 (+0.21)"}},{"type":"Feature","geometry":{"type":"Point","coordinates":[83.83872,21.77962]},"properties":{"cell_id":"4356_16768","pred_class":"mining","n_detections":53,"frp_mean":1.3777,"frp_max":4.86,"night_frac":1.0,"first_seen":"2024-12-15","last_seen":"2026-04-23","class_agreement":1.0,"top_reasons":"inside_mining=1 (+6.79); dist_mining_km=1.225 (+1.88); lc_grass_1km=0.5207 (-0.51); dist_thermal_plant_km=10.51 (+0.21)"}},{"type":"Feature","geometry":{"type":"Point","coordinates":[80.01582,21.79056]},"properties":{"cell_id":"4358_16003","pred_class":"gas_flare","n_detections":63,"frp_mean":0.903,"frp_max":2.85,"night_frac":1.0,"first_seen":"2024-09-15","last_seen":"2026-04-23","class_agreement":1.0,"top_reasons":"is_persistent=1 (+0.66); dist_any_industry_km=37.08 (-0.65); dist_industrial_km=37.08 (+0.60); month_entropy=0.8388 (+0.39)"}},{"type":"Feature","geometry":{"type":"Point","coordinates":[80.0182,21.79101]},"properties":{"cell_id":"4358_16004","pred_class":"gas_flare","n_detections":39,"frp_mean":0.7795,"frp_max":2.39,"night_frac":1.0,"first_seen":"2024-11-16","last_seen":"2026-04-14","class_agreement":1.0,"top_reasons":"is_persistent=1 (+0.67); dist_any_industry_km=37.02 (-0.57); dist_industrial_km=37.02 (+0.55); month_entropy=0.7895 (+0.37)"}},{"type":"Feature","geometry":{"type":"Point","coordinates":[72.64637,21.79477]},"properties":{"cell_id":"4359_14529","pred_class":"industrial_plant","n_detections":22,"frp_mean":2.0445,"frp_max":11.73,"night_frac":0.8182,"first_seen":"2024-04-25","last_seen":"2026-04-26","class_agreement":1.0,"top_reasons":"dist_industrial_km=0.2264 (+4.92); is_persistent=1 (+2.30); dist_thermal_plant_km=11.68 (+0.83); dist_mining_km=48.35 (+0.65)"}},{"type":"Feature","geometry":{"type":"Point","coordinates":[72.64894,21.79441]},"properties":{"cell_id":"4359_14530","pred_class":"industrial_plant","n_detections":29,"frp_mean":3.1807,"frp_max":14.52,"night_frac":0.6552,"first_seen":"2024-01-12","last_seen":"2026-04-12","class_agreement":1.0,"top_reasons":"dist_industrial_km=0.1264 (+2.64); is_persistent=1 (+2.29); inside_industrial=1 (+1.72); dist_thermal_plant_km=11.7 (+0.87)"}},{"type":"Feature","geometry":{"type":"Point","coordinates":[80.01614,21.79343]},"properties":{"cell_id":"4359_16003","pred_class":"gas_flare","n_detections":35,"frp_mean":0.9554,"frp_max":2.38,"night_frac":1.0,"first_seen":"2024-10-01","last_seen":"2026-04-25","class_agreement":1.0,"top_reasons":"is_persistent=1 (+0.75); dist_industrial_km=37.36 (+0.53); dist_any_industry_km=37.36 (-0.52); inside_mining=0 (+0.36)"}},{"type":"Feature","geometry":{"type":"Point","coordinates":[83.98908,21.79491]},"properties":{"cell_id":"4359_16798","pred_class":"industrial_plant","n_detections":146,"frp_mean":0.9833,"frp_max":4.15,"night_frac":1.0,"first_seen":"2024-01-04","last_seen":"2026-04-26","class_agreement":1.0,"top_reasons":"dist_industrial_km=0.4802 (+3.79); is_persistent=1 (+2.50); inside_industrial=1 (+1.76); dist_thermal_plant_km=5.725 (+1.02)"}},{"type":"Feature","geometry":{"type":"Point","coordinates":[82.04003,21.80099]},"properties":{"cell_id":"4360_16408","pred_class":"gas_flare","n_detections":161,"frp_mean":1.1686,"frp_max":2.54,"night_frac":1.0,"first_seen":"2024-07-09","last_seen":"2026-04-25","class_agreement":1.0,"top_reasons":"is_persistent=1 (+0.87); dist_industrial_km=9.693 (+0.75); dist_any_industry_km=9.693 (-0.55); month_entropy=0.8313 (+0.42)"}},{"type":"Feature","geometry":{"type":"Point","coordinates":[85.56597,21.80117]},"properties":{"cell_id":"4360_17113","pred_class":"wildfire","n_detections":40,"frp_mean":0.855,"frp_max":5.74,"night_frac":0.975,"first_seen":"2024-01-25","last_seen":"2026-03-29","class_agreement":1.0,"top_reasons":"lc_tree_1km=0.9256 (+3.71); lc_built_5km=0.01455 (-3.40); n_detections=40 (-1.31); n_active_days=37 (-1.28)"}},{"type":"Feature","geometry":{"type":"Point","coordinates":[82.04006,21.80323]},"properties":{"cell_id":"4361_16408","pred_class":"gas_flare","n_detections":68,"frp_mean":1.2313,"frp_max":2.81,"night_frac":1.0,"first_seen":"2024-08-29","last_seen":"2026-04-24","class_agreement":0.5294,"top_reasons":"is_persistent=1 (+0.58); dist_any_industry_km=9.444 (-0.49); dist_industrial_km=9.444 (+0.47); peak_month_share=0.2647 (-0.29)"}},{"type":"Feature","geometry":{"type":"Point","coordinates":[83.88518,21.8046]},"properties":{"cell_id":"4361_16777","pred_class":"mining","n_detections":56,"frp_mean":1.2488,"frp_max":3.34,"night_frac":1.0,"first_seen":"2024-01-10","last_seen":"2026-04-05","class_agreement":1.0,"top_reasons":"inside_mining=1 (+5.64); dist_mining_km=1.004 (+4.02); dist_thermal_plant_km=13.31 (+0.22); lc_grass_1km=0.2314 (+0.15)"}},{"type":"Feature","geometry":{"type":"Point","coordinates":[83.99433,21.81688]},"properties":{"cell_id":"4363_16799","pred_class":"industrial_plant","n_detections":33,"frp_mean":0.8997,"frp_max":2.69,"night_frac":1.0,"first_seen":"2024-01-05","last_seen":"2026-04-05","class_agreement":1.0,"top_reasons":"dist_industrial_km=0.6933 (+5.08); is_persistent=1 (+2.51); dist_mining_km=9.039 (+0.78); dist_thermal_plant_km=4.764 (+0.75)"}},{"type":"Feature","geometry":{"type":"Point","coordinates":[83.89492,21.81986]},"properties":{"cell_id":"4364_16779","pred_class":"mining","n_detections":72,"frp_mean":1.7797,"frp_max":6.12,"night_frac":0.9306,"first_seen":"2024-01-25","last_seen":"2026-02-11","class_agreement":1.0,"top_reasons":"dist_mining_km=0.7429 (+5.10); inside_mining=1 (+4.79); dist_thermal_plant_km=15.03 (+0.31); lc_grass_5km=0.3276 (+0.13)"}},{"type":"Feature","geometry":{"type":"Point","coordinates":[83.9949,21.81959]},"properties":{"cell_id":"4364_16799","pred_class":"industrial_plant","n_detections":176,"frp_mean":1.1426,"frp_max":4.37,"night_frac":1.0,"first_seen":"2024-01-06","last_seen":"2026-04-21","class_agreement":1.0,"top_reasons":"dist_industrial_km=0.4144 (+3.86); is_persistent=1 (+2.49); inside_industrial=1 (+1.75); dist_thermal_plant_km=4.732 (+0.99)"}},{"type":"Feature","geometry":{"type":"Point","coordinates":[83.99825,21.82149]},"properties":{"cell_id":"4364_16800","pred_class":"industrial_plant","n_detections":33,"frp_mean":1.0367,"frp_max":2.39,"night_frac":1.0,"first_seen":"2024-01-21","last_seen":"2026-04-22","class_agreement":1.0,"top_reasons":"dist_industrial_km=0.1071 (+3.99); is_persistent=1 (+2.49); inside_industrial=1 (+1.69); dist_thermal_plant_km=4.422 (+0.99)"}},{"type":"Feature","geometry":{"type":"Point","coordinates":[83.90006,21.82506]},"properties":{"cell_id":"4365_16780","pred_class":"mining","n_detections":46,"frp_mean":1.912,"frp_max":4.3,"night_frac":0.9348,"first_seen":"2024-05-28","last_seen":"2026-03-31","class_agreement":1.0,"top_reasons":"dist_mining_km=0.4256 (+5.08); inside_mining=1 (+4.84); dist_thermal_plant_km=14.54 (+0.28); lc_bare_5km=0.1574 (+0.13)"}},{"type":"Feature","geometry":{"type":"Point","coordinates":[83.99638,21.8233]},"properties":{"cell_id":"4365_16799","pred_class":"industrial_plant","n_detections":30,"frp_mean":1.147,"frp_max":2.71,"night_frac":1.0,"first_seen":"2024-11-17","last_seen":"2026-04-17","class_agreement":1.0,"top_reasons":"dist_industrial_km=0.1748 (+4.01); is_persistent=1 (+2.49); inside_industrial=1 (+1.71); dist_thermal_plant_km=4.65 (+1.00)"}},{"type":"Feature","geometry":{"type":"Point","coordinates":[83.99817,21.82311]},"properties":{"cell_id":"4365_16800","pred_class":"industrial_plant","n_detections":17,"frp_mean":1.1371,"frp_max":2.38,"night_frac":1.0,"first_seen":"2024-11-07","last_seen":"2026-03-14","class_agreement":1.0,"top_reasons":"dist_industrial_km=0.1053 (+4.00); is_persistent=1 (+2.49); inside_industrial=1 (+1.53); dist_thermal_plant_km=4.466 (+0.92)"}},{"type":"Feature","geometry":{"type":"Point","coordinates":[84.92653,21.8302]},"properties":{"cell_id":"4366_16985","pred_class":"industrial_plant","n_detections":27,"frp_mean":0.7952,"frp_max":1.7,"night_frac":1.0,"first_seen":"2024-09-18","last_seen":"2026-04-21","class_agreement":1.0,"top_reasons":"dist_industrial_km=0.2671 (+3.10); is_persistent=1 (+2.52); inside_industrial=1 (+2.11); dist_thermal_plant_km=78.78 (+1.04)"}},{"type":"Feature","geometry":{"type":"Point","coordinates":[84.92841,21.83025]},"properties":{"cell_id":"4366_16986","pred_class":"industrial_plant","n_detections":29,"frp_mean":0.7221,"frp_max":1.39,"night_frac":1.0,"first_seen":"2024-09-28","last_seen":"2026-03-04","class_agreement":1.0,"top_reasons":"dist_industrial_km=0.07925 (+3.11); is_persistent=1 (+2.51); inside_industrial=1 (+2.08); dist_thermal_plant_km=78.77 (+1.04)"}},{"type":"Feature","geometry":{"type":"Point","coordinates":[83.98149,21.8407]},"properties":{"cell_id":"4368_16796","pred_class":"industrial_plant","n_detections":58,"frp_mean":0.999,"frp_max":1.57,"night_frac":1.0,"first_seen":"2025-10-12","last_seen":"2026-04-23","class_agreement":1.0,"top_reasons":"dist_industrial_km=0.0625 (+3.82); is_persistent=1 (+2.48); inside_industrial=1 (+1.70); dist_thermal_plant_km=6.747 (+1.01)"}},{"type":"Feature","geometry":{"type":"Point","coordinates":[83.98335,21.84085]},"properties":{"cell_id":"4368_16797","pred_class":"industrial_plant","n_detections":43,"frp_mean":0.9295,"frp_max":1.5,"night_frac":1.0,"first_seen":"2025-10-11","last_seen":"2026-04-03","class_agreement":1.0,"top_reasons":"dist_industrial_km=0.2454 (+3.89); is_persistent=1 (+2.52); inside_industrial=1 (+1.71); dist_thermal_plant_km=6.582 (+1.03)"}},{"type":"Feature","geometry":{"type":"Point","coordinates":[83.96512,21.85585]},"properties":{"cell_id":"4371_16793","pred_class":"industrial_plant","n_detections":32,"frp_mean":1.4034,"frp_max":3.24,"night_frac":0.9688,"first_seen":"2024-01-14","last_seen":"2026-04-16","class_agreement":1.0,"top_reasons":"dist_industrial_km=0.1995 (+3.81); is_persistent=1 (+2.45); inside_industrial=1 (+1.80); dist_thermal_plant_km=9.034 (+1.03)"}},{"type":"Feature","geometry":{"type":"Point","coordinates":[83.96613,21.85914]},"properties":{"cell_id":"4372_16793","pred_class":"industrial_plant","n_detections":184,"frp_mean":1.2953,"frp_max":4.23,"night_frac":1.0,"first_seen":"2024-01-04","last_seen":"2026-04-10","class_agreement":1.0,"top_reasons":"dist_industrial_km=0.2213 (+3.86); is_persistent=1 (+2.51); inside_industrial=1 (+1.80); dist_thermal_plant_km=9.138 (+0.98)"}},{"type":"Feature","geometry":{"type":"Point","coordinates":[83.96819,21.85922]},"properties":{"cell_id":"4372_16794","pred_class":"industrial_plant","n_detections":72,"frp_mean":1.1778,"frp_max":3.45,"night_frac":1.0,"first_seen":"2024-01-03","last_seen":"2026-04-26","class_agreement":1.0,"top_reasons":"dist_industrial_km=0.2917 (+3.70); is_persistent=1 (+2.51); inside_industrial=1 (+1.87); dist_thermal_plant_km=8.966 (+1.03)"}},{"type":"Feature","geometry":{"type":"Point","coordinates":[83.49544,21.87594]},"properties":{"cell_id":"4375_16699","pred_class":"industrial_plant","n_detections":335,"frp_mean":1.2412,"frp_max":10.1,"night_frac":0.994,"first_seen":"2024-01-01","last_seen":"2026-04-26","class_agreement":1.0,"top_reasons":"dist_industrial_km=0.177 (+3.81); is_persistent=1 (+2.51); inside_industrial=1 (+1.78); dist_thermal_plant_km=13.8 (+0.98)"}},{"type":"Feature","geometry":{"type":"Point","coordinates":[83.55496,21.87686]},"properties":{"cell_id":"4375_16711","pred_class":"industrial_plant","n_detections":157,"frp_mean":1.3229,"frp_max":4.74,"night_frac":1.0,"first_seen":"2024-01-02","last_seen":"2026-04-24","class_agreement":1.0,"top_reasons":"dist_industrial_km=0.1211 (+3.67); is_persistent=1 (+2.41); inside_industrial=1 (+1.82); dist_thermal_plant_km=16.71 (+1.01)"}},{"type":"Feature","geometry":{"type":"Point","coordinates":[83.49547,21.87798]},"properties":{"cell_id":"4376_16699","pred_class":"industrial_plant","n_detections":51,"frp_mean":1.0073,"frp_max":1.84,"night_frac":1.0,"first_seen":"2024-01-08","last_seen":"2026-04-19","class_agreement":1.0,"top_reasons":"dist_industrial_km=0.1585 (+3.82); is_persistent=1 (+2.53); inside_industrial=1 (+1.79); dist_thermal_plant_km=14.02 (+1.03)"}},{"type":"Feature","geometry":{"type":"Point","coordinates":[83.54621,21.87884]},"properties":{"cell_id":"4376_16709","pred_class":"industrial_plant","n_detections":43,"frp_mean":0.8277,"frp_max":2.56,"night_frac":1.0,"first_seen":"2024-01-26","last_seen":"2026-04-21","class_agreement":1.0,"top_reasons":"dist_industrial_km=0.3085 (+3.56); is_persistent=1 (+2.41); inside_industrial=1 (+1.82); dist_thermal_plant_km=16.36 (+1.00)"}},{"type":"Feature","geometry":{"type":"Point","coordinates":[83.54967,21.87864]},"properties":{"cell_id":"4376_16710","pred_class":"industrial_plant","n_detections":41,"frp_mean":1.0512,"frp_max":3.03,"night_frac":1.0,"first_seen":"2024-01-05","last_seen":"2026-03-25","class_agreement":1.0,"top_reasons":"dist_industrial_km=0.2195 (+3.72); is_persistent=1 (+2.36); inside_industrial=1 (+1.75); dist_thermal_plant_km=16.55 (+1.06)"}},{"type":"Feature","geometry":{"type":"Point","coordinates":[83.55479,21.87911]},"properties":{"cell_id":"4376_16711","pred_class":"industrial_plant","n_detections":400,"frp_mean":1.2764,"frp_max":5.05,"night_frac":0.995,"first_seen":"2024-01-02","last_seen":"2026-04-20","class_agreement":1.0,"top_reasons":"dist_industrial_km=0.1319 (+3.61); is_persistent=1 (+2.39); inside_industrial=1 (+1.86); dist_thermal_plant_km=16.9 (+1.06)"}},{"type":"Feature","geometry":{"type":"Point","coordinates":[96.22632,21.87894]},"properties":{"cell_id":"4376_19245","pred_class":"wildfire","n_detections":24,"frp_mean":0.8121,"frp_max":3.54,"night_frac":1.0,"first_seen":"2024-01-02","last_seen":"2026-03-18","class_agreement":1.0,"top_reasons":"lc_built_5km=0.199 (-3.16); dist_refinery_km=1947 (+1.88); lc_tree_1km=0.5702 (+1.74); n_detections=24 (-1.26)"}},{"type":"Feature","geometry":{"type":"Point","coordinates":[83.55095,21.88521]},"properties":{"cell_id":"4377_16710","pred_class":"industrial_plant","n_detections":20,"frp_mean":1.1165,"frp_max":1.81,"night_frac":1.0,"first_seen":"2024-01-14","last_seen":"2026-04-24","class_agreement":1.0,"top_reasons":"dist_industrial_km=0.8993 (+4.72); is_persistent=1 (+2.41); dist_thermal_plant_km=17.22 (+0.88); dist_mining_km=11.51 (+0.65)"}},{"type":"Feature","geometry":{"type":"Point","coordinates":[83.9813,21.89998]},"properties":{"cell_id":"4380_16796","pred_class":"industrial_plant","n_detections":29,"frp_mean":0.7072,"frp_max":1.09,"night_frac":1.0,"first_seen":"2025-03-22","last_seen":"2026-03-25","class_agreement":1.0,"top_reasons":"dist_industrial_km=0.3067 (+3.84); is_persistent=1 (+2.44); inside_industrial=1 (+1.58); dist_thermal_plant_km=11.3 (+1.00)"}},{"type":"Feature","geometry":{"type":"Point","coordinates":[83.35105,21.91687]},"properties":{"cell_id":"4383_16670","pred_class":"industrial_plant","n_detections":35,"frp_mean":1.6591,"frp_max":4.78,"night_frac":1.0,"first_seen":"2024-01-02","last_seen":"2026-03-28","class_agreement":1.0,"top_reasons":"dist_industrial_km=1.332 (+3.23); is_persistent=1 (+2.51); inside_industrial=1 (+2.07); dist_thermal_plant_km=7.461 (+1.01)"}},{"type":"Feature","geometry":{"type":"Point","coordinates":[83.35386,21.91587]},"properties":{"cell_id":"4383_16671","pred_class":"industrial_plant","n_detections":74,"frp_mean":1.3536,"frp_max":4.13,"night_frac":1.0,"first_seen":"2024-01-05","last_seen":"2026-04-21","class_agreement":1.0,"top_reasons":"dist_industrial_km=1.578 (+3.08); is_persistent=1 (+2.52); inside_industrial=1 (+2.18); dist_thermal_plant_km=7.757 (+1.00)"}},{"type":"Feature","geometry":{"type":"Point","coordinates":[83.34644,21.92056]},"properties":{"cell_id":"4384_16669","pred_class":"industrial_plant","n_detections":136,"frp_mean":2.774,"frp_max":6.42,"night_frac":0.9779,"first_seen":"2024-01-02","last_seen":"2026-04-18","class_agreement":1.0,"top_reasons":"dist_industrial_km=0.7869 (+3.04); is_persistent=1 (+2.51); inside_industrial=1 (+2.22); dist_thermal_plant_km=6.978 (+1.01)"}},{"type":"Feature","geometry":{"type":"Point","coordinates":[83.35034,21.92035]},"properties":{"cell_id":"4384_16670","pred_class":"industrial_plant","n_detections":1224,"frp_mean":3.7014,"frp_max":16.65,"night_frac":0.7042,"first_seen":"2024-01-01","last_seen":"2026-04-26","class_agreement":1.0,"top_reasons":"dist_industrial_km=0.9613 (+2.96); is_persistent=1 (+2.47); inside_industrial=1 (+2.26); dist_thermal_plant_km=7.38 (+1.01)"}},{"type":"Feature","geometry":{"type":"Point","coordinates":[83.35373,21.92026]},"properties":{"cell_id":"4384_16671","pred_class":"industrial_plant","n_detections":401,"frp_mean":3.2558,"frp_max":12.49,"night_frac":0.6883,"first_seen":"2024-01-02","last_seen":"2026-04-26","class_agreement":1.0,"top_reasons":"dist_industrial_km=1.197 (+3.02); is_persistent=1 (+2.47); inside_industrial=1 (+2.22); dist_thermal_plant_km=7.729 (+1.01)"}},{"type":"Feature","geometry":{"type":"Point","coordinates":[83.33674,21.92589]},"properties":{"cell_id":"4385_16667","pred_class":"industrial_plant","n_detections":112,"frp_mean":2.4795,"frp_max":6.43,"night_frac":1.0,"first_seen":"2024-01-06","last_seen":"2026-04-18","class_agreement":1.0,"top_reasons":"dist_industrial_km=0.8885 (+2.91); is_persistent=1 (+2.51); inside_industrial=1 (+2.28); dist_thermal_plant_km=6.013 (+1.01)"}},{"type":"Feature","geometry":{"type":"Point","coordinates":[83.33976,21.92497]},"properties":{"cell_id":"4385_16668","pred_class":"industrial_plant","n_detections":264,"frp_mean":2.7815,"frp_max":7.46,"night_frac":0.9242,"first_seen":"2024-01-01","last_seen":"2026-04-22","class_agreement":1.0,"top_reasons":"dist_industrial_km=0.6269 (+2.89); is_persistent=1 (+2.49); inside_industrial=1 (+2.29); dist_thermal_plant_km=6.313 (+1.01)"}},{"type":"Feature","geometry":{"type":"Point","coordinates":[83.34548,21.92458]},"properties":{"cell_id":"4385_16669","pred_class":"industrial_plant","n_detections":72,"frp_mean":2.9619,"frp_max":8.62,"night_frac":0.9444,"first_seen":"2024-01-07","last_seen":"2026-04-21","class_agreement":1.0,"top_reasons":"dist_industrial_km=0.3308 (+2.88); is_persistent=1 (+2.40); inside_industrial=1 (+2.31); dist_thermal_plant_km=6.898 (+1.03)"}},{"type":"Feature","geometry":{"type":"Point","coordinates":[83.35037,21.92378]},"properties":{"cell_id":"4385_16670","pred_class":"industrial_plant","n_detections":515,"frp_mean":2.9669,"frp_max":10.92,"night_frac":0.8291,"first_seen":"2024-01-02","last_seen":"2026-04-24","class_agreement":1.0,"top_reasons":"dist_industrial_km=0.6798 (+3.01); is_persistent=1 (+2.47); inside_industrial=1 (+2.27); dist_thermal_plant_km=7.394 (+1.01)"}},{"type":"Feature","geometry":{"type":"Point","coordinates":[83.35331,21.92369]},"properties":{"cell_id":"4385_16671","pred_class":"industrial_plant","n_detections":107,"frp_mean":2.3338,"frp_max":8.66,"night_frac":0.8411,"first_seen":"2024-01-10","last_seen":"2026-04-19","class_agreement":1.0,"top_reasons":"dist_industrial_km=0.9427 (+3.03); is_persistent=1 (+2.48); inside_industrial=1 (+2.26); dist_thermal_plant_km=7.698 (+1.02)"}},{"type":"Feature","geometry":{"type":"Point","coordinates":[85.22122,21.92534]},"properties":{"cell_id":"4385_17044","pred_class":"gas_flare","n_detections":143,"frp_mean":1.4499,"frp_max":5.66,"night_frac":0.993,"first_seen":"2024-03-12","last_seen":"2026-04-26","class_agreement":1.0,"top_reasons":"is_persistent=1 (+0.92); dist_any_industry_km=4.554 (-0.81); dist_industrial_km=4.554 (+0.70); inside_mining=0 (+0.52)"}},{"type":"Feature","geometry":{"type":"Point","coordinates":[85.22387,21.92505]},"properties":{"cell_id":"4385_17045","pred_class":"mining","n_detections":133,"frp_mean":1.7643,"frp_max":6.98,"night_frac":0.8872,"first_seen":"2025-05-11","last_seen":"2026-04-27","class_agreement":1.0,"top_reasons":"dist_mining_km=1.146 (+2.41); inside_mining=0 (-1.62); lc_grass_5km=0.2268 (+0.29); dist_any_industry_km=4.631 (+0.24)"}},{"type":"Feature","geometry":{"type":"Point","coordinates":[83.33673,21.92853]},"properties":{"cell_id":"4386_16667","pred_class":"industrial_plant","n_detections":47,"frp_mean":2.8119,"frp_max":6.24,"night_frac":1.0,"first_seen":"2024-01-07","last_seen":"2026-04-17","class_agreement":1.0,"top_reasons":"dist_industrial_km=0.8775 (+2.90); is_persistent=1 (+2.47); inside_industrial=1 (+2.25); dist_thermal_plant_km=6.05 (+1.00)"}},{"type":"Feature","geometry":{"type":"Point","coordinates":[83.33961,21.92871]},"properties":{"cell_id":"4386_16668","pred_class":"industrial_plant","n_detections":74,"frp_mean":2.1539,"frp_max":5.5,"night_frac":1.0,"first_seen":"2024-01-02","last_seen":"2026-04-10","class_agreement":1.0,"top_reasons":"dist_industrial_km=0.5878 (+2.99); is_persistent=1 (+2.49); inside_industrial=1 (+2.29); dist_thermal_plant_km=6.347 (+1.04)"}},{"type":"Feature","geometry":{"type":"Point","coordinates":[83.34532,21.92898]},"properties":{"cell_id":"4386_16669","pred_class":"industrial_plant","n_detections":23,"frp_mean":2.4226,"frp_max":9.25,"night_frac":1.0,"first_seen":"2024-01-08","last_seen":"2026-03-02","class_agreement":1.0,"top_reasons":"dist_industrial_km=0.1612 (+2.95); is_persistent=1 (+2.47); inside_industrial=1 (+2.25); dist_thermal_plant_km=6.934 (+1.04)"}},{"type":"Feature","geometry":{"type":"Point","coordinates":[85.22028,21.93026]},"properties":{"cell_id":"4386_17044","pred_class":"mining","n_detections":672,"frp_mean":1.5648,"frp_max":10.61,"night_frac":0.9747,"first_seen":"2024-01-01","last_seen":"2026-04-26","class_agreement":1.0,"top_reasons":"dist_mining_km=0.9287 (+9.08); lc_grass_5km=0.1732 (+0.29); dist_thermal_plant_km=92.94 (+0.29); lc_bare_5km=0.08198 (+0.27)"}},{"type":"Feature","geometry":{"type":"Point","coordinates":[85.22334,21.92988]},"properties":{"cell_id":"4386_17045","pred_class":"mining","n_detections":226,"frp_mean":1.2358,"frp_max":8.04,"night_frac":0.969,"first_seen":"2024-01-01","last_seen":"2026-04-16","class_agreement":1.0,"top_reasons":"dist_mining_km=0.9211 (+9.06); dist_thermal_plant_km=92.98 (+0.33); lc_bare_5km=0.09521 (+0.30); lc_grass_5km=0.1954 (+0.29)"}},{"type":"Feature","geometry":{"type":"Point","coordinates":[85.22047,21.93311]},"properties":{"cell_id":"4387_17044","pred_class":"mining","n_detections":58,"frp_mean":1.1184,"frp_max":2.19,"night_frac":1.0,"first_seen":"2024-01-31","last_seen":"2026-03-28","class_agreement":1.0,"top_reasons":"dist_mining_km=0.6281 (+9.07); lc_bare_5km=0.08 (+0.33); dist_thermal_plant_km=93.25 (+0.32); lc_grass_5km=0.1494 (+0.28)"}},{"type":"Feature","geometry":{"type":"Point","coordinates":[81.98127,21.93916]},"properties":{"cell_id":"4388_16396","pred_class":"agricultural_burn","n_detections":63,"frp_mean":0.7657,"frp_max":1.35,"night_frac":1.0,"first_seen":"2024-10-07","last_seen":"2026-04-24","class_agreement":0.8889,"top_reasons":"lc_crop_1km=0.7603 (+4.39); is_night=1 (-3.24); bright_ti4=305.7 (-0.79); lc_crop_5km=0.7719 (+0.58)"}},{"type":"Feature","geometry":{"type":"Point","coordinates":[81.98309,21.93907]},"properties":{"cell_id":"4388_16397","pred_class":"gas_flare","n_detections":22,"frp_mean":0.8336,"frp_max":4.07,"night_frac":1.0,"first_seen":"2024-10-30","last_seen":"2026-03-20","class_agreement":1.0,"top_reasons":"is_persistent=1 (+0.71); dist_industrial_km=7.701 (+0.51); dist_any_industry_km=7.701 (-0.48); inside_industrial=0 (+0.37)"}},{"type":"Feature","geometry":{"type":"Point","coordinates":[83.7992,21.95557]},"properties":{"cell_id":"4391_16760","pred_class":"mining","n_detections":15,"frp_mean":0.872,"frp_max":1.3,"night_frac":1.0,"first_seen":"2024-01-08","last_seen":"2026-02-12","class_agreement":1.0,"top_reasons":"dist_mining_km=1.91 (+1.15); inside_mining=0 (-0.77); lc_bare_5km=0.1253 (+0.39); lc_grass_5km=0.1868 (+0.16)"}},{"type":"Feature","geometry":{"type":"Point","coordinates":[83.80548,21.95412]},"properties":{"cell_id":"4391_16761","pred_class":"gas_flare","n_detections":25,"frp_mean":0.9264,"frp_max":2.71,"night_frac":1.0,"first_seen":"2025-03-17","last_seen":"2026-04-26","class_agreement":1.0,"top_reasons":"is_persistent=1 (+0.72); dist_industrial_km=10.86 (+0.55); dist_any_industry_km=10.86 (-0.50); month_entropy=0.7517 (+0.36)"}},{"type":"Feature","geometry":{"type":"Point","coordinates":[85.31423,21.96695]},"properties":{"cell_id":"4393_17063","pred_class":"mining","n_detections":68,"frp_mean":0.8854,"frp_max":4.06,"night_frac":1.0,"first_seen":"2024-01-01","last_seen":"2026-04-22","class_agreement":1.0,"top_reasons":"dist_mining_km=0.5598 (+9.20); lc_bare_5km=0.1134 (+0.34); dist_thermal_plant_km=99.77 (+0.32); lc_grass_5km=0.1461 (+0.27)"}},{"type":"Feature","geometry":{"type":"Point","coordinates":[85.31197,21.96873]},"properties":{"cell_id":"4394_17062","pred_class":"mining","n_detections":43,"frp_mean":0.8056,"frp_max":1.82,"night_frac":1.0,"first_seen":"2024-01-02","last_seen":"2026-04-11","class_agreement":1.0,"top_reasons":"dist_mining_km=0.8574 (+9.20); lc_bare_5km=0.1246 (+0.34); dist_thermal_plant_km=99.88 (+0.31); lc_grass_5km=0.1544 (+0.26)"}},{"type":"Feature","geometry":{"type":"Point","coordinates":[85.31418,21.96902]},"properties":{"cell_id":"4394_17063","pred_class":"mining","n_detections":225,"frp_mean":0.8214,"frp_max":1.91,"night_frac":1.0,"first_seen":"2024-01-02","last_seen":"2026-04-21","class_agreement":1.0,"top_reasons":"dist_mining_km=0.7652 (+9.17); dist_thermal_plant_km=99.98 (+0.36); lc_bare_5km=0.1217 (+0.32); lc_grass_5km=0.1448 (+0.30)"}},{"type":"Feature","geometry":{"type":"Point","coordinates":[83.2353,21.98129]},"properties":{"cell_id":"4396_16647","pred_class":"thermal_power","n_detections":23,"frp_mean":1.457,"frp_max":2.86,"night_frac":1.0,"first_seen":"2024-01-06","last_seen":"2026-02-25","class_agreement":1.0,"top_reasons":"dist_thermal_plant_km=0.433 (+9.23); is_persistent=1 (+0.55); dist_power_plant_km=0.7935 (+0.34); n_detections=23 (+0.09)"}},{"type":"Feature","geometry":{"type":"Point","coordinates":[83.23971,21.98024]},"properties":{"cell_id":"4396_16648","pred_class":"thermal_power","n_detections":83,"frp_mean":1.5094,"frp_max":12.79,"night_frac":0.9639,"first_seen":"2024-01-01","last_seen":"2026-04-21","class_agreement":1.0,"top_reasons":"dist_thermal_plant_km=0.8365 (+9.22); is_persistent=1 (+0.55); dist_power_plant_km=1.211 (+0.40); spread_m=165.8 (+0.11)"}},{"type":"Feature","geometry":{"type":"Point","coordinates":[82.01513,21.98638]},"properties":{"cell_id":"4397_16403","pred_class":"mining","n_detections":63,"frp_mean":0.6798,"frp_max":1.46,"night_frac":1.0,"first_seen":"2024-12-12","last_seen":"2026-04-10","class_agreement":0.9524,"top_reasons":"dist_mining_km=1.96 (+1.13); inside_mining=0 (-0.77); lc_grass_1km=0.3636 (+0.26); dist_any_industry_km=6.009 (+0.18)"}},{"type":"Feature","geometry":{"type":"Point","coordinates":[83.23129,21.98477]},"properties":{"cell_id":"4397_16646","pred_class":"thermal_power","n_detections":349,"frp_mean":1.6657,"frp_max":4.92,"night_frac":0.9943,"first_seen":"2024-01-02","last_seen":"2026-04-17","class_agreement":1.0,"top_reasons":"dist_thermal_plant_km=0.1878 (+9.21); is_persistent=1 (+0.55); dist_power_plant_km=0.234 (+0.46); n_detections=349 (+0.11)"}},{"type":"Feature","geometry":{"type":"Point","coordinates":[83.23366,21.98489]},"properties":{"cell_id":"4397_16647","pred_class":"thermal_power","n_detections":301,"frp_mean":1.8182,"frp_max":6.76,"night_frac":0.9336,"first_seen":"2024-01-03","last_seen":"2026-04-26","class_agreement":1.0,"top_reasons":"dist_thermal_plant_km=0.0662 (+9.21); is_persistent=1 (+0.55); dist_power_plant_km=0.4068 (+0.47); n_detections=301 (+0.11)"}},{"type":"Feature","geometry":{"type":"Point","coordinates":[83.23982,21.98426]},"properties":{"cell_id":"4397_16648","pred_class":"thermal_power","n_detections":17,"frp_mean":1.1418,"frp_max":2.8,"night_frac":1.0,"first_seen":"2024-05-28","last_seen":"2026-03-15","class_agreement":1.0,"top_reasons":"dist_thermal_plant_km=0.6936 (+8.88); is_persistent=1 (+0.55); dist_power_plant_km=1.027 (+0.32); n_active_days=15 (-0.20)"}},{"type":"Feature","geometry":{"type":"Point","coordinates":[83.36597,21.98549]},"properties":{"cell_id":"4397_16673","pred_class":"industrial_plant","n_detections":63,"frp_mean":0.729,"frp_max":4.28,"night_frac":1.0,"first_seen":"2024-01-01","last_seen":"2026-03-03","class_agreement":1.0,"top_reasons":"dist_industrial_km=1.715 (+4.98); is_persistent=1 (+2.48); dist_thermal_plant_km=11.57 (+0.87); dist_mining_km=22.79 (+0.70)"}},{"type":"Feature","geometry":{"type":"Point","coordinates":[82.0154,21.98811]},"properties":{"cell_id":"4398_16403","pred_class":"mining","n_detections":28,"frp_mean":0.5996,"frp_max":1.02,"night_frac":1.0,"first_seen":"2024-12-14","last_seen":"2026-03-21","class_agreement":1.0,"top_reasons":"dist_mining_km=2.079 (+1.11); inside_mining=0 (-0.77); lc_grass_1km=0.281 (+0.23); dist_any_industry_km=6.048 (+0.19)"}},{"type":"Feature","geometry":{"type":"Point","coordinates":[85.32588,21.991]},"properties":{"cell_id":"4398_17065","pred_class":"industrial_plant","n_detections":140,"frp_mean":0.8454,"frp_max":3.79,"night_frac":1.0,"first_seen":"2024-01-03","last_seen":"2026-04-21","class_agreement":1.0,"top_reasons":"dist_industrial_km=0.3807 (+3.69); is_persistent=1 (+2.35); inside_industrial=1 (+1.72); dist_thermal_plant_km=101.4 (+1.00)"}},{"type":"Feature","geometry":{"type":"Point","coordinates":[85.32799,21.99113]},"properties":{"cell_id":"4398_17066","pred_class":"industrial_plant","n_detections":30,"frp_mean":0.7363,"frp_max":1.34,"night_frac":1.0,"first_seen":"2024-01-12","last_seen":"2026-04-12","class_agreement":1.0,"top_reasons":"dist_industrial_km=0.3258 (+3.85); is_persistent=1 (+2.31); inside_industrial=1 (+1.64); dist_thermal_plant_km=101.2 (+1.00)"}},{"type":"Feature","geometry":{"type":"Point","coordinates":[85.32566,21.99305]},"properties":{"cell_id":"4399_17065","pred_class":"industrial_plant","n_detections":23,"frp_mean":0.7987,"frp_max":1.7,"night_frac":1.0,"first_seen":"2024-01-01","last_seen":"2026-03-31","class_agreement":1.0,"top_reasons":"dist_industrial_km=0.2261 (+3.83); is_persistent=1 (+2.37); inside_industrial=1 (+1.57); dist_thermal_plant_km=101.5 (+0.97)"}},{"type":"Feature","geometry":{"type":"Point","coordinates":[82.6668,22.00206]},"properties":{"cell_id":"4400_16533","pred_class":"industrial_plant","n_detections":27,"frp_mean":1.8159,"frp_max":3.68,"night_frac":1.0,"first_seen":"2024-01-12","last_seen":"2026-04-08","class_agreement":1.0,"top_reasons":"dist_industrial_km=0.4407 (+4.03); is_persistent=1 (+2.47); inside_industrial=1 (+1.58); dist_thermal_plant_km=10.14 (+0.97)"}},{"type":"Feature","geometry":{"type":"Point","coordinates":[82.66967,22.00189]},"properties":{"cell_id":"4400_16534","pred_class":"industrial_plant","n_detections":93,"frp_mean":1.5823,"frp_max":6.23,"night_frac":0.9892,"first_seen":"2024-01-03","last_seen":"2026-04-10","class_agreement":1.0,"top_reasons":"dist_industrial_km=0.2603 (+4.04); is_persistent=1 (+2.50); inside_industrial=1 (+1.59); dist_thermal_plant_km=10.35 (+0.98)"}},{"type":"Feature","geometry":{"type":"Point","coordinates":[82.66668,22.00415]},"properties":{"cell_id":"4401_16533","pred_class":"industrial_plant","n_detections":136,"frp_mean":1.8222,"frp_max":5.24,"night_frac":1.0,"first_seen":"2024-01-01","last_seen":"2026-04-23","class_agreement":1.0,"top_reasons":"dist_industrial_km=0.3898 (+3.85); is_persistent=1 (+2.48); inside_industrial=1 (+1.68); dist_thermal_plant_km=9.954 (+1.03)"}},{"type":"Feature","geometry":{"type":"Point","coordinates":[82.67006,22.00482]},"properties":{"cell_id":"4401_16534","pred_class":"industrial_plant","n_detections":751,"frp_mean":2.0817,"frp_max":9.81,"night_frac":0.9614,"first_seen":"2024-01-02","last_seen":"2026-04-26","class_agreement":1.0,"top_reasons":"dist_industrial_km=0.08843 (+3.78); is_persistent=1 (+2.47); inside_industrial=1 (+1.72); dist_thermal_plant_km=10.14 (+1.03)"}},{"type":"Feature","geometry":{"type":"Point","coordinates":[82.6732,22.0052]},"properties":{"cell_id":"4401_16535","pred_class":"industrial_plant","n_detections":126,"frp_mean":1.4917,"frp_max":6.75,"night_frac":0.9762,"first_seen":"2024-01-06","last_seen":"2026-04-21","class_agreement":1.0,"top_reasons":"dist_industrial_km=0.3077 (+3.87); is_persistent=1 (+2.48); inside_industrial=1 (+1.68); dist_thermal_plant_km=10.33 (+1.03)"}},{"type":"Feature","geometry":{"type":"Point","coordinates":[82.6704,22.00795]},"properties":{"cell_id":"4402_16534","pred_class":"industrial_plant","n_detections":30,"frp_mean":1.256,"frp_max":3.08,"night_frac":1.0,"first_seen":"2024-01-12","last_seen":"2026-03-01","class_agreement":1.0,"top_reasons":"dist_industrial_km=0.4267 (+4.03); is_persistent=1 (+2.48); inside_industrial=1 (+1.58); dist_thermal_plant_km=9.913 (+1.03)"}},{"type":"Feature","geometry":{"type":"Point","coordinates":[83.32896,22.00852]},"properties":{"cell_id":"4402_16666","pred_class":"industrial_plant","n_detections":16,"frp_mean":0.6394,"frp_max":1.11,"night_frac":1.0,"first_seen":"2024-04-17","last_seen":"2026-03-21","class_agreement":1.0,"top_reasons":"dist_industrial_km=0.5923 (+5.05); is_persistent=1 (+2.45); dist_thermal_plant_km=10.23 (+0.87); dist_mining_km=23.37 (+0.69)"}},{"type":"Feature","geometry":{"type":"Point","coordinates":[82.17974,22.01674]},"properties":{"cell_id":"4403_16436","pred_class":"industrial_plant","n_detections":26,"frp_mean":1.0473,"frp_max":2.02,"night_frac":1.0,"first_seen":"2024-02-02","last_seen":"2026-04-15","class_agreement":1.0,"top_reasons":"dist_industrial_km=0.5656 (+3.70); is_persistent=1 (+2.52); inside_industrial=1 (+1.75); dist_thermal_plant_km=17.17 (+1.03)"}},{"type":"Feature","geometry":{"type":"Point","coordinates":[83.7516,22.01634]},"properties":{"cell_id":"4403_16750","pred_class":"mining","n_detections":33,"frp_mean":2.1452,"frp_max":5.39,"night_frac":0.9697,"first_seen":"2024-01-08","last_seen":"2026-04-14","class_agreement":1.0,"top_reasons":"dist_mining_km=1.564 (+2.38); inside_mining=0 (-1.70); lc_bare_5km=0.1415 (+0.31); lc_grass_1km=0.1983 (+0.24)"}},{"type":"Feature","geometry":{"type":"Point","coordinates":[83.75487,22.01628]},"properties":{"cell_id":"4403_16751","pred_class":"mining","n_detections":156,"frp_mean":2.3478,"frp_max":8.71,"night_frac":0.8526,"first_seen":"2024-01-06","last_seen":"2026-04-26","class_agreement":1.0,"top_reasons":"dist_mining_km=1.618 (+2.49); inside_mining=0 (-1.70); lc_bare_5km=0.1415 (+0.24); lc_grass_1km=0.2066 (+0.22)"}},{"type":"Feature","geometry":{"type":"Point","coordinates":[83.75994,22.01626]},"properties":{"cell_id":"4403_16752","pred_class":"mining","n_detections":25,"frp_mean":1.3588,"frp_max":2.88,"night_frac":0.96,"first_seen":"2025-11-12","last_seen":"2026-04-05","class_agreement":1.0,"top_reasons":"dist_mining_km=1.818 (+2.44); inside_mining=0 (-1.72); lc_bare_5km=0.1388 (+0.38); lc_grass_5km=0.1458 (+0.24)"}},{"type":"Feature","geometry":{"type":"Point","coordinates":[82.18045,22.01839]},"properties":{"cell_id":"4404_16436","pred_class":"industrial_plant","n_detections":51,"frp_mean":0.9463,"frp_max":1.74,"night_frac":1.0,"first_seen":"2024-01-01","last_seen":"2026-04-24","class_agreement":1.0,"top_reasons":"dist_industrial_km=0.414 (+3.53); is_persistent=1 (+2.44); inside_industrial=1 (+1.83); dist_thermal_plant_km=16.99 (+1.02)"}},{"type":"Feature","geometry":{"type":"Point","coordinates":[83.30074,22.02118]},"properties":{"cell_id":"4404_16660","pred_class":"industrial_plant","n_detections":17,"frp_mean":0.5947,"frp_max":1.59,"night_frac":1.0,"first_seen":"2024-01-04","last_seen":"2026-03-04","class_agreement":1.0,"top_reasons":"dist_industrial_km=0.2701 (+3.24); is_persistent=1 (+2.48); inside_industrial=1 (+1.76); dist_thermal_plant_km=8.073 (+0.99)"}},{"type":"Feature","geometry":{"type":"Point","coordinates":[83.33951,22.01927]},"properties":{"cell_id":"4404_16668","pred_class":"industrial_plant","n_detections":62,"frp_mean":0.8282,"frp_max":2.31,"night_frac":1.0,"first_seen":"2025-10-16","last_seen":"2026-04-22","class_agreement":1.0,"top_reasons":"dist_industrial_km=1.889 (+4.98); is_persistent=1 (+2.46); dist_thermal_plant_km=11.63 (+0.85); dist_mining_km=21.76 (+0.68)"}},{"type":"Feature","geometry":{"type":"Point","coordinates":[83.37975,22.02138]},"properties":{"cell_id":"4404_16676","pred_class":"industrial_plant","n_detections":95,"frp_mean":1.1766,"frp_max":3.32,"night_frac":1.0,"first_seen":"2024-01-02","last_seen":"2025-09-13","class_agreement":1.0,"top_reasons":"dist_industrial_km=0.04544 (+2.99); is_persistent=1 (+2.48); inside_industrial=1 (+2.08); dist_thermal_plant_km=11.33 (+1.06)"}},{"type":"Feature","geometry":{"type":"Point","coordinates":[83.75036,22.01928]},"properties":{"cell_id":"4404_16750","pred_class":"mining","n_detections":88,"frp_mean":1.8597,"frp_max":6.04,"night_frac":0.9318,"first_seen":"2024-01-02","last_seen":"2026-04-26","class_agreement":1.0,"top_reasons":"dist_mining_km=1.24 (+2.52); inside_mining=0 (-1.72); lc_bare_5km=0.163 (+0.32); lc_grass_5km=0.1676 (+0.29)"}},{"type":"Feature","geometry":{"type":"Point","coordinates":[83.7547,22.01868]},"properties":{"cell_id":"4404_16751","pred_class":"mining","n_detections":145,"frp_mean":2.6927,"frp_max":8.92,"night_frac":0.7862,"first_seen":"2024-01-03","last_seen":"2026-04-21","class_agreement":1.0,"top_reasons":"dist_mining_km=1.356 (+2.34); inside_mining=0 (-1.73); lc_bare_5km=0.1587 (+0.32); lc_grass_5km=0.16 (+0.20)"}},{"type":"Feature","geometry":{"type":"Point","coordinates":[83.30882,22.0239]},"properties":{"cell_id":"4405_16662","pred_class":"industrial_plant","n_detections":16,"frp_mean":0.5994,"frp_max":1.04,"night_frac":1.0,"first_seen":"2024-01-31","last_seen":"2026-04-24","class_agreement":1.0,"top_reasons":"dist_industrial_km=0.6176 (+5.12); is_persistent=1 (+2.43); dist_thermal_plant_km=8.947 (+0.86); dist_mining_km=21.84 (+0.68)"}},{"type":"Feature","geometry":{"type":"Point","coordinates":[83.37983,22.02337]},"properties":{"cell_id":"4405_16676","pred_class":"industrial_plant","n_detections":71,"frp_mean":1.0952,"frp_max":2.99,"night_frac":0.9859,"first_seen":"2024-01-03","last_seen":"2025-08-17","class_agreement":1.0,"top_reasons":"dist_industrial_km=0.2232 (+3.01); is_persistent=1 (+2.49); inside_industrial=1 (+2.08); dist_thermal_plant_km=11.15 (+1.00)"}},{"type":"Feature","geometry":{"type":"Point","coordinates":[83.36107,22.03155]},"properties":{"cell_id":"4406_16672","pred_class":"gas_flare","n_detections":72,"frp_mean":1.6714,"frp_max":3.68,"night_frac":0.9861,"first_seen":"2024-01-02","last_seen":"2026-03-06","class_agreement":1.0,"top_reasons":"is_persistent=1 (+2.07); dist_industrial_km=2.272 (+1.78); inside_mining=0 (+1.03); dist_any_industry_km=2.272 (+0.93)"}},{"type":"Feature","geometry":{"type":"Point","coordinates":[83.36525,22.0308]},"properties":{"cell_id":"4406_16673","pred_class":"industrial_plant","n_detections":371,"frp_mean":1.5493,"frp_max":4.3,"night_frac":1.0,"first_seen":"2024-01-07","last_seen":"2026-04-26","class_agreement":1.0,"top_reasons":"dist_industrial_km=1.862 (+4.95); is_persistent=1 (+2.42); dist_thermal_plant_km=11.65 (+0.79); dist_mining_km=19.07 (+0.76)"}},{"type":"Feature","geometry":{"type":"Point","coordinates":[83.74195,22.02959]},"properties":{"cell_id":"4406_16748","pred_class":"mining","n_detections":25,"frp_mean":1.0676,"frp_max":2.06,"night_frac":1.0,"first_seen":"2024-04-27","last_seen":"2026-04-02","class_agreement":1.0,"top_reasons":"dist_mining_km=0.9459 (+6.32); inside_mining=0 (-0.83); lc_grass_5km=0.2003 (+0.28); lc_bare_5km=0.1739 (+0.23)"}},{"type":"Feature","geometry":{"type":"Point","coordinates":[83.74399,22.02982]},"properties":{"cell_id":"4406_16749","pred_class":"mining","n_detections":112,"frp_mean":1.4436,"frp_max":4.35,"night_frac":1.0,"first_seen":"2024-01-07","last_seen":"2026-04-22","class_agreement":1.0,"top_reasons":"dist_mining_km=0.7343 (+5.20); inside_mining=1 (+4.72); dist_thermal_plant_km=31.12 (+0.28); lc_bare_5km=0.1792 (+0.17)"}},{"type":"Feature","geometry":{"type":"Point","coordinates":[83.35053,22.03653]},"properties":{"cell_id":"4407_16670","pred_class":"gas_flare","n_detections":254,"frp_mean":1.8678,"frp_max":8.52,"night_frac":0.9685,"first_seen":"2024-01-09","last_seen":"2026-04-24","class_agreement":1.0,"top_reasons":"dist_industrial_km=2.754 (+2.12); is_persistent=1 (+2.03); dist_any_industry_km=2.754 (+1.23); inside_mining=0 (+1.23)"}},{"type":"Feature","geometry":{"type":"Point","coordinates":[83.35432,22.0354]},"properties":{"cell_id":"4407_16671","pred_class":"gas_flare","n_detections":205,"frp_mean":1.7646,"frp_max":7.07,"night_frac":0.9756,"first_seen":"2024-01-13","last_seen":"2026-04-24","class_agreement":1.0,"top_reasons":"is_persistent=1 (+2.17); dist_industrial_km=3.027 (+1.99); inside_mining=0 (+1.08); dist_any_industry_km=3.027 (+1.02)"}},{"type":"Feature","geometry":{"type":"Point","coordinates":[83.36037,22.03382]},"properties":{"cell_id":"4407_16672","pred_class":"gas_flare","n_detections":167,"frp_mean":1.3692,"frp_max":2.96,"night_frac":1.0,"first_seen":"2024-01-04","last_seen":"2026-03-28","class_agreement":1.0,"top_reasons":"is_persistent=1 (+2.09); dist_industrial_km=2.467 (+1.82); inside_mining=0 (+1.03); dist_any_industry_km=2.467 (+1.02)"}},{"type":"Feature","geometry":{"type":"Point","coordinates":[83.3642,22.03337]},"properties":{"cell_id":"4407_16673","pred_class":"gas_flare","n_detections":114,"frp_mean":1.2949,"frp_max":3.29,"night_frac":1.0,"first_seen":"2024-01-13","last_seen":"2026-04-07","class_agreement":1.0,"top_reasons":"dist_industrial_km=2.119 (+2.02); is_persistent=1 (+2.00); inside_mining=0 (+1.21); dist_any_industry_km=2.119 (+1.15)"}},{"type":"Feature","geometry":{"type":"Point","coordinates":[83.73071,22.0369]},"properties":{"cell_id":"4407_16746","pred_class":"mining","n_detections":60,"frp_mean":3.4515,"frp_max":13.51,"night_frac":0.8667,"first_seen":"2024-01-01","last_seen":"2026-04-26","class_agreement":1.0,"top_reasons":"dist_mining_km=2.221 (+1.34); inside_mining=0 (-0.74); lc_grass_5km=0.24 (+0.29); lc_bare_5km=0.1329 (+0.28)"}},{"type":"Feature","geometry":{"type":"Point","coordinates":[83.73504,22.03683]},"properties":{"cell_id":"4407_16747","pred_class":"mining","n_detections":70,"frp_mean":2.8784,"frp_max":9.15,"night_frac":0.9714,"first_seen":"2024-01-03","last_seen":"2026-04-17","class_agreement":1.0,"top_reasons":"dist_mining_km=1.801 (+2.57); inside_mining=0 (-1.70); lc_grass_5km=0.2241 (+0.30); lc_bare_5km=0.1669 (+0.25)"}},{"type":"Feature","geometry":{"type":"Point","coordinates":[83.73953,22.03598]},"properties":{"cell_id":"4407_16748","pred_class":"mining","n_detections":72,"frp_mean":2.0669,"frp_max":3.68,"night_frac":0.9722,"first_seen":"2024-03-27","last_seen":"2026-04-26","class_agreement":1.0,"top_reasons":"dist_mining_km=1.343 (+2.35); inside_mining=0 (-1.70); lc_bare_5km=0.1841 (+0.29); lc_grass_5km=0.195 (+0.22)"}},{"type":"Feature","geometry":{"type":"Point","coordinates":[83.74519,22.03426]},"properties":{"cell_id":"4407_16749","pred_class":"mining","n_detections":50,"frp_mean":2.2722,"frp_max":5.01,"night_frac":0.82,"first_seen":"2024-01-12","last_seen":"2026-04-27","class_agreement":1.0,"top_reasons":"dist_mining_km=0.7441 (+5.09); inside_mining=1 (+4.81); dist_thermal_plant_km=31.12 (+0.28); lc_bare_5km=0.1907 (+0.16)"}},{"type":"Feature","geometry":{"type":"Point","coordinates":[88.08038,22.03429]},"properties":{"cell_id":"4407_17616","pred_class":"industrial_plant","n_detections":71,"frp_mean":1.9863,"frp_max":6.21,"night_frac":0.7606,"first_seen":"2024-07-19","last_seen":"2026-01-22","class_agreement":1.0,"top_reasons":"dist_industrial_km=0.9637 (+2.87); is_persistent=1 (+2.21); inside_industrial=1 (+2.12); dist_thermal_plant_km=5.183 (+0.93)"}},{"type":"Feature","geometry":{"type":"Point","coordinates":[83.35054,22.03912]},"properties":{"cell_id":"4408_16670","pred_class":"gas_flare","n_detections":518,"frp_mean":1.9664,"frp_max":7.07,"night_frac":0.9151,"first_seen":"2024-01-01","last_seen":"2026-04-26","class_agreement":1.0,"top_reasons":"dist_industrial_km=2.488 (+2.13); is_persistent=1 (+1.98); inside_mining=0 (+1.24); dist_any_industry_km=2.488 (+1.21)"}},{"type":"Feature","geometry":{"type":"Point","coordinates":[83.35365,22.03903]},"properties":{"cell_id":"4408_16671","pred_class":"gas_flare","n_detections":230,"frp_mean":1.7673,"frp_max":7.97,"night_frac":0.9217,"first_seen":"2024-01-01","last_seen":"2026-04-21","class_agreement":1.0,"top_reasons":"dist_industrial_km=2.639 (+2.13); is_persistent=1 (+1.96); inside_mining=0 (+1.24); dist_any_industry_km=2.639 (+1.20)"}},{"type":"Feature","geometry":{"type":"Point","coordinates":[83.7262,22.04072]},"properties":{"cell_id":"4408_16745","pred_class":"gas_flare","n_detections":144,"frp_mean":4.3912,"frp_max":17.22,"night_frac":0.8889,"first_seen":"2024-03-27","last_seen":"2026-04-09","class_agreement":1.0,"top_reasons":"is_persistent=1 (+0.75); dist_industrial_km=16.4 (+0.71); dist_any_industry_km=16.4 (-0.58); month_entropy=0.8362 (+0.48)"}},{"type":"Feature","geometry":{"type":"Point","coordinates":[83.73036,22.04047]},"properties":{"cell_id":"4408_16746","pred_class":"gas_flare","n_detections":917,"frp_mean":5.8967,"frp_max":37.0,"night_frac":0.6587,"first_seen":"2024-01-09","last_seen":"2026-04-26","class_agreement":1.0,"top_reasons":"is_persistent=1 (+0.84); dist_any_industry_km=16.38 (-0.76); dist_industrial_km=16.38 (+0.66); inside_industrial=0 (+0.51)"}},{"type":"Feature","geometry":{"type":"Point","coordinates":[83.73497,22.04037]},"properties":{"cell_id":"4408_16747","pred_class":"gas_flare","n_detections":1293,"frp_mean":6.1561,"frp_max":52.27,"night_frac":0.621,"first_seen":"2024-01-01","last_seen":"2026-04-27","class_agreement":1.0,"top_reasons":"is_persistent=1 (+0.82); dist_any_industry_km=16.4 (-0.79); dist_industrial_km=16.4 (+0.66); inside_industrial=0 (+0.49)"}},{"type":"Feature","geometry":{"type":"Point","coordinates":[83.73919,22.04048]},"properties":{"cell_id":"4408_16748","pred_class":"gas_flare","n_detections":548,"frp_mean":4.1626,"frp_max":26.94,"night_frac":0.7445,"first_seen":"2024-01-01","last_seen":"2026-04-27","class_agreement":1.0,"top_reasons":"is_persistent=1 (+0.85); dist_any_industry_km=16.45 (-0.79); dist_industrial_km=16.45 (+0.70); inside_industrial=0 (+0.52)"}},{"type":"Feature","geometry":{"type":"Point","coordinates":[83.74377,22.0409]},"properties":{"cell_id":"4408_16749","pred_class":"mining","n_detections":21,"frp_mean":1.2438,"frp_max":2.04,"night_frac":1.0,"first_seen":"2024-05-27","last_seen":"2026-04-05","class_agreement":1.0,"top_reasons":"dist_mining_km=1.39 (+2.51); inside_mining=0 (-1.77); lc_bare_5km=0.2013 (+0.32); lc_grass_5km=0.1785 (+0.20)"}},{"type":"Feature","geometry":{"type":"Point","coordinates":[88.08372,22.04029]},"properties":{"cell_id":"4408_17617","pred_class":"industrial_plant","n_detections":30,"frp_mean":1.8573,"frp_max":6.54,"night_frac":0.7333,"first_seen":"2024-11-20","last_seen":"2025-04-09","class_agreement":1.0,"top_reasons":"dist_industrial_km=0.6254 (+2.85); is_persistent=1 (+2.30); inside_industrial=1 (+2.09); dist_thermal_plant_km=4.436 (+0.94)"}},{"type":"Feature","geometry":{"type":"Point","coordinates":[83.72635,22.04415]},"properties":{"cell_id":"4409_16745","pred_class":"mining","n_detections":114,"frp_mean":4.3553,"frp_max":13.83,"night_frac":0.9035,"first_seen":"2024-01-18","last_seen":"2026-04-09","class_agreement":1.0,"top_reasons":"dist_mining_km=1.772 (+2.46); inside_mining=0 (-1.68); lc_grass_5km=0.2572 (+0.29); lc_bare_5km=0.1299 (+0.25)"}},{"type":"Feature","geometry":{"type":"Point","coordinates":[83.73039,22.04425]},"properties":{"cell_id":"4409_16746","pred_class":"gas_flare","n_detections":859,"frp_mean":5.806,"frp_max":29.83,"night_frac":0.6519,"first_seen":"2024-01-02","last_seen":"2026-04-26","class_agreement":0.8021,"top_reasons":"is_persistent=1 (+0.79); dist_any_industry_km=16.8 (-0.78); dist_industrial_km=16.8 (+0.66); inside_industrial=0 (+0.50)"}},{"type":"Feature","geometry":{"type":"Point","coordinates":[83.73476,22.04414]},"properties":{"cell_id":"4409_16747","pred_class":"gas_flare","n_detections":792,"frp_mean":5.7856,"frp_max":34.35,"night_frac":0.6452,"first_seen":"2024-01-01","last_seen":"2026-04-26","class_agreement":0.5278,"top_reasons":"is_persistent=1 (+0.79); dist_any_industry_km=16.82 (-0.78); dist_industrial_km=16.82 (+0.66); inside_industrial=0 (+0.48)"}},{"type":"Feature","geometry":{"type":"Point","coordinates":[83.73938,22.04393]},"properties":{"cell_id":"4409_16748","pred_class":"mining","n_detections":166,"frp_mean":3.3113,"frp_max":23.62,"night_frac":0.8916,"first_seen":"2024-01-02","last_seen":"2026-04-07","class_agreement":1.0,"top_reasons":"dist_mining_km=1.928 (+1.32); inside_mining=0 (-0.74); lc_grass_5km=0.2079 (+0.36); lc_bare_5km=0.1858 (+0.31)"}},{"type":"Feature","geometry":{"type":"Point","coordinates":[85.46501,22.0523]},"properties":{"cell_id":"4410_17093","pred_class":"gas_flare","n_detections":23,"frp_mean":0.7178,"frp_max":1.23,"night_frac":1.0,"first_seen":"2024-01-15","last_seen":"2026-03-04","class_agreement":1.0,"top_reasons":"is_persistent=1 (+0.73); dist_any_industry_km=4.235 (-0.68); dist_industrial_km=4.235 (+0.57); inside_mining=0 (+0.37)"}},{"type":"Feature","geometry":{"type":"Point","coordinates":[88.10093,22.05036]},"properties":{"cell_id":"4410_17620","pred_class":"thermal_power","n_detections":34,"frp_mean":1.9897,"frp_max":10.29,"night_frac":0.9706,"first_seen":"2024-01-01","last_seen":"2026-01-29","class_agreement":1.0,"top_reasons":"dist_thermal_plant_km=3.01 (+9.23); is_persistent=1 (+0.53); dist_power_plant_km=1.769 (+0.51); nearest_plant_mw=300 (+0.15)"}},{"type":"Feature","geometry":{"type":"Point","coordinates":[88.10419,22.05028]},"properties":{"cell_id":"4410_17621","pred_class":"thermal_power","n_detections":54,"frp_mean":2.538,"frp_max":9.71,"night_frac":0.7593,"first_seen":"2024-01-01","last_seen":"2026-01-20","class_agreement":1.0,"top_reasons":"dist_thermal_plant_km=3.054 (+9.22); is_persistent=1 (+0.58); dist_power_plant_km=1.774 (+0.55); nearest_plant_mw=300 (+0.16)"}},{"type":"Feature","geometry":{"type":"Point","coordinates":[88.12151,22.05164]},"properties":{"cell_id":"4410_17624","pred_class":"thermal_power","n_detections":45,"frp_mean":1.7591,"frp_max":5.47,"night_frac":1.0,"first_seen":"2024-01-03","last_seen":"2026-04-25","class_agreement":1.0,"top_reasons":"dist_thermal_plant_km=3.653 (+7.56); dist_power_plant_km=0.2574 (+0.49); is_persistent=1 (+0.42); lc_crop_1km=0 (+0.29)"}},{"type":"Feature","geometry":{"type":"Point","coordinates":[88.12478,22.05157]},"properties":{"cell_id":"4410_17625","pred_class":"thermal_power","n_detections":298,"frp_mean":2.0264,"frp_max":8.3,"night_frac":0.906,"first_seen":"2024-01-01","last_seen":"2026-04-25","class_agreement":1.0,"top_reasons":"dist_thermal_plant_km=3.877 (+8.05); dist_power_plant_km=0.425 (+0.55); is_persistent=1 (+0.44); lc_water_1km=0.2066 (-0.38)"}},{"type":"Feature","geometry":{"type":"Point","coordinates":[88.12816,22.05143]},"properties":{"cell_id":"4410_17626","pred_class":"gas_flare","n_detections":20,"frp_mean":1.9785,"frp_max":4.88,"night_frac":0.85,"first_seen":"2024-02-12","last_seen":"2026-04-12","class_agreement":1.0,"top_reasons":"is_persistent=1 (+2.43); lc_water_1km=0.405 (+1.67); month_entropy=0.6651 (+0.91); dist_thermal_plant_km=4.131 (+0.85)"}},{"type":"Feature","geometry":{"type":"Point","coordinates":[85.46486,22.05436]},"properties":{"cell_id":"4411_17093","pred_class":"gas_flare","n_detections":272,"frp_mean":0.9419,"frp_max":2.96,"night_frac":1.0,"first_seen":"2024-01-03","last_seen":"2026-04-26","class_agreement":1.0,"top_reasons":"dist_any_industry_km=4.014 (-0.79); is_persistent=1 (+0.76); dist_industrial_km=4.014 (+0.72); month_entropy=0.8533 (+0.44)"}},{"type":"Feature","geometry":{"type":"Point","coordinates":[88.12143,22.05455]},"properties":{"cell_id":"4411_17624","pred_class":"thermal_power","n_detections":192,"frp_mean":2.0751,"frp_max":5.4,"night_frac":0.9792,"first_seen":"2024-01-01","last_seen":"2026-04-25","class_agreement":1.0,"top_reasons":"dist_thermal_plant_km=3.4 (+9.21); dist_power_plant_km=0.06708 (+0.56); is_persistent=1 (+0.55); nearest_plant_mw=300 (+0.16)"}},{"type":"Feature","geometry":{"type":"Point","coordinates":[88.12496,22.05469]},"properties":{"cell_id":"4411_17625","pred_class":"thermal_power","n_detections":807,"frp_mean":2.5176,"frp_max":11.18,"night_frac":0.8327,"first_seen":"2024-01-01","last_seen":"2026-04-27","class_agreement":1.0,"top_reasons":"dist_thermal_plant_km=3.642 (+8.43); dist_power_plant_km=0.36 (+0.53); is_persistent=1 (+0.45); dist_industrial_km=0.1548 (+0.23)"}},{"type":"Feature","geometry":{"type":"Point","coordinates":[88.12804,22.05466]},"properties":{"cell_id":"4411_17626","pred_class":"thermal_power","n_detections":73,"frp_mean":2.1579,"frp_max":7.72,"night_frac":0.8219,"first_seen":"2024-01-04","last_seen":"2026-04-11","class_agreement":1.0,"top_reasons":"dist_thermal_plant_km=3.878 (+8.05); dist_power_plant_km=0.6725 (+0.57); is_persistent=1 (+0.41); dist_industrial_km=0.3215 (+0.20)"}},{"type":"Feature","geometry":{"type":"Point","coordinates":[88.12097,22.05979]},"properties":{"cell_id":"4412_17624","pred_class":"thermal_power","n_detections":23,"frp_mean":4.3361,"frp_max":16.87,"night_frac":0.8696,"first_seen":"2024-01-02","last_seen":"2026-04-09","class_agreement":1.0,"top_reasons":"dist_thermal_plant_km=2.954 (+9.23); is_persistent=1 (+0.54); dist_power_plant_km=0.6517 (+0.46); nearest_plant_mw=300 (+0.16)"}},{"type":"Feature","geometry":{"type":"Point","coordinates":[88.12484,22.05852]},"properties":{"cell_id":"4412_17625","pred_class":"thermal_power","n_detections":52,"frp_mean":2.0569,"frp_max":10.53,"night_frac":0.8654,"first_seen":"2024-01-08","last_seen":"2026-04-09","class_agreement":1.0,"top_reasons":"dist_thermal_plant_km=3.351 (+9.22); is_persistent=1 (+0.56); dist_power_plant_km=0.6097 (+0.49); nearest_plant_mw=300 (+0.16)"}},{"type":"Feature","geometry":{"type":"Point","coordinates":[83.7048,22.06559]},"properties":{"cell_id":"4413_16741","pred_class":"gas_flare","n_detections":227,"frp_mean":0.991,"frp_max":3.62,"night_frac":0.9912,"first_seen":"2024-04-17","last_seen":"2026-04-26","class_agreement":1.0,"top_reasons":"is_persistent=1 (+0.69); dist_industrial_km=19.25 (+0.69); dist_any_industry_km=19.25 (-0.62); month_entropy=0.805 (+0.42)"}},{"type":"Feature","geometry":{"type":"Point","coordinates":[88.12055,22.06477]},"properties":{"cell_id":"4413_17624","pred_class":"thermal_power","n_detections":63,"frp_mean":5.0251,"frp_max":21.45,"night_frac":0.5873,"first_seen":"2024-01-02","last_seen":"2026-04-01","class_agreement":1.0,"top_reasons":"dist_thermal_plant_km=2.584 (+9.22); is_persistent=1 (+0.58); dist_power_plant_km=1.207 (+0.44); nearest_plant_mw=300 (+0.18)"}},{"type":"Feature","geometry":{"type":"Point","coordinates":[88.12388,22.06472]},"properties":{"cell_id":"4413_17625","pred_class":"thermal_power","n_detections":44,"frp_mean":6.1545,"frp_max":28.68,"night_frac":0.4318,"first_seen":"2024-01-06","last_seen":"2026-04-12","class_agreement":1.0,"top_reasons":"dist_thermal_plant_km=2.881 (+9.21); is_persistent=1 (+0.58); dist_power_plant_km=1.22 (+0.42); nearest_plant_mw=300 (+0.17)"}},{"type":"Feature","geometry":{"type":"Point","coordinates":[83.34873,22.0714]},"properties":{"cell_id":"4414_16670","pred_class":"industrial_plant","n_detections":24,"frp_mean":0.5463,"frp_max":1.08,"night_frac":1.0,"first_seen":"2024-01-05","last_seen":"2026-04-10","class_agreement":1.0,"top_reasons":"dist_industrial_km=1.526 (+5.12); is_persistent=1 (+2.41); dist_thermal_plant_km=11 (+0.85); dist_mining_km=17.08 (+0.70)"}},{"type":"Feature","geometry":{"type":"Point","coordinates":[83.11562,22.08554]},"properties":{"cell_id":"4417_16623","pred_class":"mining","n_detections":86,"frp_mean":1.7602,"frp_max":6.81,"night_frac":0.907,"first_seen":"2025-06-14","last_seen":"2026-04-27","class_agreement":1.0,"top_reasons":"dist_mining_km=1.288 (+2.29); inside_mining=0 (-1.70); lc_bare_5km=0.08992 (+0.20); lc_grass_5km=0.1524 (+0.18)"}},{"type":"Feature","geometry":{"type":"Point","coordinates":[83.119,22.08628]},"properties":{"cell_id":"4417_16624","pred_class":"mining","n_detections":33,"frp_mean":1.7858,"frp_max":5.36,"night_frac":0.7576,"first_seen":"2024-08-31","last_seen":"2026-01-23","class_agreement":1.0,"top_reasons":"dist_mining_km=1.36 (+2.29); inside_mining=0 (-1.71); lc_bare_5km=0.09025 (+0.29); lc_grass_5km=0.1564 (+0.24)"}},{"type":"Feature","geometry":{"type":"Point","coordinates":[84.86148,22.08351]},"properties":{"cell_id":"4417_16972","pred_class":"industrial_plant","n_detections":28,"frp_mean":0.5414,"frp_max":1.48,"night_frac":1.0,"first_seen":"2024-01-26","last_seen":"2026-02-17","class_agreement":1.0,"top_reasons":"dist_industrial_km=0.2047 (+3.68); is_persistent=1 (+2.33); inside_industrial=1 (+1.55); dist_thermal_plant_km=89.81 (+0.92)"}},{"type":"Feature","geometry":{"type":"Point","coordinates":[83.11609,22.08884]},"properties":{"cell_id":"4418_16623","pred_class":"mining","n_detections":43,"frp_mean":1.7337,"frp_max":6.53,"night_frac":0.9535,"first_seen":"2025-09-27","last_seen":"2026-04-26","class_agreement":1.0,"top_reasons":"dist_mining_km=0.9647 (+6.89); inside_mining=0 (-0.53); lc_bare_5km=0.09058 (+0.37); lc_grass_1km=0.04132 (-0.29)"}},{"type":"Feature","geometry":{"type":"Point","coordinates":[83.1196,22.0891]},"properties":{"cell_id":"4418_16624","pred_class":"mining","n_detections":57,"frp_mean":1.7518,"frp_max":8.53,"night_frac":0.7719,"first_seen":"2025-09-13","last_seen":"2026-04-25","class_agreement":1.0,"top_reasons":"dist_mining_km=1.149 (+2.33); inside_mining=0 (-1.71); lc_bare_5km=0.09058 (+0.26); lc_grass_5km=0.1626 (+0.25)"}},{"type":"Feature","geometry":{"type":"Point","coordinates":[83.1251,22.09121]},"properties":{"cell_id":"4418_16625","pred_class":"mining","n_detections":18,"frp_mean":2.0472,"frp_max":3.94,"night_frac":0.7778,"first_seen":"2025-03-30","last_seen":"2025-11-08","class_agreement":1.0,"top_reasons":"dist_mining_km=1.482 (+2.34); inside_mining=0 (-1.69); lc_grass_5km=0.1792 (+0.19); lc_bare_5km=0.08529 (+0.19)"}},{"type":"Feature","geometry":{"type":"Point","coordinates":[88.11124,22.08898]},"properties":{"cell_id":"4418_17622","pred_class":"thermal_power","n_detections":22,"frp_mean":1.1568,"frp_max":3.66,"night_frac":0.9545,"first_seen":"2024-01-12","last_seen":"2026-04-23","class_agreement":1.0,"top_reasons":"dist_thermal_plant_km=1.767 (+9.25); is_persistent=1 (+0.54); dist_power_plant_km=1.489 (+0.51); n_detections=22 (+0.16)"}},{"type":"Feature","geometry":{"type":"Point","coordinates":[85.35134,22.09668]},"properties":{"cell_id":"4419_17070","pred_class":"industrial_plant","n_detections":33,"frp_mean":0.6727,"frp_max":1.0,"night_frac":1.0,"first_seen":"2024-01-03","last_seen":"2026-02-25","class_agreement":1.0,"top_reasons":"dist_industrial_km=0.09964 (+3.84); is_persistent=1 (+2.40); inside_industrial=1 (+1.62); dist_thermal_plant_km=104.7 (+0.98)"}},{"type":"Feature","geometry":{"type":"Point","coordinates":[83.11633,22.10158]},"properties":{"cell_id":"4420_16623","pred_class":"mining","n_detections":18,"frp_mean":2.0867,"frp_max":5.53,"night_frac":1.0,"first_seen":"2024-01-16","last_seen":"2024-06-23","class_agreement":1.0,"top_reasons":"dist_mining_km=0.7128 (+5.21); inside_mining=1 (+4.65); dist_thermal_plant_km=13.71 (+0.29); lc_bare_5km=0.09025 (+0.12)"}},{"type":"Feature","geometry":{"type":"Point","coordinates":[83.11977,22.10192]},"properties":{"cell_id":"4420_16624","pred_class":"mining","n_detections":36,"frp_mean":1.5847,"frp_max":3.79,"night_frac":0.9444,"first_seen":"2024-01-01","last_seen":"2025-02-02","class_agreement":1.0,"top_reasons":"dist_mining_km=0.999 (+6.98); inside_mining=0 (-0.50); lc_bare_5km=0.09025 (+0.30); lc_grass_1km=0.1736 (+0.29)"}},{"type":"Feature","geometry":{"type":"Point","coordinates":[84.37588,22.09884]},"properties":{"cell_id":"4420_16875","pred_class":"industrial_plant","n_detections":54,"frp_mean":0.6226,"frp_max":4.61,"night_frac":0.9815,"first_seen":"2024-01-06","last_seen":"2026-04-11","class_agreement":1.0,"top_reasons":"dist_industrial_km=0.04318 (+3.32); is_persistent=1 (+2.51); inside_industrial=1 (+1.82); dist_thermal_plant_km=46.88 (+0.99)"}},{"type":"Feature","geometry":{"type":"Point","coordinates":[83.11659,22.10402]},"properties":{"cell_id":"4421_16623","pred_class":"mining","n_detections":50,"frp_mean":1.6348,"frp_max":3.25,"night_frac":1.0,"first_seen":"2024-01-08","last_seen":"2025-03-12","class_agreement":1.0,"top_reasons":"inside_mining=1 (+5.31); dist_mining_km=0.9528 (+4.15); dist_thermal_plant_km=13.9 (+0.21); lc_grass_5km=0.155 (+0.13)"}},{"type":"Feature","geometry":{"type":"Point","coordinates":[83.12005,22.10466]},"properties":{"cell_id":"4421_16624","pred_class":"mining","n_detections":329,"frp_mean":2.1044,"frp_max":9.01,"night_frac":0.9088,"first_seen":"2024-01-01","last_seen":"2025-08-30","class_agreement":0.9787,"top_reasons":"dist_mining_km=1.224 (+2.53); inside_mining=0 (-1.72); lc_bare_1km=0.5124 (+0.21); dist_industrial_km=14.84 (+0.16)"}},{"type":"Feature","geometry":{"type":"Point","coordinates":[83.12338,22.10578]},"properties":{"cell_id":"4421_16625","pred_class":"gas_flare","n_detections":58,"frp_mean":1.5298,"frp_max":7.93,"night_frac":0.9483,"first_seen":"2024-01-01","last_seen":"2026-04-26","class_agreement":1.0,"top_reasons":"is_persistent=1 (+0.77); dist_industrial_km=14.91 (+0.61); dist_any_industry_km=14.91 (-0.59); month_entropy=0.8429 (+0.46)"}},{"type":"Feature","geometry":{"type":"Point","coordinates":[83.52169,22.10539]},"properties":{"cell_id":"4421_16704","pred_class":"industrial_plant","n_detections":47,"frp_mean":1.6945,"frp_max":3.12,"night_frac":1.0,"first_seen":"2024-01-01","last_seen":"2025-03-13","class_agreement":1.0,"top_reasons":"dist_industrial_km=0.2268 (+3.75); is_persistent=1 (+2.47); inside_industrial=1 (+1.68); dist_thermal_plant_km=7.29 (+1.02)"}},{"type":"Feature","geometry":{"type":"Point","coordinates":[83.52489,22.10557]},"properties":{"cell_id":"4421_16705","pred_class":"industrial_plant","n_detections":447,"frp_mean":2.1915,"frp_max":9.79,"night_frac":0.8568,"first_seen":"2024-01-03","last_seen":"2026-01-26","class_agreement":1.0,"top_reasons":"dist_industrial_km=0.4383 (+5.13); is_persistent=1 (+2.43); dist_thermal_plant_km=7.62 (+0.87); dist_mining_km=2.534 (+0.81)"}},{"type":"Feature","geometry":{"type":"Point","coordinates":[83.12089,22.10813]},"properties":{"cell_id":"4422_16624","pred_class":"gas_flare","n_detections":27,"frp_mean":1.3078,"frp_max":2.78,"night_frac":1.0,"first_seen":"2024-01-06","last_seen":"2024-12-15","class_agreement":0.6296,"top_reasons":"is_persistent=1 (+0.71); dist_industrial_km=15.2 (+0.57); dist_any_industry_km=15.2 (-0.49); month_entropy=0.6563 (+0.43)"}},{"type":"Feature","geometry":{"type":"Point","coordinates":[83.12351,22.10843]},"properties":{"cell_id":"4422_16625","pred_class":"mining","n_detections":16,"frp_mean":1.0044,"frp_max":1.76,"night_frac":1.0,"first_seen":"2024-01-01","last_seen":"2026-04-02","class_agreement":1.0,"top_reasons":"dist_mining_km=1.774 (+2.23); inside_mining=0 (-1.75); lc_grass_5km=0.1607 (+0.16); lc_grass_1km=0.1901 (+0.16)"}},{"type":"Feature","geometry":{"type":"Point","coordinates":[83.52492,22.10844]},"properties":{"cell_id":"4422_16705","pred_class":"industrial_plant","n_detections":127,"frp_mean":1.6835,"frp_max":6.32,"night_frac":0.937,"first_seen":"2024-01-02","last_seen":"2026-01-04","class_agreement":1.0,"top_reasons":"dist_industrial_km=0.4116 (+5.14); is_persistent=1 (+2.44); dist_thermal_plant_km=7.661 (+0.86); dist_mining_km=2.442 (+0.77)"}},{"type":"Feature","geometry":{"type":"Point","coordinates":[72.76522,22.12709]},"properties":{"cell_id":"4425_14553","pred_class":"industrial_plant","n_detections":29,"frp_mean":0.7379,"frp_max":2.51,"night_frac":1.0,"first_seen":"2024-01-31","last_seen":"2026-03-21","class_agreement":1.0,"top_reasons":"dist_industrial_km=2.187 (+2.98); is_persistent=1 (+2.09); dist_thermal_plant_km=12.58 (+0.64); dist_mining_km=21.76 (+0.50)"}},{"type":"Feature","geometry":{"type":"Point","coordinates":[72.76524,22.12929]},"properties":{"cell_id":"4426_14553","pred_class":"gas_flare","n_detections":270,"frp_mean":0.7618,"frp_max":4.05,"night_frac":1.0,"first_seen":"2024-01-08","last_seen":"2026-04-18","class_agreement":1.0,"top_reasons":"dist_industrial_km=2.405 (+2.02); is_persistent=1 (+1.73); dist_any_industry_km=2.405 (+1.10); inside_mining=0 (+1.04)"}},{"type":"Feature","geometry":{"type":"Point","coordinates":[85.38159,22.13199]},"properties":{"cell_id":"4426_17076","pred_class":"industrial_plant","n_detections":45,"frp_mean":0.754,"frp_max":1.86,"night_frac":1.0,"first_seen":"2024-03-27","last_seen":"2026-04-01","class_agreement":1.0,"top_reasons":"dist_industrial_km=0.3611 (+3.78); is_persistent=1 (+2.33); inside_industrial=1 (+1.70); dist_thermal_plant_km=104.2 (+0.97)"}},{"type":"Feature","geometry":{"type":"Point","coordinates":[85.38352,22.13192]},"properties":{"cell_id":"4426_17077","pred_class":"industrial_plant","n_detections":28,"frp_mean":0.7393,"frp_max":1.18,"night_frac":1.0,"first_seen":"2024-04-05","last_seen":"2026-04-24","class_agreement":1.0,"top_reasons":"dist_industrial_km=0.5586 (+4.69); is_persistent=1 (+2.26); dist_thermal_plant_km=104 (+0.81); inside_mining=0 (+0.42)"}},{"type":"Feature","geometry":{"type":"Point","coordinates":[85.41663,22.13135]},"properties":{"cell_id":"4426_17083","pred_class":"industrial_plant","n_detections":25,"frp_mean":0.7128,"frp_max":1.88,"night_frac":1.0,"first_seen":"2024-01-03","last_seen":"2026-01-21","class_agreement":1.0,"top_reasons":"dist_industrial_km=0.1077 (+3.72); is_persistent=1 (+2.43); inside_industrial=1 (+1.77); dist_thermal_plant_km=101.2 (+1.01)"}},{"type":"Feature","geometry":{"type":"Point","coordinates":[85.41817,22.13102]},"properties":{"cell_id":"4426_17084","pred_class":"industrial_plant","n_detections":35,"frp_mean":0.6317,"frp_max":1.07,"night_frac":1.0,"first_seen":"2024-01-26","last_seen":"2026-04-22","class_agreement":1.0,"top_reasons":"dist_industrial_km=0.176 (+3.72); is_persistent=1 (+2.44); inside_industrial=1 (+1.74); dist_thermal_plant_km=101.1 (+0.96)"}},{"type":"Feature","geometry":{"type":"Point","coordinates":[83.51982,22.13417]},"properties":{"cell_id":"4427_16704","pred_class":"mining","n_detections":24,"frp_mean":4.0629,"frp_max":11.07,"night_frac":0.375,"first_seen":"2024-05-29","last_seen":"2024-10-13","class_agreement":1.0,"top_reasons":"dist_mining_km=0.51 (+4.78); inside_mining=1 (+4.55); dist_power_plant_km=1.713 (-0.53); dist_thermal_plant_km=8.085 (+0.30)"}},{"type":"Feature","geometry":{"type":"Point","coordinates":[85.38148,22.13389]},"properties":{"cell_id":"4427_17076","pred_class":"industrial_plant","n_detections":98,"frp_mean":0.8012,"frp_max":2.47,"night_frac":1.0,"first_seen":"2024-01-26","last_seen":"2026-04-10","class_agreement":1.0,"top_reasons":"dist_industrial_km=0.3739 (+4.71); is_persistent=1 (+2.29); dist_thermal_plant_km=104.3 (+0.84); inside_mining=0 (+0.41)"}},{"type":"Feature","geometry":{"type":"Point","coordinates":[85.38343,22.13373]},"properties":{"cell_id":"4427_17077","pred_class":"industrial_plant","n_detections":85,"frp_mean":0.8387,"frp_max":1.78,"night_frac":1.0,"first_seen":"2024-01-31","last_seen":"2026-04-26","class_agreement":1.0,"top_reasons":"dist_industrial_km=0.5599 (+4.48); is_persistent=1 (+2.14); dist_thermal_plant_km=104.2 (+0.78); n_detections=85 (+0.49)"}},{"type":"Feature","geometry":{"type":"Point","coordinates":[85.41564,22.13607]},"properties":{"cell_id":"4427_17083","pred_class":"industrial_plant","n_detections":43,"frp_mean":0.704,"frp_max":1.38,"night_frac":1.0,"first_seen":"2024-12-04","last_seen":"2026-03-04","class_agreement":1.0,"top_reasons":"dist_industrial_km=0.4328 (+5.00); is_persistent=1 (+2.47); dist_thermal_plant_km=101.6 (+0.86); dist_mining_km=2.819 (+0.75)"}},{"type":"Feature","geometry":{"type":"Point","coordinates":[85.41525,22.13809]},"properties":{"cell_id":"4428_17083","pred_class":"industrial_plant","n_detections":17,"frp_mean":0.6888,"frp_max":1.08,"night_frac":1.0,"first_seen":"2025-02-20","last_seen":"2026-03-26","class_agreement":1.0,"top_reasons":"dist_industrial_km=0.2048 (+4.91); is_persistent=1 (+2.45); dist_thermal_plant_km=101.8 (+0.86); dist_mining_km=2.74 (+0.70)"}},{"type":"Feature","geometry":{"type":"Point","coordinates":[82.09482,22.15474]},"properties":{"cell_id":"4431_16419","pred_class":"gas_flare","n_detections":118,"frp_mean":0.8283,"frp_max":1.74,"night_frac":1.0,"first_seen":"2025-01-17","last_seen":"2026-04-26","class_agreement":0.5593,"top_reasons":"is_persistent=1 (+0.60); dist_industrial_km=3.37 (+0.60); dist_any_industry_km=3.37 (-0.45); month_entropy=0.7156 (+0.31)"}},{"type":"Feature","geometry":{"type":"Point","coordinates":[96.24068,22.16029]},"properties":{"cell_id":"4432_19248","pred_class":"gas_flare","n_detections":23,"frp_mean":1.4665,"frp_max":2.44,"night_frac":1.0,"first_seen":"2024-02-04","last_seen":"2024-06-27","class_agreement":1.0,"top_reasons":"is_persistent=1 (+0.71); dist_any_industry_km=332.4 (-0.37); n_active_days=16 (+0.35); n_detections=23 (+0.27)"}},{"type":"Feature","geometry":{"type":"Point","coordinates":[85.43608,22.16706]},"properties":{"cell_id":"4433_17087","pred_class":"mining","n_detections":22,"frp_mean":0.5814,"frp_max":1.32,"night_frac":1.0,"first_seen":"2024-02-17","last_seen":"2026-02-27","class_agreement":1.0,"top_reasons":"dist_mining_km=0.8723 (+9.18); dist_thermal_plant_km=98.57 (+0.31); lc_bare_5km=0.00595 (+0.11); dist_flare_km=243.8 (+0.10)"}},{"type":"Feature","geometry":{"type":"Point","coordinates":[85.43589,22.16848]},"properties":{"cell_id":"4434_17087","pred_class":"mining","n_detections":59,"frp_mean":0.5425,"frp_max":1.06,"night_frac":1.0,"first_seen":"2024-01-26","last_seen":"2026-04-21","class_agreement":1.0,"top_reasons":"dist_mining_km=0.8208 (+9.14); dist_thermal_plant_km=98.46 (+0.31); frp_mean=0.5425 (+0.16); frp_p95=0.805 (+0.13)"}},{"type":"Feature","geometry":{"type":"Point","coordinates":[84.57665,22.20163]},"properties":{"cell_id":"4440_16915","pred_class":"industrial_plant","n_detections":26,"frp_mean":0.8288,"frp_max":2.03,"night_frac":1.0,"first_seen":"2024-01-01","last_seen":"2026-04-18","class_agreement":1.0,"top_reasons":"dist_industrial_km=1.17 (+5.11); is_persistent=1 (+2.49); dist_thermal_plant_km=70.07 (+0.86); dist_mining_km=3.311 (+0.75)"}},{"type":"Feature","geometry":{"type":"Point","coordinates":[84.57856,22.2016]},"properties":{"cell_id":"4440_16916","pred_class":"industrial_plant","n_detections":42,"frp_mean":0.9079,"frp_max":1.92,"night_frac":1.0,"first_seen":"2024-02-17","last_seen":"2026-04-22","class_agreement":1.0,"top_reasons":"dist_industrial_km=1.021 (+5.06); is_persistent=1 (+2.46); dist_thermal_plant_km=70.23 (+0.89); dist_mining_km=3.246 (+0.71)"}},{"type":"Feature","geometry":{"type":"Point","coordinates":[84.84583,22.20124]},"properties":{"cell_id":"4440_16969","pred_class":"gas_flare","n_detections":21,"frp_mean":1.0476,"frp_max":2.46,"night_frac":1.0,"first_seen":"2024-01-24","last_seen":"2026-03-27","class_agreement":1.0,"top_reasons":"is_persistent=1 (+1.84); dist_oil_gas_km=2.648 (+1.61); dist_thermal_plant_km=93.51 (+0.81); lc_built_5km=0.3501 (+0.75)"}},{"type":"Feature","geometry":{"type":"Point","coordinates":[84.55042,22.20685]},"properties":{"cell_id":"4441_16910","pred_class":"industrial_plant","n_detections":81,"frp_mean":1.0928,"frp_max":1.87,"night_frac":1.0,"first_seen":"2024-10-16","last_seen":"2026-04-25","class_agreement":1.0,"top_reasons":"dist_industrial_km=0.3989 (+4.01); is_persistent=1 (+2.51); inside_industrial=1 (+1.65); dist_thermal_plant_km=68.33 (+1.02)"}},{"type":"Feature","geometry":{"type":"Point","coordinates":[84.5767,22.20302]},"properties":{"cell_id":"4441_16915","pred_class":"industrial_plant","n_detections":15,"frp_mean":0.7927,"frp_max":1.41,"night_frac":1.0,"first_seen":"2024-02-17","last_seen":"2026-04-22","class_agreement":1.0,"top_reasons":"dist_industrial_km=1.253 (+5.03); is_persistent=1 (+2.46); dist_thermal_plant_km=70.17 (+0.86); dist_mining_km=3.454 (+0.70)"}},{"type":"Feature","geometry":{"type":"Point","coordinates":[84.57877,22.20308]},"properties":{"cell_id":"4441_16916","pred_class":"industrial_plant","n_detections":20,"frp_mean":0.6735,"frp_max":1.21,"night_frac":1.0,"first_seen":"2024-01-05","last_seen":"2026-03-31","class_agreement":1.0,"top_reasons":"dist_industrial_km=1.059 (+5.11); is_persistent=1 (+2.47); dist_thermal_plant_km=70.34 (+0.87); dist_mining_km=3.398 (+0.72)"}},{"type":"Feature","geometry":{"type":"Point","coordinates":[84.84652,22.20524]},"properties":{"cell_id":"4441_16969","pred_class":"gas_flare","n_detections":57,"frp_mean":1.3395,"frp_max":4.44,"night_frac":0.9825,"first_seen":"2024-01-24","last_seen":"2026-04-23","class_agreement":1.0,"top_reasons":"dist_oil_gas_km=2.36 (+2.19); is_persistent=1 (+1.88); lc_built_5km=0.4122 (+1.57); inside_industrial=0 (+0.74)"}},{"type":"Feature","geometry":{"type":"Point","coordinates":[84.84966,22.20528]},"properties":{"cell_id":"4441_16970","pred_class":"gas_flare","n_detections":80,"frp_mean":1.4567,"frp_max":4.71,"night_frac":0.9875,"first_seen":"2024-01-08","last_seen":"2026-04-21","class_agreement":1.0,"top_reasons":"dist_oil_gas_km=2.074 (+2.19); is_persistent=1 (+1.90); lc_built_5km=0.4311 (+1.54); month_entropy=0.8297 (+0.74)"}},{"type":"Feature","geometry":{"type":"Point","coordinates":[84.86025,22.20672]},"properties":{"cell_id":"4441_16972","pred_class":"gas_flare","n_detections":77,"frp_mean":1.7725,"frp_max":5.14,"night_frac":0.8701,"first_seen":"2024-01-05","last_seen":"2026-04-27","class_agreement":1.0,"top_reasons":"dist_oil_gas_km=1.131 (+2.07); is_persistent=1 (+2.03); lc_built_5km=0.514 (+1.56); month_entropy=0.8979 (+0.75)"}},{"type":"Feature","geometry":{"type":"Point","coordinates":[84.86944,22.20658]},"properties":{"cell_id":"4441_16974","pred_class":"gas_flare","n_detections":56,"frp_mean":1.2748,"frp_max":2.94,"night_frac":0.9464,"first_seen":"2024-01-02","last_seen":"2026-04-22","class_agreement":1.0,"top_reasons":"is_persistent=1 (+2.30); inside_mining=0 (+1.07); month_entropy=0.8716 (+0.82); dist_any_industry_km=0.9389 (+0.75)"}},{"type":"Feature","geometry":{"type":"Point","coordinates":[84.55035,22.20874]},"properties":{"cell_id":"4442_16910","pred_class":"industrial_plant","n_detections":137,"frp_mean":1.0307,"frp_max":4.98,"night_frac":1.0,"first_seen":"2024-09-22","last_seen":"2026-04-18","class_agreement":1.0,"top_reasons":"dist_industrial_km=0.1971 (+4.03); is_persistent=1 (+2.52); inside_industrial=1 (+1.61); dist_thermal_plant_km=68.46 (+1.03)"}},{"type":"Feature","geometry":{"type":"Point","coordinates":[84.841,22.21159]},"properties":{"cell_id":"4442_16968","pred_class":"gas_flare","n_detections":44,"frp_mean":1.8391,"frp_max":8.92,"night_frac":0.8864,"first_seen":"2024-01-07","last_seen":"2026-02-25","class_agreement":1.0,"top_reasons":"dist_oil_gas_km=2.703 (+2.07); is_persistent=1 (+1.92); lc_built_5km=0.4357 (+1.34); month_entropy=0.7741 (+0.74)"}},{"type":"Feature","geometry":{"type":"Point","coordinates":[84.84509,22.20944]},"properties":{"cell_id":"4442_16969","pred_class":"gas_flare","n_detections":37,"frp_mean":1.5868,"frp_max":6.56,"night_frac":0.9189,"first_seen":"2024-01-04","last_seen":"2026-03-08","class_agreement":1.0,"top_reasons":"dist_oil_gas_km=2.334 (+2.19); is_persistent=1 (+1.97); lc_built_5km=0.442 (+1.40); month_entropy=0.8604 (+0.76)"}},{"type":"Feature","geometry":{"type":"Point","coordinates":[84.8498,22.20837]},"properties":{"cell_id":"4442_16970","pred_class":"gas_flare","n_detections":19,"frp_mean":1.5253,"frp_max":3.99,"night_frac":0.8947,"first_seen":"2024-01-13","last_seen":"2026-04-15","class_agreement":1.0,"top_reasons":"is_persistent=1 (+2.05); dist_oil_gas_km=1.91 (+1.93); lc_built_5km=0.4526 (+1.19); month_entropy=0.7589 (+0.71)"}},{"type":"Feature","geometry":{"type":"Point","coordinates":[84.86085,22.20971]},"properties":{"cell_id":"4442_16972","pred_class":"gas_flare","n_detections":473,"frp_mean":2.0755,"frp_max":9.6,"night_frac":0.8985,"first_seen":"2024-01-02","last_seen":"2026-04-27","class_agreement":1.0,"top_reasons":"is_persistent=1 (+2.31); inside_mining=0 (+1.12); month_entropy=0.905 (+0.91); inside_industrial=0 (+0.80)"}},{"type":"Feature","geometry":{"type":"Point","coordinates":[84.86416,22.21073]},"properties":{"cell_id":"4442_16973","pred_class":"gas_flare","n_detections":368,"frp_mean":2.2433,"frp_max":9.82,"night_frac":0.8696,"first_seen":"2024-01-01","last_seen":"2026-04-25","class_agreement":1.0,"top_reasons":"is_persistent=1 (+2.34); inside_mining=0 (+1.13); month_entropy=0.9067 (+0.91); inside_industrial=0 (+0.81)"}},{"type":"Feature","geometry":{"type":"Point","coordinates":[84.86981,22.21061]},"properties":{"cell_id":"4442_16974","pred_class":"gas_flare","n_detections":182,"frp_mean":1.9447,"frp_max":7.15,"night_frac":0.9121,"first_seen":"2024-01-02","last_seen":"2026-04-27","class_agreement":1.0,"top_reasons":"is_persistent=1 (+2.36); inside_mining=0 (+1.13); month_entropy=0.89 (+0.92); inside_industrial=0 (+0.81)"}},{"type":"Feature","geometry":{"type":"Point","coordinates":[84.87558,22.21105]},"properties":{"cell_id":"4442_16975","pred_class":"gas_flare","n_detections":108,"frp_mean":2.0744,"frp_max":9.5,"night_frac":0.8611,"first_seen":"2024-01-04","last_seen":"2026-04-24","class_agreement":1.0,"top_reasons":"is_persistent=1 (+2.30); inside_mining=0 (+1.12); month_entropy=0.8891 (+0.93); dist_industrial_km=3.497 (+0.88)"}},{"type":"Feature","geometry":{"type":"Point","coordinates":[84.87867,22.21004]},"properties":{"cell_id":"4442_16976","pred_class":"gas_flare","n_detections":70,"frp_mean":1.6471,"frp_max":6.4,"night_frac":0.8571,"first_seen":"2024-01-05","last_seen":"2026-04-27","class_agreement":1.0,"top_reasons":"is_persistent=1 (+2.39); inside_mining=0 (+1.11); dist_thermal_plant_km=96.97 (+1.09); dist_industrial_km=3.82 (+0.97)"}},{"type":"Feature","geometry":{"type":"Point","coordinates":[84.75472,22.21682]},"properties":{"cell_id":"4443_16951","pred_class":"industrial_plant","n_detections":88,"frp_mean":1.2385,"frp_max":3.03,"night_frac":1.0,"first_seen":"2024-01-13","last_seen":"2026-04-24","class_agreement":1.0,"top_reasons":"dist_industrial_km=0.483 (+3.74); is_persistent=1 (+2.42); inside_industrial=1 (+1.72); dist_thermal_plant_km=86.17 (+1.00)"}},{"type":"Feature","geometry":{"type":"Point","coordinates":[84.84072,22.21392]},"properties":{"cell_id":"4443_16968","pred_class":"gas_flare","n_detections":62,"frp_mean":1.6473,"frp_max":5.06,"night_frac":0.8226,"first_seen":"2024-01-02","last_seen":"2026-04-22","class_agreement":1.0,"top_reasons":"dist_oil_gas_km=2.711 (+2.10); is_persistent=1 (+1.86); lc_built_5km=0.4403 (+1.40); month_entropy=0.6791 (+0.80)"}},{"type":"Feature","geometry":{"type":"Point","coordinates":[84.84298,22.21382]},"properties":{"cell_id":"4443_16969","pred_class":"gas_flare","n_detections":17,"frp_mean":1.2324,"frp_max":3.76,"night_frac":0.8824,"first_seen":"2024-01-02","last_seen":"2026-01-17","class_agreement":1.0,"top_reasons":"dist_oil_gas_km=2.479 (+1.89); is_persistent=1 (+1.89); lc_built_5km=0.4555 (+1.14); month_entropy=0.5984 (+0.73)"}},{"type":"Feature","geometry":{"type":"Point","coordinates":[84.86142,22.21335]},"properties":{"cell_id":"4443_16972","pred_class":"gas_flare","n_detections":29,"frp_mean":1.5821,"frp_max":6.5,"night_frac":0.9655,"first_seen":"2024-01-07","last_seen":"2026-02-26","class_agreement":1.0,"top_reasons":"is_persistent=1 (+2.27); inside_mining=0 (+1.07); month_entropy=0.8022 (+0.86); dist_any_industry_km=0.5975 (+0.76)"}},{"type":"Feature","geometry":{"type":"Point","coordinates":[84.86508,22.21383]},"properties":{"cell_id":"4443_16973","pred_class":"gas_flare","n_detections":212,"frp_mean":1.9856,"frp_max":9.8,"night_frac":0.8962,"first_seen":"2024-01-03","last_seen":"2026-04-27","class_agreement":1.0,"top_reasons":"is_persistent=1 (+2.32); inside_mining=0 (+1.14); month_entropy=0.883 (+0.92); dist_industrial_km=2.474 (+0.87)"}},{"type":"Feature","geometry":{"type":"Point","coordinates":[84.86989,22.21411]},"properties":{"cell_id":"4443_16974","pred_class":"gas_flare","n_detections":297,"frp_mean":2.4574,"frp_max":8.4,"night_frac":0.8182,"first_seen":"2024-01-03","last_seen":"2026-04-26","class_agreement":1.0,"top_reasons":"is_persistent=1 (+2.33); inside_mining=0 (+1.13); month_entropy=0.9 (+0.91); dist_industrial_km=2.824 (+0.81)"}},{"type":"Feature","geometry":{"type":"Point","coordinates":[84.87485,22.21408]},"properties":{"cell_id":"4443_16975","pred_class":"gas_flare","n_detections":115,"frp_mean":2.2128,"frp_max":8.92,"night_frac":0.8609,"first_seen":"2024-01-04","last_seen":"2026-04-21","class_agreement":1.0,"top_reasons":"is_persistent=1 (+2.35); inside_mining=0 (+1.12); month_entropy=0.8331 (+0.94); inside_industrial=0 (+0.82)"}},{"type":"Feature","geometry":{"type":"Point","coordinates":[84.87844,22.21476]},"properties":{"cell_id":"4443_16976","pred_class":"gas_flare","n_detections":17,"frp_mean":1.6776,"frp_max":3.84,"night_frac":0.7647,"first_seen":"2024-02-23","last_seen":"2026-04-03","class_agreement":1.0,"top_reasons":"is_persistent=1 (+2.29); inside_mining=0 (+1.04); dist_thermal_plant_km=97.19 (+0.86); month_entropy=0.7296 (+0.81)"}},{"type":"Feature","geometry":{"type":"Point","coordinates":[84.75141,22.22154]},"properties":{"cell_id":"4444_16950","pred_class":"industrial_plant","n_detections":66,"frp_mean":1.4367,"frp_max":3.26,"night_frac":1.0,"first_seen":"2024-01-12","last_seen":"2026-04-02","class_agreement":1.0,"top_reasons":"dist_industrial_km=0.1429 (+3.90); is_persistent=1 (+2.41); inside_industrial=1 (+1.64); dist_thermal_plant_km=86.15 (+0.97)"}},{"type":"Feature","geometry":{"type":"Point","coordinates":[84.755,22.21985]},"properties":{"cell_id":"4444_16951","pred_class":"industrial_plant","n_detections":316,"frp_mean":1.4909,"frp_max":3.92,"night_frac":0.9968,"first_seen":"2024-01-02","last_seen":"2026-04-27","class_agreement":1.0,"top_reasons":"dist_industrial_km=0.3026 (+3.73); is_persistent=1 (+2.40); inside_industrial=1 (+1.69); dist_thermal_plant_km=86.37 (+0.99)"}},{"type":"Feature","geometry":{"type":"Point","coordinates":[84.75902,22.22139]},"properties":{"cell_id":"4444_16952","pred_class":"industrial_plant","n_detections":120,"frp_mean":1.2362,"frp_max":2.76,"night_frac":1.0,"first_seen":"2024-01-10","last_seen":"2026-04-15","class_agreement":1.0,"top_reasons":"dist_industrial_km=0.245 (+3.89); is_persistent=1 (+2.37); inside_industrial=1 (+1.61); dist_thermal_plant_km=86.81 (+0.98)"}},{"type":"Feature","geometry":{"type":"Point","coordinates":[84.75115,22.22433]},"properties":{"cell_id":"4445_16950","pred_class":"industrial_plant","n_detections":160,"frp_mean":1.3764,"frp_max":3.22,"night_frac":1.0,"first_seen":"2024-01-01","last_seen":"2026-04-17","class_agreement":1.0,"top_reasons":"dist_industrial_km=0.4444 (+3.74); is_persistent=1 (+2.41); inside_industrial=1 (+1.71); dist_thermal_plant_km=86.29 (+0.99)"}},{"type":"Feature","geometry":{"type":"Point","coordinates":[84.75379,22.22419]},"properties":{"cell_id":"4445_16951","pred_class":"industrial_plant","n_detections":106,"frp_mean":1.3961,"frp_max":2.65,"night_frac":1.0,"first_seen":"2024-01-01","last_seen":"2026-04-24","class_agreement":1.0,"top_reasons":"dist_industrial_km=0.3828 (+3.73); is_persistent=1 (+2.41); inside_industrial=1 (+1.72); dist_thermal_plant_km=86.51 (+0.99)"}},{"type":"Feature","geometry":{"type":"Point","coordinates":[84.75904,22.22424]},"properties":{"cell_id":"4445_16952","pred_class":"industrial_plant","n_detections":38,"frp_mean":1.115,"frp_max":2.52,"night_frac":1.0,"first_seen":"2024-01-05","last_seen":"2026-04-05","class_agreement":1.0,"top_reasons":"dist_industrial_km=0.3274 (+3.88); is_persistent=1 (+2.38); inside_industrial=1 (+1.65); dist_thermal_plant_km=86.98 (+0.98)"}},{"type":"Feature","geometry":{"type":"Point","coordinates":[84.41487,22.2285]},"properties":{"cell_id":"4446_16883","pred_class":"gas_flare","n_detections":24,"frp_mean":0.6796,"frp_max":1.01,"night_frac":1.0,"first_seen":"2024-01-07","last_seen":"2026-01-13","class_agreement":0.9583,"top_reasons":"is_persistent=1 (+0.72); dist_any_industry_km=12.38 (-0.44); n_active_days=23 (+0.39); dist_industrial_km=12.38 (+0.38)"}},{"type":"Feature","geometry":{"type":"Point","coordinates":[87.38925,22.24176]},"properties":{"cell_id":"4448_17478","pred_class":"gas_flare","n_detections":21,"frp_mean":1.0986,"frp_max":2.73,"night_frac":1.0,"first_seen":"2024-01-14","last_seen":"2026-01-27","class_agreement":1.0,"top_reasons":"is_persistent=1 (+0.73); dist_industrial_km=12.88 (+0.56); dist_any_industry_km=12.88 (-0.55); n_active_days=21 (+0.43)"}},{"type":"Feature","geometry":{"type":"Point","coordinates":[87.38681,22.24472]},"properties":{"cell_id":"4449_17477","pred_class":"gas_flare","n_detections":44,"frp_mean":1.083,"frp_max":2.41,"night_frac":1.0,"first_seen":"2024-02-08","last_seen":"2026-04-27","class_agreement":1.0,"top_reasons":"is_persistent=1 (+0.82); dist_industrial_km=12.47 (+0.71); dist_any_industry_km=12.47 (-0.68); inside_mining=0 (+0.43)"}},{"type":"Feature","geometry":{"type":"Point","coordinates":[87.38925,22.2447]},"properties":{"cell_id":"4449_17478","pred_class":"gas_flare","n_detections":201,"frp_mean":1.3691,"frp_max":6.27,"night_frac":0.9055,"first_seen":"2024-01-02","last_seen":"2026-04-21","class_agreement":1.0,"top_reasons":"is_persistent=1 (+0.79); dist_industrial_km=12.65 (+0.66); dist_any_industry_km=12.65 (-0.66); month_entropy=0.8974 (+0.43)"}},{"type":"Feature","geometry":{"type":"Point","coordinates":[75.13141,22.26499]},"properties":{"cell_id":"4453_15026","pred_class":"gas_flare","n_detections":185,"frp_mean":1.5964,"frp_max":10.67,"night_frac":1.0,"first_seen":"2024-01-05","last_seen":"2026-04-27","class_agreement":1.0,"top_reasons":"is_persistent=1 (+0.86); dist_any_industry_km=14.29 (-0.75); dist_industrial_km=14.29 (+0.71); inside_industrial=0 (+0.53)"}},{"type":"Feature","geometry":{"type":"Point","coordinates":[75.13413,22.26492]},"properties":{"cell_id":"4453_15027","pred_class":"gas_flare","n_detections":346,"frp_mean":1.4589,"frp_max":5.49,"night_frac":1.0,"first_seen":"2024-01-01","last_seen":"2026-04-25","class_agreement":1.0,"top_reasons":"is_persistent=1 (+0.90); dist_any_industry_km=14.4 (-0.72); dist_industrial_km=14.4 (+0.70); inside_industrial=0 (+0.52)"}},{"type":"Feature","geometry":{"type":"Point","coordinates":[82.52543,22.31081]},"properties":{"cell_id":"4462_16505","pred_class":"thermal_power","n_detections":126,"frp_mean":1.7054,"frp_max":4.93,"night_frac":0.9286,"first_seen":"2024-03-25","last_seen":"2026-04-26","class_agreement":1.0,"top_reasons":"dist_thermal_plant_km=2.147 (+9.21); is_persistent=1 (+0.58); dist_power_plant_km=1.719 (+0.51); nearest_plant_mw=63 (+0.20)"}},{"type":"Feature","geometry":{"type":"Point","coordinates":[82.52925,22.3115]},"properties":{"cell_id":"4462_16506","pred_class":"thermal_power","n_detections":116,"frp_mean":1.5538,"frp_max":5.27,"night_frac":0.9052,"first_seen":"2024-02-08","last_seen":"2026-04-25","class_agreement":1.0,"top_reasons":"dist_thermal_plant_km=2.254 (+9.21); is_persistent=1 (+0.58); dist_power_plant_km=1.828 (+0.50); nearest_plant_mw=63 (+0.20)"}},{"type":"Feature","geometry":{"type":"Point","coordinates":[69.85986,22.31596]},"properties":{"cell_id":"4463_13972","pred_class":"gas_flare","n_detections":22,"frp_mean":3.135,"frp_max":8.8,"night_frac":0.7727,"first_seen":"2024-01-19","last_seen":"2026-02-27","class_agreement":1.0,"top_reasons":"is_persistent=1 (+2.31); dist_flare_km=0.1937 (+1.33); lc_built_5km=0.4658 (+1.02); inside_mining=0 (+0.87)"}},{"type":"Feature","geometry":{"type":"Point","coordinates":[82.51588,22.31533]},"properties":{"cell_id":"4463_16503","pred_class":"thermal_power","n_detections":113,"frp_mean":1.7794,"frp_max":7.87,"night_frac":1.0,"first_seen":"2024-01-10","last_seen":"2026-04-23","class_agreement":1.0,"top_reasons":"dist_thermal_plant_km=2.836 (+9.20); dist_power_plant_km=2.448 (+0.56); is_persistent=1 (+0.56); nearest_plant_mw=63 (+0.19)"}},{"type":"Feature","geometry":{"type":"Point","coordinates":[82.51944,22.31494]},"properties":{"cell_id":"4463_16504","pred_class":"thermal_power","n_detections":87,"frp_mean":2.4959,"frp_max":8.5,"night_frac":0.8966,"first_seen":"2024-02-06","last_seen":"2026-04-22","class_agreement":1.0,"top_reasons":"dist_thermal_plant_km=2.684 (+9.20); dist_power_plant_km=2.276 (+0.55); is_persistent=1 (+0.54); nearest_plant_mw=63 (+0.16)"}},{"type":"Feature","geometry":{"type":"Point","coordinates":[82.52551,22.31398]},"properties":{"cell_id":"4463_16505","pred_class":"thermal_power","n_detections":102,"frp_mean":1.9833,"frp_max":6.83,"night_frac":0.9608,"first_seen":"2024-01-21","last_seen":"2026-04-11","class_agreement":1.0,"top_reasons":"dist_thermal_plant_km=2.5 (+9.21); dist_power_plant_km=2.071 (+0.58); is_persistent=1 (+0.53); nearest_plant_mw=63 (+0.19)"}},{"type":"Feature","geometry":{"type":"Point","coordinates":[82.53032,22.31456]},"properties":{"cell_id":"4463_16506","pred_class":"thermal_power","n_detections":326,"frp_mean":1.7171,"frp_max":7.04,"night_frac":0.9785,"first_seen":"2024-01-07","last_seen":"2026-04-25","class_agreement":1.0,"top_reasons":"dist_thermal_plant_km=2.608 (+9.21); is_persistent=1 (+0.58); dist_power_plant_km=2.184 (+0.50); nearest_plant_mw=63 (+0.18)"}},{"type":"Feature","geometry":{"type":"Point","coordinates":[82.53434,22.31576]},"properties":{"cell_id":"4463_16507","pred_class":"thermal_power","n_detections":334,"frp_mean":1.4165,"frp_max":6.69,"night_frac":1.0,"first_seen":"2024-01-02","last_seen":"2026-04-22","class_agreement":1.0,"top_reasons":"dist_thermal_plant_km=2.841 (+9.21); is_persistent=1 (+0.59); dist_power_plant_km=2.429 (+0.49); nearest_plant_mw=63 (+0.19)"}},{"type":"Feature","geometry":{"type":"Point","coordinates":[82.55624,22.31526]},"properties":{"cell_id":"4463_16511","pred_class":"thermal_power","n_detections":17,"frp_mean":1.4471,"frp_max":4.75,"night_frac":0.9412,"first_seen":"2024-03-09","last_seen":"2026-03-31","class_agreement":1.0,"top_reasons":"dist_thermal_plant_km=4.105 (+7.29); is_persistent=1 (+0.43); dist_power_plant_km=3.826 (+0.28); lc_grass_1km=0.4545 (+0.27)"}},{"type":"Feature","geometry":{"type":"Point","coordinates":[82.55977,22.31595]},"properties":{"cell_id":"4463_16512","pred_class":"thermal_power","n_detections":52,"frp_mean":2.0775,"frp_max":8.62,"night_frac":0.9038,"first_seen":"2024-04-23","last_seen":"2026-04-26","class_agreement":1.0,"top_reasons":"dist_thermal_plant_km=4.436 (-0.23); is_persistent=1 (+0.18); dist_flare_km=476.3 (+0.04); lc_water_5km=0.03835 (+0.03)"}},{"type":"Feature","geometry":{"type":"Point","coordinates":[82.56483,22.31616]},"properties":{"cell_id":"4463_16513","pred_class":"mining","n_detections":38,"frp_mean":1.9897,"frp_max":3.72,"night_frac":0.8947,"first_seen":"2024-03-20","last_seen":"2026-03-08","class_agreement":1.0,"top_reasons":"dist_mining_km=8.626 (-0.38); lc_grass_1km=0.3802 (+0.12); dist_any_industry_km=3.861 (+0.09); inside_mining=0 (-0.09)"}},{"type":"Feature","geometry":{"type":"Point","coordinates":[82.74006,22.31433]},"properties":{"cell_id":"4463_16548","pred_class":"thermal_power","n_detections":37,"frp_mean":2.0949,"frp_max":5.82,"night_frac":0.8108,"first_seen":"2024-01-01","last_seen":"2024-07-20","class_agreement":1.0,"top_reasons":"dist_thermal_plant_km=3.949 (+7.49); is_persistent=1 (+0.37); dist_power_plant_km=4.213 (+0.32); nearest_plant_mw=25 (+0.26)"}},{"type":"Feature","geometry":{"type":"Point","coordinates":[84.76666,22.31419]},"properties":{"cell_id":"4463_16953","pred_class":"industrial_plant","n_detections":31,"frp_mean":0.6142,"frp_max":1.11,"night_frac":1.0,"first_seen":"2024-01-22","last_seen":"2026-04-04","class_agreement":1.0,"top_reasons":"dist_industrial_km=0.2872 (+3.84); is_persistent=1 (+2.42); inside_industrial=1 (+1.66); dist_thermal_plant_km=93.22 (+0.99)"}},{"type":"Feature","geometry":{"type":"Point","coordinates":[84.76837,22.31406]},"properties":{"cell_id":"4463_16954","pred_class":"industrial_plant","n_detections":33,"frp_mean":0.7627,"frp_max":1.45,"night_frac":1.0,"first_seen":"2024-01-15","last_seen":"2026-04-21","class_agreement":1.0,"top_reasons":"dist_industrial_km=0.3898 (+3.80); is_persistent=1 (+2.40); inside_industrial=1 (+1.64); dist_thermal_plant_km=93.35 (+0.98)"}},{"type":"Feature","geometry":{"type":"Point","coordinates":[69.88469,22.32015]},"properties":{"cell_id":"4464_13977","pred_class":"gas_flare","n_detections":19,"frp_mean":1.9621,"frp_max":5.91,"night_frac":0.7895,"first_seen":"2024-01-15","last_seen":"2026-02-05","class_agreement":1.0,"top_reasons":"is_persistent=1 (+2.18); dist_flare_km=0.1334 (+1.40); lc_built_5km=0.5246 (+0.95); month_entropy=0.5899 (+0.89)"}},{"type":"Feature","geometry":{"type":"Point","coordinates":[82.5151,22.31949]},"properties":{"cell_id":"4464_16503","pred_class":"thermal_power","n_detections":58,"frp_mean":2.3271,"frp_max":8.6,"night_frac":0.931,"first_seen":"2024-02-21","last_seen":"2026-04-10","class_agreement":1.0,"top_reasons":"dist_thermal_plant_km=3.251 (+9.15); dist_power_plant_km=2.905 (+0.55); is_persistent=1 (+0.53); n_detections=58 (+0.15)"}},{"type":"Feature","geometry":{"type":"Point","coordinates":[82.5199,22.32056]},"properties":{"cell_id":"4464_16504","pred_class":"thermal_power","n_detections":78,"frp_mean":2.1733,"frp_max":8.16,"night_frac":0.8974,"first_seen":"2024-04-25","last_seen":"2026-02-27","class_agreement":1.0,"top_reasons":"dist_thermal_plant_km=3.285 (+9.19); dist_power_plant_km=2.869 (+0.55); is_persistent=1 (+0.53); nearest_plant_mw=63 (+0.14)"}},{"type":"Feature","geometry":{"type":"Point","coordinates":[82.53515,22.31832]},"properties":{"cell_id":"4464_16507","pred_class":"thermal_power","n_detections":99,"frp_mean":1.3141,"frp_max":6.38,"night_frac":0.9899,"first_seen":"2024-01-06","last_seen":"2026-04-25","class_agreement":1.0,"top_reasons":"dist_thermal_plant_km=3.137 (+9.21); is_persistent=1 (+0.59); dist_power_plant_km=2.725 (+0.47); nearest_plant_mw=63 (+0.20)"}},{"type":"Feature","geometry":{"type":"Point","coordinates":[82.53884,22.31999]},"properties":{"cell_id":"4464_16508","pred_class":"thermal_power","n_detections":29,"frp_mean":2.4407,"frp_max":7.18,"night_frac":0.8621,"first_seen":"2024-01-05","last_seen":"2026-04-27","class_agreement":1.0,"top_reasons":"dist_thermal_plant_km=3.444 (+9.17); is_persistent=1 (+0.56); dist_power_plant_km=3.045 (+0.49); nearest_plant_mw=63 (+0.12)"}},{"type":"Feature","geometry":{"type":"Point","coordinates":[82.55004,22.32091]},"properties":{"cell_id":"4464_16510","pred_class":"thermal_power","n_detections":27,"frp_mean":1.7522,"frp_max":5.15,"night_frac":0.8519,"first_seen":"2024-01-01","last_seen":"2025-11-29","class_agreement":1.0,"top_reasons":"dist_thermal_plant_km=4.119 (+7.95); is_persistent=1 (+0.44); dist_power_plant_km=3.773 (+0.39); lc_grass_1km=0.5289 (+0.34)"}},{"type":"Feature","geometry":{"type":"Point","coordinates":[82.55603,22.31903]},"properties":{"cell_id":"4464_16511","pred_class":"thermal_power","n_detections":26,"frp_mean":2.5873,"frp_max":6.56,"night_frac":0.8077,"first_seen":"2024-01-01","last_seen":"2025-09-18","class_agreement":1.0,"top_reasons":"dist_power_plant_km=4.066 (+0.56); dist_thermal_plant_km=4.371 (-0.23); is_persistent=1 (+0.23); nearest_plant_mw=63 (+0.14)"}},{"type":"Feature","geometry":{"type":"Point","coordinates":[82.56032,22.31992]},"properties":{"cell_id":"4464_16512","pred_class":"mining","n_detections":120,"frp_mean":2.6041,"frp_max":11.91,"night_frac":0.8167,"first_seen":"2024-01-02","last_seen":"2026-03-06","class_agreement":1.0,"top_reasons":"dist_mining_km=8.114 (-0.36); lc_grass_5km=0.165 (+0.13); lc_bare_5km=0.3712 (+0.12); dist_industrial_km=3.569 (+0.09)"}},{"type":"Feature","geometry":{"type":"Point","coordinates":[82.56453,22.32082]},"properties":{"cell_id":"4464_16513","pred_class":"mining","n_detections":109,"frp_mean":2.128,"frp_max":7.19,"night_frac":0.8899,"first_seen":"2024-01-01","last_seen":"2026-03-24","class_agreement":1.0,"top_reasons":"dist_mining_km=8.117 (-0.36); lc_bare_5km=0.3722 (+0.11); lc_bare_1km=0.7603 (+0.09); dist_any_industry_km=3.359 (+0.09)"}},{"type":"Feature","geometry":{"type":"Point","coordinates":[82.56924,22.31982]},"properties":{"cell_id":"4464_16514","pred_class":"gas_flare","n_detections":24,"frp_mean":2.0817,"frp_max":4.75,"night_frac":0.9167,"first_seen":"2024-01-01","last_seen":"2026-04-21","class_agreement":1.0,"top_reasons":"is_persistent=1 (+0.78); dist_any_industry_km=3.402 (-0.38); dist_industrial_km=3.402 (+0.37); inside_mining=0 (+0.31)"}},{"type":"Feature","geometry":{"type":"Point","coordinates":[82.58142,22.32034]},"properties":{"cell_id":"4464_16516","pred_class":"gas_flare","n_detections":25,"frp_mean":1.3988,"frp_max":2.52,"night_frac":0.96,"first_seen":"2024-05-18","last_seen":"2026-04-10","class_agreement":1.0,"top_reasons":"is_persistent=1 (+0.77); dist_industrial_km=3.495 (+0.64); month_entropy=0.5797 (+0.46); inside_industrial=0 (+0.44)"}},{"type":"Feature","geometry":{"type":"Point","coordinates":[82.58462,22.32069]},"properties":{"cell_id":"4464_16517","pred_class":"gas_flare","n_detections":46,"frp_mean":1.415,"frp_max":5.36,"night_frac":1.0,"first_seen":"2024-02-24","last_seen":"2026-04-26","class_agreement":1.0,"top_reasons":"is_persistent=1 (+0.72); dist_industrial_km=3.57 (+0.61); month_entropy=0.6681 (+0.47); dist_any_industry_km=3.57 (-0.47)"}},{"type":"Feature","geometry":{"type":"Point","coordinates":[82.59009,22.32085]},"properties":{"cell_id":"4464_16518","pred_class":"gas_flare","n_detections":46,"frp_mean":1.9409,"frp_max":5.65,"night_frac":0.9348,"first_seen":"2024-01-02","last_seen":"2026-03-19","class_agreement":1.0,"top_reasons":"is_persistent=1 (+0.74); dist_industrial_km=3.806 (+0.58); dist_any_industry_km=3.806 (-0.46); inside_industrial=0 (+0.43)"}},{"type":"Feature","geometry":{"type":"Point","coordinates":[82.595,22.32067]},"properties":{"cell_id":"4464_16519","pred_class":"gas_flare","n_detections":83,"frp_mean":2.2884,"frp_max":10.83,"night_frac":0.8675,"first_seen":"2024-01-01","last_seen":"2026-03-19","class_agreement":1.0,"top_reasons":"is_persistent=1 (+0.66); dist_industrial_km=4.101 (+0.52); dist_any_industry_km=4.101 (-0.45); month_entropy=0.7134 (+0.40)"}},{"type":"Feature","geometry":{"type":"Point","coordinates":[82.599,22.32035]},"properties":{"cell_id":"4464_16520","pred_class":"gas_flare","n_detections":34,"frp_mean":2.1971,"frp_max":4.64,"night_frac":0.7059,"first_seen":"2024-06-22","last_seen":"2025-03-08","class_agreement":1.0,"top_reasons":"is_persistent=1 (+0.59); dist_industrial_km=4.384 (+0.29); dist_any_industry_km=4.384 (-0.27); inside_mining=0 (+0.24)"}},{"type":"Feature","geometry":{"type":"Point","coordinates":[82.67456,22.32187]},"properties":{"cell_id":"4464_16535","pred_class":"thermal_power","n_detections":21,"frp_mean":0.8719,"frp_max":2.31,"night_frac":1.0,"first_seen":"2024-05-12","last_seen":"2026-03-25","class_agreement":1.0,"top_reasons":"dist_thermal_plant_km=3.906 (+7.12); is_persistent=1 (+0.42); dist_power_plant_km=3.896 (+0.41); dist_industrial_km=3.064 (-0.18)"}},{"type":"Feature","geometry":{"type":"Point","coordinates":[69.88015,22.32331]},"properties":{"cell_id":"4465_13976","pred_class":"gas_flare","n_detections":17,"frp_mean":2.7447,"frp_max":9.96,"night_frac":0.7647,"first_seen":"2024-01-01","last_seen":"2025-07-08","class_agreement":1.0,"top_reasons":"is_persistent=1 (+2.23); dist_flare_km=0.1585 (+1.40); lc_built_5km=0.594 (+0.97); month_entropy=0.6536 (+0.90)"}},{"type":"Feature","geometry":{"type":"Point","coordinates":[82.51497,22.32479]},"properties":{"cell_id":"4465_16503","pred_class":"thermal_power","n_detections":48,"frp_mean":1.4881,"frp_max":3.8,"night_frac":1.0,"first_seen":"2024-03-09","last_seen":"2026-03-21","class_agreement":1.0,"top_reasons":"dist_thermal_plant_km=2.85 (+9.14); is_persistent=1 (+0.56); dist_power_plant_km=2.704 (+0.44); n_detections=48 (+0.17)"}},{"type":"Feature","geometry":{"type":"Point","coordinates":[82.51966,22.32322]},"properties":{"cell_id":"4465_16504","pred_class":"thermal_power","n_detections":20,"frp_mean":1.8,"frp_max":4.0,"night_frac":0.85,"first_seen":"2024-03-14","last_seen":"2026-01-16","class_agreement":1.0,"top_reasons":"dist_thermal_plant_km=3.342 (+9.21); dist_power_plant_km=3.164 (+0.55); is_persistent=1 (+0.53); nearest_plant_mw=100 (+0.19)"}},{"type":"Feature","geometry":{"type":"Point","coordinates":[82.54564,22.32382]},"properties":{"cell_id":"4465_16509","pred_class":"thermal_power","n_detections":32,"frp_mean":1.3153,"frp_max":4.03,"night_frac":0.9375,"first_seen":"2024-02-18","last_seen":"2026-04-25","class_agreement":1.0,"top_reasons":"dist_thermal_plant_km=4.138 (+6.74); dist_power_plant_km=3.761 (+0.44); is_persistent=1 (+0.40); lc_water_1km=0.2149 (-0.23)"}},{"type":"Feature","geometry":{"type":"Point","coordinates":[82.54928,22.32421]},"properties":{"cell_id":"4465_16510","pred_class":"thermal_power","n_detections":33,"frp_mean":1.2909,"frp_max":5.58,"night_frac":1.0,"first_seen":"2024-01-02","last_seen":"2026-04-10","class_agreement":1.0,"top_reasons":"dist_power_plant_km=4.01 (+0.36); dist_thermal_plant_km=4.372 (-0.23); is_persistent=1 (+0.21); nearest_plant_mw=63 (+0.13)"}},{"type":"Feature","geometry":{"type":"Point","coordinates":[82.56133,22.32419]},"properties":{"cell_id":"4465_16512","pred_class":"gas_flare","n_detections":32,"frp_mean":2.1,"frp_max":4.73,"night_frac":0.9062,"first_seen":"2024-01-02","last_seen":"2026-01-26","class_agreement":1.0,"top_reasons":"dist_thermal_plant_km=5.162 (-1.14); dist_industrial_km=3.087 (+0.96); is_persistent=1 (+0.94); dist_any_industry_km=3.087 (+0.75)"}},{"type":"Feature","geometry":{"type":"Point","coordinates":[82.56468,22.32365]},"properties":{"cell_id":"4465_16513","pred_class":"gas_flare","n_detections":92,"frp_mean":2.3112,"frp_max":13.55,"night_frac":0.7717,"first_seen":"2024-01-03","last_seen":"2026-02-23","class_agreement":1.0,"top_reasons":"dist_thermal_plant_km=5.372 (-0.95); is_persistent=1 (+0.82); dist_industrial_km=3.048 (+0.75); dist_any_industry_km=3.048 (+0.46)"}},{"type":"Feature","geometry":{"type":"Point","coordinates":[82.58614,22.32419]},"properties":{"cell_id":"4465_16517","pred_class":"gas_flare","n_detections":50,"frp_mean":2.0154,"frp_max":6.77,"night_frac":0.96,"first_seen":"2024-01-14","last_seen":"2026-01-15","class_agreement":1.0,"top_reasons":"is_persistent=1 (+0.70); dist_industrial_km=3.284 (+0.62); dist_any_industry_km=3.284 (-0.47); month_entropy=0.7607 (+0.44)"}},{"type":"Feature","geometry":{"type":"Point","coordinates":[82.58935,22.3247]},"properties":{"cell_id":"4465_16518","pred_class":"gas_flare","n_detections":133,"frp_mean":2.3172,"frp_max":9.6,"night_frac":0.7293,"first_seen":"2024-01-03","last_seen":"2026-04-13","class_agreement":1.0,"top_reasons":"is_persistent=1 (+0.66); dist_industrial_km=3.401 (+0.56); dist_any_industry_km=3.401 (-0.51); inside_industrial=0 (+0.40)"}},{"type":"Feature","geometry":{"type":"Point","coordinates":[82.59544,22.32471]},"properties":{"cell_id":"4465_16519","pred_class":"gas_flare","n_detections":42,"frp_mean":1.9602,"frp_max":5.94,"night_frac":0.9762,"first_seen":"2024-02-23","last_seen":"2025-11-22","class_agreement":1.0,"top_reasons":"is_persistent=1 (+0.73); dist_industrial_km=3.778 (+0.68); dist_any_industry_km=3.778 (-0.60); inside_industrial=0 (+0.46)"}},{"type":"Feature","geometry":{"type":"Point","coordinates":[82.60014,22.32541]},"properties":{"cell_id":"4465_16520","pred_class":"gas_flare","n_detections":75,"frp_mean":2.4931,"frp_max":12.0,"night_frac":0.84,"first_seen":"2024-01-11","last_seen":"2025-12-03","class_agreement":1.0,"top_reasons":"is_persistent=1 (+0.62); dist_industrial_km=4.058 (+0.55); dist_any_industry_km=4.058 (-0.43); month_entropy=0.7527 (+0.41)"}},{"type":"Feature","geometry":{"type":"Point","coordinates":[82.60365,22.32602]},"properties":{"cell_id":"4465_16521","pred_class":"mining","n_detections":31,"frp_mean":2.5513,"frp_max":9.95,"night_frac":0.7419,"first_seen":"2024-01-14","last_seen":"2025-03-06","class_agreement":1.0,"top_reasons":"dist_mining_km=6.585 (-0.34); lc_grass_1km=0.2975 (+0.22); lc_bare_1km=0.4545 (+0.15); dist_any_industry_km=4.285 (+0.11)"}},{"type":"Feature","geometry":{"type":"Point","coordinates":[82.65549,22.32572]},"properties":{"cell_id":"4465_16531","pred_class":"industrial_plant","n_detections":62,"frp_mean":1.4889,"frp_max":6.26,"night_frac":0.9677,"first_seen":"2024-01-01","last_seen":"2024-12-30","class_agreement":1.0,"top_reasons":"dist_industrial_km=1.623 (+4.85); is_persistent=1 (+2.31); dist_thermal_plant_km=5.787 (+0.72); dist_mining_km=1.383 (+0.63)"}},{"type":"Feature","geometry":{"type":"Point","coordinates":[82.65966,22.32451]},"properties":{"cell_id":"4465_16532","pred_class":"mining","n_detections":54,"frp_mean":1.6652,"frp_max":3.6,"night_frac":0.9444,"first_seen":"2024-01-01","last_seen":"2025-05-05","class_agreement":1.0,"top_reasons":"inside_mining=1 (+7.13); dist_mining_km=1.112 (+2.63); lc_bare_1km=0.719 (+0.23); dist_thermal_plant_km=5.347 (+0.09)"}},{"type":"Feature","geometry":{"type":"Point","coordinates":[82.67451,22.32385]},"properties":{"cell_id":"4465_16535","pred_class":"mining","n_detections":59,"frp_mean":0.9507,"frp_max":3.12,"night_frac":0.9831,"first_seen":"2024-04-26","last_seen":"2026-04-06","class_agreement":1.0,"top_reasons":"inside_mining=1 (+6.53); dist_mining_km=1.122 (+2.27); dist_thermal_plant_km=4.048 (-0.93); lc_grass_1km=0.1818 (+0.26)"}},{"type":"Feature","geometry":{"type":"Point","coordinates":[82.6851,22.3257]},"properties":{"cell_id":"4465_16537","pred_class":"thermal_power","n_detections":93,"frp_mean":1.9428,"frp_max":8.48,"night_frac":0.914,"first_seen":"2024-01-01","last_seen":"2024-08-31","class_agreement":1.0,"top_reasons":"dist_thermal_plant_km=3.452 (+9.27); dist_power_plant_km=3.527 (+0.62); is_persistent=1 (+0.56); nearest_plant_mw=25 (+0.13)"}},{"type":"Feature","geometry":{"type":"Point","coordinates":[69.74955,22.33042]},"properties":{"cell_id":"4466_13950","pred_class":"thermal_power","n_detections":73,"frp_mean":1.5055,"frp_max":2.59,"night_frac":1.0,"first_seen":"2024-01-01","last_seen":"2026-03-30","class_agreement":1.0,"top_reasons":"dist_thermal_plant_km=1.128 (+9.22); is_persistent=1 (+0.58); dist_power_plant_km=1.427 (+0.31); nearest_plant_mw=156.1 (+0.18)"}},{"type":"Feature","geometry":{"type":"Point","coordinates":[82.53154,22.33087]},"properties":{"cell_id":"4466_16506","pred_class":"thermal_power","n_detections":56,"frp_mean":0.9902,"frp_max":2.51,"night_frac":1.0,"first_seen":"2024-01-10","last_seen":"2026-04-21","class_agreement":1.0,"top_reasons":"dist_thermal_plant_km=4.103 (+7.24); is_persistent=1 (+0.43); dist_power_plant_km=3.918 (+0.41); lc_crop_1km=0 (+0.27)"}},{"type":"Feature","geometry":{"type":"Point","coordinates":[82.53347,22.33077]},"properties":{"cell_id":"4466_16507","pred_class":"thermal_power","n_detections":42,"frp_mean":1.0155,"frp_max":7.1,"night_frac":1.0,"first_seen":"2024-02-05","last_seen":"2026-04-22","class_agreement":1.0,"top_reasons":"dist_power_plant_km=4.014 (+0.38); dist_thermal_plant_km=4.298 (-0.23); is_persistent=1 (+0.22); nearest_plant_mw=100 (+0.15)"}},{"type":"Feature","geometry":{"type":"Point","coordinates":[82.57142,22.33016]},"properties":{"cell_id":"4466_16514","pred_class":"industrial_plant","n_detections":46,"frp_mean":2.2837,"frp_max":9.2,"night_frac":0.9783,"first_seen":"2024-04-15","last_seen":"2026-04-27","class_agreement":1.0,"top_reasons":"dist_industrial_km=2.246 (+2.59); is_persistent=1 (+1.93); dist_thermal_plant_km=6.372 (+0.62); dist_mining_km=7.358 (+0.48)"}},{"type":"Feature","geometry":{"type":"Point","coordinates":[82.57385,22.33104]},"properties":{"cell_id":"4466_16515","pred_class":"industrial_plant","n_detections":45,"frp_mean":2.5562,"frp_max":7.81,"night_frac":0.8444,"first_seen":"2024-05-02","last_seen":"2026-04-27","class_agreement":1.0,"top_reasons":"dist_industrial_km=2.164 (+2.61); is_persistent=1 (+1.89); dist_thermal_plant_km=6.622 (+0.62); dist_mining_km=7.367 (+0.48)"}},{"type":"Feature","geometry":{"type":"Point","coordinates":[82.60129,22.3293]},"properties":{"cell_id":"4466_16520","pred_class":"gas_flare","n_detections":42,"frp_mean":2.3129,"frp_max":6.81,"night_frac":0.9524,"first_seen":"2024-02-03","last_seen":"2026-02-25","class_agreement":1.0,"top_reasons":"is_persistent=1 (+0.69); dist_industrial_km=3.87 (+0.53); dist_any_industry_km=3.87 (-0.41); inside_mining=0 (+0.40)"}},{"type":"Feature","geometry":{"type":"Point","coordinates":[82.60508,22.33062]},"properties":{"cell_id":"4466_16521","pred_class":"gas_flare","n_detections":393,"frp_mean":1.71,"frp_max":15.08,"night_frac":0.9135,"first_seen":"2024-01-13","last_seen":"2026-04-26","class_agreement":1.0,"top_reasons":"is_persistent=1 (+0.80); dist_industrial_km=4.106 (+0.66); dist_any_industry_km=4.106 (-0.62); inside_industrial=0 (+0.51)"}},{"type":"Feature","geometry":{"type":"Point","coordinates":[82.60813,22.33103]},"properties":{"cell_id":"4466_16522","pred_class":"gas_flare","n_detections":30,"frp_mean":1.789,"frp_max":5.51,"night_frac":0.7667,"first_seen":"2024-11-09","last_seen":"2026-04-23","class_agreement":1.0,"top_reasons":"is_persistent=1 (+0.66); dist_industrial_km=4.352 (+0.54); dist_any_industry_km=4.352 (-0.44); month_entropy=0.7703 (+0.39)"}},{"type":"Feature","geometry":{"type":"Point","coordinates":[82.65062,22.33036]},"properties":{"cell_id":"4466_16530","pred_class":"mining","n_detections":101,"frp_mean":1.8164,"frp_max":5.85,"night_frac":0.9505,"first_seen":"2024-01-01","last_seen":"2024-12-15","class_agreement":1.0,"top_reasons":"inside_mining=1 (+7.16); dist_mining_km=1.731 (+2.55); dist_thermal_plant_km=6.479 (+0.20); lc_bare_1km=0.5702 (+0.14)"}},{"type":"Feature","geometry":{"type":"Point","coordinates":[82.6548,22.33031]},"properties":{"cell_id":"4466_16531","pred_class":"mining","n_detections":213,"frp_mean":2.3411,"frp_max":7.73,"night_frac":0.784,"first_seen":"2024-01-01","last_seen":"2024-12-24","class_agreement":1.0,"top_reasons":"inside_mining=1 (+7.10); dist_mining_km=1.302 (+2.55); lc_bare_1km=0.8264 (+0.26); dist_thermal_plant_km=6.11 (+0.11)"}},{"type":"Feature","geometry":{"type":"Point","coordinates":[82.65865,22.33012]},"properties":{"cell_id":"4466_16532","pred_class":"mining","n_detections":30,"frp_mean":1.7677,"frp_max":3.49,"night_frac":0.7667,"first_seen":"2024-01-02","last_seen":"2026-03-04","class_agreement":1.0,"top_reasons":"dist_mining_km=0.9124 (+5.15); inside_mining=1 (+4.99); dist_thermal_plant_km=5.77 (+0.26); lc_bare_1km=0.8099 (+0.11)"}},{"type":"Feature","geometry":{"type":"Point","coordinates":[82.68462,22.32808]},"properties":{"cell_id":"4466_16537","pred_class":"thermal_power","n_detections":20,"frp_mean":1.0935,"frp_max":2.28,"night_frac":1.0,"first_seen":"2024-01-01","last_seen":"2024-08-29","class_agreement":1.0,"top_reasons":"dist_thermal_plant_km=3.698 (+7.85); dist_power_plant_km=3.781 (+0.45); is_persistent=1 (+0.44); lc_grass_1km=0.4959 (+0.36)"}},{"type":"Feature","geometry":{"type":"Point","coordinates":[69.86669,22.33571]},"properties":{"cell_id":"4467_13973","pred_class":"gas_flare","n_detections":70,"frp_mean":2.3687,"frp_max":3.88,"night_frac":1.0,"first_seen":"2024-01-04","last_seen":"2026-03-31","class_agreement":1.0,"top_reasons":"is_persistent=1 (+2.12); lc_built_5km=0.721 (+1.80); dist_oil_gas_km=1.833 (+1.46); dist_flare_km=0.7388 (+1.43)"}},{"type":"Feature","geometry":{"type":"Point","coordinates":[69.86845,22.33564]},"properties":{"cell_id":"4467_13974","pred_class":"gas_flare","n_detections":88,"frp_mean":2.2409,"frp_max":3.62,"night_frac":1.0,"first_seen":"2024-01-02","last_seen":"2026-04-18","class_agreement":1.0,"top_reasons":"is_persistent=1 (+2.13); lc_built_5km=0.7362 (+1.83); dist_oil_gas_km=1.75 (+1.48); dist_flare_km=0.7528 (+1.43)"}},{"type":"Feature","geometry":{"type":"Point","coordinates":[82.55161,22.33537]},"properties":{"cell_id":"4467_16510","pred_class":"gas_flare","n_detections":19,"frp_mean":2.0074,"frp_max":7.03,"night_frac":1.0,"first_seen":"2024-05-09","last_seen":"2026-04-27","class_agreement":1.0,"top_reasons":"is_persistent=1 (+1.25); dist_industrial_km=2.626 (+1.11); month_entropy=0.5792 (+0.76); inside_mining=0 (+0.67)"}},{"type":"Feature","geometry":{"type":"Point","coordinates":[82.55467,22.33552]},"properties":{"cell_id":"4467_16511","pred_class":"gas_flare","n_detections":102,"frp_mean":2.0518,"frp_max":8.03,"night_frac":0.8333,"first_seen":"2024-05-01","last_seen":"2026-04-27","class_agreement":1.0,"top_reasons":"dist_industrial_km=2.379 (+1.05); is_persistent=1 (+1.04); month_entropy=0.6552 (+0.68); inside_mining=0 (+0.59)"}},{"type":"Feature","geometry":{"type":"Point","coordinates":[82.57193,22.33445]},"properties":{"cell_id":"4467_16514","pred_class":"industrial_plant","n_detections":25,"frp_mean":1.716,"frp_max":4.23,"night_frac":0.96,"first_seen":"2024-05-09","last_seen":"2026-04-22","class_agreement":1.0,"top_reasons":"dist_industrial_km=1.77 (+4.98); is_persistent=1 (+2.43); dist_thermal_plant_km=6.314 (+0.85); dist_mining_km=6.941 (+0.76)"}},{"type":"Feature","geometry":{"type":"Point","coordinates":[82.57489,22.33521]},"properties":{"cell_id":"4467_16515","pred_class":"industrial_plant","n_detections":152,"frp_mean":2.3727,"frp_max":11.5,"night_frac":0.8158,"first_seen":"2024-03-24","last_seen":"2026-04-26","class_agreement":1.0,"top_reasons":"dist_industrial_km=1.723 (+4.98); is_persistent=1 (+2.42); dist_thermal_plant_km=6.324 (+0.85); dist_mining_km=6.995 (+0.78)"}},{"type":"Feature","geometry":{"type":"Point","coordinates":[82.57825,22.33464]},"properties":{"cell_id":"4467_16516","pred_class":"industrial_plant","n_detections":16,"frp_mean":2.3662,"frp_max":5.26,"night_frac":0.5625,"first_seen":"2024-06-27","last_seen":"2026-03-01","class_agreement":1.0,"top_reasons":"dist_industrial_km=1.887 (+4.71); is_persistent=1 (+2.39); dist_thermal_plant_km=6.504 (+0.82); dist_mining_km=7.213 (+0.77)"}},{"type":"Feature","geometry":{"type":"Point","coordinates":[82.60501,22.33327]},"properties":{"cell_id":"4467_16521","pred_class":"gas_flare","n_detections":71,"frp_mean":1.432,"frp_max":6.44,"night_frac":0.9718,"first_seen":"2024-02-09","last_seen":"2026-04-06","class_agreement":1.0,"top_reasons":"is_persistent=1 (+0.82); dist_industrial_km=3.95 (+0.78); dist_any_industry_km=3.95 (-0.55); inside_mining=0 (+0.50)"}},{"type":"Feature","geometry":{"type":"Point","coordinates":[82.65481,22.33305]},"properties":{"cell_id":"4467_16531","pred_class":"mining","n_detections":43,"frp_mean":1.7195,"frp_max":3.62,"night_frac":0.8605,"first_seen":"2024-01-01","last_seen":"2024-12-07","class_agreement":1.0,"top_reasons":"inside_mining=1 (+7.22); dist_mining_km=1.306 (+2.40); dist_thermal_plant_km=6.28 (+0.22); lc_bare_1km=0.8926 (+0.18)"}},{"type":"Feature","geometry":{"type":"Point","coordinates":[82.66552,22.33581]},"properties":{"cell_id":"4467_16533","pred_class":"mining","n_detections":27,"frp_mean":2.6544,"frp_max":15.35,"night_frac":0.8889,"first_seen":"2024-03-03","last_seen":"2026-04-15","class_agreement":1.0,"top_reasons":"dist_mining_km=0.5168 (+5.21); inside_mining=1 (+4.97); dist_thermal_plant_km=5.627 (+0.26); lc_bare_1km=0.9669 (+0.13)"}},{"type":"Feature","geometry":{"type":"Point","coordinates":[69.85469,22.33953]},"properties":{"cell_id":"4468_13971","pred_class":"gas_flare","n_detections":193,"frp_mean":2.2931,"frp_max":5.51,"night_frac":1.0,"first_seen":"2024-01-01","last_seen":"2026-04-18","class_agreement":1.0,"top_reasons":"is_persistent=1 (+2.09); lc_built_5km=0.6241 (+1.87); dist_oil_gas_km=1.401 (+1.46); dist_flare_km=1.136 (+1.40)"}},{"type":"Feature","geometry":{"type":"Point","coordinates":[69.8662,22.33937]},"properties":{"cell_id":"4468_13973","pred_class":"gas_flare","n_detections":16,"frp_mean":2.4494,"frp_max":11.97,"night_frac":0.8125,"first_seen":"2024-03-29","last_seen":"2026-02-25","class_agreement":1.0,"top_reasons":"is_persistent=1 (+2.05); lc_built_5km=0.724 (+1.48); dist_flare_km=0.3302 (+1.43); dist_oil_gas_km=1.425 (+1.18)"}},{"type":"Feature","geometry":{"type":"Point","coordinates":[82.57487,22.33826]},"properties":{"cell_id":"4468_16515","pred_class":"industrial_plant","n_detections":17,"frp_mean":1.8959,"frp_max":7.72,"night_frac":0.8824,"first_seen":"2024-05-04","last_seen":"2026-04-25","class_agreement":1.0,"top_reasons":"dist_industrial_km=1.393 (+4.87); is_persistent=1 (+2.41); dist_thermal_plant_km=6.004 (+0.81); dist_mining_km=6.693 (+0.69)"}},{"type":"Feature","geometry":{"type":"Point","coordinates":[82.29172,22.35169]},"properties":{"cell_id":"4470_16458","pred_class":"mining","n_detections":21,"frp_mean":3.0252,"frp_max":10.88,"night_frac":0.8571,"first_seen":"2024-11-14","last_seen":"2025-03-07","class_agreement":1.0,"top_reasons":"dist_mining_km=0.9872 (+6.86); inside_mining=0 (-0.49); lc_grass_1km=0.2066 (+0.30); lc_bare_5km=0.03537 (+0.20)"}},{"type":"Feature","geometry":{"type":"Point","coordinates":[82.29426,22.35149]},"properties":{"cell_id":"4470_16459","pred_class":"mining","n_detections":51,"frp_mean":2.9047,"frp_max":11.93,"night_frac":0.8235,"first_seen":"2024-02-03","last_seen":"2025-05-14","class_agreement":1.0,"top_reasons":"dist_mining_km=0.9024 (+9.19); dist_thermal_plant_km=14.05 (+0.27); lc_grass_5km=0.1693 (+0.22); lc_bare_5km=0.0357 (+0.21)"}},{"type":"Feature","geometry":{"type":"Point","coordinates":[82.29172,22.3545]},"properties":{"cell_id":"4471_16458","pred_class":"mining","n_detections":69,"frp_mean":2.521,"frp_max":13.96,"night_frac":0.942,"first_seen":"2024-01-21","last_seen":"2025-04-23","class_agreement":1.0,"top_reasons":"dist_mining_km=0.7374 (+5.37); inside_mining=1 (+4.69); dist_thermal_plant_km=14.34 (+0.25); lc_grass_5km=0.1716 (+0.08)"}},{"type":"Feature","geometry":{"type":"Point","coordinates":[82.29449,22.35442]},"properties":{"cell_id":"4471_16459","pred_class":"mining","n_detections":198,"frp_mean":3.4723,"frp_max":17.62,"night_frac":0.7323,"first_seen":"2024-01-19","last_seen":"2025-05-11","class_agreement":1.0,"top_reasons":"dist_mining_km=0.5862 (+5.34); inside_mining=1 (+4.77); dist_thermal_plant_km=14.05 (+0.27); lc_bare_5km=0.03669 (+0.12)"}},{"type":"Feature","geometry":{"type":"Point","coordinates":[82.30091,22.35607]},"properties":{"cell_id":"4471_16460","pred_class":"mining","n_detections":140,"frp_mean":3.0095,"frp_max":14.98,"night_frac":0.9143,"first_seen":"2024-04-28","last_seen":"2026-04-15","class_agreement":1.0,"top_reasons":"dist_mining_km=0.5635 (+5.32); inside_mining=1 (+4.73); dist_thermal_plant_km=13.42 (+0.27); lc_grass_5km=0.156 (+0.10)"}},{"type":"Feature","geometry":{"type":"Point","coordinates":[82.30465,22.35588]},"properties":{"cell_id":"4471_16461","pred_class":"mining","n_detections":346,"frp_mean":3.3852,"frp_max":22.48,"night_frac":0.8064,"first_seen":"2024-02-03","last_seen":"2026-04-22","class_agreement":1.0,"top_reasons":"dist_mining_km=0.9033 (+5.31); inside_mining=1 (+4.68); dist_thermal_plant_km=13.03 (+0.29); lc_grass_5km=0.1603 (+0.11)"}},{"type":"Feature","geometry":{"type":"Point","coordinates":[87.28959,22.35683]},"properties":{"cell_id":"4471_17458","pred_class":"industrial_plant","n_detections":107,"frp_mean":1.2089,"frp_max":3.88,"night_frac":0.9907,"first_seen":"2024-01-11","last_seen":"2026-04-26","class_agreement":1.0,"top_reasons":"dist_industrial_km=0.379 (+2.63); is_persistent=1 (+2.53); inside_industrial=1 (+2.30); dist_thermal_plant_km=60.17 (+1.00)"}},{"type":"Feature","geometry":{"type":"Point","coordinates":[96.70144,22.35517]},"properties":{"cell_id":"4471_19340","pred_class":"gas_flare","n_detections":85,"frp_mean":1.1422,"frp_max":1.81,"night_frac":1.0,"first_seen":"2024-02-27","last_seen":"2026-04-24","class_agreement":1.0,"top_reasons":"is_persistent=1 (+0.80); dist_any_industry_km=352.3 (-0.71); dist_industrial_km=352.3 (+0.56); month_entropy=0.8877 (+0.38)"}},{"type":"Feature","geometry":{"type":"Point","coordinates":[96.70342,22.35543]},"properties":{"cell_id":"4471_19341","pred_class":"gas_flare","n_detections":57,"frp_mean":1.0904,"frp_max":2.3,"night_frac":0.9825,"first_seen":"2024-02-03","last_seen":"2026-04-14","class_agreement":1.0,"top_reasons":"is_persistent=1 (+0.77); dist_any_industry_km=352.5 (-0.75); dist_industrial_km=352.5 (+0.53); month_entropy=0.8821 (+0.38)"}},{"type":"Feature","geometry":{"type":"Point","coordinates":[82.30112,22.36001]},"properties":{"cell_id":"4472_16460","pred_class":"mining","n_detections":262,"frp_mean":2.9112,"frp_max":17.52,"night_frac":0.8664,"first_seen":"2024-04-29","last_seen":"2026-04-25","class_agreement":1.0,"top_reasons":"dist_mining_km=0.4634 (+5.30); inside_mining=1 (+4.72); dist_thermal_plant_km=13.45 (+0.33); lc_bare_5km=0.03702 (+0.09)"}},{"type":"Feature","geometry":{"type":"Point","coordinates":[82.30426,22.35946]},"properties":{"cell_id":"4472_16461","pred_class":"mining","n_detections":429,"frp_mean":3.5181,"frp_max":24.3,"night_frac":0.7459,"first_seen":"2024-04-18","last_seen":"2026-04-19","class_agreement":1.0,"top_reasons":"dist_mining_km=0.7798 (+5.31); inside_mining=1 (+4.76); dist_thermal_plant_km=13.13 (+0.33); lc_grass_5km=0.1636 (+0.10)"}},{"type":"Feature","geometry":{"type":"Point","coordinates":[87.01629,22.36112]},"properties":{"cell_id":"4472_17403","pred_class":"gas_flare","n_detections":191,"frp_mean":1.6442,"frp_max":6.66,"night_frac":0.9686,"first_seen":"2024-01-02","last_seen":"2026-04-26","class_agreement":1.0,"top_reasons":"is_persistent=1 (+0.96); dist_industrial_km=3.482 (+0.85); dist_any_industry_km=3.482 (-0.77); inside_mining=0 (+0.57)"}},{"type":"Feature","geometry":{"type":"Point","coordinates":[87.01872,22.36121]},"properties":{"cell_id":"4472_17404","pred_class":"gas_flare","n_detections":212,"frp_mean":1.705,"frp_max":6.51,"night_frac":0.9434,"first_seen":"2024-01-01","last_seen":"2026-04-27","class_agreement":1.0,"top_reasons":"is_persistent=1 (+0.91); dist_industrial_km=3.482 (+0.83); dist_any_industry_km=3.482 (-0.73); inside_mining=0 (+0.55)"}},{"type":"Feature","geometry":{"type":"Point","coordinates":[87.28954,22.35867]},"properties":{"cell_id":"4472_17458","pred_class":"industrial_plant","n_detections":257,"frp_mean":1.3568,"frp_max":6.4,"night_frac":0.9728,"first_seen":"2024-01-01","last_seen":"2026-04-27","class_agreement":1.0,"top_reasons":"dist_industrial_km=0.331 (+2.51); is_persistent=1 (+2.51); inside_industrial=1 (+2.35); dist_thermal_plant_km=60.15 (+1.04)"}},{"type":"Feature","geometry":{"type":"Point","coordinates":[87.29385,22.35914]},"properties":{"cell_id":"4472_17459","pred_class":"industrial_plant","n_detections":15,"frp_mean":1.0593,"frp_max":1.45,"night_frac":1.0,"first_seen":"2024-05-29","last_seen":"2026-03-04","class_agreement":1.0,"top_reasons":"dist_industrial_km=0.1289 (+2.64); is_persistent=1 (+2.51); inside_industrial=1 (+2.21); dist_thermal_plant_km=59.7 (+0.99)"}},{"type":"Feature","geometry":{"type":"Point","coordinates":[87.30059,22.36219]},"properties":{"cell_id":"4472_17460","pred_class":"industrial_plant","n_detections":46,"frp_mean":1.61,"frp_max":2.91,"night_frac":1.0,"first_seen":"2024-01-01","last_seen":"2026-04-25","class_agreement":1.0,"top_reasons":"dist_industrial_km=0.9004 (+5.10); is_persistent=1 (+2.45); dist_thermal_plant_km=58.98 (+0.87); dist_mining_km=56.51 (+0.75)"}},{"type":"Feature","geometry":{"type":"Point","coordinates":[73.11107,22.365]},"properties":{"cell_id":"4473_14622","pred_class":"thermal_power","n_detections":31,"frp_mean":2.8084,"frp_max":10.63,"night_frac":0.9032,"first_seen":"2024-01-10","last_seen":"2026-02-20","class_agreement":1.0,"top_reasons":"dist_thermal_plant_km=1.54 (+9.23); is_persistent=1 (+0.55); dist_power_plant_km=1.559 (+0.48); n_detections=31 (+0.15)"}},{"type":"Feature","geometry":{"type":"Point","coordinates":[73.11515,22.36543]},"properties":{"cell_id":"4473_14623","pred_class":"thermal_power","n_detections":147,"frp_mean":2.2886,"frp_max":8.75,"night_frac":0.9184,"first_seen":"2024-01-28","last_seen":"2026-04-24","class_agreement":1.0,"top_reasons":"dist_thermal_plant_km=1.801 (+9.21); is_persistent=1 (+0.56); dist_power_plant_km=1.536 (+0.48); nearest_plant_mw=310 (+0.17)"}},{"type":"Feature","geometry":{"type":"Point","coordinates":[73.11914,22.36528]},"properties":{"cell_id":"4473_14624","pred_class":"thermal_power","n_detections":75,"frp_mean":2.2569,"frp_max":6.45,"night_frac":0.92,"first_seen":"2024-01-16","last_seen":"2026-04-18","class_agreement":1.0,"top_reasons":"dist_thermal_plant_km=2.141 (+9.21); is_persistent=1 (+0.53); dist_power_plant_km=1.137 (+0.48); nearest_plant_mw=310 (+0.14)"}},{"type":"Feature","geometry":{"type":"Point","coordinates":[82.30114,22.36313]},"properties":{"cell_id":"4473_16460","pred_class":"mining","n_detections":39,"frp_mean":1.9759,"frp_max":5.67,"night_frac":0.9744,"first_seen":"2024-10-01","last_seen":"2026-04-07","class_agreement":1.0,"top_reasons":"dist_mining_km=0.6262 (+5.29); inside_mining=1 (+4.73); dist_thermal_plant_km=13.51 (+0.29); lc_bare_5km=0.03702 (+0.09)"}},{"type":"Feature","geometry":{"type":"Point","coordinates":[82.30331,22.3632]},"properties":{"cell_id":"4473_16461","pred_class":"mining","n_detections":22,"frp_mean":2.2573,"frp_max":6.21,"night_frac":0.9091,"first_seen":"2024-09-21","last_seen":"2026-01-28","class_agreement":1.0,"top_reasons":"dist_mining_km=0.8087 (+5.38); inside_mining=1 (+4.65); dist_thermal_plant_km=13.29 (+0.30); lc_bare_5km=0.03702 (+0.09)"}},{"type":"Feature","geometry":{"type":"Point","coordinates":[87.01607,22.36524]},"properties":{"cell_id":"4473_17403","pred_class":"gas_flare","n_detections":440,"frp_mean":2.0033,"frp_max":7.29,"night_frac":0.9864,"first_seen":"2024-01-02","last_seen":"2026-04-26","class_agreement":1.0,"top_reasons":"dist_industrial_km=3.025 (+2.08); is_persistent=1 (+1.90); dist_any_industry_km=3.025 (+1.27); inside_mining=0 (+1.17)"}},{"type":"Feature","geometry":{"type":"Point","coordinates":[87.01889,22.36495]},"properties":{"cell_id":"4473_17404","pred_class":"gas_flare","n_detections":528,"frp_mean":2.0305,"frp_max":7.8,"night_frac":0.8731,"first_seen":"2024-01-01","last_seen":"2026-04-25","class_agreement":1.0,"top_reasons":"dist_industrial_km=3.068 (+2.04); is_persistent=1 (+1.84); dist_any_industry_km=3.068 (+1.26); inside_mining=0 (+1.13)"}},{"type":"Feature","geometry":{"type":"Point","coordinates":[87.29662,22.36559]},"properties":{"cell_id":"4473_17459","pred_class":"industrial_plant","n_detections":41,"frp_mean":1.872,"frp_max":3.9,"night_frac":0.9756,"first_seen":"2024-01-05","last_seen":"2026-03-02","class_agreement":1.0,"top_reasons":"dist_industrial_km=0.8751 (+2.92); is_persistent=1 (+2.50); inside_industrial=1 (+2.15); dist_thermal_plant_km=59.35 (+0.98)"}},{"type":"Feature","geometry":{"type":"Point","coordinates":[87.30035,22.36514]},"properties":{"cell_id":"4473_17460","pred_class":"industrial_plant","n_detections":985,"frp_mean":2.9391,"frp_max":10.16,"night_frac":0.7797,"first_seen":"2024-01-01","last_seen":"2026-04-27","class_agreement":1.0,"top_reasons":"dist_industrial_km=1.07 (+5.05); is_persistent=1 (+2.45); dist_thermal_plant_km=58.97 (+0.87); dist_mining_km=56.35 (+0.81)"}},{"type":"Feature","geometry":{"type":"Point","coordinates":[87.30327,22.36514]},"properties":{"cell_id":"4473_17461","pred_class":"industrial_plant","n_detections":229,"frp_mean":2.8818,"frp_max":9.77,"night_frac":0.7118,"first_seen":"2024-01-01","last_seen":"2026-04-27","class_agreement":1.0,"top_reasons":"dist_industrial_km=1.304 (+5.06); is_persistent=1 (+2.46); dist_thermal_plant_km=58.67 (+0.87); dist_mining_km=56.62 (+0.76)"}},{"type":"Feature","geometry":{"type":"Point","coordinates":[87.016,22.36839]},"properties":{"cell_id":"4474_17403","pred_class":"gas_flare","n_detections":105,"frp_mean":1.6913,"frp_max":6.29,"night_frac":0.9905,"first_seen":"2024-01-08","last_seen":"2026-03-31","class_agreement":1.0,"top_reasons":"is_persistent=1 (+2.08); dist_industrial_km=2.674 (+2.02); dist_any_industry_km=2.674 (+1.12); inside_mining=0 (+1.08)"}},{"type":"Feature","geometry":{"type":"Point","coordinates":[87.0186,22.36818]},"properties":{"cell_id":"4474_17404","pred_class":"gas_flare","n_detections":84,"frp_mean":1.3362,"frp_max":2.76,"night_frac":0.9881,"first_seen":"2024-01-05","last_seen":"2026-04-21","class_agreement":1.0,"top_reasons":"dist_industrial_km=2.708 (+2.13); is_persistent=1 (+1.96); dist_any_industry_km=2.708 (+1.32); inside_mining=0 (+1.23)"}},{"type":"Feature","geometry":{"type":"Point","coordinates":[87.29664,22.36881]},"properties":{"cell_id":"4474_17459","pred_class":"industrial_plant","n_detections":51,"frp_mean":1.9967,"frp_max":8.2,"night_frac":0.9412,"first_seen":"2024-02-09","last_seen":"2026-04-14","class_agreement":1.0,"top_reasons":"dist_industrial_km=1.207 (+5.10); is_persistent=1 (+2.47); dist_thermal_plant_km=59.31 (+0.90); dist_mining_km=55.83 (+0.73)"}},{"type":"Feature","geometry":{"type":"Point","coordinates":[87.30018,22.36895]},"properties":{"cell_id":"4474_17460","pred_class":"industrial_plant","n_detections":459,"frp_mean":2.0353,"frp_max":9.0,"night_frac":0.9129,"first_seen":"2024-01-01","last_seen":"2026-04-27","class_agreement":1.0,"top_reasons":"dist_industrial_km=1.384 (+5.05); is_persistent=1 (+2.45); dist_thermal_plant_km=58.95 (+0.87); dist_mining_km=56.15 (+0.81)"}},{"type":"Feature","geometry":{"type":"Point","coordinates":[87.30329,22.36896]},"properties":{"cell_id":"4474_17461","pred_class":"industrial_plant","n_detections":80,"frp_mean":1.7625,"frp_max":6.62,"night_frac":0.8875,"first_seen":"2024-01-01","last_seen":"2026-04-09","class_agreement":1.0,"top_reasons":"dist_industrial_km=1.583 (+5.10); is_persistent=1 (+2.48); dist_thermal_plant_km=58.63 (+0.88); dist_mining_km=56.44 (+0.74)"}},{"type":"Feature","geometry":{"type":"Point","coordinates":[87.27622,22.3765]},"properties":{"cell_id":"4475_17455","pred_class":"industrial_plant","n_detections":138,"frp_mean":2.087,"frp_max":5.19,"night_frac":0.9928,"first_seen":"2024-01-01","last_seen":"2026-04-14","class_agreement":1.0,"top_reasons":"dist_industrial_km=0.6917 (+5.16); is_persistent=1 (+2.51); dist_thermal_plant_km=61.33 (+0.86); dist_mining_km=53.57 (+0.74)"}},{"type":"Feature","geometry":{"type":"Point","coordinates":[87.27991,22.37635]},"properties":{"cell_id":"4475_17456","pred_class":"industrial_plant","n_detections":540,"frp_mean":2.9547,"frp_max":12.51,"night_frac":0.7741,"first_seen":"2024-01-01","last_seen":"2026-04-25","class_agreement":1.0,"top_reasons":"dist_industrial_km=0.3518 (+5.12); is_persistent=1 (+2.49); dist_thermal_plant_km=60.96 (+0.87); dist_mining_km=53.92 (+0.82)"}},{"type":"Feature","geometry":{"type":"Point","coordinates":[87.2831,22.37667]},"properties":{"cell_id":"4475_17457","pred_class":"industrial_plant","n_detections":53,"frp_mean":3.1811,"frp_max":8.53,"night_frac":0.6792,"first_seen":"2024-01-01","last_seen":"2026-04-02","class_agreement":1.0,"top_reasons":"dist_industrial_km=0.1742 (+2.93); is_persistent=1 (+2.51); inside_industrial=1 (+2.14); dist_thermal_plant_km=60.63 (+1.00)"}},{"type":"Feature","geometry":{"type":"Point","coordinates":[87.2762,22.37916]},"properties":{"cell_id":"4476_17455","pred_class":"industrial_plant","n_detections":284,"frp_mean":2.2904,"frp_max":6.46,"night_frac":0.9225,"first_seen":"2024-01-03","last_seen":"2026-04-27","class_agreement":1.0,"top_reasons":"dist_industrial_km=0.6758 (+5.14); is_persistent=1 (+2.49); dist_thermal_plant_km=61.31 (+0.86); dist_mining_km=53.44 (+0.79)"}},{"type":"Feature","geometry":{"type":"Point","coordinates":[87.27976,22.37894]},"properties":{"cell_id":"4476_17456","pred_class":"industrial_plant","n_detections":756,"frp_mean":3.3325,"frp_max":12.09,"night_frac":0.6812,"first_seen":"2024-01-01","last_seen":"2026-04-27","class_agreement":1.0,"top_reasons":"dist_industrial_km=0.3128 (+5.12); is_persistent=1 (+2.49); dist_thermal_plant_km=60.95 (+0.87); dist_mining_km=53.78 (+0.80)"}},{"type":"Feature","geometry":{"type":"Point","coordinates":[87.28339,22.37904]},"properties":{"cell_id":"4476_17457","pred_class":"industrial_plant","n_detections":57,"frp_mean":2.1498,"frp_max":8.72,"night_frac":0.8596,"first_seen":"2024-01-14","last_seen":"2026-04-06","class_agreement":1.0,"top_reasons":"dist_industrial_km=0.1187 (+2.93); is_persistent=1 (+2.52); inside_industrial=1 (+2.14); dist_thermal_plant_km=60.58 (+1.03)"}},{"type":"Feature","geometry":{"type":"Point","coordinates":[87.28997,22.38031]},"properties":{"cell_id":"4476_17458","pred_class":"industrial_plant","n_detections":75,"frp_mean":0.9315,"frp_max":2.18,"night_frac":1.0,"first_seen":"2024-01-05","last_seen":"2026-04-26","class_agreement":1.0,"top_reasons":"dist_industrial_km=0.1743 (+2.65); is_persistent=1 (+2.55); inside_industrial=1 (+2.28); dist_thermal_plant_km=59.89 (+1.03)"}},{"type":"Feature","geometry":{"type":"Point","coordinates":[87.28577,22.38639]},"properties":{"cell_id":"4477_17457","pred_class":"industrial_plant","n_detections":19,"frp_mean":1.1379,"frp_max":2.88,"night_frac":1.0,"first_seen":"2024-01-27","last_seen":"2026-03-03","class_agreement":1.0,"top_reasons":"dist_industrial_km=0.09576 (+2.81); is_persistent=1 (+2.54); inside_industrial=1 (+2.25); dist_thermal_plant_km=60.28 (+1.04)"}},{"type":"Feature","geometry":{"type":"Point","coordinates":[85.77082,22.3913]},"properties":{"cell_id":"4478_17154","pred_class":"gas_flare","n_detections":43,"frp_mean":0.4342,"frp_max":0.72,"night_frac":1.0,"first_seen":"2024-03-07","last_seen":"2026-03-03","class_agreement":0.5814,"top_reasons":"is_persistent=1 (+0.62); dist_any_industry_km=4.107 (-0.52); dist_industrial_km=4.107 (+0.48); month_entropy=0.6607 (+0.33)"}},{"type":"Feature","geometry":{"type":"Point","coordinates":[87.28534,22.38852]},"properties":{"cell_id":"4478_17457","pred_class":"industrial_plant","n_detections":51,"frp_mean":0.9906,"frp_max":2.17,"night_frac":1.0,"first_seen":"2024-01-13","last_seen":"2026-04-12","class_agreement":1.0,"top_reasons":"dist_industrial_km=0.2777 (+2.80); is_persistent=1 (+2.54); inside_industrial=1 (+2.21); dist_thermal_plant_km=60.31 (+1.03)"}},{"type":"Feature","geometry":{"type":"Point","coordinates":[69.01945,22.40101]},"properties":{"cell_id":"4480_13804","pred_class":"industrial_plant","n_detections":53,"frp_mean":0.8308,"frp_max":2.11,"night_frac":1.0,"first_seen":"2024-01-01","last_seen":"2026-04-13","class_agreement":1.0,"top_reasons":"dist_industrial_km=0.03148 (+2.59); is_persistent=1 (+2.47); inside_industrial=1 (+2.19); dist_thermal_plant_km=69.67 (+1.04)"}},{"type":"Feature","geometry":{"type":"Point","coordinates":[69.0367,22.41597]},"properties":{"cell_id":"4483_13807","pred_class":"industrial_plant","n_detections":37,"frp_mean":1.2095,"frp_max":2.4,"night_frac":1.0,"first_seen":"2025-04-16","last_seen":"2026-04-07","class_agreement":1.0,"top_reasons":"dist_industrial_km=0.2977 (+5.03); is_persistent=1 (+2.43); dist_thermal_plant_km=67.24 (+0.88); dist_mining_km=21.3 (+0.72)"}},{"type":"Feature","geometry":{"type":"Point","coordinates":[69.03946,22.41594]},"properties":{"cell_id":"4483_13808","pred_class":"industrial_plant","n_detections":244,"frp_mean":1.5906,"frp_max":6.56,"night_frac":0.8893,"first_seen":"2024-03-19","last_seen":"2026-04-18","class_agreement":1.0,"top_reasons":"dist_industrial_km=0.04859 (+2.85); is_persistent=1 (+2.49); inside_industrial=1 (+2.09); dist_thermal_plant_km=67.03 (+1.05)"}},{"type":"Feature","geometry":{"type":"Point","coordinates":[69.03985,22.41836]},"properties":{"cell_id":"4484_13808","pred_class":"industrial_plant","n_detections":126,"frp_mean":1.4951,"frp_max":8.47,"night_frac":0.8889,"first_seen":"2024-12-29","last_seen":"2026-04-23","class_agreement":1.0,"top_reasons":"dist_industrial_km=0.2237 (+2.89); is_persistent=1 (+2.47); inside_industrial=1 (+2.05); dist_thermal_plant_km=66.82 (+1.04)"}},{"type":"Feature","geometry":{"type":"Point","coordinates":[69.83174,22.43014]},"properties":{"cell_id":"4486_13966","pred_class":"thermal_power","n_detections":42,"frp_mean":0.7764,"frp_max":1.37,"night_frac":1.0,"first_seen":"2025-02-05","last_seen":"2026-03-23","class_agreement":1.0,"top_reasons":"dist_thermal_plant_km=1.122 (+9.17); is_persistent=1 (+0.57); dist_power_plant_km=0.9827 (+0.38); nearest_plant_mw=500 (+0.12)"}},{"type":"Feature","geometry":{"type":"Point","coordinates":[69.83366,22.43025]},"properties":{"cell_id":"4486_13967","pred_class":"thermal_power","n_detections":58,"frp_mean":0.6829,"frp_max":1.36,"night_frac":1.0,"first_seen":"2024-03-29","last_seen":"2026-03-27","class_agreement":1.0,"top_reasons":"dist_thermal_plant_km=1.221 (+9.23); is_persistent=1 (+0.58); dist_power_plant_km=1.061 (+0.35); nearest_plant_mw=500 (+0.13)"}},{"type":"Feature","geometry":{"type":"Point","coordinates":[88.00385,22.47589]},"properties":{"cell_id":"4495_17601","pred_class":"industrial_plant","n_detections":27,"frp_mean":0.783,"frp_max":1.85,"night_frac":1.0,"first_seen":"2024-11-10","last_seen":"2026-02-17","class_agreement":1.0,"top_reasons":"dist_industrial_km=0.1058 (+3.13); is_persistent=1 (+2.55); inside_industrial=1 (+2.14); dist_thermal_plant_km=14.02 (+1.04)"}},{"type":"Feature","geometry":{"type":"Point","coordinates":[91.73465,22.47497]},"properties":{"cell_id":"4495_18347","pred_class":"gas_flare","n_detections":109,"frp_mean":1.4888,"frp_max":5.76,"night_frac":0.8899,"first_seen":"2024-01-15","last_seen":"2026-04-18","class_agreement":1.0,"top_reasons":"is_persistent=1 (+0.60); dist_any_industry_km=56.43 (-0.56); dist_industrial_km=56.43 (+0.52); month_entropy=0.7791 (+0.40)"}},{"type":"Feature","geometry":{"type":"Point","coordinates":[90.71073,22.47873]},"properties":{"cell_id":"4496_18142","pred_class":"thermal_power","n_detections":70,"frp_mean":0.7181,"frp_max":2.76,"night_frac":1.0,"first_seen":"2024-01-06","last_seen":"2026-04-12","class_agreement":1.0,"top_reasons":"dist_thermal_plant_km=0.06656 (+9.20); is_persistent=1 (+0.61); lc_built_1km=0.1818 (+0.30); frp_mean=0.7181 (+0.26)"}},{"type":"Feature","geometry":{"type":"Point","coordinates":[91.70003,22.53611]},"properties":{"cell_id":"4507_18340","pred_class":"thermal_power","n_detections":108,"frp_mean":1.3158,"frp_max":3.91,"night_frac":0.9074,"first_seen":"2024-01-01","last_seen":"2026-04-16","class_agreement":1.0,"top_reasons":"is_persistent=1 (+0.36); dist_thermal_plant_km=4.241 (-0.23); lc_built_1km=0.4298 (+0.22); frp_mean=1.316 (+0.20)"}},{"type":"Feature","geometry":{"type":"Point","coordinates":[91.70005,22.53837]},"properties":{"cell_id":"4508_18340","pred_class":"thermal_power","n_detections":38,"frp_mean":1.2013,"frp_max":3.12,"night_frac":0.9474,"first_seen":"2024-01-05","last_seen":"2026-04-16","class_agreement":1.0,"top_reasons":"dist_thermal_plant_km=4.012 (+7.25); is_persistent=1 (+0.54); dist_industrial_km=49.42 (-0.16); frp_mean=1.201 (+0.15)"}},{"type":"Feature","geometry":{"type":"Point","coordinates":[85.89137,22.57187]},"properties":{"cell_id":"4514_17178","pred_class":"industrial_plant","n_detections":22,"frp_mean":1.7377,"frp_max":3.44,"night_frac":0.9545,"first_seen":"2024-10-05","last_seen":"2026-04-01","class_agreement":1.0,"top_reasons":"dist_industrial_km=0.171 (+4.03); is_persistent=1 (+2.47); inside_industrial=1 (+1.58); dist_thermal_plant_km=34.49 (+1.02)"}},{"type":"Feature","geometry":{"type":"Point","coordinates":[85.89565,22.57167]},"properties":{"cell_id":"4514_17179","pred_class":"industrial_plant","n_detections":159,"frp_mean":2.2626,"frp_max":6.02,"night_frac":0.9308,"first_seen":"2024-09-22","last_seen":"2026-04-24","class_agreement":1.0,"top_reasons":"dist_industrial_km=0.2968 (+5.16); is_persistent=1 (+2.52); dist_thermal_plant_km=34.29 (+0.91); dist_mining_km=9.907 (+0.75)"}},{"type":"Feature","geometry":{"type":"Point","coordinates":[85.89836,22.57166]},"properties":{"cell_id":"4514_17180","pred_class":"industrial_plant","n_detections":76,"frp_mean":2.0659,"frp_max":5.64,"night_frac":0.8289,"first_seen":"2024-10-29","last_seen":"2026-04-16","class_agreement":1.0,"top_reasons":"dist_industrial_km=0.5717 (+5.14); is_persistent=1 (+2.50); dist_thermal_plant_km=34.15 (+0.90); dist_mining_km=9.875 (+0.76)"}},{"type":"Feature","geometry":{"type":"Point","coordinates":[85.89116,22.57462]},"properties":{"cell_id":"4515_17178","pred_class":"industrial_plant","n_detections":150,"frp_mean":2.1201,"frp_max":6.07,"night_frac":0.8467,"first_seen":"2024-09-06","last_seen":"2026-04-13","class_agreement":1.0,"top_reasons":"dist_industrial_km=0.4253 (+4.00); is_persistent=1 (+2.45); inside_industrial=1 (+1.60); dist_thermal_plant_km=34.24 (+1.03)"}},{"type":"Feature","geometry":{"type":"Point","coordinates":[85.89548,22.57427]},"properties":{"cell_id":"4515_17179","pred_class":"industrial_plant","n_detections":365,"frp_mean":2.4473,"frp_max":7.3,"night_frac":0.8356,"first_seen":"2024-10-08","last_seen":"2026-04-27","class_agreement":1.0,"top_reasons":"dist_industrial_km=0.4442 (+5.09); is_persistent=1 (+2.46); dist_thermal_plant_km=34.05 (+0.89); dist_mining_km=9.622 (+0.81)"}},{"type":"Feature","geometry":{"type":"Point","coordinates":[85.89858,22.57389]},"properties":{"cell_id":"4515_17180","pred_class":"industrial_plant","n_detections":146,"frp_mean":2.1606,"frp_max":7.95,"night_frac":0.8151,"first_seen":"2024-09-17","last_seen":"2026-04-27","class_agreement":1.0,"top_reasons":"dist_industrial_km=0.6669 (+5.13); is_persistent=1 (+2.48); dist_thermal_plant_km=33.92 (+0.88); dist_mining_km=9.626 (+0.76)"}},{"type":"Feature","geometry":{"type":"Point","coordinates":[85.90529,22.58707]},"properties":{"cell_id":"4517_17181","pred_class":"industrial_plant","n_detections":56,"frp_mean":1.3357,"frp_max":7.5,"night_frac":1.0,"first_seen":"2024-01-05","last_seen":"2026-04-16","class_agreement":1.0,"top_reasons":"dist_industrial_km=0.1786 (+3.84); is_persistent=1 (+2.46); inside_industrial=1 (+1.77); dist_thermal_plant_km=32.31 (+1.03)"}},{"type":"Feature","geometry":{"type":"Point","coordinates":[85.90168,22.59123]},"properties":{"cell_id":"4518_17180","pred_class":"industrial_plant","n_detections":19,"frp_mean":1.3358,"frp_max":2.16,"night_frac":1.0,"first_seen":"2024-02-05","last_seen":"2026-03-23","class_agreement":1.0,"top_reasons":"dist_industrial_km=0.5313 (+5.01); is_persistent=1 (+2.47); dist_thermal_plant_km=32.1 (+0.88); dist_mining_km=7.677 (+0.74)"}},{"type":"Feature","geometry":{"type":"Point","coordinates":[85.90501,22.59013]},"properties":{"cell_id":"4518_17181","pred_class":"industrial_plant","n_detections":543,"frp_mean":1.4009,"frp_max":4.93,"night_frac":0.9724,"first_seen":"2024-01-01","last_seen":"2026-04-22","class_agreement":1.0,"top_reasons":"dist_industrial_km=0.2011 (+3.81); is_persistent=1 (+2.44); inside_industrial=1 (+1.80); dist_thermal_plant_km=32.03 (+1.02)"}},{"type":"Feature","geometry":{"type":"Point","coordinates":[85.90482,22.59338]},"properties":{"cell_id":"4519_17181","pred_class":"industrial_plant","n_detections":160,"frp_mean":1.1122,"frp_max":3.11,"night_frac":1.0,"first_seen":"2024-01-01","last_seen":"2026-04-18","class_agreement":1.0,"top_reasons":"dist_industrial_km=0.5505 (+3.87); is_persistent=1 (+2.49); inside_industrial=1 (+1.74); dist_thermal_plant_km=31.73 (+1.01)"}},{"type":"Feature","geometry":{"type":"Point","coordinates":[85.91129,22.61046]},"properties":{"cell_id":"4522_17182","pred_class":"gas_flare","n_detections":39,"frp_mean":1.1728,"frp_max":2.28,"night_frac":0.9744,"first_seen":"2024-04-24","last_seen":"2026-04-22","class_agreement":1.0,"top_reasons":"dist_industrial_km=2.497 (+1.39); is_persistent=1 (+1.39); dist_any_industry_km=2.497 (+0.77); inside_mining=0 (+0.68)"}},{"type":"Feature","geometry":{"type":"Point","coordinates":[85.91375,22.61003]},"properties":{"cell_id":"4522_17183","pred_class":"gas_flare","n_detections":64,"frp_mean":0.9594,"frp_max":1.88,"night_frac":1.0,"first_seen":"2025-11-19","last_seen":"2026-04-27","class_agreement":1.0,"top_reasons":"is_persistent=1 (+1.25); dist_industrial_km=2.519 (+1.21); peak_month_share=0.2812 (-0.66); dist_any_industry_km=2.519 (+0.65)"}},{"type":"Feature","geometry":{"type":"Point","coordinates":[86.17566,22.62963]},"properties":{"cell_id":"4526_17235","pred_class":"industrial_plant","n_detections":24,"frp_mean":0.7279,"frp_max":1.65,"night_frac":1.0,"first_seen":"2024-01-05","last_seen":"2026-03-28","class_agreement":1.0,"top_reasons":"dist_industrial_km=0.2473 (+5.13); is_persistent=1 (+2.51); dist_thermal_plant_km=15.89 (+0.88); dist_mining_km=11.61 (+0.74)"}},{"type":"Feature","geometry":{"type":"Point","coordinates":[86.17877,22.63059]},"properties":{"cell_id":"4526_17236","pred_class":"industrial_plant","n_detections":45,"frp_mean":0.6044,"frp_max":0.99,"night_frac":1.0,"first_seen":"2024-01-12","last_seen":"2026-03-29","class_agreement":1.0,"top_reasons":"dist_industrial_km=0.09434 (+3.91); is_persistent=1 (+2.42); inside_industrial=1 (+1.61); dist_thermal_plant_km=15.64 (+1.01)"}},{"type":"Feature","geometry":{"type":"Point","coordinates":[86.12603,22.77854]},"properties":{"cell_id":"4556_17225","pred_class":"industrial_plant","n_detections":15,"frp_mean":0.4727,"frp_max":1.17,"night_frac":1.0,"first_seen":"2024-01-02","last_seen":"2025-11-25","class_agreement":1.0,"top_reasons":"dist_industrial_km=1.305 (+4.97); is_persistent=1 (+2.50); dist_thermal_plant_km=9.485 (+0.87); dist_mining_km=2.882 (+0.71)"}},{"type":"Feature","geometry":{"type":"Point","coordinates":[86.20142,22.78176]},"properties":{"cell_id":"4556_17240","pred_class":"industrial_plant","n_detections":23,"frp_mean":1.5213,"frp_max":2.83,"night_frac":1.0,"first_seen":"2024-01-07","last_seen":"2026-04-19","class_agreement":1.0,"top_reasons":"dist_industrial_km=0.4462 (+3.41); is_persistent=1 (+2.39); inside_industrial=1 (+2.00); dist_thermal_plant_km=5.701 (+1.02)"}},{"type":"Feature","geometry":{"type":"Point","coordinates":[86.2041,22.78185]},"properties":{"cell_id":"4556_17241","pred_class":"industrial_plant","n_detections":20,"frp_mean":2.0975,"frp_max":6.59,"night_frac":0.8,"first_seen":"2024-01-13","last_seen":"2026-03-28","class_agreement":1.0,"top_reasons":"dist_industrial_km=0.4978 (+3.56); is_persistent=1 (+2.39); inside_industrial=1 (+1.99); dist_thermal_plant_km=5.472 (+1.04)"}},{"type":"Feature","geometry":{"type":"Point","coordinates":[86.0058,22.78578]},"properties":{"cell_id":"4557_17201","pred_class":"mining","n_detections":44,"frp_mean":0.5484,"frp_max":1.29,"night_frac":1.0,"first_seen":"2024-01-01","last_seen":"2026-02-08","class_agreement":1.0,"top_reasons":"dist_mining_km=0.4981 (+9.21); dist_thermal_plant_km=8.249 (+0.30); frp_p95=0.687 (+0.15); frp_mean=0.5484 (+0.12)"}},{"type":"Feature","geometry":{"type":"Point","coordinates":[86.20104,22.7852]},"properties":{"cell_id":"4557_17240","pred_class":"industrial_plant","n_detections":169,"frp_mean":2.0396,"frp_max":9.06,"night_frac":0.9704,"first_seen":"2024-01-02","last_seen":"2026-04-25","class_agreement":1.0,"top_reasons":"dist_industrial_km=0.16 (+3.38); is_persistent=1 (+2.40); inside_industrial=1 (+2.10); dist_thermal_plant_km=5.939 (+1.03)"}},{"type":"Feature","geometry":{"type":"Point","coordinates":[86.20471,22.78524]},"properties":{"cell_id":"4557_17241","pred_class":"industrial_plant","n_detections":466,"frp_mean":2.6424,"frp_max":8.0,"night_frac":0.8069,"first_seen":"2024-01-01","last_seen":"2026-04-26","class_agreement":1.0,"top_reasons":"dist_industrial_km=0.5361 (+3.38); is_persistent=1 (+2.38); inside_industrial=1 (+2.06); dist_thermal_plant_km=5.632 (+1.03)"}},{"type":"Feature","geometry":{"type":"Point","coordinates":[86.20814,22.78578]},"properties":{"cell_id":"4557_17242","pred_class":"industrial_plant","n_detections":53,"frp_mean":2.7911,"frp_max":8.73,"night_frac":0.7358,"first_seen":"2024-01-02","last_seen":"2026-04-25","class_agreement":1.0,"top_reasons":"dist_industrial_km=0.8889 (+3.42); is_persistent=1 (+2.40); inside_industrial=1 (+2.04); dist_thermal_plant_km=5.39 (+1.01)"}},{"type":"Feature","geometry":{"type":"Point","coordinates":[86.19599,22.79011]},"properties":{"cell_id":"4558_17239","pred_class":"industrial_plant","n_detections":377,"frp_mean":2.2712,"frp_max":7.1,"night_frac":0.939,"first_seen":"2024-01-03","last_seen":"2026-04-24","class_agreement":1.0,"top_reasons":"dist_industrial_km=0.6382 (+3.40); is_persistent=1 (+2.40); inside_industrial=1 (+2.05); dist_thermal_plant_km=6.674 (+1.01)"}},{"type":"Feature","geometry":{"type":"Point","coordinates":[86.19942,22.78978]},"properties":{"cell_id":"4558_17240","pred_class":"industrial_plant","n_detections":462,"frp_mean":2.404,"frp_max":13.95,"night_frac":0.8939,"first_seen":"2024-01-01","last_seen":"2026-04-27","class_agreement":1.0,"top_reasons":"dist_industrial_km=0.492 (+3.38); is_persistent=1 (+2.39); inside_industrial=1 (+2.05); dist_thermal_plant_km=6.369 (+1.03)"}},{"type":"Feature","geometry":{"type":"Point","coordinates":[86.20524,22.78944]},"properties":{"cell_id":"4558_17241","pred_class":"industrial_plant","n_detections":416,"frp_mean":2.0873,"frp_max":7.62,"night_frac":0.9375,"first_seen":"2024-01-01","last_seen":"2026-04-27","class_agreement":1.0,"top_reasons":"dist_industrial_km=0.7441 (+3.39); is_persistent=1 (+2.40); inside_industrial=1 (+2.05); dist_thermal_plant_km=5.878 (+1.01)"}},{"type":"Feature","geometry":{"type":"Point","coordinates":[86.20959,22.79033]},"properties":{"cell_id":"4558_17242","pred_class":"industrial_plant","n_detections":420,"frp_mean":1.8715,"frp_max":12.4,"night_frac":0.919,"first_seen":"2024-01-01","last_seen":"2026-04-27","class_agreement":1.0,"top_reasons":"dist_industrial_km=1.013 (+3.40); is_persistent=1 (+2.40); inside_industrial=1 (+2.05); dist_thermal_plant_km=5.612 (+1.01)"}},{"type":"Feature","geometry":{"type":"Point","coordinates":[86.08985,22.79702]},"properties":{"cell_id":"4559_17218","pred_class":"industrial_plant","n_detections":48,"frp_mean":0.9663,"frp_max":3.82,"night_frac":1.0,"first_seen":"2024-01-25","last_seen":"2026-03-23","class_agreement":1.0,"top_reasons":"dist_industrial_km=0.8367 (+4.99); is_persistent=1 (+2.53); dist_thermal_plant_km=5.557 (+0.80); dist_mining_km=3.93 (+0.77)"}},{"type":"Feature","geometry":{"type":"Point","coordinates":[86.19582,22.79458]},"properties":{"cell_id":"4559_17239","pred_class":"industrial_plant","n_detections":101,"frp_mean":1.6254,"frp_max":4.24,"night_frac":0.9802,"first_seen":"2024-01-03","last_seen":"2026-03-26","class_agreement":1.0,"top_reasons":"dist_industrial_km=1.092 (+3.47); is_persistent=1 (+2.39); inside_industrial=1 (+1.99); dist_thermal_plant_km=6.988 (+1.01)"}},{"type":"Feature","geometry":{"type":"Point","coordinates":[86.19957,22.79534]},"properties":{"cell_id":"4559_17240","pred_class":"industrial_plant","n_detections":311,"frp_mean":1.845,"frp_max":13.32,"night_frac":0.9807,"first_seen":"2024-01-01","last_seen":"2026-04-27","class_agreement":1.0,"top_reasons":"dist_industrial_km=1.109 (+3.39); is_persistent=1 (+2.41); inside_industrial=1 (+2.06); dist_thermal_plant_km=6.746 (+1.02)"}},{"type":"Feature","geometry":{"type":"Point","coordinates":[86.20593,22.79614]},"properties":{"cell_id":"4559_17241","pred_class":"industrial_plant","n_detections":188,"frp_mean":3.5706,"frp_max":35.12,"night_frac":0.8298,"first_seen":"2024-01-01","last_seen":"2026-04-27","class_agreement":1.0,"top_reasons":"dist_industrial_km=1.369 (+3.37); is_persistent=1 (+2.40); inside_industrial=1 (+2.07); dist_thermal_plant_km=6.334 (+1.01)"}},{"type":"Feature","geometry":{"type":"Point","coordinates":[86.2089,22.79547]},"properties":{"cell_id":"4559_17242","pred_class":"industrial_plant","n_detections":183,"frp_mean":3.4256,"frp_max":21.29,"night_frac":0.7158,"first_seen":"2024-01-03","last_seen":"2026-04-24","class_agreement":1.0,"top_reasons":"dist_industrial_km=1.327 (+3.43); is_persistent=1 (+2.40); inside_industrial=1 (+2.04); dist_thermal_plant_km=6.07 (+1.01)"}},{"type":"Feature","geometry":{"type":"Point","coordinates":[86.08657,22.80014]},"properties":{"cell_id":"4560_17217","pred_class":"industrial_plant","n_detections":42,"frp_mean":1.8257,"frp_max":3.36,"night_frac":1.0,"first_seen":"2024-01-02","last_seen":"2026-03-28","class_agreement":1.0,"top_reasons":"dist_industrial_km=0.7716 (+5.00); is_persistent=1 (+2.49); dist_thermal_plant_km=5.086 (+0.85); dist_mining_km=4.321 (+0.76)"}},{"type":"Feature","geometry":{"type":"Point","coordinates":[86.09012,22.80011]},"properties":{"cell_id":"4560_17218","pred_class":"industrial_plant","n_detections":741,"frp_mean":1.7296,"frp_max":8.74,"night_frac":0.915,"first_seen":"2024-01-01","last_seen":"2026-04-25","class_agreement":1.0,"top_reasons":"dist_industrial_km=0.516 (+3.61); is_persistent=1 (+2.47); inside_industrial=1 (+1.89); dist_thermal_plant_km=5.283 (+1.02)"}},{"type":"Feature","geometry":{"type":"Point","coordinates":[86.09302,22.80071]},"properties":{"cell_id":"4560_17219","pred_class":"industrial_plant","n_detections":44,"frp_mean":1.632,"frp_max":5.26,"night_frac":0.8636,"first_seen":"2024-01-22","last_seen":"2026-02-14","class_agreement":1.0,"top_reasons":"dist_industrial_km=0.3701 (+3.85); is_persistent=1 (+2.49); inside_industrial=1 (+1.78); dist_thermal_plant_km=5.401 (+1.02)"}},{"type":"Feature","geometry":{"type":"Point","coordinates":[86.20082,22.79862]},"properties":{"cell_id":"4560_17240","pred_class":"industrial_plant","n_detections":92,"frp_mean":1.8168,"frp_max":6.85,"night_frac":0.913,"first_seen":"2024-01-06","last_seen":"2026-04-18","class_agreement":1.0,"top_reasons":"dist_industrial_km=1.481 (+3.43); is_persistent=1 (+2.43); inside_industrial=1 (+2.05); dist_thermal_plant_km=6.899 (+1.03)"}},{"type":"Feature","geometry":{"type":"Point","coordinates":[86.20574,22.7986]},"properties":{"cell_id":"4560_17241","pred_class":"industrial_plant","n_detections":168,"frp_mean":3.6361,"frp_max":20.68,"night_frac":0.7738,"first_seen":"2024-01-13","last_seen":"2026-04-22","class_agreement":1.0,"top_reasons":"dist_industrial_km=1.606 (+3.35); is_persistent=1 (+2.40); inside_industrial=1 (+2.08); dist_thermal_plant_km=6.545 (+1.01)"}},{"type":"Feature","geometry":{"type":"Point","coordinates":[86.20878,22.79849]},"properties":{"cell_id":"4560_17242","pred_class":"industrial_plant","n_detections":98,"frp_mean":4.6648,"frp_max":29.27,"night_frac":0.5,"first_seen":"2024-01-10","last_seen":"2026-04-19","class_agreement":1.0,"top_reasons":"dist_industrial_km=1.561 (+4.71); is_persistent=1 (+2.38); dist_thermal_plant_km=6.328 (+0.85); dist_mining_km=4.621 (+0.78)"}},{"type":"Feature","geometry":{"type":"Point","coordinates":[86.08975,22.80334]},"properties":{"cell_id":"4561_17218","pred_class":"industrial_plant","n_detections":125,"frp_mean":1.3827,"frp_max":3.73,"night_frac":0.984,"first_seen":"2024-01-02","last_seen":"2026-04-24","class_agreement":1.0,"top_reasons":"dist_industrial_km=0.3217 (+3.68); is_persistent=1 (+2.49); inside_industrial=1 (+1.90); dist_thermal_plant_km=4.967 (+1.02)"}},{"type":"Feature","geometry":{"type":"Point","coordinates":[86.08592,22.81051]},"properties":{"cell_id":"4562_17217","pred_class":"industrial_plant","n_detections":80,"frp_mean":1.4354,"frp_max":5.67,"night_frac":0.975,"first_seen":"2024-01-14","last_seen":"2026-04-21","class_agreement":1.0,"top_reasons":"dist_industrial_km=0.6024 (+4.30); is_persistent=1 (+2.05); dist_any_industry_km=0.6024 (+0.76); dist_thermal_plant_km=4.094 (-0.74)"}},{"type":"Feature","geometry":{"type":"Point","coordinates":[86.08895,22.80958]},"properties":{"cell_id":"4562_17218","pred_class":"industrial_plant","n_detections":127,"frp_mean":1.1988,"frp_max":3.08,"night_frac":1.0,"first_seen":"2024-01-04","last_seen":"2026-04-11","class_agreement":1.0,"top_reasons":"dist_industrial_km=0.7323 (+3.85); is_persistent=1 (+2.51); inside_industrial=1 (+1.69); dist_thermal_plant_km=4.37 (+0.99)"}},{"type":"Feature","geometry":{"type":"Point","coordinates":[86.0853,22.81517]},"properties":{"cell_id":"4563_17217","pred_class":"thermal_power","n_detections":40,"frp_mean":1.197,"frp_max":4.14,"night_frac":1.0,"first_seen":"2024-01-03","last_seen":"2026-04-27","class_agreement":1.0,"top_reasons":"dist_thermal_plant_km=3.656 (+7.60); dist_power_plant_km=1.461 (+0.44); is_persistent=1 (+0.40); dist_industrial_km=0.305 (+0.37)"}},{"type":"Feature","geometry":{"type":"Point","coordinates":[86.05597,22.85639]},"properties":{"cell_id":"4571_17211","pred_class":"thermal_power","n_detections":140,"frp_mean":0.9593,"frp_max":2.6,"night_frac":1.0,"first_seen":"2024-01-02","last_seen":"2026-04-05","class_agreement":1.0,"top_reasons":"dist_thermal_plant_km=1.956 (+9.22); is_persistent=1 (+0.54); dist_power_plant_km=2.105 (+0.50); nearest_plant_mw=540 (+0.16)"}},{"type":"Feature","geometry":{"type":"Point","coordinates":[86.05796,22.85627]},"properties":{"cell_id":"4571_17212","pred_class":"thermal_power","n_detections":50,"frp_mean":0.8506,"frp_max":2.13,"night_frac":1.0,"first_seen":"2024-01-08","last_seen":"2026-04-01","class_agreement":1.0,"top_reasons":"dist_thermal_plant_km=1.896 (+9.14); is_persistent=1 (+0.54); dist_power_plant_km=2.069 (+0.50); nearest_plant_mw=540 (+0.15)"}},{"type":"Feature","geometry":{"type":"Point","coordinates":[86.05586,22.8584]},"properties":{"cell_id":"4572_17211","pred_class":"thermal_power","n_detections":96,"frp_mean":0.8959,"frp_max":2.82,"night_frac":1.0,"first_seen":"2024-01-01","last_seen":"2026-03-26","class_agreement":1.0,"top_reasons":"dist_thermal_plant_km=2.174 (+9.22); is_persistent=1 (+0.55); dist_power_plant_km=2.328 (+0.50); nearest_plant_mw=540 (+0.16)"}},{"type":"Feature","geometry":{"type":"Point","coordinates":[86.05824,22.85858]},"properties":{"cell_id":"4572_17212","pred_class":"thermal_power","n_detections":25,"frp_mean":1.0608,"frp_max":3.62,"night_frac":0.96,"first_seen":"2024-01-04","last_seen":"2026-02-15","class_agreement":1.0,"top_reasons":"dist_thermal_plant_km=2.144 (+9.23); is_persistent=1 (+0.56); dist_power_plant_km=2.324 (+0.49); n_detections=25 (+0.17)"}},{"type":"Feature","geometry":{"type":"Point","coordinates":[86.0613,22.87187]},"properties":{"cell_id":"4574_17212","pred_class":"thermal_power","n_detections":57,"frp_mean":1.0091,"frp_max":1.81,"night_frac":1.0,"first_seen":"2024-01-09","last_seen":"2026-04-13","class_agreement":1.0,"top_reasons":"dist_thermal_plant_km=3.599 (+7.40); dist_power_plant_km=3.805 (+0.56); is_persistent=1 (+0.38); lc_crop_1km=0.2479 (-0.27)"}},{"type":"Feature","geometry":{"type":"Point","coordinates":[86.06351,22.87198]},"properties":{"cell_id":"4574_17213","pred_class":"thermal_power","n_detections":61,"frp_mean":1.1502,"frp_max":3.6,"night_frac":1.0,"first_seen":"2024-01-03","last_seen":"2026-04-22","class_agreement":1.0,"top_reasons":"dist_thermal_plant_km=3.619 (+7.93); dist_power_plant_km=3.837 (+0.54); is_persistent=1 (+0.39); dist_industrial_km=0.2662 (+0.26)"}},{"type":"Feature","geometry":{"type":"Point","coordinates":[86.06111,22.87452]},"properties":{"cell_id":"4575_17212","pred_class":"thermal_power","n_detections":346,"frp_mean":1.4729,"frp_max":6.23,"night_frac":0.9913,"first_seen":"2024-01-02","last_seen":"2026-04-18","class_agreement":1.0,"top_reasons":"dist_thermal_plant_km=3.894 (+8.26); dist_power_plant_km=4.099 (+0.60); is_persistent=1 (+0.41); dist_industrial_km=0.3054 (+0.27)"}},{"type":"Feature","geometry":{"type":"Point","coordinates":[86.06367,22.87447]},"properties":{"cell_id":"4575_17213","pred_class":"thermal_power","n_detections":302,"frp_mean":1.437,"frp_max":4.78,"night_frac":0.957,"first_seen":"2024-01-01","last_seen":"2026-04-26","class_agreement":1.0,"top_reasons":"dist_thermal_plant_km=3.896 (+8.38); dist_power_plant_km=4.114 (+0.57); is_persistent=1 (+0.42); dist_industrial_km=0.04573 (+0.23)"}},{"type":"Feature","geometry":{"type":"Point","coordinates":[69.70022,22.90685]},"properties":{"cell_id":"4581_13940","pred_class":"gas_flare","n_detections":31,"frp_mean":1.4526,"frp_max":4.16,"night_frac":1.0,"first_seen":"2024-01-19","last_seen":"2026-04-20","class_agreement":1.0,"top_reasons":"is_persistent=1 (+0.93); dist_industrial_km=3.987 (+0.86); dist_any_industry_km=3.987 (-0.84); inside_mining=0 (+0.57)"}},{"type":"Feature","geometry":{"type":"Point","coordinates":[69.87379,22.90657]},"properties":{"cell_id":"4581_13975","pred_class":"industrial_plant","n_detections":25,"frp_mean":0.7428,"frp_max":1.37,"night_frac":1.0,"first_seen":"2024-01-04","last_seen":"2025-12-27","class_agreement":1.0,"top_reasons":"dist_industrial_km=0.08768 (+3.55); is_persistent=1 (+2.50); inside_industrial=1 (+1.81); dist_thermal_plant_km=34.14 (+1.02)"}},{"type":"Feature","geometry":{"type":"Point","coordinates":[69.69653,22.90961]},"properties":{"cell_id":"4582_13939","pred_class":"gas_flare","n_detections":15,"frp_mean":1.5193,"frp_max":3.23,"night_frac":1.0,"first_seen":"2024-01-03","last_seen":"2026-02-02","class_agreement":1.0,"top_reasons":"is_persistent=1 (+0.90); dist_any_industry_km=3.777 (-0.65); dist_industrial_km=3.777 (+0.59); month_entropy=0.7782 (+0.39)"}},{"type":"Feature","geometry":{"type":"Point","coordinates":[69.69958,22.90918]},"properties":{"cell_id":"4582_13940","pred_class":"gas_flare","n_detections":87,"frp_mean":1.1482,"frp_max":3.31,"night_frac":1.0,"first_seen":"2024-01-02","last_seen":"2026-04-11","class_agreement":1.0,"top_reasons":"dist_any_industry_km=4.032 (-0.69); is_persistent=1 (+0.68); dist_industrial_km=4.032 (+0.57); inside_mining=0 (+0.39)"}},{"type":"Feature","geometry":{"type":"Point","coordinates":[69.87368,22.90818]},"properties":{"cell_id":"4582_13975","pred_class":"industrial_plant","n_detections":16,"frp_mean":0.5619,"frp_max":0.91,"night_frac":1.0,"first_seen":"2024-02-23","last_seen":"2026-02-02","class_agreement":1.0,"top_reasons":"dist_industrial_km=0.1172 (+3.46); is_persistent=1 (+2.45); inside_industrial=1 (+1.75); dist_thermal_plant_km=34.17 (+0.95)"}},{"type":"Feature","geometry":{"type":"Point","coordinates":[86.07161,22.91122]},"properties":{"cell_id":"4582_17214","pred_class":"industrial_plant","n_detections":27,"frp_mean":0.8196,"frp_max":4.02,"night_frac":1.0,"first_seen":"2024-01-01","last_seen":"2025-12-31","class_agreement":1.0,"top_reasons":"dist_industrial_km=0.3411 (+5.00); is_persistent=1 (+2.53); dist_thermal_plant_km=8.044 (+0.90); dist_mining_km=2.614 (+0.72)"}},{"type":"Feature","geometry":{"type":"Point","coordinates":[86.07341,22.91122]},"properties":{"cell_id":"4582_17215","pred_class":"industrial_plant","n_detections":40,"frp_mean":0.6975,"frp_max":1.7,"night_frac":1.0,"first_seen":"2024-01-09","last_seen":"2025-12-31","class_agreement":1.0,"top_reasons":"dist_industrial_km=0.238 (+3.80); is_persistent=1 (+2.50); inside_industrial=1 (+1.77); dist_thermal_plant_km=8.07 (+1.04)"}},{"type":"Feature","geometry":{"type":"Point","coordinates":[69.82203,22.92596]},"properties":{"cell_id":"4585_13964","pred_class":"industrial_plant","n_detections":40,"frp_mean":0.8473,"frp_max":1.57,"night_frac":1.0,"first_seen":"2024-01-03","last_seen":"2026-04-20","class_agreement":1.0,"top_reasons":"dist_industrial_km=0.2035 (+3.24); is_persistent=1 (+2.52); inside_industrial=1 (+1.93); dist_thermal_plant_km=29.83 (+1.03)"}},{"type":"Feature","geometry":{"type":"Point","coordinates":[69.82407,22.92608]},"properties":{"cell_id":"4585_13965","pred_class":"industrial_plant","n_detections":158,"frp_mean":0.9153,"frp_max":2.11,"night_frac":1.0,"first_seen":"2024-01-01","last_seen":"2026-04-23","class_agreement":1.0,"top_reasons":"dist_industrial_km=0.1978 (+3.20); is_persistent=1 (+2.52); inside_industrial=1 (+1.91); dist_thermal_plant_km=30.02 (+1.03)"}},{"type":"Feature","geometry":{"type":"Point","coordinates":[70.10618,22.92537]},"properties":{"cell_id":"4585_14021","pred_class":"industrial_plant","n_detections":39,"frp_mean":6.2597,"frp_max":45.53,"night_frac":0.8205,"first_seen":"2024-01-09","last_seen":"2026-04-27","class_agreement":1.0,"top_reasons":"is_persistent=1 (+2.39); dist_industrial_km=1.408 (+2.32); inside_industrial=1 (+1.72); dist_thermal_plant_km=57.79 (+0.93)"}},{"type":"Feature","geometry":{"type":"Point","coordinates":[70.10916,22.9251]},"properties":{"cell_id":"4585_14022","pred_class":"industrial_plant","n_detections":38,"frp_mean":8.64,"frp_max":45.53,"night_frac":0.5789,"first_seen":"2024-01-14","last_seen":"2026-04-26","class_agreement":1.0,"top_reasons":"dist_industrial_km=1.46 (+4.21); is_persistent=1 (+2.37); dist_thermal_plant_km=58.08 (+0.83); dist_mining_km=17.38 (+0.70)"}},{"type":"Feature","geometry":{"type":"Point","coordinates":[69.70105,22.93143]},"properties":{"cell_id":"4586_13940","pred_class":"gas_flare","n_detections":42,"frp_mean":1.291,"frp_max":4.15,"night_frac":1.0,"first_seen":"2026-01-04","last_seen":"2026-04-26","class_agreement":0.6905,"top_reasons":"is_persistent=1 (+0.70); dist_industrial_km=4.976 (+0.40); dist_any_industry_km=4.976 (-0.32); lc_tree_5km=0.02413 (+0.31)"}},{"type":"Feature","geometry":{"type":"Point","coordinates":[69.70388,22.9309]},"properties":{"cell_id":"4586_13941","pred_class":"gas_flare","n_detections":43,"frp_mean":1.3202,"frp_max":2.76,"night_frac":0.9302,"first_seen":"2026-01-03","last_seen":"2026-04-27","class_agreement":0.6512,"top_reasons":"is_persistent=1 (+0.70); dist_industrial_km=4.898 (+0.40); dist_any_industry_km=4.898 (-0.31); lc_tree_5km=0.02182 (+0.30)"}},{"type":"Feature","geometry":{"type":"Point","coordinates":[69.82376,22.928]},"properties":{"cell_id":"4586_13965","pred_class":"industrial_plant","n_detections":37,"frp_mean":0.8503,"frp_max":1.72,"night_frac":1.0,"first_seen":"2024-01-19","last_seen":"2026-03-31","class_agreement":1.0,"top_reasons":"dist_industrial_km=0.0924 (+3.47); is_persistent=1 (+2.51); inside_industrial=1 (+1.86); dist_thermal_plant_km=30.08 (+1.02)"}},{"type":"Feature","geometry":{"type":"Point","coordinates":[70.10609,22.93006]},"properties":{"cell_id":"4586_14021","pred_class":"industrial_plant","n_detections":69,"frp_mean":2.5354,"frp_max":18.03,"night_frac":0.7971,"first_seen":"2025-11-03","last_seen":"2026-04-26","class_agreement":1.0,"top_reasons":"dist_industrial_km=1.923 (+2.76); is_persistent=1 (+2.35); inside_industrial=1 (+1.60); dist_thermal_plant_km=57.88 (+0.93)"}},{"type":"Feature","geometry":{"type":"Point","coordinates":[70.10856,22.93031]},"properties":{"cell_id":"4586_14022","pred_class":"industrial_plant","n_detections":42,"frp_mean":3.3845,"frp_max":10.97,"night_frac":0.619,"first_seen":"2025-01-13","last_seen":"2026-04-22","class_agreement":1.0,"top_reasons":"dist_industrial_km=1.995 (+2.80); is_persistent=1 (+2.06); lc_water_5km=0.5012 (+1.04); dist_thermal_plant_km=58.13 (+0.62)"}},{"type":"Feature","geometry":{"type":"Point","coordinates":[69.69622,22.93527]},"properties":{"cell_id":"4587_13939","pred_class":"gas_flare","n_detections":41,"frp_mean":1.3444,"frp_max":2.76,"night_frac":1.0,"first_seen":"2024-01-03","last_seen":"2026-04-24","class_agreement":1.0,"top_reasons":"is_persistent=1 (+0.82); dist_any_industry_km=4.875 (-0.42); dist_industrial_km=4.875 (+0.41); lc_tree_5km=0.02512 (+0.30)"}},{"type":"Feature","geometry":{"type":"Point","coordinates":[69.69946,22.93507]},"properties":{"cell_id":"4587_13940","pred_class":"gas_flare","n_detections":57,"frp_mean":1.2809,"frp_max":4.88,"night_frac":0.9649,"first_seen":"2024-01-05","last_seen":"2026-04-22","class_agreement":1.0,"top_reasons":"is_persistent=1 (+0.86); dist_industrial_km=4.708 (+0.61); dist_any_industry_km=4.708 (-0.53); inside_industrial=0 (+0.44)"}},{"type":"Feature","geometry":{"type":"Point","coordinates":[69.70378,22.93362]},"properties":{"cell_id":"4587_13941","pred_class":"gas_flare","n_detections":19,"frp_mean":0.9784,"frp_max":2.25,"night_frac":1.0,"first_seen":"2026-01-01","last_seen":"2026-04-26","class_agreement":0.8421,"top_reasons":"is_persistent=1 (+0.76); n_detections=19 (+0.52); n_active_days=19 (+0.45); dist_industrial_km=4.63 (+0.43)"}},{"type":"Feature","geometry":{"type":"Point","coordinates":[69.69613,22.93859]},"properties":{"cell_id":"4588_13939","pred_class":"gas_flare","n_detections":31,"frp_mean":1.2616,"frp_max":3.96,"night_frac":1.0,"first_seen":"2024-01-02","last_seen":"2024-08-18","class_agreement":1.0,"top_reasons":"is_persistent=1 (+0.74); dist_industrial_km=4.587 (+0.67); dist_any_industry_km=4.587 (-0.58); month_entropy=0.711 (+0.44)"}},{"type":"Feature","geometry":{"type":"Point","coordinates":[69.6988,22.93858]},"properties":{"cell_id":"4588_13940","pred_class":"gas_flare","n_detections":32,"frp_mean":1.2516,"frp_max":5.93,"night_frac":0.9375,"first_seen":"2024-01-01","last_seen":"2024-06-15","class_agreement":1.0,"top_reasons":"is_persistent=1 (+0.73); dist_industrial_km=4.423 (+0.63); dist_any_industry_km=4.423 (-0.44); month_entropy=0.6414 (+0.40)"}},{"type":"Feature","geometry":{"type":"Point","coordinates":[85.99682,22.9636]},"properties":{"cell_id":"4593_17199","pred_class":"mining","n_detections":27,"frp_mean":0.5015,"frp_max":0.75,"night_frac":1.0,"first_seen":"2024-01-10","last_seen":"2026-03-05","class_agreement":1.0,"top_reasons":"dist_mining_km=0.4077 (+9.21); dist_thermal_plant_km=15.3 (+0.30); frp_mean=0.5015 (+0.18); dist_flare_km=307.2 (+0.15)"}},{"type":"Feature","geometry":{"type":"Point","coordinates":[85.99859,22.9637]},"properties":{"cell_id":"4593_17200","pred_class":"mining","n_detections":35,"frp_mean":0.4574,"frp_max":0.75,"night_frac":1.0,"first_seen":"2024-01-12","last_seen":"2026-04-14","class_agreement":1.0,"top_reasons":"dist_mining_km=0.3258 (+9.21); dist_thermal_plant_km=15.23 (+0.30); frp_mean=0.4574 (+0.21); dist_any_industry_km=0.1375 (+0.14)"}},{"type":"Feature","geometry":{"type":"Point","coordinates":[72.56511,22.97652]},"properties":{"cell_id":"4595_14513","pred_class":"industrial_plant","n_detections":96,"frp_mean":1.0106,"frp_max":2.99,"night_frac":1.0,"first_seen":"2024-01-02","last_seen":"2026-04-23","class_agreement":1.0,"top_reasons":"dist_industrial_km=0.3438 (+4.71); is_persistent=1 (+2.32); dist_thermal_plant_km=10.8 (+0.90); dist_mining_km=76.2 (+0.83)"}},{"type":"Feature","geometry":{"type":"Point","coordinates":[72.56516,22.97899]},"properties":{"cell_id":"4596_14513","pred_class":"industrial_plant","n_detections":155,"frp_mean":1.2801,"frp_max":6.02,"night_frac":1.0,"first_seen":"2024-01-01","last_seen":"2026-04-23","class_agreement":1.0,"top_reasons":"dist_industrial_km=0.3158 (+4.67); is_persistent=1 (+2.36); dist_thermal_plant_km=10.53 (+0.90); dist_mining_km=76.46 (+0.81)"}},{"type":"Feature","geometry":{"type":"Point","coordinates":[72.56802,22.97928]},"properties":{"cell_id":"4596_14514","pred_class":"industrial_plant","n_detections":22,"frp_mean":1.2223,"frp_max":3.64,"night_frac":0.9545,"first_seen":"2024-01-13","last_seen":"2026-02-18","class_agreement":1.0,"top_reasons":"dist_industrial_km=0.1412 (+4.78); is_persistent=1 (+2.30); dist_thermal_plant_km=10.42 (+0.89); dist_mining_km=76.4 (+0.79)"}},{"type":"Feature","geometry":{"type":"Point","coordinates":[72.58664,22.98878]},"properties":{"cell_id":"4598_14517","pred_class":"industrial_plant","n_detections":18,"frp_mean":0.8133,"frp_max":5.05,"night_frac":1.0,"first_seen":"2024-02-05","last_seen":"2025-04-02","class_agreement":1.0,"top_reasons":"dist_industrial_km=0.8217 (+4.74); is_persistent=1 (+2.31); dist_thermal_plant_km=9.068 (+0.84); dist_mining_km=76.88 (+0.75)"}},{"type":"Feature","geometry":{"type":"Point","coordinates":[72.58861,22.98871]},"properties":{"cell_id":"4598_14518","pred_class":"industrial_plant","n_detections":31,"frp_mean":0.6768,"frp_max":3.53,"night_frac":1.0,"first_seen":"2024-01-02","last_seen":"2025-02-11","class_agreement":1.0,"top_reasons":"dist_industrial_km=0.9883 (+4.77); is_persistent=1 (+2.34); dist_thermal_plant_km=9.063 (+0.88); dist_mining_km=76.82 (+0.76)"}},{"type":"Feature","geometry":{"type":"Point","coordinates":[70.10153,23.01424]},"properties":{"cell_id":"4603_14020","pred_class":"industrial_plant","n_detections":65,"frp_mean":1.1018,"frp_max":4.02,"night_frac":0.9846,"first_seen":"2024-01-03","last_seen":"2026-01-07","class_agreement":1.0,"top_reasons":"dist_industrial_km=0.2656 (+5.20); is_persistent=1 (+2.52); dist_thermal_plant_km=60.05 (+0.89); dist_mining_km=8.487 (+0.70)"}},{"type":"Feature","geometry":{"type":"Point","coordinates":[70.10375,23.01443]},"properties":{"cell_id":"4603_14021","pred_class":"industrial_plant","n_detections":124,"frp_mean":1.0684,"frp_max":10.4,"night_frac":0.9919,"first_seen":"2024-01-01","last_seen":"2025-09-11","class_agreement":1.0,"top_reasons":"dist_industrial_km=0.08405 (+3.68); is_persistent=1 (+2.50); inside_industrial=1 (+1.72); dist_thermal_plant_km=60.27 (+1.04)"}},{"type":"Feature","geometry":{"type":"Point","coordinates":[86.16063,23.03112]},"properties":{"cell_id":"4606_17232","pred_class":"wildfire","n_detections":18,"frp_mean":0.5217,"frp_max":0.87,"night_frac":1.0,"first_seen":"2024-01-16","last_seen":"2026-04-16","class_agreement":1.0,"top_reasons":"lc_built_5km=0.009917 (-3.64); lc_tree_1km=0.6446 (+3.03); n_detections=18 (-0.99); dist_industrial_km=12.76 (+0.79)"}},{"type":"Feature","geometry":{"type":"Point","coordinates":[69.99437,23.0555]},"properties":{"cell_id":"4611_13999","pred_class":"gas_flare","n_detections":30,"frp_mean":0.724,"frp_max":1.67,"night_frac":1.0,"first_seen":"2024-01-08","last_seen":"2026-04-18","class_agreement":1.0,"top_reasons":"dist_industrial_km=2.995 (+1.57); is_persistent=1 (+1.56); dist_any_industry_km=2.995 (+0.94); inside_mining=0 (+0.86)"}},{"type":"Feature","geometry":{"type":"Point","coordinates":[70.18662,23.1049]},"properties":{"cell_id":"4621_14037","pred_class":"industrial_plant","n_detections":42,"frp_mean":0.8505,"frp_max":3.32,"night_frac":1.0,"first_seen":"2024-01-09","last_seen":"2026-03-30","class_agreement":1.0,"top_reasons":"dist_industrial_km=0.2955 (+3.59); is_persistent=1 (+2.51); inside_industrial=1 (+1.75); dist_thermal_plant_km=72.03 (+1.04)"}},{"type":"Feature","geometry":{"type":"Point","coordinates":[70.18876,23.10524]},"properties":{"cell_id":"4621_14038","pred_class":"industrial_plant","n_detections":66,"frp_mean":0.9188,"frp_max":5.67,"night_frac":0.9848,"first_seen":"2024-01-02","last_seen":"2026-01-10","class_agreement":1.0,"top_reasons":"dist_industrial_km=0.2084 (+3.63); is_persistent=1 (+2.50); inside_industrial=1 (+1.72); dist_thermal_plant_km=72.24 (+1.03)"}},{"type":"Feature","geometry":{"type":"Point","coordinates":[70.0856,23.11479]},"properties":{"cell_id":"4623_14017","pred_class":"industrial_plant","n_detections":62,"frp_mean":0.9879,"frp_max":1.97,"night_frac":1.0,"first_seen":"2024-01-03","last_seen":"2026-04-20","class_agreement":1.0,"top_reasons":"dist_industrial_km=1.021 (+3.41); is_persistent=1 (+2.48); inside_industrial=1 (+1.83); dist_thermal_plant_km=63.43 (+1.01)"}},{"type":"Feature","geometry":{"type":"Point","coordinates":[70.08504,23.12042]},"properties":{"cell_id":"4624_14017","pred_class":"industrial_plant","n_detections":84,"frp_mean":2.6893,"frp_max":17.93,"night_frac":0.7738,"first_seen":"2024-01-05","last_seen":"2026-04-17","class_agreement":1.0,"top_reasons":"dist_industrial_km=1.203 (+5.02); is_persistent=1 (+2.49); dist_thermal_plant_km=63.7 (+0.85); dist_mining_km=7.023 (+0.76)"}},{"type":"Feature","geometry":{"type":"Point","coordinates":[70.08478,23.12326]},"properties":{"cell_id":"4625_14017","pred_class":"industrial_plant","n_detections":30,"frp_mean":1.3767,"frp_max":4.0,"night_frac":0.9,"first_seen":"2024-01-20","last_seen":"2026-04-13","class_agreement":1.0,"top_reasons":"dist_industrial_km=0.9139 (+5.03); is_persistent=1 (+2.49); dist_thermal_plant_km=63.85 (+0.88); dist_mining_km=7.266 (+0.77)"}},{"type":"Feature","geometry":{"type":"Point","coordinates":[82.33512,23.1618]},"properties":{"cell_id":"4632_16467","pred_class":"mining","n_detections":136,"frp_mean":2.6745,"frp_max":7.2,"night_frac":0.9338,"first_seen":"2025-01-20","last_seen":"2026-04-09","class_agreement":1.0,"top_reasons":"dist_mining_km=1.399 (+2.33); inside_mining=0 (-1.64); lc_grass_5km=0.3286 (+0.31); lc_bare_5km=0.04595 (+0.29)"}},{"type":"Feature","geometry":{"type":"Point","coordinates":[82.33858,23.16201]},"properties":{"cell_id":"4632_16468","pred_class":"mining","n_detections":31,"frp_mean":2.7029,"frp_max":5.35,"night_frac":0.871,"first_seen":"2024-03-22","last_seen":"2026-04-24","class_agreement":1.0,"top_reasons":"dist_mining_km=1.304 (+2.17); inside_mining=0 (-1.50); lc_grass_5km=0.3441 (+0.33); lc_bare_5km=0.04595 (+0.24)"}},{"type":"Feature","geometry":{"type":"Point","coordinates":[82.33166,23.16477]},"properties":{"cell_id":"4633_16466","pred_class":"mining","n_detections":54,"frp_mean":4.1702,"frp_max":8.67,"night_frac":0.9815,"first_seen":"2025-02-21","last_seen":"2026-03-27","class_agreement":1.0,"top_reasons":"dist_mining_km=1.279 (+2.34); inside_mining=0 (-1.64); lc_bare_5km=0.04595 (+0.32); lc_grass_5km=0.3015 (+0.29)"}},{"type":"Feature","geometry":{"type":"Point","coordinates":[82.3355,23.16503]},"properties":{"cell_id":"4633_16467","pred_class":"mining","n_detections":818,"frp_mean":3.4259,"frp_max":15.1,"night_frac":0.7359,"first_seen":"2024-01-01","last_seen":"2026-04-26","class_agreement":1.0,"top_reasons":"dist_mining_km=1.049 (+7.07); lc_grass_1km=0.3884 (+0.45); inside_mining=0 (-0.33); lc_grass_5km=0.3299 (+0.30)"}},{"type":"Feature","geometry":{"type":"Point","coordinates":[82.34004,23.16547]},"properties":{"cell_id":"4633_16468","pred_class":"mining","n_detections":1135,"frp_mean":3.5331,"frp_max":14.65,"night_frac":0.6828,"first_seen":"2024-01-01","last_seen":"2026-04-27","class_agreement":1.0,"top_reasons":"dist_mining_km=0.9172 (+9.16); lc_grass_5km=0.3468 (+0.29); dist_thermal_plant_km=57.69 (+0.25); lc_grass_1km=0.5207 (+0.21)"}},{"type":"Feature","geometry":{"type":"Point","coordinates":[82.34366,23.166]},"properties":{"cell_id":"4633_16469","pred_class":"mining","n_detections":442,"frp_mean":3.0495,"frp_max":15.14,"night_frac":0.6606,"first_seen":"2024-01-03","last_seen":"2026-04-26","class_agreement":1.0,"top_reasons":"dist_mining_km=0.954 (+7.36); lc_grass_5km=0.357 (+0.37); lc_grass_1km=0.5702 (+0.34); lc_bare_5km=0.04595 (+0.26)"}},{"type":"Feature","geometry":{"type":"Point","coordinates":[70.21847,23.17057]},"properties":{"cell_id":"4634_14044","pred_class":"industrial_plant","n_detections":21,"frp_mean":0.6548,"frp_max":1.02,"night_frac":1.0,"first_seen":"2024-01-05","last_seen":"2026-04-02","class_agreement":1.0,"top_reasons":"dist_industrial_km=0.131 (+3.50); is_persistent=1 (+2.43); inside_industrial=1 (+1.77); dist_thermal_plant_km=78.3 (+1.03)"}},{"type":"Feature","geometry":{"type":"Point","coordinates":[82.33548,23.16842]},"properties":{"cell_id":"4634_16467","pred_class":"mining","n_detections":200,"frp_mean":2.5428,"frp_max":9.7,"night_frac":0.915,"first_seen":"2024-02-02","last_seen":"2026-04-24","class_agreement":1.0,"top_reasons":"dist_mining_km=0.7187 (+8.91); lc_grass_5km=0.3236 (+0.30); dist_thermal_plant_km=57.3 (+0.29); lc_bare_5km=0.04595 (+0.26)"}},{"type":"Feature","geometry":{"type":"Point","coordinates":[82.34044,23.16861]},"properties":{"cell_id":"4634_16468","pred_class":"mining","n_detections":420,"frp_mean":2.6898,"frp_max":10.65,"night_frac":0.8405,"first_seen":"2024-01-01","last_seen":"2026-04-24","class_agreement":1.0,"top_reasons":"dist_mining_km=0.5736 (+5.07); inside_mining=1 (+4.67); dist_thermal_plant_km=57.8 (+0.33); lc_grass_5km=0.3395 (+0.14)"}},{"type":"Feature","geometry":{"type":"Point","coordinates":[82.34395,23.1688]},"properties":{"cell_id":"4634_16469","pred_class":"mining","n_detections":300,"frp_mean":2.6533,"frp_max":10.12,"night_frac":0.7533,"first_seen":"2024-01-03","last_seen":"2026-04-27","class_agreement":1.0,"top_reasons":"dist_mining_km=0.7072 (+9.14); dist_thermal_plant_km=58.15 (+0.31); lc_grass_5km=0.3488 (+0.25); lc_bare_5km=0.04595 (+0.24)"}},{"type":"Feature","geometry":{"type":"Point","coordinates":[82.34127,23.17609]},"properties":{"cell_id":"4635_16468","pred_class":"mining","n_detections":41,"frp_mean":1.4224,"frp_max":6.4,"night_frac":0.9512,"first_seen":"2024-01-06","last_seen":"2025-12-25","class_agreement":1.0,"top_reasons":"dist_mining_km=0.3195 (+5.27); inside_mining=1 (+4.70); dist_thermal_plant_km=58.05 (+0.32); lc_bare_5km=0.04661 (+0.13)"}},{"type":"Feature","geometry":{"type":"Point","coordinates":[82.34479,23.17513]},"properties":{"cell_id":"4635_16469","pred_class":"mining","n_detections":62,"frp_mean":1.4455,"frp_max":7.51,"night_frac":0.9194,"first_seen":"2024-01-15","last_seen":"2025-12-02","class_agreement":1.0,"top_reasons":"dist_mining_km=0.5596 (+5.27); inside_mining=1 (+4.70); dist_thermal_plant_km=58.38 (+0.32); lc_grass_5km=0.3203 (+0.14)"}},{"type":"Feature","geometry":{"type":"Point","coordinates":[82.34076,23.17809]},"properties":{"cell_id":"4636_16468","pred_class":"mining","n_detections":21,"frp_mean":0.9381,"frp_max":2.21,"night_frac":1.0,"first_seen":"2024-01-11","last_seen":"2025-12-06","class_agreement":1.0,"top_reasons":"dist_mining_km=0.5034 (+5.24); inside_mining=1 (+4.79); dist_thermal_plant_km=58.05 (+0.29); lc_bare_5km=0.04661 (+0.13)"}},{"type":"Feature","geometry":{"type":"Point","coordinates":[69.86855,23.24682]},"properties":{"cell_id":"4649_13974","pred_class":"industrial_plant","n_detections":15,"frp_mean":0.8227,"frp_max":1.29,"night_frac":1.0,"first_seen":"2024-03-21","last_seen":"2026-03-23","class_agreement":1.0,"top_reasons":"dist_industrial_km=0.5844 (+3.54); is_persistent=1 (+2.49); inside_industrial=1 (+1.76); dist_thermal_plant_km=57.12 (+0.97)"}},{"type":"Feature","geometry":{"type":"Point","coordinates":[70.26139,23.2564]},"properties":{"cell_id":"4651_14052","pred_class":"industrial_plant","n_detections":40,"frp_mean":1.022,"frp_max":2.43,"night_frac":1.0,"first_seen":"2024-01-02","last_seen":"2026-04-19","class_agreement":1.0,"top_reasons":"dist_industrial_km=0.4299 (+3.48); is_persistent=1 (+2.51); inside_industrial=1 (+1.81); dist_thermal_plant_km=87.03 (+1.04)"}},{"type":"Feature","geometry":{"type":"Point","coordinates":[70.25056,23.26152]},"properties":{"cell_id":"4652_14050","pred_class":"industrial_plant","n_detections":22,"frp_mean":1.1791,"frp_max":6.12,"night_frac":0.9545,"first_seen":"2024-01-02","last_seen":"2024-12-28","class_agreement":1.0,"top_reasons":"dist_industrial_km=0.8448 (+5.26); is_persistent=1 (+2.50); dist_thermal_plant_km=86.43 (+0.87); dist_mining_km=3.195 (+0.73)"}},{"type":"Feature","geometry":{"type":"Point","coordinates":[70.26135,23.25875]},"properties":{"cell_id":"4652_14052","pred_class":"industrial_plant","n_detections":15,"frp_mean":0.9567,"frp_max":1.96,"night_frac":1.0,"first_seen":"2024-01-10","last_seen":"2026-04-08","class_agreement":1.0,"top_reasons":"dist_industrial_km=0.2015 (+3.49); is_persistent=1 (+2.46); inside_industrial=1 (+1.71); dist_thermal_plant_km=87.17 (+0.97)"}},{"type":"Feature","geometry":{"type":"Point","coordinates":[70.25055,23.26395]},"properties":{"cell_id":"4653_14050","pred_class":"industrial_plant","n_detections":47,"frp_mean":1.176,"frp_max":2.54,"night_frac":0.9787,"first_seen":"2024-01-02","last_seen":"2025-02-08","class_agreement":1.0,"top_reasons":"dist_industrial_km=0.6638 (+3.72); is_persistent=1 (+2.51); inside_industrial=1 (+1.76); dist_thermal_plant_km=86.58 (+0.99)"}},{"type":"Feature","geometry":{"type":"Point","coordinates":[70.25573,23.26573]},"properties":{"cell_id":"4653_14051","pred_class":"industrial_plant","n_detections":34,"frp_mean":0.9406,"frp_max":1.72,"night_frac":1.0,"first_seen":"2024-01-01","last_seen":"2026-04-08","class_agreement":1.0,"top_reasons":"dist_industrial_km=0.1742 (+3.58); is_persistent=1 (+2.44); inside_industrial=1 (+1.74); dist_thermal_plant_km=87.13 (+1.03)"}},{"type":"Feature","geometry":{"type":"Point","coordinates":[70.2596,23.26538]},"properties":{"cell_id":"4653_14052","pred_class":"industrial_plant","n_detections":153,"frp_mean":1.1205,"frp_max":2.61,"night_frac":1.0,"first_seen":"2024-01-01","last_seen":"2026-04-19","class_agreement":1.0,"top_reasons":"dist_industrial_km=0.4288 (+3.51); is_persistent=1 (+2.50); inside_industrial=1 (+1.79); dist_thermal_plant_km=87.43 (+1.04)"}},{"type":"Feature","geometry":{"type":"Point","coordinates":[70.28111,23.26587]},"properties":{"cell_id":"4653_14056","pred_class":"industrial_plant","n_detections":40,"frp_mean":0.705,"frp_max":2.15,"night_frac":1.0,"first_seen":"2024-08-13","last_seen":"2026-04-23","class_agreement":1.0,"top_reasons":"dist_industrial_km=0.1631 (+3.70); is_persistent=1 (+2.50); inside_industrial=1 (+1.79); dist_thermal_plant_km=89.29 (+1.04)"}},{"type":"Feature","geometry":{"type":"Point","coordinates":[70.25665,23.26804]},"properties":{"cell_id":"4654_14051","pred_class":"industrial_plant","n_detections":16,"frp_mean":0.9031,"frp_max":2.45,"night_frac":1.0,"first_seen":"2024-01-02","last_seen":"2025-12-06","class_agreement":1.0,"top_reasons":"dist_industrial_km=0.11 (+3.68); is_persistent=1 (+2.49); inside_industrial=1 (+1.54); dist_thermal_plant_km=87.35 (+0.98)"}},{"type":"Feature","geometry":{"type":"Point","coordinates":[70.25888,23.26792]},"properties":{"cell_id":"4654_14052","pred_class":"industrial_plant","n_detections":25,"frp_mean":0.7852,"frp_max":1.5,"night_frac":1.0,"first_seen":"2024-02-02","last_seen":"2026-03-01","class_agreement":1.0,"top_reasons":"dist_industrial_km=0.3075 (+3.74); is_persistent=1 (+2.50); inside_industrial=1 (+1.73); dist_thermal_plant_km=87.53 (+1.04)"}},{"type":"Feature","geometry":{"type":"Point","coordinates":[87.87,23.28591]},"properties":{"cell_id":"4657_17574","pred_class":"industrial_plant","n_detections":36,"frp_mean":1.1289,"frp_max":3.27,"night_frac":0.9444,"first_seen":"2024-02-20","last_seen":"2026-04-09","class_agreement":1.0,"top_reasons":"dist_industrial_km=0.03932 (+3.17); is_persistent=1 (+2.53); inside_industrial=1 (+1.88); dist_thermal_plant_km=63.45 (+1.03)"}},{"type":"Feature","geometry":{"type":"Point","coordinates":[70.4763,23.30488]},"properties":{"cell_id":"4661_14095","pred_class":"industrial_plant","n_detections":25,"frp_mean":0.96,"frp_max":1.55,"night_frac":1.0,"first_seen":"2024-01-01","last_seen":"2026-02-13","class_agreement":1.0,"top_reasons":"dist_industrial_km=0.2298 (+2.92); is_persistent=1 (+2.51); inside_industrial=1 (+2.05); dist_thermal_plant_km=108.6 (+0.95)"}},{"type":"Feature","geometry":{"type":"Point","coordinates":[70.19997,23.31196]},"properties":{"cell_id":"4662_14040","pred_class":"gas_flare","n_detections":21,"frp_mean":0.8305,"frp_max":1.33,"night_frac":1.0,"first_seen":"2024-01-04","last_seen":"2026-04-14","class_agreement":1.0,"top_reasons":"is_persistent=1 (+0.98); dist_industrial_km=4.517 (+0.69); dist_any_industry_km=4.517 (-0.64); inside_industrial=0 (+0.51)"}},{"type":"Feature","geometry":{"type":"Point","coordinates":[70.19978,23.31383]},"properties":{"cell_id":"4663_14040","pred_class":"gas_flare","n_detections":108,"frp_mean":0.7123,"frp_max":1.44,"night_frac":1.0,"first_seen":"2024-01-01","last_seen":"2026-04-07","class_agreement":1.0,"top_reasons":"is_persistent=1 (+0.85); dist_industrial_km=4.417 (+0.60); dist_any_industry_km=4.417 (-0.58); inside_industrial=0 (+0.44)"}},{"type":"Feature","geometry":{"type":"Point","coordinates":[70.48626,23.31522]},"properties":{"cell_id":"4663_14097","pred_class":"industrial_plant","n_detections":171,"frp_mean":1.1235,"frp_max":4.82,"night_frac":1.0,"first_seen":"2024-01-01","last_seen":"2026-04-20","class_agreement":1.0,"top_reasons":"dist_industrial_km=0.4006 (+2.71); is_persistent=1 (+2.55); inside_industrial=1 (+2.09); dist_thermal_plant_km=110 (+0.94)"}},{"type":"Feature","geometry":{"type":"Point","coordinates":[70.48826,23.3152]},"properties":{"cell_id":"4663_14098","pred_class":"industrial_plant","n_detections":106,"frp_mean":1.0882,"frp_max":2.44,"night_frac":1.0,"first_seen":"2024-01-02","last_seen":"2026-04-23","class_agreement":1.0,"top_reasons":"dist_industrial_km=0.2008 (+2.63); is_persistent=1 (+2.53); inside_industrial=1 (+2.12); dist_thermal_plant_km=110.2 (+0.91)"}},{"type":"Feature","geometry":{"type":"Point","coordinates":[70.21409,23.3265]},"properties":{"cell_id":"4665_14043","pred_class":"gas_flare","n_detections":39,"frp_mean":0.8021,"frp_max":1.62,"night_frac":1.0,"first_seen":"2024-01-10","last_seen":"2026-02-15","class_agreement":1.0,"top_reasons":"is_persistent=1 (+2.03); dist_industrial_km=2.462 (+1.87); dist_any_industry_km=2.462 (+1.14); inside_mining=0 (+1.01)"}},{"type":"Feature","geometry":{"type":"Point","coordinates":[70.21382,23.32859]},"properties":{"cell_id":"4666_14043","pred_class":"gas_flare","n_detections":51,"frp_mean":0.8457,"frp_max":2.05,"night_frac":1.0,"first_seen":"2024-01-03","last_seen":"2026-03-03","class_agreement":1.0,"top_reasons":"is_persistent=1 (+1.81); dist_industrial_km=2.408 (+1.64); dist_any_industry_km=2.408 (+1.02); inside_mining=0 (+0.95)"}},{"type":"Feature","geometry":{"type":"Point","coordinates":[72.41569,23.40702]},"properties":{"cell_id":"4681_14483","pred_class":"industrial_plant","n_detections":28,"frp_mean":0.8864,"frp_max":2.93,"night_frac":0.9286,"first_seen":"2024-01-02","last_seen":"2025-12-20","class_agreement":1.0,"top_reasons":"dist_industrial_km=0.3863 (+5.19); is_persistent=1 (+2.55); dist_thermal_plant_km=41.63 (+0.92); dist_mining_km=59.72 (+0.75)"}},{"type":"Feature","geometry":{"type":"Point","coordinates":[72.41864,23.40649]},"properties":{"cell_id":"4681_14484","pred_class":"industrial_plant","n_detections":16,"frp_mean":0.9363,"frp_max":2.39,"night_frac":0.875,"first_seen":"2024-01-02","last_seen":"2026-04-11","class_agreement":1.0,"top_reasons":"dist_industrial_km=0.3662 (+5.15); is_persistent=1 (+2.53); dist_thermal_plant_km=41.44 (+0.92); dist_mining_km=59.47 (+0.76)"}},{"type":"Feature","geometry":{"type":"Point","coordinates":[72.41588,23.40882]},"properties":{"cell_id":"4682_14483","pred_class":"industrial_plant","n_detections":69,"frp_mean":0.7857,"frp_max":2.0,"night_frac":1.0,"first_seen":"2024-01-01","last_seen":"2026-04-18","class_agreement":1.0,"top_reasons":"dist_industrial_km=0.5061 (+5.19); is_persistent=1 (+2.55); dist_thermal_plant_km=41.8 (+0.92); dist_mining_km=59.62 (+0.72)"}},{"type":"Feature","geometry":{"type":"Point","coordinates":[72.41855,23.40871]},"properties":{"cell_id":"4682_14484","pred_class":"industrial_plant","n_detections":26,"frp_mean":0.8331,"frp_max":1.65,"night_frac":0.9615,"first_seen":"2024-01-10","last_seen":"2026-04-06","class_agreement":1.0,"top_reasons":"dist_industrial_km=0.5021 (+5.19); is_persistent=1 (+2.55); dist_thermal_plant_km=41.67 (+0.92); dist_mining_km=59.38 (+0.74)"}},{"type":"Feature","geometry":{"type":"Point","coordinates":[72.35501,23.41515]},"properties":{"cell_id":"4683_14471","pred_class":"gas_flare","n_detections":87,"frp_mean":0.7714,"frp_max":3.33,"night_frac":1.0,"first_seen":"2024-01-02","last_seen":"2026-02-04","class_agreement":0.9885,"top_reasons":"is_persistent=1 (+0.72); dist_any_industry_km=4.027 (-0.66); dist_industrial_km=4.027 (+0.66); month_entropy=0.8913 (+0.40)"}},{"type":"Feature","geometry":{"type":"Point","coordinates":[68.71143,23.43015]},"properties":{"cell_id":"4686_13742","pred_class":"industrial_plant","n_detections":123,"frp_mean":1.1978,"frp_max":3.76,"night_frac":1.0,"first_seen":"2024-01-05","last_seen":"2026-04-24","class_agreement":1.0,"top_reasons":"dist_industrial_km=0.1682 (+3.65); is_persistent=1 (+2.48); inside_industrial=1 (+1.84); dist_thermal_plant_km=26.89 (+1.05)"}},{"type":"Feature","geometry":{"type":"Point","coordinates":[68.71358,23.43012]},"properties":{"cell_id":"4686_13743","pred_class":"industrial_plant","n_detections":115,"frp_mean":1.1553,"frp_max":3.15,"night_frac":0.9913,"first_seen":"2024-01-01","last_seen":"2026-04-16","class_agreement":1.0,"top_reasons":"dist_industrial_km=0.05947 (+3.67); is_persistent=1 (+2.48); inside_industrial=1 (+1.86); dist_thermal_plant_km=26.84 (+1.04)"}},{"type":"Feature","geometry":{"type":"Point","coordinates":[87.35536,23.4818]},"properties":{"cell_id":"4696_17471","pred_class":"industrial_plant","n_detections":42,"frp_mean":0.9812,"frp_max":2.47,"night_frac":1.0,"first_seen":"2024-01-02","last_seen":"2026-04-11","class_agreement":1.0,"top_reasons":"dist_industrial_km=0.3028 (+3.72); is_persistent=1 (+2.46); inside_industrial=1 (+1.75); dist_thermal_plant_km=6.955 (+1.02)"}},{"type":"Feature","geometry":{"type":"Point","coordinates":[87.36048,23.48168]},"properties":{"cell_id":"4696_17472","pred_class":"industrial_plant","n_detections":113,"frp_mean":1.6738,"frp_max":5.24,"night_frac":0.9558,"first_seen":"2024-01-06","last_seen":"2026-04-27","class_agreement":1.0,"top_reasons":"dist_industrial_km=0.5676 (+3.68); is_persistent=1 (+2.47); inside_industrial=1 (+1.74); dist_thermal_plant_km=7.376 (+1.03)"}},{"type":"Feature","geometry":{"type":"Point","coordinates":[87.36332,23.48173]},"properties":{"cell_id":"4696_17473","pred_class":"industrial_plant","n_detections":33,"frp_mean":1.5715,"frp_max":5.02,"night_frac":0.9697,"first_seen":"2024-01-11","last_seen":"2026-02-28","class_agreement":1.0,"top_reasons":"dist_industrial_km=0.7085 (+3.78); is_persistent=1 (+2.48); inside_industrial=1 (+1.69); dist_thermal_plant_km=7.608 (+1.01)"}},{"type":"Feature","geometry":{"type":"Point","coordinates":[87.35545,23.48332]},"properties":{"cell_id":"4697_17471","pred_class":"industrial_plant","n_detections":48,"frp_mean":0.8892,"frp_max":1.87,"night_frac":1.0,"first_seen":"2024-01-11","last_seen":"2026-03-05","class_agreement":1.0,"top_reasons":"dist_industrial_km=0.1353 (+3.86); is_persistent=1 (+2.46); inside_industrial=1 (+1.66); dist_thermal_plant_km=6.857 (+1.02)"}},{"type":"Feature","geometry":{"type":"Point","coordinates":[87.36086,23.4834]},"properties":{"cell_id":"4697_17472","pred_class":"industrial_plant","n_detections":133,"frp_mean":1.6721,"frp_max":5.06,"night_frac":0.9323,"first_seen":"2024-01-08","last_seen":"2026-04-24","class_agreement":1.0,"top_reasons":"dist_industrial_km=0.5272 (+3.72); is_persistent=1 (+2.48); inside_industrial=1 (+1.72); dist_thermal_plant_km=7.296 (+1.03)"}},{"type":"Feature","geometry":{"type":"Point","coordinates":[87.36469,23.48492]},"properties":{"cell_id":"4697_17473","pred_class":"industrial_plant","n_detections":190,"frp_mean":1.6399,"frp_max":6.75,"night_frac":0.9368,"first_seen":"2024-01-06","last_seen":"2026-04-22","class_agreement":1.0,"top_reasons":"dist_industrial_km=0.4007 (+3.61); is_persistent=1 (+2.50); inside_industrial=1 (+1.77); dist_thermal_plant_km=7.528 (+1.04)"}},{"type":"Feature","geometry":{"type":"Point","coordinates":[87.36855,23.48659]},"properties":{"cell_id":"4697_17474","pred_class":"industrial_plant","n_detections":27,"frp_mean":1.5352,"frp_max":6.28,"night_frac":0.963,"first_seen":"2024-01-27","last_seen":"2026-02-27","class_agreement":1.0,"top_reasons":"dist_industrial_km=0.1502 (+3.83); is_persistent=1 (+2.50); inside_industrial=1 (+1.68); dist_thermal_plant_km=7.769 (+1.04)"}},{"type":"Feature","geometry":{"type":"Point","coordinates":[87.36604,23.48851]},"properties":{"cell_id":"4698_17473","pred_class":"industrial_plant","n_detections":18,"frp_mean":1.3211,"frp_max":3.09,"night_frac":1.0,"first_seen":"2024-02-03","last_seen":"2026-04-02","class_agreement":1.0,"top_reasons":"dist_industrial_km=0.1054 (+3.73); is_persistent=1 (+2.50); inside_industrial=1 (+1.76); dist_thermal_plant_km=7.442 (+0.99)"}},{"type":"Feature","geometry":{"type":"Point","coordinates":[87.36935,23.48848]},"properties":{"cell_id":"4698_17474","pred_class":"industrial_plant","n_detections":36,"frp_mean":1.1636,"frp_max":2.23,"night_frac":1.0,"first_seen":"2024-02-23","last_seen":"2026-04-25","class_agreement":1.0,"top_reasons":"dist_industrial_km=0.08537 (+3.71); is_persistent=1 (+2.51); inside_industrial=1 (+1.75); dist_thermal_plant_km=7.74 (+1.03)"}},{"type":"Feature","geometry":{"type":"Point","coordinates":[68.57645,23.49633]},"properties":{"cell_id":"4699_13715","pred_class":"mining","n_detections":34,"frp_mean":1.6294,"frp_max":5.3,"night_frac":0.9706,"first_seen":"2024-01-11","last_seen":"2026-04-17","class_agreement":1.0,"top_reasons":"dist_mining_km=0.8629 (+9.14); dist_thermal_plant_km=28.12 (+0.26); lc_grass_5km=0.1147 (+0.19); lc_bare_5km=0.04 (+0.14)"}},{"type":"Feature","geometry":{"type":"Point","coordinates":[68.57881,23.49616]},"properties":{"cell_id":"4699_13716","pred_class":"industrial_plant","n_detections":81,"frp_mean":1.2594,"frp_max":2.43,"night_frac":1.0,"first_seen":"2024-01-28","last_seen":"2026-04-26","class_agreement":1.0,"top_reasons":"dist_industrial_km=0.2607 (+3.73); is_persistent=1 (+2.28); inside_industrial=1 (+1.51); dist_thermal_plant_km=27.95 (+1.01)"}},{"type":"Feature","geometry":{"type":"Point","coordinates":[68.57671,23.49858]},"properties":{"cell_id":"4700_13715","pred_class":"mining","n_detections":32,"frp_mean":1.4025,"frp_max":3.62,"night_frac":1.0,"first_seen":"2024-02-01","last_seen":"2026-03-25","class_agreement":1.0,"top_reasons":"dist_mining_km=0.9761 (+6.45); inside_mining=0 (-0.59); dist_thermal_plant_km=27.93 (+0.27); dist_oil_gas_km=176.3 (+0.26)"}},{"type":"Feature","geometry":{"type":"Point","coordinates":[68.57882,23.4983]},"properties":{"cell_id":"4700_13716","pred_class":"industrial_plant","n_detections":56,"frp_mean":1.3111,"frp_max":2.96,"night_frac":0.9464,"first_seen":"2024-01-22","last_seen":"2026-04-05","class_agreement":1.0,"top_reasons":"dist_industrial_km=0.1644 (+3.46); is_persistent=1 (+2.06); inside_industrial=1 (+1.52); dist_thermal_plant_km=27.79 (+0.95)"}},{"type":"Feature","geometry":{"type":"Point","coordinates":[87.27677,23.51074]},"properties":{"cell_id":"4702_17455","pred_class":"thermal_power","n_detections":49,"frp_mean":1.1192,"frp_max":2.62,"night_frac":1.0,"first_seen":"2024-01-06","last_seen":"2026-03-25","class_agreement":1.0,"top_reasons":"dist_thermal_plant_km=2.847 (+9.23); is_persistent=1 (+0.56); dist_power_plant_km=2.962 (+0.45); n_detections=49 (+0.10)"}},{"type":"Feature","geometry":{"type":"Point","coordinates":[87.27919,23.50997]},"properties":{"cell_id":"4702_17456","pred_class":"thermal_power","n_detections":112,"frp_mean":1.1629,"frp_max":4.98,"night_frac":0.9821,"first_seen":"2024-01-03","last_seen":"2026-04-22","class_agreement":1.0,"top_reasons":"dist_thermal_plant_km=2.662 (+9.22); is_persistent=1 (+0.55); dist_power_plant_km=2.754 (+0.44); lc_water_5km=0.1114 (+0.11)"}},{"type":"Feature","geometry":{"type":"Point","coordinates":[87.27158,23.51591]},"properties":{"cell_id":"4703_17454","pred_class":"thermal_power","n_detections":46,"frp_mean":0.9452,"frp_max":1.97,"night_frac":1.0,"first_seen":"2024-01-03","last_seen":"2026-04-25","class_agreement":1.0,"top_reasons":"dist_thermal_plant_km=2.767 (+9.22); is_persistent=1 (+0.57); dist_power_plant_km=3.381 (+0.53); nearest_plant_mw=210 (+0.10)"}},{"type":"Feature","geometry":{"type":"Point","coordinates":[87.27397,23.51547]},"properties":{"cell_id":"4703_17455","pred_class":"thermal_power","n_detections":49,"frp_mean":0.9265,"frp_max":1.86,"night_frac":1.0,"first_seen":"2024-01-04","last_seen":"2026-03-21","class_agreement":1.0,"top_reasons":"dist_thermal_plant_km=2.955 (+9.23); is_persistent=1 (+0.56); dist_power_plant_km=3.142 (+0.42); n_detections=49 (+0.10)"}},{"type":"Feature","geometry":{"type":"Point","coordinates":[87.3292,23.5144]},"properties":{"cell_id":"4703_17466","pred_class":"thermal_power","n_detections":26,"frp_mean":0.4304,"frp_max":1.17,"night_frac":1.0,"first_seen":"2024-01-04","last_seen":"2026-04-14","class_agreement":1.0,"top_reasons":"dist_thermal_plant_km=2.842 (+9.23); is_persistent=1 (+0.49); dist_power_plant_km=2.541 (+0.35); n_detections=26 (+0.11)"}},{"type":"Feature","geometry":{"type":"Point","coordinates":[85.69918,23.52948]},"properties":{"cell_id":"4706_17140","pred_class":"industrial_plant","n_detections":17,"frp_mean":0.5129,"frp_max":0.97,"night_frac":1.0,"first_seen":"2024-01-05","last_seen":"2026-02-16","class_agreement":1.0,"top_reasons":"dist_industrial_km=0.2531 (+3.86); is_persistent=1 (+2.42); inside_industrial=1 (+1.46); dist_thermal_plant_km=32.15 (+0.96)"}},{"type":"Feature","geometry":{"type":"Point","coordinates":[86.54506,23.54686]},"properties":{"cell_id":"4709_17309","pred_class":"gas_flare","n_detections":91,"frp_mean":1.0105,"frp_max":3.58,"night_frac":1.0,"first_seen":"2024-01-06","last_seen":"2026-04-14","class_agreement":1.0,"top_reasons":"is_persistent=1 (+0.74); dist_industrial_km=10.09 (+0.59); dist_any_industry_km=10.09 (-0.56); month_entropy=0.816 (+0.40)"}},{"type":"Feature","geometry":{"type":"Point","coordinates":[86.54143,23.55062]},"properties":{"cell_id":"4710_17308","pred_class":"gas_flare","n_detections":45,"frp_mean":1.0862,"frp_max":2.07,"night_frac":1.0,"first_seen":"2024-01-08","last_seen":"2026-04-02","class_agreement":1.0,"top_reasons":"is_persistent=1 (+0.62); dist_any_industry_km=9.534 (-0.49); dist_industrial_km=9.534 (+0.47); inside_industrial=0 (+0.31)"}},{"type":"Feature","geometry":{"type":"Point","coordinates":[86.54473,23.54892]},"properties":{"cell_id":"4710_17309","pred_class":"gas_flare","n_detections":245,"frp_mean":1.1886,"frp_max":5.78,"night_frac":0.9918,"first_seen":"2024-01-01","last_seen":"2026-04-16","class_agreement":1.0,"top_reasons":"is_persistent=1 (+0.81); dist_industrial_km=9.893 (+0.68); dist_any_industry_km=9.893 (-0.66); inside_industrial=0 (+0.46)"}},{"type":"Feature","geometry":{"type":"Point","coordinates":[87.24153,23.5508]},"properties":{"cell_id":"4710_17448","pred_class":"thermal_power","n_detections":73,"frp_mean":1.8947,"frp_max":4.39,"night_frac":1.0,"first_seen":"2024-01-05","last_seen":"2026-04-14","class_agreement":1.0,"top_reasons":"dist_thermal_plant_km=2.365 (+9.21); dist_power_plant_km=0.7141 (+0.62); is_persistent=1 (+0.58); nearest_plant_mw=210 (+0.13)"}},{"type":"Feature","geometry":{"type":"Point","coordinates":[87.24485,23.55038]},"properties":{"cell_id":"4710_17449","pred_class":"thermal_power","n_detections":389,"frp_mean":1.8257,"frp_max":6.21,"night_frac":0.9897,"first_seen":"2024-01-01","last_seen":"2026-04-24","class_agreement":1.0,"top_reasons":"dist_thermal_plant_km=2.218 (+9.21); dist_power_plant_km=0.3796 (+0.57); is_persistent=1 (+0.57); nearest_plant_mw=210 (+0.16)"}},{"type":"Feature","geometry":{"type":"Point","coordinates":[87.2479,23.55009]},"properties":{"cell_id":"4710_17450","pred_class":"thermal_power","n_detections":25,"frp_mean":1.1844,"frp_max":2.07,"night_frac":1.0,"first_seen":"2024-01-01","last_seen":"2026-02-12","class_agreement":1.0,"top_reasons":"dist_thermal_plant_km=2.134 (+9.24); is_persistent=1 (+0.55); dist_power_plant_km=0.1131 (+0.48); n_detections=25 (+0.13)"}},{"type":"Feature","geometry":{"type":"Point","coordinates":[86.54019,23.55308]},"properties":{"cell_id":"4711_17308","pred_class":"gas_flare","n_detections":19,"frp_mean":0.8747,"frp_max":1.55,"night_frac":1.0,"first_seen":"2025-12-13","last_seen":"2026-04-21","class_agreement":1.0,"top_reasons":"is_persistent=1 (+0.60); dist_industrial_km=9.243 (+0.50); dist_any_industry_km=9.243 (-0.44); n_active_days=19 (+0.34)"}},{"type":"Feature","geometry":{"type":"Point","coordinates":[87.23636,23.55638]},"properties":{"cell_id":"4711_17447","pred_class":"thermal_power","n_detections":17,"frp_mean":2.4688,"frp_max":4.55,"night_frac":0.9412,"first_seen":"2024-01-03","last_seen":"2026-02-25","class_agreement":1.0,"top_reasons":"dist_thermal_plant_km=3.146 (+9.08); is_persistent=1 (+0.60); dist_power_plant_km=1.381 (+0.50); n_detections=17 (+0.15)"}},{"type":"Feature","geometry":{"type":"Point","coordinates":[87.24048,23.55562]},"properties":{"cell_id":"4711_17448","pred_class":"thermal_power","n_detections":404,"frp_mean":2.3634,"frp_max":13.66,"night_frac":0.8985,"first_seen":"2024-01-01","last_seen":"2026-04-26","class_agreement":1.0,"top_reasons":"dist_thermal_plant_km=2.904 (+9.21); dist_power_plant_km=0.972 (+0.61); is_persistent=1 (+0.57); nearest_plant_mw=210 (+0.16)"}},{"type":"Feature","geometry":{"type":"Point","coordinates":[87.24414,23.55444]},"properties":{"cell_id":"4711_17449","pred_class":"thermal_power","n_detections":204,"frp_mean":1.7573,"frp_max":7.76,"night_frac":1.0,"first_seen":"2024-01-03","last_seen":"2026-04-25","class_agreement":1.0,"top_reasons":"dist_thermal_plant_km=2.675 (+9.21); is_persistent=1 (+0.58); dist_power_plant_km=0.5944 (+0.54); nearest_plant_mw=210 (+0.16)"}},{"type":"Feature","geometry":{"type":"Point","coordinates":[87.08146,23.56122]},"properties":{"cell_id":"4712_17416","pred_class":"gas_flare","n_detections":108,"frp_mean":1.6219,"frp_max":5.28,"night_frac":1.0,"first_seen":"2024-01-02","last_seen":"2026-04-21","class_agreement":1.0,"top_reasons":"dist_industrial_km=2.214 (+1.99); is_persistent=1 (+1.84); dist_any_industry_km=2.214 (+1.18); inside_mining=0 (+1.18)"}},{"type":"Feature","geometry":{"type":"Point","coordinates":[87.08429,23.561]},"properties":{"cell_id":"4712_17417","pred_class":"gas_flare","n_detections":326,"frp_mean":1.6015,"frp_max":5.42,"night_frac":0.9908,"first_seen":"2024-01-03","last_seen":"2026-04-25","class_agreement":1.0,"top_reasons":"dist_industrial_km=2.05 (+2.03); is_persistent=1 (+1.91); inside_mining=0 (+1.20); dist_any_industry_km=2.05 (+1.16)"}},{"type":"Feature","geometry":{"type":"Point","coordinates":[87.23034,23.5604]},"properties":{"cell_id":"4712_17446","pred_class":"thermal_power","n_detections":160,"frp_mean":1.5251,"frp_max":9.57,"night_frac":0.9688,"first_seen":"2024-01-04","last_seen":"2026-04-05","class_agreement":1.0,"top_reasons":"dist_thermal_plant_km=3.434 (+9.22); is_persistent=1 (+0.56); dist_power_plant_km=2.132 (+0.49); lc_water_5km=0.06612 (+0.10)"}},{"type":"Feature","geometry":{"type":"Point","coordinates":[87.23591,23.55975]},"properties":{"cell_id":"4712_17447","pred_class":"thermal_power","n_detections":151,"frp_mean":2.436,"frp_max":8.34,"night_frac":0.9139,"first_seen":"2024-01-08","last_seen":"2026-04-04","class_agreement":1.0,"top_reasons":"dist_thermal_plant_km=3.505 (+7.64); dist_power_plant_km=1.617 (+0.62); is_persistent=1 (+0.44); lc_crop_1km=0.1157 (-0.23)"}},{"type":"Feature","geometry":{"type":"Point","coordinates":[87.23996,23.55947]},"properties":{"cell_id":"4712_17448","pred_class":"thermal_power","n_detections":850,"frp_mean":3.3953,"frp_max":29.45,"night_frac":0.7235,"first_seen":"2024-01-01","last_seen":"2026-04-26","class_agreement":1.0,"top_reasons":"dist_thermal_plant_km=3.328 (+9.21); is_persistent=1 (+0.57); dist_power_plant_km=1.291 (+0.51); nearest_plant_mw=210 (+0.16)"}},{"type":"Feature","geometry":{"type":"Point","coordinates":[87.24365,23.55905]},"properties":{"cell_id":"4712_17449","pred_class":"thermal_power","n_detections":80,"frp_mean":3.0686,"frp_max":10.71,"night_frac":0.7625,"first_seen":"2024-01-02","last_seen":"2026-04-05","class_agreement":1.0,"top_reasons":"dist_thermal_plant_km=3.185 (+9.20); dist_power_plant_km=1.031 (+0.59); is_persistent=1 (+0.56); nearest_plant_mw=210 (+0.14)"}},{"type":"Feature","geometry":{"type":"Point","coordinates":[87.08163,23.56354]},"properties":{"cell_id":"4713_17416","pred_class":"industrial_plant","n_detections":61,"frp_mean":1.6541,"frp_max":5.01,"night_frac":1.0,"first_seen":"2024-01-01","last_seen":"2026-03-23","class_agreement":1.0,"top_reasons":"dist_industrial_km=1.988 (+3.14); is_persistent=1 (+2.15); dist_thermal_plant_km=12.17 (+0.62); dist_mining_km=1.916 (+0.43)"}},{"type":"Feature","geometry":{"type":"Point","coordinates":[87.08434,23.56361]},"properties":{"cell_id":"4713_17417","pred_class":"industrial_plant","n_detections":206,"frp_mean":1.7079,"frp_max":8.85,"night_frac":0.9612,"first_seen":"2024-01-02","last_seen":"2026-04-27","class_agreement":1.0,"top_reasons":"dist_industrial_km=1.82 (+4.99); is_persistent=1 (+2.40); dist_thermal_plant_km=12.07 (+0.83); dist_mining_km=1.764 (+0.55)"}},{"type":"Feature","geometry":{"type":"Point","coordinates":[87.08962,23.56437]},"properties":{"cell_id":"4713_17418","pred_class":"industrial_plant","n_detections":124,"frp_mean":0.9227,"frp_max":2.55,"night_frac":1.0,"first_seen":"2024-01-03","last_seen":"2026-04-05","class_agreement":1.0,"top_reasons":"dist_industrial_km=1.442 (+5.11); is_persistent=1 (+2.43); dist_thermal_plant_km=11.82 (+0.84); dist_mining_km=1.387 (+0.52)"}},{"type":"Feature","geometry":{"type":"Point","coordinates":[86.72561,23.58093]},"properties":{"cell_id":"4716_17345","pred_class":"gas_flare","n_detections":86,"frp_mean":0.9419,"frp_max":2.53,"night_frac":1.0,"first_seen":"2024-11-15","last_seen":"2026-04-22","class_agreement":0.6279,"top_reasons":"is_persistent=1 (+0.52); dist_industrial_km=9.26 (+0.45); dist_any_industry_km=9.26 (-0.39); month_entropy=0.7226 (+0.30)"}},{"type":"Feature","geometry":{"type":"Point","coordinates":[86.72522,23.58292]},"properties":{"cell_id":"4717_17345","pred_class":"gas_flare","n_detections":25,"frp_mean":0.8544,"frp_max":1.58,"night_frac":1.0,"first_seen":"2024-11-19","last_seen":"2026-03-31","class_agreement":0.88,"top_reasons":"is_persistent=1 (+0.68); dist_industrial_km=9.469 (+0.53); dist_any_industry_km=9.469 (-0.49); month_entropy=0.5986 (+0.37)"}},{"type":"Feature","geometry":{"type":"Point","coordinates":[87.30079,23.59096]},"properties":{"cell_id":"4718_17460","pred_class":"industrial_plant","n_detections":19,"frp_mean":0.6042,"frp_max":0.87,"night_frac":1.0,"first_seen":"2024-01-04","last_seen":"2026-03-28","class_agreement":1.0,"top_reasons":"dist_industrial_km=0.07298 (+3.68); is_persistent=1 (+2.40); inside_industrial=1 (+1.66); dist_thermal_plant_km=7.769 (+1.00)"}},{"type":"Feature","geometry":{"type":"Point","coordinates":[90.62896,23.58926]},"properties":{"cell_id":"4718_18126","pred_class":"thermal_power","n_detections":38,"frp_mean":0.5897,"frp_max":2.62,"night_frac":1.0,"first_seen":"2024-02-12","last_seen":"2026-02-07","class_agreement":1.0,"top_reasons":"dist_thermal_plant_km=3.774 (+7.57); lc_grass_1km=0.2149 (+0.47); is_persistent=1 (+0.45); lc_built_1km=0.1488 (+0.36)"}},{"type":"Feature","geometry":{"type":"Point","coordinates":[85.69952,23.60031]},"properties":{"cell_id":"4720_17140","pred_class":"gas_flare","n_detections":28,"frp_mean":0.7546,"frp_max":3.62,"night_frac":0.9643,"first_seen":"2025-04-21","last_seen":"2026-03-06","class_agreement":1.0,"top_reasons":"is_persistent=1 (+1.31); dist_industrial_km=2.701 (+1.03); dist_any_industry_km=2.701 (+0.57); inside_mining=0 (+0.47)"}},{"type":"Feature","geometry":{"type":"Point","coordinates":[87.15119,23.6051]},"properties":{"cell_id":"4721_17430","pred_class":"industrial_plant","n_detections":88,"frp_mean":1.2808,"frp_max":2.63,"night_frac":1.0,"first_seen":"2024-01-01","last_seen":"2026-03-26","class_agreement":1.0,"top_reasons":"dist_industrial_km=0.3195 (+5.15); is_persistent=1 (+2.50); dist_thermal_plant_km=6.089 (+0.87); dist_mining_km=4.166 (+0.69)"}},{"type":"Feature","geometry":{"type":"Point","coordinates":[87.15323,23.60524]},"properties":{"cell_id":"4721_17431","pred_class":"industrial_plant","n_detections":70,"frp_mean":1.1729,"frp_max":4.95,"night_frac":0.9714,"first_seen":"2024-01-08","last_seen":"2026-03-20","class_agreement":1.0,"top_reasons":"dist_industrial_km=0.114 (+3.99); is_persistent=1 (+2.51); inside_industrial=1 (+1.56); dist_thermal_plant_km=5.913 (+1.03)"}},{"type":"Feature","geometry":{"type":"Point","coordinates":[85.67476,23.60959]},"properties":{"cell_id":"4722_17135","pred_class":"mining","n_detections":24,"frp_mean":0.7958,"frp_max":1.98,"night_frac":1.0,"first_seen":"2024-04-11","last_seen":"2026-04-12","class_agreement":1.0,"top_reasons":"dist_mining_km=0.7006 (+5.24); inside_mining=1 (+4.72); dist_thermal_plant_km=27.68 (+0.30); lc_grass_5km=0.236 (+0.10)"}},{"type":"Feature","geometry":{"type":"Point","coordinates":[86.78954,23.61199]},"properties":{"cell_id":"4722_17358","pred_class":"gas_flare","n_detections":61,"frp_mean":1.417,"frp_max":6.33,"night_frac":0.9836,"first_seen":"2024-01-09","last_seen":"2026-04-20","class_agreement":0.8852,"top_reasons":"is_persistent=1 (+0.79); dist_any_industry_km=5.184 (-0.67); dist_industrial_km=5.184 (+0.56); inside_industrial=0 (+0.46)"}},{"type":"Feature","geometry":{"type":"Point","coordinates":[87.14572,23.61092]},"properties":{"cell_id":"4722_17429","pred_class":"industrial_plant","n_detections":255,"frp_mean":1.3461,"frp_max":5.05,"night_frac":1.0,"first_seen":"2024-01-02","last_seen":"2026-04-22","class_agreement":1.0,"top_reasons":"dist_industrial_km=0.1847 (+5.17); is_persistent=1 (+2.50); dist_thermal_plant_km=6.889 (+0.83); dist_mining_km=3.435 (+0.73)"}},{"type":"Feature","geometry":{"type":"Point","coordinates":[87.14849,23.61065]},"properties":{"cell_id":"4722_17430","pred_class":"industrial_plant","n_detections":59,"frp_mean":1.042,"frp_max":1.92,"night_frac":1.0,"first_seen":"2024-01-03","last_seen":"2026-03-31","class_agreement":1.0,"top_reasons":"dist_industrial_km=0.1401 (+3.94); is_persistent=1 (+2.51); inside_industrial=1 (+1.58); dist_thermal_plant_km=6.631 (+1.03)"}},{"type":"Feature","geometry":{"type":"Point","coordinates":[86.78639,23.61448]},"properties":{"cell_id":"4723_17357","pred_class":"wildfire","n_detections":142,"frp_mean":1.5353,"frp_max":3.59,"night_frac":1.0,"first_seen":"2024-01-01","last_seen":"2026-04-11","class_agreement":0.8592,"top_reasons":"lc_built_5km=0.02479 (-4.24); n_detections=142 (-2.34); lc_tree_1km=0.6529 (+1.98); dist_industrial_km=5.364 (+1.06)"}},{"type":"Feature","geometry":{"type":"Point","coordinates":[86.78991,23.61479]},"properties":{"cell_id":"4723_17358","pred_class":"gas_flare","n_detections":620,"frp_mean":1.6292,"frp_max":6.99,"night_frac":0.9887,"first_seen":"2024-01-01","last_seen":"2026-04-24","class_agreement":1.0,"top_reasons":"is_persistent=1 (+0.89); dist_any_industry_km=5.019 (-0.85); dist_industrial_km=5.019 (+0.73); inside_industrial=0 (+0.57)"}},{"type":"Feature","geometry":{"type":"Point","coordinates":[86.79289,23.61499]},"properties":{"cell_id":"4723_17359","pred_class":"gas_flare","n_detections":19,"frp_mean":1.1126,"frp_max":2.88,"night_frac":1.0,"first_seen":"2024-03-12","last_seen":"2026-01-30","class_agreement":1.0,"top_reasons":"is_persistent=1 (+0.75); dist_industrial_km=4.733 (+0.69); dist_any_industry_km=4.733 (-0.67); n_active_days=18 (+0.48)"}},{"type":"Feature","geometry":{"type":"Point","coordinates":[86.86071,23.61553]},"properties":{"cell_id":"4723_17372","pred_class":"gas_flare","n_detections":89,"frp_mean":0.7897,"frp_max":2.38,"night_frac":1.0,"first_seen":"2024-01-01","last_seen":"2026-04-10","class_agreement":1.0,"top_reasons":"dist_industrial_km=3.222 (+0.69); is_persistent=1 (+0.68); dist_any_industry_km=3.222 (-0.64); inside_mining=0 (+0.38)"}},{"type":"Feature","geometry":{"type":"Point","coordinates":[87.14541,23.61313]},"properties":{"cell_id":"4723_17429","pred_class":"industrial_plant","n_detections":50,"frp_mean":1.1958,"frp_max":2.48,"night_frac":1.0,"first_seen":"2024-01-01","last_seen":"2026-03-23","class_agreement":1.0,"top_reasons":"dist_industrial_km=0.1873 (+3.81); is_persistent=1 (+2.51); inside_industrial=1 (+1.66); dist_thermal_plant_km=7.041 (+1.04)"}},{"type":"Feature","geometry":{"type":"Point","coordinates":[86.78981,23.61812]},"properties":{"cell_id":"4724_17358","pred_class":"gas_flare","n_detections":18,"frp_mean":1.0061,"frp_max":1.83,"night_frac":1.0,"first_seen":"2024-01-29","last_seen":"2026-03-23","class_agreement":1.0,"top_reasons":"is_persistent=1 (+0.78); dist_any_industry_km=4.895 (-0.68); dist_industrial_km=4.895 (+0.57); inside_industrial=0 (+0.47)"}},{"type":"Feature","geometry":{"type":"Point","coordinates":[86.8897,23.62003]},"properties":{"cell_id":"4724_17378","pred_class":"industrial_plant","n_detections":47,"frp_mean":0.5721,"frp_max":1.18,"night_frac":1.0,"first_seen":"2024-11-09","last_seen":"2026-03-02","class_agreement":1.0,"top_reasons":"dist_industrial_km=1.918 (+5.11); is_persistent=1 (+2.43); dist_thermal_plant_km=23.3 (+0.85); dist_mining_km=10.7 (+0.68)"}},{"type":"Feature","geometry":{"type":"Point","coordinates":[85.64138,23.62403]},"properties":{"cell_id":"4725_17128","pred_class":"agricultural_burn","n_detections":18,"frp_mean":0.4983,"frp_max":0.93,"night_frac":1.0,"first_seen":"2024-02-05","last_seen":"2025-02-12","class_agreement":0.5,"top_reasons":"lc_crop_1km=0.7438 (+3.76); is_night=1 (-1.79); month=2 (-1.70); bright_ti4=295.7 (-0.35)"}},{"type":"Feature","geometry":{"type":"Point","coordinates":[85.65462,23.62384]},"properties":{"cell_id":"4725_17131","pred_class":"mining","n_detections":34,"frp_mean":0.5879,"frp_max":1.48,"night_frac":1.0,"first_seen":"2024-02-05","last_seen":"2025-02-10","class_agreement":1.0,"top_reasons":"dist_mining_km=2.442 (+1.11); inside_mining=0 (-0.76); dist_any_industry_km=3.436 (+0.22); lc_grass_1km=0.4298 (+0.18)"}},{"type":"Feature","geometry":{"type":"Point","coordinates":[86.29014,23.62936]},"properties":{"cell_id":"4726_17258","pred_class":"industrial_plant","n_detections":116,"frp_mean":1.9144,"frp_max":7.83,"night_frac":0.8362,"first_seen":"2024-01-10","last_seen":"2026-04-27","class_agreement":1.0,"top_reasons":"dist_industrial_km=0.9444 (+3.79); is_persistent=1 (+2.48); inside_industrial=1 (+1.56); dist_thermal_plant_km=18.25 (+1.01)"}},{"type":"Feature","geometry":{"type":"Point","coordinates":[86.29482,23.63113]},"properties":{"cell_id":"4726_17259","pred_class":"industrial_plant","n_detections":150,"frp_mean":1.2577,"frp_max":4.19,"night_frac":0.9667,"first_seen":"2024-01-02","last_seen":"2026-04-27","class_agreement":1.0,"top_reasons":"dist_industrial_km=0.4299 (+3.75); is_persistent=1 (+2.50); inside_industrial=1 (+1.58); dist_thermal_plant_km=17.81 (+0.98)"}},{"type":"Feature","geometry":{"type":"Point","coordinates":[86.83176,23.63104]},"properties":{"cell_id":"4726_17366","pred_class":"industrial_plant","n_detections":20,"frp_mean":0.927,"frp_max":1.78,"night_frac":1.0,"first_seen":"2025-01-14","last_seen":"2026-02-08","class_agreement":1.0,"top_reasons":"dist_industrial_km=0.3899 (+5.15); is_persistent=1 (+2.47); dist_thermal_plant_km=17.43 (+0.88); dist_mining_km=7.626 (+0.74)"}},{"type":"Feature","geometry":{"type":"Point","coordinates":[86.83426,23.63153]},"properties":{"cell_id":"4726_17367","pred_class":"industrial_plant","n_detections":68,"frp_mean":0.8537,"frp_max":2.64,"night_frac":1.0,"first_seen":"2024-05-25","last_seen":"2026-03-28","class_agreement":1.0,"top_reasons":"dist_industrial_km=0.1532 (+5.19); is_persistent=1 (+2.52); dist_thermal_plant_km=17.68 (+0.89); dist_mining_km=7.664 (+0.71)"}},{"type":"Feature","geometry":{"type":"Point","coordinates":[86.29527,23.63339]},"properties":{"cell_id":"4727_17259","pred_class":"industrial_plant","n_detections":77,"frp_mean":1.09,"frp_max":5.02,"night_frac":0.987,"first_seen":"2024-01-01","last_seen":"2026-03-26","class_agreement":1.0,"top_reasons":"dist_industrial_km=0.3878 (+3.83); is_persistent=1 (+2.50); inside_industrial=1 (+1.59); dist_thermal_plant_km=17.82 (+1.03)"}},{"type":"Feature","geometry":{"type":"Point","coordinates":[86.29936,23.63418]},"properties":{"cell_id":"4727_17260","pred_class":"industrial_plant","n_detections":37,"frp_mean":0.9773,"frp_max":2.03,"night_frac":1.0,"first_seen":"2024-01-11","last_seen":"2026-04-10","class_agreement":1.0,"top_reasons":"dist_industrial_km=0.2224 (+3.70); is_persistent=1 (+2.51); inside_industrial=1 (+1.59); dist_thermal_plant_km=17.43 (+1.03)"}},{"type":"Feature","geometry":{"type":"Point","coordinates":[86.83439,23.6333]},"properties":{"cell_id":"4727_17367","pred_class":"industrial_plant","n_detections":78,"frp_mean":0.8219,"frp_max":2.69,"night_frac":1.0,"first_seen":"2024-02-02","last_seen":"2026-03-07","class_agreement":1.0,"top_reasons":"dist_industrial_km=0.1101 (+5.19); is_persistent=1 (+2.52); dist_thermal_plant_km=17.71 (+0.89); dist_mining_km=7.486 (+0.71)"}},{"type":"Feature","geometry":{"type":"Point","coordinates":[85.39669,23.64099]},"properties":{"cell_id":"4728_17079","pred_class":"gas_flare","n_detections":31,"frp_mean":0.6229,"frp_max":4.06,"night_frac":0.9677,"first_seen":"2024-01-15","last_seen":"2026-03-02","class_agreement":0.9677,"top_reasons":"is_persistent=1 (+0.78); dist_industrial_km=3.901 (+0.71); dist_any_industry_km=3.901 (-0.61); inside_mining=0 (+0.43)"}},{"type":"Feature","geometry":{"type":"Point","coordinates":[85.39855,23.6411]},"properties":{"cell_id":"4728_17080","pred_class":"gas_flare","n_detections":42,"frp_mean":0.6457,"frp_max":2.65,"night_frac":0.9762,"first_seen":"2024-03-23","last_seen":"2026-04-26","class_agreement":1.0,"top_reasons":"is_persistent=1 (+0.77); dist_industrial_km=3.745 (+0.73); dist_any_industry_km=3.745 (-0.53); month_entropy=0.8292 (+0.41)"}},{"type":"Feature","geometry":{"type":"Point","coordinates":[85.43656,23.64644]},"properties":{"cell_id":"4729_17087","pred_class":"mining","n_detections":84,"frp_mean":1.4619,"frp_max":3.45,"night_frac":0.9881,"first_seen":"2024-02-08","last_seen":"2026-04-24","class_agreement":1.0,"top_reasons":"dist_mining_km=0.2439 (+5.30); inside_mining=1 (+4.71); dist_thermal_plant_km=47.7 (+0.35); lc_grass_5km=0.1904 (+0.06)"}},{"type":"Feature","geometry":{"type":"Point","coordinates":[85.43943,23.64632]},"properties":{"cell_id":"4729_17088","pred_class":"mining","n_detections":228,"frp_mean":1.8629,"frp_max":5.82,"night_frac":0.8246,"first_seen":"2024-03-10","last_seen":"2026-04-23","class_agreement":1.0,"top_reasons":"dist_mining_km=0.0507 (+5.23); inside_mining=1 (+4.79); dist_thermal_plant_km=47.43 (+0.37); lc_grass_1km=0.4298 (+0.07)"}},{"type":"Feature","geometry":{"type":"Point","coordinates":[85.43592,23.64917]},"properties":{"cell_id":"4730_17087","pred_class":"mining","n_detections":170,"frp_mean":1.5187,"frp_max":5.24,"night_frac":0.9941,"first_seen":"2024-01-22","last_seen":"2026-04-26","class_agreement":1.0,"top_reasons":"dist_mining_km=0.4511 (+5.29); inside_mining=1 (+4.74); dist_thermal_plant_km=47.67 (+0.36); lc_grass_5km=0.2 (+0.07)"}},{"type":"Feature","geometry":{"type":"Point","coordinates":[85.43945,23.64871]},"properties":{"cell_id":"4730_17088","pred_class":"mining","n_detections":264,"frp_mean":1.9001,"frp_max":7.11,"night_frac":0.803,"first_seen":"2024-02-02","last_seen":"2026-04-26","class_agreement":1.0,"top_reasons":"dist_mining_km=0.2834 (+5.26); inside_mining=1 (+4.77); dist_thermal_plant_km=47.34 (+0.37); lc_grass_5km=0.1987 (+0.07)"}},{"type":"Feature","geometry":{"type":"Point","coordinates":[85.50606,23.65617]},"properties":{"cell_id":"4731_17101","pred_class":"industrial_plant","n_detections":172,"frp_mean":1.0834,"frp_max":2.29,"night_frac":1.0,"first_seen":"2024-01-01","last_seen":"2026-04-26","class_agreement":1.0,"top_reasons":"dist_industrial_km=0.1871 (+3.68); is_persistent=1 (+2.51); inside_industrial=1 (+1.88); dist_thermal_plant_km=40.67 (+0.98)"}},{"type":"Feature","geometry":{"type":"Point","coordinates":[85.50862,23.65603]},"properties":{"cell_id":"4731_17102","pred_class":"industrial_plant","n_detections":121,"frp_mean":1.1271,"frp_max":2.33,"night_frac":1.0,"first_seen":"2024-01-09","last_seen":"2026-04-25","class_agreement":1.0,"top_reasons":"dist_industrial_km=0.2257 (+3.81); is_persistent=1 (+2.51); inside_industrial=1 (+1.82); dist_thermal_plant_km=40.44 (+0.96)"}},{"type":"Feature","geometry":{"type":"Point","coordinates":[84.9996,23.66186]},"properties":{"cell_id":"4732_17000","pred_class":"mining","n_detections":40,"frp_mean":0.8627,"frp_max":2.64,"night_frac":1.0,"first_seen":"2024-02-22","last_seen":"2026-04-23","class_agreement":1.0,"top_reasons":"dist_mining_km=0.8154 (+9.16); dist_thermal_plant_km=90.66 (+0.31); lc_grass_1km=0.4132 (+0.27); lc_grass_5km=0.3266 (+0.24)"}},{"type":"Feature","geometry":{"type":"Point","coordinates":[85.5058,23.65846]},"properties":{"cell_id":"4732_17101","pred_class":"industrial_plant","n_detections":76,"frp_mean":0.9983,"frp_max":1.92,"night_frac":1.0,"first_seen":"2024-01-19","last_seen":"2026-04-18","class_agreement":1.0,"top_reasons":"dist_industrial_km=0.1706 (+3.81); is_persistent=1 (+2.50); inside_industrial=1 (+1.70); dist_thermal_plant_km=40.61 (+1.03)"}},{"type":"Feature","geometry":{"type":"Point","coordinates":[85.50854,23.65821]},"properties":{"cell_id":"4732_17102","pred_class":"industrial_plant","n_detections":40,"frp_mean":1.0348,"frp_max":2.67,"night_frac":1.0,"first_seen":"2024-11-23","last_seen":"2026-04-21","class_agreement":1.0,"top_reasons":"dist_industrial_km=0.1616 (+3.95); is_persistent=1 (+2.50); inside_industrial=1 (+1.62); dist_thermal_plant_km=40.36 (+1.03)"}},{"type":"Feature","geometry":{"type":"Point","coordinates":[85.5517,23.66198]},"properties":{"cell_id":"4732_17110","pred_class":"gas_flare","n_detections":21,"frp_mean":0.5505,"frp_max":0.74,"night_frac":1.0,"first_seen":"2024-02-07","last_seen":"2026-04-14","class_agreement":1.0,"top_reasons":"is_persistent=1 (+0.94); dist_industrial_km=3.705 (+0.65); dist_any_industry_km=3.705 (-0.62); inside_mining=0 (+0.39)"}},{"type":"Feature","geometry":{"type":"Point","coordinates":[86.91088,23.66157]},"properties":{"cell_id":"4732_17382","pred_class":"industrial_plant","n_detections":25,"frp_mean":1.0244,"frp_max":2.07,"night_frac":1.0,"first_seen":"2024-01-27","last_seen":"2026-03-26","class_agreement":1.0,"top_reasons":"inside_industrial=1 (+2.52); dist_industrial_km=2.061 (+2.30); is_persistent=1 (+2.25); dist_thermal_plant_km=23.45 (+0.84)"}},{"type":"Feature","geometry":{"type":"Point","coordinates":[87.15612,23.66191]},"properties":{"cell_id":"4732_17431","pred_class":"industrial_plant","n_detections":41,"frp_mean":1.311,"frp_max":5.03,"night_frac":0.9512,"first_seen":"2024-12-15","last_seen":"2026-04-22","class_agreement":1.0,"top_reasons":"dist_industrial_km=1.342 (+5.11); is_persistent=1 (+2.38); dist_thermal_plant_km=10.35 (+0.86); dist_mining_km=1.598 (+0.49)"}},{"type":"Feature","geometry":{"type":"Point","coordinates":[87.15833,23.66184]},"properties":{"cell_id":"4732_17432","pred_class":"industrial_plant","n_detections":43,"frp_mean":1.0802,"frp_max":2.82,"night_frac":0.9767,"first_seen":"2025-01-22","last_seen":"2026-03-04","class_agreement":1.0,"top_reasons":"dist_industrial_km=1.234 (+5.07); is_persistent=1 (+2.32); dist_thermal_plant_km=10.23 (+0.86); inside_mining=0 (+0.45)"}},{"type":"Feature","geometry":{"type":"Point","coordinates":[84.99652,23.6657]},"properties":{"cell_id":"4733_16999","pred_class":"mining","n_detections":119,"frp_mean":1.3227,"frp_max":2.79,"night_frac":1.0,"first_seen":"2024-01-13","last_seen":"2026-04-26","class_agreement":1.0,"top_reasons":"dist_mining_km=0.418 (+9.14); dist_thermal_plant_km=90.91 (+0.34); lc_grass_1km=0.438 (+0.26); lc_grass_5km=0.3613 (+0.25)"}},{"type":"Feature","geometry":{"type":"Point","coordinates":[84.999,23.66467]},"properties":{"cell_id":"4733_17000","pred_class":"mining","n_detections":261,"frp_mean":1.2908,"frp_max":3.33,"night_frac":1.0,"first_seen":"2024-01-01","last_seen":"2026-04-26","class_agreement":1.0,"top_reasons":"dist_mining_km=0.4969 (+9.12); dist_thermal_plant_km=90.68 (+0.36); lc_grass_5km=0.3441 (+0.26); lc_grass_1km=0.4545 (+0.24)"}},{"type":"Feature","geometry":{"type":"Point","coordinates":[85.55153,23.66332]},"properties":{"cell_id":"4733_17110","pred_class":"gas_flare","n_detections":27,"frp_mean":0.5704,"frp_max":0.84,"night_frac":1.0,"first_seen":"2024-02-05","last_seen":"2026-03-29","class_agreement":1.0,"top_reasons":"is_persistent=1 (+0.75); dist_industrial_km=3.657 (+0.68); dist_any_industry_km=3.657 (-0.61); inside_mining=0 (+0.39)"}},{"type":"Feature","geometry":{"type":"Point","coordinates":[85.55335,23.66364]},"properties":{"cell_id":"4733_17111","pred_class":"gas_flare","n_detections":21,"frp_mean":0.4886,"frp_max":0.7,"night_frac":1.0,"first_seen":"2024-03-04","last_seen":"2026-04-21","class_agreement":1.0,"top_reasons":"is_persistent=1 (+0.78); dist_industrial_km=3.833 (+0.70); dist_any_industry_km=3.833 (-0.61); inside_mining=0 (+0.39)"}},{"type":"Feature","geometry":{"type":"Point","coordinates":[86.09126,23.66694]},"properties":{"cell_id":"4733_17218","pred_class":"thermal_power","n_detections":78,"frp_mean":1.1751,"frp_max":3.82,"night_frac":1.0,"first_seen":"2024-01-04","last_seen":"2026-04-03","class_agreement":1.0,"top_reasons":"dist_thermal_plant_km=1.288 (+9.18); is_persistent=1 (+0.58); dist_power_plant_km=2.112 (+0.57); nearest_plant_mw=500 (+0.16)"}},{"type":"Feature","geometry":{"type":"Point","coordinates":[86.09331,23.66689]},"properties":{"cell_id":"4733_17219","pred_class":"thermal_power","n_detections":43,"frp_mean":1.243,"frp_max":2.54,"night_frac":1.0,"first_seen":"2024-01-04","last_seen":"2026-04-20","class_agreement":1.0,"top_reasons":"dist_thermal_plant_km=1.35 (+9.14); is_persistent=1 (+0.57); dist_power_plant_km=2.113 (+0.55); nearest_plant_mw=500 (+0.15)"}},{"type":"Feature","geometry":{"type":"Point","coordinates":[86.42032,23.66677]},"properties":{"cell_id":"4733_17284","pred_class":"mining","n_detections":31,"frp_mean":1.3419,"frp_max":2.91,"night_frac":0.9677,"first_seen":"2024-01-01","last_seen":"2024-05-02","class_agreement":1.0,"top_reasons":"dist_mining_km=0.9188 (+9.17); dist_thermal_plant_km=8.674 (+0.37); lc_grass_5km=0.1382 (+0.14); lc_water_1km=0.1074 (+0.09)"}},{"type":"Feature","geometry":{"type":"Point","coordinates":[86.91119,23.66342]},"properties":{"cell_id":"4733_17382","pred_class":"industrial_plant","n_detections":33,"frp_mean":1.057,"frp_max":4.71,"night_frac":1.0,"first_seen":"2024-01-06","last_seen":"2026-04-11","class_agreement":1.0,"top_reasons":"dist_industrial_km=1.938 (+3.55); is_persistent=1 (+2.45); inside_industrial=1 (+1.74); dist_thermal_plant_km=23.31 (+1.02)"}},{"type":"Feature","geometry":{"type":"Point","coordinates":[86.916,23.66485]},"properties":{"cell_id":"4733_17383","pred_class":"industrial_plant","n_detections":116,"frp_mean":1.3509,"frp_max":5.1,"night_frac":0.9914,"first_seen":"2024-01-02","last_seen":"2026-04-06","class_agreement":1.0,"top_reasons":"dist_industrial_km=1.429 (+3.62); is_persistent=1 (+2.48); inside_industrial=1 (+1.76); dist_thermal_plant_km=23.52 (+1.02)"}},{"type":"Feature","geometry":{"type":"Point","coordinates":[86.92002,23.66547]},"properties":{"cell_id":"4733_17384","pred_class":"industrial_plant","n_detections":361,"frp_mean":1.8273,"frp_max":7.79,"night_frac":0.8698,"first_seen":"2024-01-01","last_seen":"2026-04-22","class_agreement":1.0,"top_reasons":"dist_industrial_km=1.044 (+3.43); is_persistent=1 (+2.46); inside_industrial=1 (+1.82); dist_thermal_plant_km=23.75 (+1.03)"}},{"type":"Feature","geometry":{"type":"Point","coordinates":[86.92367,23.66578]},"properties":{"cell_id":"4733_17385","pred_class":"industrial_plant","n_detections":117,"frp_mean":1.9939,"frp_max":9.26,"night_frac":0.7949,"first_seen":"2024-01-04","last_seen":"2026-04-10","class_agreement":1.0,"top_reasons":"dist_industrial_km=0.745 (+3.55); is_persistent=1 (+2.34); inside_industrial=1 (+1.88); dist_thermal_plant_km=23.98 (+1.02)"}},{"type":"Feature","geometry":{"type":"Point","coordinates":[87.15602,23.66448]},"properties":{"cell_id":"4733_17431","pred_class":"industrial_plant","n_detections":234,"frp_mean":1.6407,"frp_max":6.97,"night_frac":0.9316,"first_seen":"2024-10-28","last_seen":"2026-04-27","class_agreement":1.0,"top_reasons":"dist_industrial_km=1.458 (+5.13); is_persistent=1 (+2.40); dist_thermal_plant_km=10.6 (+0.86); dist_mining_km=1.365 (+0.54)"}},{"type":"Feature","geometry":{"type":"Point","coordinates":[87.15873,23.66463]},"properties":{"cell_id":"4733_17432","pred_class":"industrial_plant","n_detections":231,"frp_mean":1.7877,"frp_max":6.73,"night_frac":0.8268,"first_seen":"2024-11-24","last_seen":"2026-04-27","class_agreement":1.0,"top_reasons":"dist_industrial_km=1.514 (+4.97); is_persistent=1 (+2.27); dist_thermal_plant_km=10.49 (+0.81); inside_mining=0 (+0.43)"}},{"type":"Feature","geometry":{"type":"Point","coordinates":[84.9955,23.66957]},"properties":{"cell_id":"4734_16999","pred_class":"mining","n_detections":287,"frp_mean":1.4399,"frp_max":3.87,"night_frac":1.0,"first_seen":"2024-01-01","last_seen":"2026-04-18","class_agreement":1.0,"top_reasons":"dist_mining_km=0.2873 (+9.12); dist_thermal_plant_km=90.95 (+0.37); lc_grass_5km=0.3993 (+0.24); lc_grass_1km=0.4793 (+0.23)"}},{"type":"Feature","geometry":{"type":"Point","coordinates":[84.99808,23.66858]},"properties":{"cell_id":"4734_17000","pred_class":"mining","n_detections":44,"frp_mean":1.1439,"frp_max":2.66,"night_frac":1.0,"first_seen":"2024-01-23","last_seen":"2026-04-22","class_agreement":1.0,"top_reasons":"dist_mining_km=0.06061 (+5.23); inside_mining=1 (+4.61); dist_thermal_plant_km=90.7 (+0.35); lc_grass_5km=0.3835 (+0.13)"}},{"type":"Feature","geometry":{"type":"Point","coordinates":[86.09119,23.66886]},"properties":{"cell_id":"4734_17218","pred_class":"thermal_power","n_detections":202,"frp_mean":1.3407,"frp_max":4.74,"night_frac":1.0,"first_seen":"2024-01-05","last_seen":"2026-04-27","class_agreement":1.0,"top_reasons":"dist_thermal_plant_km=1.077 (+9.21); is_persistent=1 (+0.58); dist_power_plant_km=1.899 (+0.55); nearest_plant_mw=500 (+0.15)"}},{"type":"Feature","geometry":{"type":"Point","coordinates":[86.09338,23.66885]},"properties":{"cell_id":"4734_17219","pred_class":"thermal_power","n_detections":95,"frp_mean":1.1793,"frp_max":2.21,"night_frac":1.0,"first_seen":"2024-01-19","last_seen":"2026-04-16","class_agreement":1.0,"top_reasons":"dist_thermal_plant_km=1.15 (+9.21); is_persistent=1 (+0.59); dist_power_plant_km=1.895 (+0.54); nearest_plant_mw=500 (+0.15)"}},{"type":"Feature","geometry":{"type":"Point","coordinates":[86.11039,23.67153]},"properties":{"cell_id":"4734_17222","pred_class":"thermal_power","n_detections":17,"frp_mean":1.5924,"frp_max":3.42,"night_frac":0.8235,"first_seen":"2024-03-10","last_seen":"2026-04-17","class_agreement":1.0,"top_reasons":"dist_thermal_plant_km=2.324 (+9.08); is_persistent=1 (+0.60); dist_power_plant_km=2.402 (+0.47); nearest_plant_mw=500 (+0.15)"}},{"type":"Feature","geometry":{"type":"Point","coordinates":[86.11486,23.67135]},"properties":{"cell_id":"4734_17223","pred_class":"thermal_power","n_detections":57,"frp_mean":1.2411,"frp_max":3.32,"night_frac":0.9474,"first_seen":"2024-01-02","last_seen":"2026-03-30","class_agreement":1.0,"top_reasons":"dist_thermal_plant_km=2.764 (+9.22); is_persistent=1 (+0.58); dist_power_plant_km=2.77 (+0.56); nearest_plant_mw=500 (+0.13)"}},{"type":"Feature","geometry":{"type":"Point","coordinates":[86.12015,23.67008]},"properties":{"cell_id":"4734_17224","pred_class":"thermal_power","n_detections":19,"frp_mean":1.4774,"frp_max":5.07,"night_frac":0.9474,"first_seen":"2024-10-31","last_seen":"2026-03-31","class_agreement":1.0,"top_reasons":"dist_thermal_plant_km=3.321 (+9.08); is_persistent=1 (+0.60); dist_power_plant_km=3.296 (+0.46); ti4_ti5_diff=20.7 (+0.14)"}},{"type":"Feature","geometry":{"type":"Point","coordinates":[86.39611,23.67172]},"properties":{"cell_id":"4734_17279","pred_class":"gas_flare","n_detections":29,"frp_mean":1.6083,"frp_max":7.79,"night_frac":1.0,"first_seen":"2025-01-19","last_seen":"2026-04-21","class_agreement":1.0,"top_reasons":"is_persistent=1 (+0.85); dist_industrial_km=3.285 (+0.64); dist_any_industry_km=3.285 (-0.50); inside_mining=0 (+0.43)"}},{"type":"Feature","geometry":{"type":"Point","coordinates":[86.41629,23.67085]},"properties":{"cell_id":"4734_17283","pred_class":"mining","n_detections":16,"frp_mean":1.3781,"frp_max":2.74,"night_frac":1.0,"first_seen":"2024-01-01","last_seen":"2024-05-04","class_agreement":1.0,"top_reasons":"dist_mining_km=0.6519 (+9.15); dist_thermal_plant_km=9.278 (+0.33); lc_bare_5km=0.03835 (+0.19); lc_grass_5km=0.1498 (+0.16)"}},{"type":"Feature","geometry":{"type":"Point","coordinates":[86.41975,23.66986]},"properties":{"cell_id":"4734_17284","pred_class":"mining","n_detections":96,"frp_mean":1.817,"frp_max":4.73,"night_frac":0.9167,"first_seen":"2024-01-01","last_seen":"2024-06-08","class_agreement":1.0,"top_reasons":"dist_mining_km=0.5836 (+9.14); dist_thermal_plant_km=8.994 (+0.36); lc_grass_5km=0.1398 (+0.18); lifetime_days=160 (+0.17)"}},{"type":"Feature","geometry":{"type":"Point","coordinates":[86.91656,23.66869]},"properties":{"cell_id":"4734_17383","pred_class":"industrial_plant","n_detections":27,"frp_mean":1.677,"frp_max":4.8,"night_frac":0.8889,"first_seen":"2024-01-08","last_seen":"2026-03-26","class_agreement":1.0,"top_reasons":"dist_industrial_km=1.228 (+3.66); is_persistent=1 (+2.48); inside_industrial=1 (+1.74); dist_thermal_plant_km=23.25 (+1.04)"}},{"type":"Feature","geometry":{"type":"Point","coordinates":[86.92042,23.66856]},"properties":{"cell_id":"4734_17384","pred_class":"industrial_plant","n_detections":118,"frp_mean":1.9113,"frp_max":10.66,"night_frac":0.8814,"first_seen":"2024-01-11","last_seen":"2026-03-05","class_agreement":1.0,"top_reasons":"dist_industrial_km=0.8504 (+3.54); is_persistent=1 (+2.32); inside_industrial=1 (+1.88); dist_thermal_plant_km=23.53 (+1.02)"}},{"type":"Feature","geometry":{"type":"Point","coordinates":[86.92343,23.66845]},"properties":{"cell_id":"4734_17385","pred_class":"industrial_plant","n_detections":44,"frp_mean":2.26,"frp_max":10.86,"night_frac":0.8182,"first_seen":"2024-03-09","last_seen":"2025-12-28","class_agreement":1.0,"top_reasons":"dist_industrial_km=0.5723 (+3.49); is_persistent=1 (+2.30); inside_industrial=1 (+1.89); dist_thermal_plant_km=23.75 (+1.04)"}},{"type":"Feature","geometry":{"type":"Point","coordinates":[86.93576,23.67114]},"properties":{"cell_id":"4734_17387","pred_class":"industrial_plant","n_detections":69,"frp_mean":1.3062,"frp_max":3.51,"night_frac":0.8696,"first_seen":"2024-01-04","last_seen":"2026-04-05","class_agreement":1.0,"top_reasons":"dist_industrial_km=0.754 (+3.57); is_persistent=1 (+2.31); inside_industrial=1 (+1.88); dist_thermal_plant_km=24.44 (+1.02)"}},{"type":"Feature","geometry":{"type":"Point","coordinates":[84.99475,23.67316]},"properties":{"cell_id":"4735_16999","pred_class":"mining","n_detections":15,"frp_mean":1.8247,"frp_max":6.92,"night_frac":0.8667,"first_seen":"2024-06-13","last_seen":"2026-03-22","class_agreement":1.0,"top_reasons":"dist_mining_km=0.5775 (+5.31); inside_mining=1 (+4.68); dist_thermal_plant_km=90.97 (+0.33); lc_grass_5km=0.4192 (+0.11)"}},{"type":"Feature","geometry":{"type":"Point","coordinates":[85.32507,23.67531]},"properties":{"cell_id":"4735_17065","pred_class":"mining","n_detections":31,"frp_mean":0.9906,"frp_max":3.24,"night_frac":1.0,"first_seen":"2024-02-02","last_seen":"2026-02-27","class_agreement":1.0,"top_reasons":"dist_mining_km=0.9329 (+9.16); dist_thermal_plant_km=57.79 (+0.32); dist_any_industry_km=1.368 (+0.21); lc_grass_1km=0.1983 (+0.18)"}},{"type":"Feature","geometry":{"type":"Point","coordinates":[86.07082,23.67697]},"properties":{"cell_id":"4735_17214","pred_class":"thermal_power","n_detections":52,"frp_mean":0.7913,"frp_max":2.1,"night_frac":1.0,"first_seen":"2024-02-29","last_seen":"2026-04-10","class_agreement":1.0,"top_reasons":"dist_thermal_plant_km=1.837 (+9.24); dist_power_plant_km=2.445 (+0.55); is_persistent=1 (+0.53); n_detections=52 (+0.12)"}},{"type":"Feature","geometry":{"type":"Point","coordinates":[86.07307,23.67681]},"properties":{"cell_id":"4735_17215","pred_class":"thermal_power","n_detections":17,"frp_mean":0.6418,"frp_max":1.01,"night_frac":1.0,"first_seen":"2024-12-11","last_seen":"2026-02-16","class_agreement":1.0,"top_reasons":"dist_thermal_plant_km=1.611 (+9.00); is_persistent=1 (+0.57); dist_power_plant_km=2.246 (+0.45); n_detections=17 (+0.18)"}},{"type":"Feature","geometry":{"type":"Point","coordinates":[86.08553,23.67574]},"properties":{"cell_id":"4735_17217","pred_class":"thermal_power","n_detections":508,"frp_mean":2.3194,"frp_max":8.29,"night_frac":0.8957,"first_seen":"2024-01-01","last_seen":"2026-04-27","class_agreement":1.0,"top_reasons":"dist_thermal_plant_km=0.4382 (+9.20); dist_power_plant_km=1.348 (+0.61); is_persistent=1 (+0.57); nearest_plant_mw=500 (+0.13)"}},{"type":"Feature","geometry":{"type":"Point","coordinates":[86.08809,23.67549]},"properties":{"cell_id":"4735_17218","pred_class":"thermal_power","n_detections":108,"frp_mean":2.387,"frp_max":7.87,"night_frac":0.8333,"first_seen":"2024-01-06","last_seen":"2026-04-23","class_agreement":1.0,"top_reasons":"dist_thermal_plant_km=0.3211 (+9.21); dist_power_plant_km=1.25 (+0.61); is_persistent=1 (+0.58); nearest_plant_mw=500 (+0.16)"}},{"type":"Feature","geometry":{"type":"Point","coordinates":[86.09521,23.67655]},"properties":{"cell_id":"4735_17219","pred_class":"thermal_power","n_detections":21,"frp_mean":1.6762,"frp_max":5.15,"night_frac":1.0,"first_seen":"2024-06-08","last_seen":"2026-03-04","class_agreement":1.0,"top_reasons":"dist_thermal_plant_km=0.6817 (+9.24); is_persistent=1 (+0.57); dist_power_plant_km=1.068 (+0.49); nearest_plant_mw=500 (+0.14)"}},{"type":"Feature","geometry":{"type":"Point","coordinates":[86.09997,23.67581]},"properties":{"cell_id":"4735_17220","pred_class":"thermal_power","n_detections":19,"frp_mean":1.7032,"frp_max":6.45,"night_frac":1.0,"first_seen":"2024-01-21","last_seen":"2026-03-25","class_agreement":1.0,"top_reasons":"dist_thermal_plant_km=1.171 (+9.12); is_persistent=1 (+0.58); dist_power_plant_km=1.339 (+0.40); ti4_ti5_diff=19.29 (+0.14)"}},{"type":"Feature","geometry":{"type":"Point","coordinates":[86.105,23.6757]},"properties":{"cell_id":"4735_17221","pred_class":"thermal_power","n_detections":77,"frp_mean":1.7145,"frp_max":6.86,"night_frac":0.961,"first_seen":"2024-01-04","last_seen":"2026-04-24","class_agreement":1.0,"top_reasons":"dist_thermal_plant_km=1.675 (+9.21); is_persistent=1 (+0.57); dist_power_plant_km=1.683 (+0.52); nearest_plant_mw=500 (+0.15)"}},{"type":"Feature","geometry":{"type":"Point","coordinates":[86.10976,23.67384]},"properties":{"cell_id":"4735_17222","pred_class":"thermal_power","n_detections":38,"frp_mean":1.4163,"frp_max":2.96,"night_frac":0.8684,"first_seen":"2024-01-11","last_seen":"2026-04-17","class_agreement":1.0,"top_reasons":"dist_thermal_plant_km=2.191 (+9.22); is_persistent=1 (+0.58); dist_power_plant_km=2.188 (+0.56); nearest_plant_mw=500 (+0.11)"}},{"type":"Feature","geometry":{"type":"Point","coordinates":[86.11476,23.67353]},"properties":{"cell_id":"4735_17223","pred_class":"thermal_power","n_detections":26,"frp_mean":1.055,"frp_max":2.8,"night_frac":0.9615,"first_seen":"2024-01-28","last_seen":"2026-03-22","class_agreement":1.0,"top_reasons":"dist_thermal_plant_km=2.696 (+9.23); is_persistent=1 (+0.57); dist_power_plant_km=2.627 (+0.55); nearest_plant_mw=500 (+0.14)"}},{"type":"Feature","geometry":{"type":"Point","coordinates":[86.39145,23.67669]},"properties":{"cell_id":"4735_17278","pred_class":"gas_flare","n_detections":20,"frp_mean":1.678,"frp_max":3.81,"night_frac":1.0,"first_seen":"2025-06-13","last_seen":"2026-03-25","class_agreement":1.0,"top_reasons":"is_persistent=1 (+1.85); dist_industrial_km=2.799 (+1.50); inside_mining=0 (+0.84); dist_any_industry_km=2.799 (+0.83)"}},{"type":"Feature","geometry":{"type":"Point","coordinates":[86.39566,23.67572]},"properties":{"cell_id":"4735_17279","pred_class":"gas_flare","n_detections":334,"frp_mean":1.8539,"frp_max":6.05,"night_frac":0.991,"first_seen":"2024-01-02","last_seen":"2026-04-26","class_agreement":1.0,"top_reasons":"dist_industrial_km=2.844 (+2.13); is_persistent=1 (+1.95); inside_mining=0 (+1.23); dist_any_industry_km=2.844 (+1.22)"}},{"type":"Feature","geometry":{"type":"Point","coordinates":[86.40003,23.67554]},"properties":{"cell_id":"4735_17280","pred_class":"gas_flare","n_detections":532,"frp_mean":2.1778,"frp_max":10.07,"night_frac":0.9568,"first_seen":"2024-01-02","last_seen":"2026-04-26","class_agreement":1.0,"top_reasons":"dist_industrial_km=2.869 (+2.13); is_persistent=1 (+1.98); inside_mining=0 (+1.24); dist_any_industry_km=2.869 (+1.21)"}},{"type":"Feature","geometry":{"type":"Point","coordinates":[86.40367,23.67509]},"properties":{"cell_id":"4735_17281","pred_class":"gas_flare","n_detections":142,"frp_mean":1.8615,"frp_max":10.94,"night_frac":0.8944,"first_seen":"2024-02-05","last_seen":"2026-04-22","class_agreement":1.0,"top_reasons":"dist_industrial_km=2.809 (+1.95); is_persistent=1 (+1.87); inside_mining=0 (+1.16); dist_any_industry_km=2.809 (+1.11)"}},{"type":"Feature","geometry":{"type":"Point","coordinates":[86.93543,23.67292]},"properties":{"cell_id":"4735_17387","pred_class":"industrial_plant","n_detections":17,"frp_mean":1.7518,"frp_max":4.4,"night_frac":0.7059,"first_seen":"2024-01-25","last_seen":"2026-04-10","class_agreement":1.0,"top_reasons":"dist_industrial_km=0.7538 (+3.53); is_persistent=1 (+2.29); inside_industrial=1 (+1.66); dist_thermal_plant_km=24.28 (+0.95)"}},{"type":"Feature","geometry":{"type":"Point","coordinates":[85.31376,23.68022]},"properties":{"cell_id":"4736_17063","pred_class":"mining","n_detections":18,"frp_mean":0.6211,"frp_max":1.02,"night_frac":1.0,"first_seen":"2025-11-17","last_seen":"2026-03-31","class_agreement":1.0,"top_reasons":"dist_mining_km=0.8306 (+8.87); lc_grass_1km=0.8017 (+0.56); dist_thermal_plant_km=58.8 (+0.29); dist_any_industry_km=2.502 (+0.26)"}},{"type":"Feature","geometry":{"type":"Point","coordinates":[86.07069,23.67867]},"properties":{"cell_id":"4736_17214","pred_class":"thermal_power","n_detections":60,"frp_mean":0.8485,"frp_max":2.0,"night_frac":1.0,"first_seen":"2024-02-02","last_seen":"2026-04-18","class_agreement":1.0,"top_reasons":"dist_thermal_plant_km=1.845 (+9.22); dist_power_plant_km=2.387 (+0.56); is_persistent=1 (+0.53); n_detections=60 (+0.11)"}},{"type":"Feature","geometry":{"type":"Point","coordinates":[86.07327,23.6783]},"properties":{"cell_id":"4736_17215","pred_class":"thermal_power","n_detections":15,"frp_mean":0.7087,"frp_max":1.31,"night_frac":1.0,"first_seen":"2024-12-10","last_seen":"2026-04-14","class_agreement":1.0,"top_reasons":"dist_thermal_plant_km=1.582 (+8.80); is_persistent=1 (+0.57); dist_power_plant_km=2.157 (+0.44); n_detections=15 (+0.23)"}},{"type":"Feature","geometry":{"type":"Point","coordinates":[86.08157,23.68118]},"properties":{"cell_id":"4736_17216","pred_class":"thermal_power","n_detections":46,"frp_mean":1.8067,"frp_max":5.34,"night_frac":0.9565,"first_seen":"2024-01-10","last_seen":"2026-04-10","class_agreement":1.0,"top_reasons":"dist_thermal_plant_km=0.8026 (+9.21); is_persistent=1 (+0.58); dist_power_plant_km=1.254 (+0.58); nearest_plant_mw=500 (+0.16)"}},{"type":"Feature","geometry":{"type":"Point","coordinates":[86.08499,23.67938]},"properties":{"cell_id":"4736_17217","pred_class":"thermal_power","n_detections":492,"frp_mean":2.3001,"frp_max":8.89,"night_frac":0.872,"first_seen":"2024-01-02","last_seen":"2026-04-27","class_agreement":1.0,"top_reasons":"dist_thermal_plant_km=0.4064 (+9.21); dist_power_plant_km=1.073 (+0.59); is_persistent=1 (+0.57); nearest_plant_mw=500 (+0.17)"}},{"type":"Feature","geometry":{"type":"Point","coordinates":[86.09064,23.68057]},"properties":{"cell_id":"4736_17218","pred_class":"thermal_power","n_detections":201,"frp_mean":2.3267,"frp_max":10.42,"night_frac":0.9602,"first_seen":"2024-01-06","last_seen":"2026-04-24","class_agreement":1.0,"top_reasons":"dist_thermal_plant_km=0.3146 (+9.21); dist_power_plant_km=0.6292 (+0.59); is_persistent=1 (+0.57); nearest_plant_mw=500 (+0.17)"}},{"type":"Feature","geometry":{"type":"Point","coordinates":[86.09479,23.68072]},"properties":{"cell_id":"4736_17219","pred_class":"thermal_power","n_detections":594,"frp_mean":3.147,"frp_max":23.53,"night_frac":0.7744,"first_seen":"2024-01-01","last_seen":"2026-04-27","class_agreement":1.0,"top_reasons":"dist_thermal_plant_km=0.6667 (+9.20); dist_power_plant_km=0.6103 (+0.60); is_persistent=1 (+0.58); nearest_plant_mw=500 (+0.17)"}},{"type":"Feature","geometry":{"type":"Point","coordinates":[86.09909,23.6799]},"properties":{"cell_id":"4736_17220","pred_class":"thermal_power","n_detections":84,"frp_mean":2.2455,"frp_max":12.22,"night_frac":0.9048,"first_seen":"2024-01-10","last_seen":"2026-04-21","class_agreement":1.0,"top_reasons":"dist_thermal_plant_km=1.062 (+9.21); dist_power_plant_km=0.9253 (+0.57); is_persistent=1 (+0.57); nearest_plant_mw=500 (+0.17)"}},{"type":"Feature","geometry":{"type":"Point","coordinates":[86.10517,23.67871]},"properties":{"cell_id":"4736_17221","pred_class":"thermal_power","n_detections":39,"frp_mean":1.7277,"frp_max":5.91,"night_frac":0.8974,"first_seen":"2024-01-08","last_seen":"2026-03-07","class_agreement":1.0,"top_reasons":"dist_thermal_plant_km=1.668 (+9.22); is_persistent=1 (+0.58); dist_power_plant_km=1.494 (+0.53); nearest_plant_mw=500 (+0.12)"}},{"type":"Feature","geometry":{"type":"Point","coordinates":[86.3904,23.68071]},"properties":{"cell_id":"4736_17278","pred_class":"mining","n_detections":438,"frp_mean":2.1232,"frp_max":13.53,"night_frac":0.9247,"first_seen":"2024-01-01","last_seen":"2026-04-26","class_agreement":1.0,"top_reasons":"dist_mining_km=0.6646 (+5.26); inside_mining=1 (+4.75); dist_thermal_plant_km=11.76 (+0.34); lc_grass_5km=0.2301 (+0.09)"}},{"type":"Feature","geometry":{"type":"Point","coordinates":[86.3951,23.68024]},"properties":{"cell_id":"4736_17279","pred_class":"mining","n_detections":721,"frp_mean":2.4767,"frp_max":11.48,"night_frac":0.8599,"first_seen":"2024-01-01","last_seen":"2026-04-27","class_agreement":1.0,"top_reasons":"dist_mining_km=0.8705 (+5.19); inside_mining=1 (+4.84); dist_thermal_plant_km=11.41 (+0.25); lc_grass_5km=0.2069 (+0.10)"}},{"type":"Feature","geometry":{"type":"Point","coordinates":[86.39898,23.67913]},"properties":{"cell_id":"4736_17280","pred_class":"mining","n_detections":260,"frp_mean":2.2805,"frp_max":8.47,"night_frac":0.8654,"first_seen":"2024-01-10","last_seen":"2026-04-25","class_agreement":1.0,"top_reasons":"inside_mining=1 (+7.14); dist_mining_km=1.171 (+2.35); dist_thermal_plant_km=11.06 (+0.18); lc_grass_5km=0.1904 (+0.14)"}},{"type":"Feature","geometry":{"type":"Point","coordinates":[87.12951,23.68161]},"properties":{"cell_id":"4736_17426","pred_class":"industrial_plant","n_detections":50,"frp_mean":1.2246,"frp_max":2.28,"night_frac":1.0,"first_seen":"2025-09-29","last_seen":"2026-04-09","class_agreement":1.0,"top_reasons":"dist_industrial_km=0.8917 (+5.20); is_persistent=1 (+2.46); dist_thermal_plant_km=13.63 (+0.86); dist_mining_km=2.68 (+0.69)"}},{"type":"Feature","geometry":{"type":"Point","coordinates":[86.08176,23.6839]},"properties":{"cell_id":"4737_17216","pred_class":"thermal_power","n_detections":62,"frp_mean":1.9176,"frp_max":5.97,"night_frac":0.9516,"first_seen":"2024-01-01","last_seen":"2026-04-21","class_agreement":1.0,"top_reasons":"dist_thermal_plant_km=0.9499 (+9.20); dist_power_plant_km=1.142 (+0.59); is_persistent=1 (+0.58); nearest_plant_mw=500 (+0.16)"}},{"type":"Feature","geometry":{"type":"Point","coordinates":[86.0841,23.68375]},"properties":{"cell_id":"4737_17217","pred_class":"thermal_power","n_detections":127,"frp_mean":2.3166,"frp_max":8.95,"night_frac":0.748,"first_seen":"2024-01-01","last_seen":"2026-04-13","class_agreement":1.0,"top_reasons":"dist_thermal_plant_km=0.7728 (+9.20); dist_power_plant_km=0.9141 (+0.58); is_persistent=1 (+0.58); nearest_plant_mw=500 (+0.15)"}},{"type":"Feature","geometry":{"type":"Point","coordinates":[86.09056,23.68407]},"properties":{"cell_id":"4737_17218","pred_class":"thermal_power","n_detections":125,"frp_mean":1.7792,"frp_max":5.7,"night_frac":1.0,"first_seen":"2024-01-01","last_seen":"2026-04-16","class_agreement":1.0,"top_reasons":"dist_thermal_plant_km=0.666 (+9.21); dist_power_plant_km=0.3018 (+0.59); is_persistent=1 (+0.58); nearest_plant_mw=500 (+0.17)"}},{"type":"Feature","geometry":{"type":"Point","coordinates":[86.09452,23.6834]},"properties":{"cell_id":"4737_17219","pred_class":"thermal_power","n_detections":241,"frp_mean":2.5498,"frp_max":11.25,"night_frac":0.8465,"first_seen":"2024-01-01","last_seen":"2026-04-24","class_agreement":1.0,"top_reasons":"dist_thermal_plant_km=0.8128 (+9.20); dist_power_plant_km=0.3293 (+0.61); is_persistent=1 (+0.57); nearest_plant_mw=500 (+0.16)"}},{"type":"Feature","geometry":{"type":"Point","coordinates":[86.38609,23.68592]},"properties":{"cell_id":"4737_17277","pred_class":"mining","n_detections":32,"frp_mean":2.1859,"frp_max":5.35,"night_frac":1.0,"first_seen":"2024-01-13","last_seen":"2026-03-07","class_agreement":1.0,"top_reasons":"dist_mining_km=0.4316 (+9.16); dist_thermal_plant_km=12.48 (+0.30); lc_bare_5km=0.04562 (+0.22); lc_grass_5km=0.1967 (+0.18)"}},{"type":"Feature","geometry":{"type":"Point","coordinates":[86.39063,23.68517]},"properties":{"cell_id":"4737_17278","pred_class":"mining","n_detections":813,"frp_mean":2.9936,"frp_max":12.28,"night_frac":0.8253,"first_seen":"2024-01-01","last_seen":"2026-04-27","class_agreement":1.0,"top_reasons":"dist_mining_km=0.1728 (+5.14); inside_mining=1 (+4.75); dist_thermal_plant_km=12.12 (+0.34); lc_grass_5km=0.1874 (+0.09)"}},{"type":"Feature","geometry":{"type":"Point","coordinates":[86.39432,23.68471]},"properties":{"cell_id":"4737_17279","pred_class":"mining","n_detections":912,"frp_mean":3.5321,"frp_max":12.99,"night_frac":0.6414,"first_seen":"2024-01-01","last_seen":"2026-04-27","class_agreement":1.0,"top_reasons":"dist_mining_km=0.47 (+9.09); dist_thermal_plant_km=11.84 (+0.32); lc_grass_5km=0.1762 (+0.29); lc_bare_5km=0.0443 (+0.29)"}},{"type":"Feature","geometry":{"type":"Point","coordinates":[87.12088,23.68618]},"properties":{"cell_id":"4737_17424","pred_class":"industrial_plant","n_detections":269,"frp_mean":1.8092,"frp_max":7.23,"night_frac":0.9331,"first_seen":"2024-01-01","last_seen":"2026-04-25","class_agreement":1.0,"top_reasons":"dist_industrial_km=0.1447 (+3.77); is_persistent=1 (+2.49); inside_industrial=1 (+1.68); dist_thermal_plant_km=14.55 (+1.04)"}},{"type":"Feature","geometry":{"type":"Point","coordinates":[87.12362,23.68601]},"properties":{"cell_id":"4737_17425","pred_class":"industrial_plant","n_detections":94,"frp_mean":1.632,"frp_max":4.63,"night_frac":0.9787,"first_seen":"2024-01-01","last_seen":"2026-04-22","class_agreement":1.0,"top_reasons":"dist_industrial_km=0.1351 (+3.85); is_persistent=1 (+2.50); inside_industrial=1 (+1.64); dist_thermal_plant_km=14.37 (+1.04)"}},{"type":"Feature","geometry":{"type":"Point","coordinates":[87.1296,23.68346]},"properties":{"cell_id":"4737_17426","pred_class":"industrial_plant","n_detections":49,"frp_mean":1.1537,"frp_max":2.52,"night_frac":1.0,"first_seen":"2025-06-09","last_seen":"2026-04-22","class_agreement":1.0,"top_reasons":"dist_industrial_km=0.8012 (+5.20); is_persistent=1 (+2.47); dist_thermal_plant_km=13.79 (+0.85); dist_mining_km=2.875 (+0.69)"}},{"type":"Feature","geometry":{"type":"Point","coordinates":[68.83159,23.69032]},"properties":{"cell_id":"4738_13766","pred_class":"mining","n_detections":37,"frp_mean":0.7073,"frp_max":1.8,"night_frac":1.0,"first_seen":"2024-01-07","last_seen":"2026-04-23","class_agreement":1.0,"top_reasons":"dist_mining_km=0.2003 (+5.29); inside_mining=1 (+4.90); dist_thermal_plant_km=5.718 (+0.17); dist_any_industry_km=5.953 (+0.06)"}},{"type":"Feature","geometry":{"type":"Point","coordinates":[68.83311,23.69009]},"properties":{"cell_id":"4738_13767","pred_class":"mining","n_detections":23,"frp_mean":0.5874,"frp_max":0.99,"night_frac":1.0,"first_seen":"2024-02-14","last_seen":"2026-04-18","class_agreement":1.0,"top_reasons":"dist_mining_km=0.1443 (+5.29); inside_mining=1 (+4.87); dist_thermal_plant_km=5.835 (+0.17); dist_flare_km=176.4 (+0.07)"}},{"type":"Feature","geometry":{"type":"Point","coordinates":[86.38671,23.68943]},"properties":{"cell_id":"4738_17277","pred_class":"mining","n_detections":66,"frp_mean":1.7645,"frp_max":3.92,"night_frac":1.0,"first_seen":"2024-01-04","last_seen":"2026-03-23","class_agreement":1.0,"top_reasons":"dist_mining_km=0.4714 (+5.23); inside_mining=1 (+4.84); dist_thermal_plant_km=12.74 (+0.33); lc_bare_5km=0.04562 (+0.12)"}},{"type":"Feature","geometry":{"type":"Point","coordinates":[86.39,23.68888]},"properties":{"cell_id":"4738_17278","pred_class":"mining","n_detections":373,"frp_mean":2.2503,"frp_max":8.39,"night_frac":0.9088,"first_seen":"2024-01-01","last_seen":"2026-04-23","class_agreement":1.0,"top_reasons":"dist_mining_km=0.2453 (+5.18); inside_mining=1 (+4.79); dist_thermal_plant_km=12.48 (+0.35); lc_grass_5km=0.1762 (+0.10)"}},{"type":"Feature","geometry":{"type":"Point","coordinates":[86.39341,23.68835]},"properties":{"cell_id":"4738_17279","pred_class":"mining","n_detections":72,"frp_mean":2.3724,"frp_max":9.65,"night_frac":0.875,"first_seen":"2024-01-03","last_seen":"2026-03-25","class_agreement":1.0,"top_reasons":"dist_mining_km=0.3721 (+9.12); dist_thermal_plant_km=12.22 (+0.37); lc_grass_5km=0.1527 (+0.27); lc_bare_5km=0.04198 (+0.15)"}},{"type":"Feature","geometry":{"type":"Point","coordinates":[87.09681,23.68992]},"properties":{"cell_id":"4738_17419","pred_class":"industrial_plant","n_detections":103,"frp_mean":1.8748,"frp_max":5.63,"night_frac":1.0,"first_seen":"2024-01-01","last_seen":"2026-04-10","class_agreement":1.0,"top_reasons":"dist_industrial_km=0.359 (+3.79); is_persistent=1 (+2.50); inside_industrial=1 (+1.70); dist_thermal_plant_km=16.41 (+0.98)"}},{"type":"Feature","geometry":{"type":"Point","coordinates":[87.09954,23.68999]},"properties":{"cell_id":"4738_17420","pred_class":"industrial_plant","n_detections":544,"frp_mean":1.8841,"frp_max":7.53,"night_frac":0.989,"first_seen":"2024-01-01","last_seen":"2026-04-25","class_agreement":1.0,"top_reasons":"dist_industrial_km=0.2463 (+3.78); is_persistent=1 (+2.48); inside_industrial=1 (+1.68); dist_thermal_plant_km=16.23 (+1.02)"}},{"type":"Feature","geometry":{"type":"Point","coordinates":[87.10506,23.69179]},"properties":{"cell_id":"4738_17421","pred_class":"industrial_plant","n_detections":51,"frp_mean":1.9004,"frp_max":4.64,"night_frac":1.0,"first_seen":"2024-01-08","last_seen":"2026-04-09","class_agreement":1.0,"top_reasons":"dist_industrial_km=0.4625 (+3.99); is_persistent=1 (+2.50); inside_industrial=1 (+1.58); dist_thermal_plant_km=16.02 (+1.03)"}},{"type":"Feature","geometry":{"type":"Point","coordinates":[87.11034,23.69169]},"properties":{"cell_id":"4738_17422","pred_class":"industrial_plant","n_detections":141,"frp_mean":1.7312,"frp_max":4.19,"night_frac":1.0,"first_seen":"2024-01-01","last_seen":"2026-04-24","class_agreement":1.0,"top_reasons":"dist_industrial_km=0.2154 (+3.85); is_persistent=1 (+2.50); inside_industrial=1 (+1.64); dist_thermal_plant_km=15.68 (+1.03)"}},{"type":"Feature","geometry":{"type":"Point","coordinates":[87.11528,23.69177]},"properties":{"cell_id":"4738_17423","pred_class":"industrial_plant","n_detections":93,"frp_mean":1.9765,"frp_max":5.08,"night_frac":1.0,"first_seen":"2024-01-14","last_seen":"2026-04-13","class_agreement":1.0,"top_reasons":"dist_industrial_km=0.516 (+5.20); is_persistent=1 (+2.49); dist_thermal_plant_km=15.38 (+0.87); dist_mining_km=3.634 (+0.71)"}},{"type":"Feature","geometry":{"type":"Point","coordinates":[87.12071,23.68989]},"properties":{"cell_id":"4738_17424","pred_class":"industrial_plant","n_detections":637,"frp_mean":2.1425,"frp_max":8.43,"night_frac":0.9655,"first_seen":"2024-01-01","last_seen":"2026-04-25","class_agreement":1.0,"top_reasons":"dist_industrial_km=0.3575 (+3.72); is_persistent=1 (+2.48); inside_industrial=1 (+1.70); dist_thermal_plant_km=14.89 (+1.03)"}},{"type":"Feature","geometry":{"type":"Point","coordinates":[87.1236,23.69044]},"properties":{"cell_id":"4738_17425","pred_class":"industrial_plant","n_detections":343,"frp_mean":1.9296,"frp_max":6.88,"night_frac":0.9271,"first_seen":"2024-01-01","last_seen":"2026-04-27","class_agreement":1.0,"top_reasons":"dist_industrial_km=0.4567 (+5.17); is_persistent=1 (+2.47); dist_thermal_plant_km=14.78 (+0.87); dist_mining_km=3.486 (+0.79)"}},{"type":"Feature","geometry":{"type":"Point","coordinates":[90.51138,23.69125]},"properties":{"cell_id":"4738_18102","pred_class":"thermal_power","n_detections":37,"frp_mean":0.8443,"frp_max":2.81,"night_frac":1.0,"first_seen":"2024-01-07","last_seen":"2025-02-09","class_agreement":1.0,"top_reasons":"dist_thermal_plant_km=0.9351 (+9.26); is_persistent=1 (+0.62); lc_built_1km=0.9917 (+0.38); frp_mean=0.8443 (+0.18)"}},{"type":"Feature","geometry":{"type":"Point","coordinates":[85.28682,23.69599]},"properties":{"cell_id":"4739_17057","pred_class":"mining","n_detections":16,"frp_mean":0.8669,"frp_max":2.01,"night_frac":1.0,"first_seen":"2024-12-01","last_seen":"2026-03-26","class_agreement":1.0,"top_reasons":"dist_mining_km=0.8518 (+5.34); inside_mining=1 (+4.51); dist_thermal_plant_km=61.18 (+0.30); lc_grass_5km=0.3415 (+0.11)"}},{"type":"Feature","geometry":{"type":"Point","coordinates":[85.29023,23.69606]},"properties":{"cell_id":"4739_17058","pred_class":"mining","n_detections":238,"frp_mean":1.2747,"frp_max":4.75,"night_frac":0.979,"first_seen":"2024-01-11","last_seen":"2026-04-10","class_agreement":1.0,"top_reasons":"dist_mining_km=0.7041 (+9.13); dist_thermal_plant_km=60.84 (+0.35); lc_grass_5km=0.3712 (+0.27); lc_grass_1km=0.6116 (+0.24)"}},{"type":"Feature","geometry":{"type":"Point","coordinates":[85.29295,23.69643]},"properties":{"cell_id":"4739_17059","pred_class":"mining","n_detections":35,"frp_mean":1.0934,"frp_max":3.16,"night_frac":0.9714,"first_seen":"2024-02-18","last_seen":"2025-12-26","class_agreement":1.0,"top_reasons":"dist_mining_km=0.6619 (+5.29); inside_mining=1 (+4.60); dist_thermal_plant_km=60.56 (+0.29); lc_grass_5km=0.3825 (+0.13)"}},{"type":"Feature","geometry":{"type":"Point","coordinates":[85.36661,23.69627]},"properties":{"cell_id":"4739_17073","pred_class":"mining","n_detections":32,"frp_mean":1.1238,"frp_max":2.68,"night_frac":1.0,"first_seen":"2025-04-22","last_seen":"2026-04-26","class_agreement":1.0,"top_reasons":"dist_mining_km=0.455 (+5.31); inside_mining=1 (+4.62); dist_thermal_plant_km=53.18 (+0.30); lc_grass_5km=0.2807 (+0.11)"}},{"type":"Feature","geometry":{"type":"Point","coordinates":[85.36937,23.69588]},"properties":{"cell_id":"4739_17074","pred_class":"mining","n_detections":114,"frp_mean":1.312,"frp_max":4.22,"night_frac":0.9649,"first_seen":"2025-03-28","last_seen":"2026-04-26","class_agreement":1.0,"top_reasons":"dist_mining_km=0.378 (+5.30); inside_mining=1 (+4.65); dist_thermal_plant_km=52.91 (+0.32); lc_grass_5km=0.2879 (+0.12)"}},{"type":"Feature","geometry":{"type":"Point","coordinates":[86.07626,23.69617]},"properties":{"cell_id":"4739_17215","pred_class":"thermal_power","n_detections":33,"frp_mean":1.6318,"frp_max":5.62,"night_frac":1.0,"first_seen":"2024-01-12","last_seen":"2026-02-07","class_agreement":1.0,"top_reasons":"dist_thermal_plant_km=2.362 (+9.23); dist_power_plant_km=2.033 (+0.59); is_persistent=1 (+0.54); nearest_plant_mw=500 (+0.12)"}},{"type":"Feature","geometry":{"type":"Point","coordinates":[86.07934,23.6957]},"properties":{"cell_id":"4739_17216","pred_class":"thermal_power","n_detections":61,"frp_mean":3.0043,"frp_max":14.24,"night_frac":0.8197,"first_seen":"2024-01-09","last_seen":"2026-04-05","class_agreement":1.0,"top_reasons":"dist_thermal_plant_km=2.162 (+9.22); dist_power_plant_km=1.75 (+0.56); is_persistent=1 (+0.55); nearest_plant_mw=500 (+0.15)"}},{"type":"Feature","geometry":{"type":"Point","coordinates":[87.09467,23.69568]},"properties":{"cell_id":"4739_17419","pred_class":"industrial_plant","n_detections":88,"frp_mean":1.6116,"frp_max":4.5,"night_frac":1.0,"first_seen":"2024-01-19","last_seen":"2026-04-22","class_agreement":1.0,"top_reasons":"dist_industrial_km=0.6109 (+5.19); is_persistent=1 (+2.49); dist_thermal_plant_km=17.03 (+0.85); dist_mining_km=4.757 (+0.72)"}},{"type":"Feature","geometry":{"type":"Point","coordinates":[87.10031,23.69399]},"properties":{"cell_id":"4739_17420","pred_class":"industrial_plant","n_detections":47,"frp_mean":1.8519,"frp_max":3.52,"night_frac":1.0,"first_seen":"2024-01-03","last_seen":"2026-03-28","class_agreement":1.0,"top_reasons":"dist_industrial_km=0.224 (+3.93); is_persistent=1 (+2.42); inside_industrial=1 (+1.63); dist_thermal_plant_km=16.52 (+1.02)"}},{"type":"Feature","geometry":{"type":"Point","coordinates":[87.10546,23.69478]},"properties":{"cell_id":"4739_17421","pred_class":"industrial_plant","n_detections":393,"frp_mean":1.6905,"frp_max":5.04,"night_frac":1.0,"first_seen":"2024-01-02","last_seen":"2026-04-24","class_agreement":1.0,"top_reasons":"dist_industrial_km=0.1969 (+3.82); is_persistent=1 (+2.48); inside_industrial=1 (+1.64); dist_thermal_plant_km=16.26 (+1.02)"}},{"type":"Feature","geometry":{"type":"Point","coordinates":[87.10988,23.69395]},"properties":{"cell_id":"4739_17422","pred_class":"industrial_plant","n_detections":255,"frp_mean":1.648,"frp_max":5.57,"night_frac":1.0,"first_seen":"2024-01-02","last_seen":"2026-04-25","class_agreement":1.0,"top_reasons":"dist_industrial_km=0.07264 (+3.85); is_persistent=1 (+2.49); inside_industrial=1 (+1.63); dist_thermal_plant_km=15.91 (+1.03)"}},{"type":"Feature","geometry":{"type":"Point","coordinates":[87.11528,23.69409]},"properties":{"cell_id":"4739_17423","pred_class":"industrial_plant","n_detections":347,"frp_mean":1.8186,"frp_max":5.04,"night_frac":1.0,"first_seen":"2024-01-02","last_seen":"2026-04-24","class_agreement":1.0,"top_reasons":"dist_industrial_km=0.4378 (+3.84); is_persistent=1 (+2.49); inside_industrial=1 (+1.63); dist_thermal_plant_km=15.59 (+0.97)"}},{"type":"Feature","geometry":{"type":"Point","coordinates":[87.12061,23.69422]},"properties":{"cell_id":"4739_17424","pred_class":"industrial_plant","n_detections":339,"frp_mean":1.9407,"frp_max":8.13,"night_frac":0.9882,"first_seen":"2024-01-01","last_seen":"2026-04-24","class_agreement":1.0,"top_reasons":"dist_industrial_km=0.1373 (+3.79); is_persistent=1 (+2.49); inside_industrial=1 (+1.67); dist_thermal_plant_km=15.3 (+1.03)"}},{"type":"Feature","geometry":{"type":"Point","coordinates":[87.12382,23.694]},"properties":{"cell_id":"4739_17425","pred_class":"industrial_plant","n_detections":303,"frp_mean":1.8849,"frp_max":8.91,"night_frac":0.901,"first_seen":"2024-01-01","last_seen":"2026-04-27","class_agreement":1.0,"top_reasons":"dist_industrial_km=0.3882 (+3.72); is_persistent=1 (+2.48); inside_industrial=1 (+1.70); dist_thermal_plant_km=15.1 (+1.03)"}},{"type":"Feature","geometry":{"type":"Point","coordinates":[90.51113,23.69383]},"properties":{"cell_id":"4739_18102","pred_class":"thermal_power","n_detections":43,"frp_mean":0.9286,"frp_max":2.86,"night_frac":1.0,"first_seen":"2024-01-08","last_seen":"2025-02-09","class_agreement":1.0,"top_reasons":"dist_thermal_plant_km=1.188 (+9.25); is_persistent=1 (+0.62); lc_built_1km=0.9917 (+0.38); frp_mean=0.9286 (+0.18)"}},{"type":"Feature","geometry":{"type":"Point","coordinates":[85.2752,23.70032]},"properties":{"cell_id":"4740_17055","pred_class":"mining","n_detections":19,"frp_mean":0.8716,"frp_max":1.63,"night_frac":1.0,"first_seen":"2024-12-11","last_seen":"2026-03-26","class_agreement":1.0,"top_reasons":"inside_mining=1 (+4.98); dist_mining_km=0.985 (+3.66); lc_grass_1km=0.5702 (-0.42); dist_thermal_plant_km=62.28 (+0.21)"}},{"type":"Feature","geometry":{"type":"Point","coordinates":[85.29056,23.69831]},"properties":{"cell_id":"4740_17058","pred_class":"mining","n_detections":98,"frp_mean":1.0946,"frp_max":3.61,"night_frac":1.0,"first_seen":"2024-01-01","last_seen":"2026-02-17","class_agreement":1.0,"top_reasons":"dist_mining_km=0.4529 (+5.25); inside_mining=1 (+4.55); dist_thermal_plant_km=60.76 (+0.31); lc_grass_5km=0.3788 (+0.14)"}},{"type":"Feature","geometry":{"type":"Point","coordinates":[85.29332,23.69846]},"properties":{"cell_id":"4740_17059","pred_class":"mining","n_detections":19,"frp_mean":0.9879,"frp_max":2.33,"night_frac":1.0,"first_seen":"2024-03-04","last_seen":"2026-01-27","class_agreement":1.0,"top_reasons":"dist_mining_km=0.4568 (+5.24); inside_mining=1 (+4.62); dist_thermal_plant_km=60.49 (+0.29); lc_grass_5km=0.3868 (+0.10)"}},{"type":"Feature","geometry":{"type":"Point","coordinates":[85.36633,23.69839]},"properties":{"cell_id":"4740_17073","pred_class":"mining","n_detections":17,"frp_mean":0.9306,"frp_max":2.64,"night_frac":1.0,"first_seen":"2025-11-29","last_seen":"2026-04-21","class_agreement":1.0,"top_reasons":"dist_mining_km=0.6843 (+9.18); dist_thermal_plant_km=53.16 (+0.30); lc_grass_1km=0.3554 (+0.21); dist_any_industry_km=3.044 (+0.20)"}},{"type":"Feature","geometry":{"type":"Point","coordinates":[85.36928,23.69818]},"properties":{"cell_id":"4740_17074","pred_class":"mining","n_detections":34,"frp_mean":1.2385,"frp_max":4.95,"night_frac":0.9412,"first_seen":"2025-03-27","last_seen":"2026-04-21","class_agreement":1.0,"top_reasons":"dist_mining_km=0.6285 (+9.17); dist_thermal_plant_km=52.87 (+0.29); lc_grass_5km=0.284 (+0.23); lc_grass_1km=0.2645 (+0.23)"}},{"type":"Feature","geometry":{"type":"Point","coordinates":[86.07169,23.70084]},"properties":{"cell_id":"4740_17214","pred_class":"thermal_power","n_detections":22,"frp_mean":2.3314,"frp_max":10.85,"night_frac":1.0,"first_seen":"2024-01-15","last_seen":"2025-12-01","class_agreement":1.0,"top_reasons":"dist_thermal_plant_km=3.052 (+9.24); dist_power_plant_km=2.715 (+0.59); is_persistent=1 (+0.53); n_detections=22 (+0.16)"}},{"type":"Feature","geometry":{"type":"Point","coordinates":[86.07498,23.69995]},"properties":{"cell_id":"4740_17215","pred_class":"thermal_power","n_detections":84,"frp_mean":2.3812,"frp_max":13.81,"night_frac":0.869,"first_seen":"2024-01-08","last_seen":"2026-02-26","class_agreement":1.0,"top_reasons":"dist_thermal_plant_km=2.789 (+9.17); dist_power_plant_km=2.393 (+0.56); is_persistent=1 (+0.55); nearest_plant_mw=500 (+0.15)"}},{"type":"Feature","geometry":{"type":"Point","coordinates":[86.07909,23.69909]},"properties":{"cell_id":"4740_17216","pred_class":"thermal_power","n_detections":17,"frp_mean":2.3159,"frp_max":6.9,"night_frac":0.8824,"first_seen":"2024-01-22","last_seen":"2026-02-24","class_agreement":1.0,"top_reasons":"dist_thermal_plant_km=2.515 (+8.91); is_persistent=1 (+0.55); dist_power_plant_km=2.024 (+0.50); n_active_days=17 (-0.21)"}},{"type":"Feature","geometry":{"type":"Point","coordinates":[87.09475,23.69801]},"properties":{"cell_id":"4740_17419","pred_class":"industrial_plant","n_detections":18,"frp_mean":1.36,"frp_max":3.44,"night_frac":1.0,"first_seen":"2025-11-05","last_seen":"2026-04-25","class_agreement":1.0,"top_reasons":"dist_industrial_km=0.6628 (+5.18); is_persistent=1 (+2.50); dist_thermal_plant_km=17.23 (+0.85); dist_mining_km=4.988 (+0.68)"}},{"type":"Feature","geometry":{"type":"Point","coordinates":[87.11405,23.69886]},"properties":{"cell_id":"4740_17423","pred_class":"industrial_plant","n_detections":24,"frp_mean":1.1217,"frp_max":2.67,"night_frac":1.0,"first_seen":"2024-02-09","last_seen":"2026-03-28","class_agreement":1.0,"top_reasons":"dist_industrial_km=0.214 (+4.00); is_persistent=1 (+2.49); inside_industrial=1 (+1.52); dist_thermal_plant_km=16.1 (+1.04)"}},{"type":"Feature","geometry":{"type":"Point","coordinates":[90.53103,23.70089]},"properties":{"cell_id":"4740_18106","pred_class":"thermal_power","n_detections":39,"frp_mean":0.6551,"frp_max":2.05,"night_frac":1.0,"first_seen":"2024-01-10","last_seen":"2026-03-05","class_agreement":1.0,"top_reasons":"dist_thermal_plant_km=1.89 (+9.24); is_persistent=1 (+0.62); lc_built_1km=0.8017 (+0.39); frp_mean=0.6551 (+0.18)"}},{"type":"Feature","geometry":{"type":"Point","coordinates":[86.0712,23.70491]},"properties":{"cell_id":"4741_17214","pred_class":"thermal_power","n_detections":47,"frp_mean":2.8198,"frp_max":12.33,"night_frac":0.9787,"first_seen":"2024-01-29","last_seen":"2026-04-20","class_agreement":1.0,"top_reasons":"dist_thermal_plant_km=3.459 (+8.02); dist_power_plant_km=3.049 (+0.59); is_persistent=1 (+0.40); spread_m=179.2 (+0.22)"}},{"type":"Feature","geometry":{"type":"Point","coordinates":[86.07386,23.7042]},"properties":{"cell_id":"4741_17215","pred_class":"thermal_power","n_detections":64,"frp_mean":2.6931,"frp_max":12.1,"night_frac":0.8281,"first_seen":"2024-01-21","last_seen":"2026-04-10","class_agreement":1.0,"top_reasons":"dist_thermal_plant_km=3.257 (+9.21); dist_power_plant_km=2.802 (+0.64); is_persistent=1 (+0.57); n_detections=64 (+0.14)"}},{"type":"Feature","geometry":{"type":"Point","coordinates":[85.2859,23.71074]},"properties":{"cell_id":"4742_17057","pred_class":"mining","n_detections":89,"frp_mean":1.0298,"frp_max":2.54,"night_frac":1.0,"first_seen":"2025-09-08","last_seen":"2026-04-22","class_agreement":1.0,"top_reasons":"inside_mining=1 (+5.16); dist_mining_km=1.028 (+4.33); lc_grass_5km=0.3395 (+0.22); dist_thermal_plant_km=61.03 (+0.21)"}},{"type":"Feature","geometry":{"type":"Point","coordinates":[85.28823,23.71022]},"properties":{"cell_id":"4742_17058","pred_class":"mining","n_detections":36,"frp_mean":1.0058,"frp_max":2.89,"night_frac":1.0,"first_seen":"2025-02-18","last_seen":"2026-04-26","class_agreement":1.0,"top_reasons":"dist_mining_km=0.9501 (+6.95); inside_mining=0 (-0.58); lc_grass_1km=0.4876 (+0.33); lc_grass_5km=0.3507 (+0.31)"}},{"type":"Feature","geometry":{"type":"Point","coordinates":[85.40196,23.7092]},"properties":{"cell_id":"4742_17080","pred_class":"agricultural_burn","n_detections":15,"frp_mean":0.564,"frp_max":0.76,"night_frac":1.0,"first_seen":"2024-01-09","last_seen":"2026-04-11","class_agreement":1.0,"top_reasons":"lc_crop_1km=0.8182 (+3.56); month=1 (-1.61); is_night=1 (-1.49); doy_cos=0.988 (-0.33)"}},{"type":"Feature","geometry":{"type":"Point","coordinates":[85.40395,23.70913]},"properties":{"cell_id":"4742_17081","pred_class":"gas_flare","n_detections":63,"frp_mean":0.5019,"frp_max":0.82,"night_frac":1.0,"first_seen":"2024-01-13","last_seen":"2026-04-10","class_agreement":0.5079,"top_reasons":"dist_any_industry_km=6.653 (-0.80); is_persistent=1 (+0.65); dist_industrial_km=6.653 (+0.62); month_entropy=0.7734 (+0.41)"}},{"type":"Feature","geometry":{"type":"Point","coordinates":[85.42636,23.70895]},"properties":{"cell_id":"4742_17085","pred_class":"agricultural_burn","n_detections":27,"frp_mean":0.6489,"frp_max":1.92,"night_frac":1.0,"first_seen":"2024-01-20","last_seen":"2026-03-26","class_agreement":0.5926,"top_reasons":"lc_crop_1km=0.7769 (+3.37); is_night=1 (-1.77); month=1 (-1.66); lc_crop_5km=0.7207 (+0.41)"}},{"type":"Feature","geometry":{"type":"Point","coordinates":[86.44623,23.71085]},"properties":{"cell_id":"4742_17289","pred_class":"mining","n_detections":69,"frp_mean":2.4361,"frp_max":5.83,"night_frac":0.9855,"first_seen":"2025-09-29","last_seen":"2026-04-25","class_agreement":1.0,"top_reasons":"inside_mining=1 (+6.91); dist_mining_km=1.728 (+2.45); lc_grass_5km=0.2995 (+0.19); lc_bare_5km=0.1203 (+0.17)"}},{"type":"Feature","geometry":{"type":"Point","coordinates":[86.44988,23.711]},"properties":{"cell_id":"4742_17290","pred_class":"mining","n_detections":294,"frp_mean":2.7561,"frp_max":10.12,"night_frac":0.7857,"first_seen":"2024-11-08","last_seen":"2026-04-27","class_agreement":1.0,"top_reasons":"inside_mining=1 (+7.94); dist_mining_km=2.089 (+1.30); lc_bare_1km=0.4298 (+0.22); lc_grass_5km=0.2975 (+0.20)"}},{"type":"Feature","geometry":{"type":"Point","coordinates":[86.45313,23.7115]},"properties":{"cell_id":"4742_17291","pred_class":"mining","n_detections":51,"frp_mean":3.1063,"frp_max":9.21,"night_frac":0.6667,"first_seen":"2025-10-12","last_seen":"2026-04-17","class_agreement":1.0,"top_reasons":"inside_mining=1 (+7.87); dist_mining_km=2.423 (+1.21); lc_grass_5km=0.2777 (+0.20); lc_bare_5km=0.1167 (+0.18)"}},{"type":"Feature","geometry":{"type":"Point","coordinates":[85.28454,23.71357]},"properties":{"cell_id":"4743_17057","pred_class":"mining","n_detections":15,"frp_mean":1.1773,"frp_max":3.08,"night_frac":1.0,"first_seen":"2025-09-19","last_seen":"2026-04-22","class_agreement":1.0,"top_reasons":"dist_mining_km=1.002 (+6.95); inside_mining=0 (-0.66); dist_any_industry_km=3.563 (+0.30); lc_grass_1km=0.3058 (+0.28)"}},{"type":"Feature","geometry":{"type":"Point","coordinates":[86.42142,23.71532]},"properties":{"cell_id":"4743_17284","pred_class":"gas_flare","n_detections":70,"frp_mean":1.3533,"frp_max":6.6,"night_frac":1.0,"first_seen":"2024-12-30","last_seen":"2026-04-16","class_agreement":1.0,"top_reasons":"is_persistent=1 (+1.44); dist_industrial_km=2.892 (+1.28); dist_any_industry_km=2.892 (+0.67); inside_mining=0 (+0.65)"}},{"type":"Feature","geometry":{"type":"Point","coordinates":[86.42521,23.7151]},"properties":{"cell_id":"4743_17285","pred_class":"gas_flare","n_detections":193,"frp_mean":1.5109,"frp_max":6.73,"night_frac":0.9948,"first_seen":"2024-01-16","last_seen":"2026-04-17","class_agreement":1.0,"top_reasons":"is_persistent=1 (+0.97); dist_industrial_km=3.211 (+0.88); dist_any_industry_km=3.211 (-0.72); inside_mining=0 (+0.55)"}},{"type":"Feature","geometry":{"type":"Point","coordinates":[86.42923,23.71536]},"properties":{"cell_id":"4743_17286","pred_class":"mining","n_detections":169,"frp_mean":1.6507,"frp_max":8.15,"night_frac":0.929,"first_seen":"2024-01-11","last_seen":"2026-04-22","class_agreement":1.0,"top_reasons":"dist_mining_km=1.012 (+7.00); inside_mining=0 (-0.34); lc_grass_1km=0.4959 (+0.31); lc_grass_5km=0.2684 (+0.25)"}},{"type":"Feature","geometry":{"type":"Point","coordinates":[86.44104,23.7165]},"properties":{"cell_id":"4743_17288","pred_class":"mining","n_detections":198,"frp_mean":1.9973,"frp_max":10.58,"night_frac":0.9747,"first_seen":"2024-01-02","last_seen":"2026-04-21","class_agreement":1.0,"top_reasons":"inside_mining=1 (+6.93); dist_mining_km=1.597 (+2.52); lc_grass_5km=0.3107 (+0.21); dist_thermal_plant_km=13.07 (+0.20)"}},{"type":"Feature","geometry":{"type":"Point","coordinates":[86.44397,23.71603]},"properties":{"cell_id":"4743_17289","pred_class":"mining","n_detections":207,"frp_mean":2.1214,"frp_max":6.89,"night_frac":0.942,"first_seen":"2024-01-01","last_seen":"2026-04-07","class_agreement":1.0,"top_reasons":"inside_mining=1 (+6.96); dist_mining_km=1.786 (+2.51); lc_grass_5km=0.3002 (+0.20); dist_thermal_plant_km=12.96 (+0.19)"}},{"type":"Feature","geometry":{"type":"Point","coordinates":[86.45027,23.71392]},"properties":{"cell_id":"4743_17290","pred_class":"mining","n_detections":258,"frp_mean":2.9707,"frp_max":12.01,"night_frac":0.7558,"first_seen":"2024-02-07","last_seen":"2026-04-27","class_agreement":1.0,"top_reasons":"inside_mining=1 (+7.98); dist_mining_km=2.23 (+1.36); lc_bare_1km=0.5041 (+0.23); lc_grass_5km=0.2886 (+0.21)"}},{"type":"Feature","geometry":{"type":"Point","coordinates":[86.45326,23.71375]},"properties":{"cell_id":"4743_17291","pred_class":"mining","n_detections":57,"frp_mean":3.2419,"frp_max":10.86,"night_frac":0.5439,"first_seen":"2025-08-31","last_seen":"2026-04-26","class_agreement":1.0,"top_reasons":"inside_mining=1 (+7.87); dist_mining_km=2.508 (+1.21); lc_grass_5km=0.2714 (+0.19); lc_bare_5km=0.1213 (+0.17)"}},{"type":"Feature","geometry":{"type":"Point","coordinates":[87.24541,23.71496]},"properties":{"cell_id":"4743_17449","pred_class":"mining","n_detections":51,"frp_mean":1.4845,"frp_max":4.23,"night_frac":0.9216,"first_seen":"2024-02-02","last_seen":"2024-05-01","class_agreement":1.0,"top_reasons":"dist_mining_km=1.055 (+6.68); inside_mining=0 (-0.38); lc_grass_5km=0.3302 (+0.27); dist_any_industry_km=5.212 (+0.24)"}},{"type":"Feature","geometry":{"type":"Point","coordinates":[85.00704,23.72013]},"properties":{"cell_id":"4744_17001","pred_class":"mining","n_detections":61,"frp_mean":0.891,"frp_max":2.28,"night_frac":1.0,"first_seen":"2024-01-01","last_seen":"2026-04-21","class_agreement":1.0,"top_reasons":"inside_mining=1 (+7.57); dist_mining_km=2.273 (+0.82); lc_grass_1km=0.5455 (-0.48); lc_grass_5km=0.5236 (+0.35)"}},{"type":"Feature","geometry":{"type":"Point","coordinates":[85.00914,23.72]},"properties":{"cell_id":"4744_17002","pred_class":"mining","n_detections":264,"frp_mean":0.9193,"frp_max":4.2,"night_frac":0.9962,"first_seen":"2024-01-01","last_seen":"2026-04-25","class_agreement":1.0,"top_reasons":"inside_mining=1 (+7.64); dist_mining_km=2.304 (+0.81); lc_grass_1km=0.6033 (-0.47); lc_grass_5km=0.5319 (+0.35)"}},{"type":"Feature","geometry":{"type":"Point","coordinates":[85.52489,23.72217]},"properties":{"cell_id":"4744_17105","pred_class":"industrial_plant","n_detections":19,"frp_mean":0.6121,"frp_max":0.89,"night_frac":1.0,"first_seen":"2024-01-11","last_seen":"2026-02-10","class_agreement":1.0,"top_reasons":"dist_industrial_km=0.1735 (+3.69); is_persistent=1 (+2.40); inside_industrial=1 (+1.42); dist_thermal_plant_km=36.81 (+0.95)"}},{"type":"Feature","geometry":{"type":"Point","coordinates":[86.42076,23.71914]},"properties":{"cell_id":"4744_17284","pred_class":"gas_flare","n_detections":107,"frp_mean":1.1873,"frp_max":3.08,"night_frac":0.9907,"first_seen":"2024-02-10","last_seen":"2026-04-27","class_agreement":1.0,"top_reasons":"dist_industrial_km=3.09 (+1.34); is_persistent=1 (+1.32); dist_any_industry_km=3.09 (+0.82); inside_mining=0 (+0.74)"}},{"type":"Feature","geometry":{"type":"Point","coordinates":[86.43692,23.72184]},"properties":{"cell_id":"4744_17287","pred_class":"gas_flare","n_detections":25,"frp_mean":1.5136,"frp_max":3.54,"night_frac":1.0,"first_seen":"2024-01-08","last_seen":"2026-03-23","class_agreement":1.0,"top_reasons":"is_persistent=1 (+0.94); dist_any_industry_km=4.618 (-0.83); dist_industrial_km=4.618 (+0.63); inside_industrial=0 (+0.52)"}},{"type":"Feature","geometry":{"type":"Point","coordinates":[86.44034,23.71965]},"properties":{"cell_id":"4744_17288","pred_class":"mining","n_detections":399,"frp_mean":2.0733,"frp_max":8.1,"night_frac":0.9674,"first_seen":"2024-01-01","last_seen":"2026-04-23","class_agreement":1.0,"top_reasons":"inside_mining=1 (+7.11); dist_mining_km=1.692 (+2.53); lc_grass_5km=0.3048 (+0.19); dist_thermal_plant_km=13.43 (+0.15)"}},{"type":"Feature","geometry":{"type":"Point","coordinates":[86.44495,23.71941]},"properties":{"cell_id":"4744_17289","pred_class":"mining","n_detections":228,"frp_mean":2.4003,"frp_max":7.75,"night_frac":0.9342,"first_seen":"2024-01-01","last_seen":"2026-04-12","class_agreement":1.0,"top_reasons":"inside_mining=1 (+8.09); dist_mining_km=2.078 (+1.30); lc_bare_1km=0.6281 (+0.34); lc_grass_5km=0.2869 (+0.21)"}},{"type":"Feature","geometry":{"type":"Point","coordinates":[86.44868,23.72032]},"properties":{"cell_id":"4744_17290","pred_class":"mining","n_detections":140,"frp_mean":3.0279,"frp_max":12.16,"night_frac":0.9,"first_seen":"2024-01-01","last_seen":"2025-10-17","class_agreement":1.0,"top_reasons":"inside_mining=1 (+8.08); dist_mining_km=2.354 (+1.25); lc_bare_1km=0.7107 (+0.35); lc_grass_5km=0.275 (+0.19)"}},{"type":"Feature","geometry":{"type":"Point","coordinates":[85.00548,23.726]},"properties":{"cell_id":"4745_17001","pred_class":"mining","n_detections":72,"frp_mean":1.036,"frp_max":3.98,"night_frac":1.0,"first_seen":"2024-02-08","last_seen":"2026-04-18","class_agreement":1.0,"top_reasons":"dist_mining_km=2.535 (+1.32); inside_mining=0 (-0.77); lc_grass_5km=0.5197 (+0.34); lc_bare_5km=0.164 (+0.25)"}},{"type":"Feature","geometry":{"type":"Point","coordinates":[85.52449,23.72368]},"properties":{"cell_id":"4745_17105","pred_class":"industrial_plant","n_detections":75,"frp_mean":0.5959,"frp_max":1.24,"night_frac":1.0,"first_seen":"2024-01-01","last_seen":"2026-03-25","class_agreement":1.0,"top_reasons":"dist_industrial_km=0.01817 (+3.69); is_persistent=1 (+2.41); inside_industrial=1 (+1.56); dist_thermal_plant_km=36.82 (+1.02)"}},{"type":"Feature","geometry":{"type":"Point","coordinates":[86.43689,23.72406]},"properties":{"cell_id":"4745_17287","pred_class":"mining","n_detections":43,"frp_mean":1.637,"frp_max":4.59,"night_frac":1.0,"first_seen":"2024-01-08","last_seen":"2026-04-10","class_agreement":1.0,"top_reasons":"inside_mining=1 (+7.03); dist_mining_km=1.109 (+2.35); lc_grass_5km=0.279 (+0.18); dist_thermal_plant_km=13.98 (+0.17)"}},{"type":"Feature","geometry":{"type":"Point","coordinates":[86.44013,23.72486]},"properties":{"cell_id":"4745_17288","pred_class":"mining","n_detections":466,"frp_mean":2.2747,"frp_max":10.08,"night_frac":0.9614,"first_seen":"2024-01-01","last_seen":"2026-04-23","class_agreement":1.0,"top_reasons":"inside_mining=1 (+7.09); dist_mining_km=1.35 (+2.56); lc_grass_5km=0.2757 (+0.18); dist_thermal_plant_km=14 (+0.15)"}},{"type":"Feature","geometry":{"type":"Point","coordinates":[86.44466,23.72454]},"properties":{"cell_id":"4745_17289","pred_class":"mining","n_detections":56,"frp_mean":2.5602,"frp_max":9.73,"night_frac":0.9643,"first_seen":"2024-01-23","last_seen":"2026-01-01","class_agreement":1.0,"top_reasons":"inside_mining=1 (+7.16); dist_mining_km=1.791 (+2.34); lc_bare_5km=0.1835 (+0.16); lc_water_1km=0.2975 (-0.15)"}},{"type":"Feature","geometry":{"type":"Point","coordinates":[86.44846,23.72397]},"properties":{"cell_id":"4745_17290","pred_class":"mining","n_detections":25,"frp_mean":2.9972,"frp_max":8.79,"night_frac":0.88,"first_seen":"2024-01-03","last_seen":"2026-04-27","class_agreement":1.0,"top_reasons":"inside_mining=1 (+8.01); dist_mining_km=2.178 (+1.31); lc_bare_1km=0.6033 (+0.33); lc_grass_5km=0.2529 (+0.18)"}},{"type":"Feature","geometry":{"type":"Point","coordinates":[85.00532,23.72848]},"properties":{"cell_id":"4746_17001","pred_class":"mining","n_detections":50,"frp_mean":1.159,"frp_max":4.57,"night_frac":0.96,"first_seen":"2024-01-16","last_seen":"2026-04-17","class_agreement":1.0,"top_reasons":"dist_mining_km=2.644 (+1.21); inside_mining=0 (-0.60); lc_grass_5km=0.5031 (+0.38); lc_bare_5km=0.161 (+0.27)"}},{"type":"Feature","geometry":{"type":"Point","coordinates":[85.02069,23.73086]},"properties":{"cell_id":"4746_17004","pred_class":"mining","n_detections":22,"frp_mean":1.5105,"frp_max":2.87,"night_frac":1.0,"first_seen":"2024-01-24","last_seen":"2025-11-12","class_agreement":1.0,"top_reasons":"inside_mining=1 (+7.14); dist_mining_km=1.228 (+2.41); lc_bare_1km=0.8099 (+0.22); dist_thermal_plant_km=87.66 (+0.16)"}},{"type":"Feature","geometry":{"type":"Point","coordinates":[86.43675,23.7313]},"properties":{"cell_id":"4746_17287","pred_class":"mining","n_detections":29,"frp_mean":1.6031,"frp_max":4.49,"night_frac":1.0,"first_seen":"2024-01-01","last_seen":"2026-03-23","class_agreement":1.0,"top_reasons":"dist_mining_km=0.8959 (+9.16); dist_thermal_plant_km=14.77 (+0.32); lc_grass_5km=0.2635 (+0.22); lc_bare_5km=0.206 (+0.22)"}},{"type":"Feature","geometry":{"type":"Point","coordinates":[86.43904,23.73108]},"properties":{"cell_id":"4746_17288","pred_class":"mining","n_detections":76,"frp_mean":1.8068,"frp_max":7.38,"night_frac":0.9868,"first_seen":"2024-01-01","last_seen":"2026-01-21","class_agreement":1.0,"top_reasons":"inside_mining=1 (+6.96); dist_mining_km=1.123 (+2.60); dist_thermal_plant_km=14.7 (+0.17); lc_grass_5km=0.2655 (+0.15)"}},{"type":"Feature","geometry":{"type":"Point","coordinates":[85.00648,23.73646]},"properties":{"cell_id":"4747_17001","pred_class":"gas_flare","n_detections":99,"frp_mean":1.5155,"frp_max":4.33,"night_frac":1.0,"first_seen":"2024-01-11","last_seen":"2026-04-21","class_agreement":1.0,"top_reasons":"is_persistent=1 (+0.72); dist_industrial_km=6.431 (+0.58); dist_any_industry_km=6.431 (-0.57); inside_mining=0 (+0.38)"}},{"type":"Feature","geometry":{"type":"Point","coordinates":[85.0095,23.73649]},"properties":{"cell_id":"4747_17002","pred_class":"mining","n_detections":138,"frp_mean":2.1809,"frp_max":12.8,"night_frac":0.942,"first_seen":"2024-01-02","last_seen":"2026-04-25","class_agreement":1.0,"top_reasons":"inside_mining=1 (+7.95); dist_mining_km=2.528 (+1.32); lc_bare_1km=0.7355 (+0.29); lc_grass_5km=0.4231 (+0.24)"}},{"type":"Feature","geometry":{"type":"Point","coordinates":[85.01444,23.73606]},"properties":{"cell_id":"4747_17003","pred_class":"mining","n_detections":100,"frp_mean":2.7498,"frp_max":9.12,"night_frac":0.93,"first_seen":"2024-01-02","last_seen":"2026-02-11","class_agreement":1.0,"top_reasons":"inside_mining=1 (+8.05); dist_mining_km=2.077 (+1.32); lc_bare_1km=0.9421 (+0.31); lc_grass_5km=0.4288 (+0.25)"}},{"type":"Feature","geometry":{"type":"Point","coordinates":[85.02004,23.73463]},"properties":{"cell_id":"4747_17004","pred_class":"mining","n_detections":41,"frp_mean":2.1217,"frp_max":7.76,"night_frac":0.878,"first_seen":"2024-01-21","last_seen":"2026-04-22","class_agreement":1.0,"top_reasons":"dist_mining_km=1.535 (+2.48); inside_mining=0 (-1.74); lc_grass_5km=0.4664 (+0.24); lc_bare_1km=0.7438 (+0.23)"}},{"type":"Feature","geometry":{"type":"Point","coordinates":[86.43097,23.73572]},"properties":{"cell_id":"4747_17286","pred_class":"mining","n_detections":380,"frp_mean":2.7855,"frp_max":11.67,"night_frac":0.8947,"first_seen":"2024-01-05","last_seen":"2026-04-27","class_agreement":1.0,"top_reasons":"dist_mining_km=0.7079 (+5.11); inside_mining=1 (+4.85); dist_thermal_plant_km=15.38 (+0.35); lc_grass_1km=0.2975 (+0.10)"}},{"type":"Feature","geometry":{"type":"Point","coordinates":[86.43455,23.7357]},"properties":{"cell_id":"4747_17287","pred_class":"mining","n_detections":504,"frp_mean":3.0151,"frp_max":11.95,"night_frac":0.8016,"first_seen":"2024-01-01","last_seen":"2026-04-27","class_agreement":1.0,"top_reasons":"dist_mining_km=0.9195 (+5.24); inside_mining=1 (+4.63); dist_thermal_plant_km=15.3 (+0.33); lc_grass_5km=0.2509 (+0.11)"}},{"type":"Feature","geometry":{"type":"Point","coordinates":[86.43879,23.73396]},"properties":{"cell_id":"4747_17288","pred_class":"mining","n_detections":96,"frp_mean":1.7683,"frp_max":5.27,"night_frac":0.9896,"first_seen":"2024-01-19","last_seen":"2026-02-21","class_agreement":1.0,"top_reasons":"inside_mining=1 (+6.94); dist_mining_km=1.178 (+2.56); dist_thermal_plant_km=15.02 (+0.20); lc_grass_5km=0.2707 (+0.16)"}},{"type":"Feature","geometry":{"type":"Point","coordinates":[85.0063,23.73917]},"properties":{"cell_id":"4748_17001","pred_class":"gas_flare","n_detections":157,"frp_mean":1.7041,"frp_max":6.63,"night_frac":0.9745,"first_seen":"2024-01-01","last_seen":"2026-04-06","class_agreement":1.0,"top_reasons":"is_persistent=1 (+0.77); dist_any_industry_km=6.671 (-0.73); dist_industrial_km=6.671 (+0.68); inside_industrial=0 (+0.52)"}},{"type":"Feature","geometry":{"type":"Point","coordinates":[85.0099,23.73924]},"properties":{"cell_id":"4748_17002","pred_class":"gas_flare","n_detections":361,"frp_mean":2.4313,"frp_max":14.71,"night_frac":0.9169,"first_seen":"2024-01-01","last_seen":"2026-04-26","class_agreement":1.0,"top_reasons":"is_persistent=1 (+0.81); dist_any_industry_km=6.884 (-0.71); dist_industrial_km=6.884 (+0.70); inside_industrial=0 (+0.51)"}},{"type":"Feature","geometry":{"type":"Point","coordinates":[85.01399,23.73906]},"properties":{"cell_id":"4748_17003","pred_class":"mining","n_detections":99,"frp_mean":2.5428,"frp_max":10.14,"night_frac":0.8889,"first_seen":"2024-01-12","last_seen":"2026-02-16","class_agreement":1.0,"top_reasons":"inside_mining=1 (+8.11); dist_mining_km=2.322 (+1.30); lc_bare_1km=0.8347 (+0.30); lc_grass_5km=0.4126 (+0.25)"}},{"type":"Feature","geometry":{"type":"Point","coordinates":[85.50533,23.74224]},"properties":{"cell_id":"4748_17101","pred_class":"industrial_plant","n_detections":22,"frp_mean":0.8591,"frp_max":1.6,"night_frac":1.0,"first_seen":"2024-04-05","last_seen":"2026-02-12","class_agreement":1.0,"top_reasons":"dist_industrial_km=1.674 (+4.56); is_persistent=1 (+2.14); dist_thermal_plant_km=38.42 (+0.76); inside_mining=0 (+0.40)"}},{"type":"Feature","geometry":{"type":"Point","coordinates":[86.4241,23.74125]},"properties":{"cell_id":"4748_17285","pred_class":"gas_flare","n_detections":59,"frp_mean":1.5414,"frp_max":4.19,"night_frac":0.9831,"first_seen":"2024-01-21","last_seen":"2025-04-24","class_agreement":1.0,"top_reasons":"is_persistent=1 (+0.85); dist_industrial_km=3.927 (+0.85); dist_any_industry_km=3.927 (-0.66); month_entropy=0.8277 (+0.49)"}},{"type":"Feature","geometry":{"type":"Point","coordinates":[86.43118,23.73847]},"properties":{"cell_id":"4748_17286","pred_class":"mining","n_detections":143,"frp_mean":2.3299,"frp_max":7.66,"night_frac":0.9231,"first_seen":"2024-01-08","last_seen":"2026-04-24","class_agreement":1.0,"top_reasons":"dist_mining_km=1 (+7.10); inside_mining=0 (-0.53); lc_grass_1km=0.2231 (+0.37); dist_thermal_plant_km=15.67 (+0.25)"}},{"type":"Feature","geometry":{"type":"Point","coordinates":[86.43441,23.73858]},"properties":{"cell_id":"4748_17287","pred_class":"mining","n_detections":255,"frp_mean":2.7376,"frp_max":14.63,"night_frac":0.8078,"first_seen":"2024-01-03","last_seen":"2026-04-27","class_agreement":1.0,"top_reasons":"inside_mining=1 (+7.00); dist_mining_km=1.158 (+2.64); dist_thermal_plant_km=15.61 (+0.20); lc_bare_1km=0.4959 (+0.14)"}},{"type":"Feature","geometry":{"type":"Point","coordinates":[85.50552,23.74477]},"properties":{"cell_id":"4749_17101","pred_class":"mining","n_detections":399,"frp_mean":1.2068,"frp_max":8.12,"night_frac":0.9825,"first_seen":"2024-01-01","last_seen":"2026-04-23","class_agreement":1.0,"top_reasons":"dist_mining_km=0.9512 (+7.56); lc_grass_1km=0.4876 (+0.40); dist_thermal_plant_km=38.37 (+0.30); inside_mining=0 (-0.28)"}},{"type":"Feature","geometry":{"type":"Point","coordinates":[85.50824,23.74574]},"properties":{"cell_id":"4749_17102","pred_class":"mining","n_detections":69,"frp_mean":1.0606,"frp_max":4.05,"night_frac":0.9275,"first_seen":"2024-01-01","last_seen":"2026-02-21","class_agreement":1.0,"top_reasons":"dist_mining_km=0.9778 (+7.26); lc_grass_1km=0.405 (+0.41); inside_mining=0 (-0.39); dist_thermal_plant_km=38.08 (+0.27)"}},{"type":"Feature","geometry":{"type":"Point","coordinates":[86.42069,23.74608]},"properties":{"cell_id":"4749_17284","pred_class":"gas_flare","n_detections":58,"frp_mean":1.4128,"frp_max":3.29,"night_frac":1.0,"first_seen":"2024-01-01","last_seen":"2026-01-15","class_agreement":1.0,"top_reasons":"is_persistent=1 (+0.82); dist_industrial_km=3.475 (+0.78); dist_any_industry_km=3.475 (-0.60); month_entropy=0.8344 (+0.46)"}},{"type":"Feature","geometry":{"type":"Point","coordinates":[86.42383,23.74498]},"properties":{"cell_id":"4749_17285","pred_class":"mining","n_detections":75,"frp_mean":1.5552,"frp_max":4.9,"night_frac":1.0,"first_seen":"2024-01-01","last_seen":"2025-06-11","class_agreement":1.0,"top_reasons":"inside_mining=1 (+7.09); dist_mining_km=1.728 (+2.45); dist_thermal_plant_km=16.56 (+0.16); lc_grass_5km=0.2099 (+0.13)"}},{"type":"Feature","geometry":{"type":"Point","coordinates":[86.39592,23.75163]},"properties":{"cell_id":"4750_17279","pred_class":"industrial_plant","n_detections":24,"frp_mean":1.6329,"frp_max":2.98,"night_frac":1.0,"first_seen":"2024-04-14","last_seen":"2026-04-12","class_agreement":1.0,"top_reasons":"dist_industrial_km=0.9192 (+4.80); is_persistent=1 (+2.27); dist_thermal_plant_km=18.2 (+0.84); dist_mining_km=1.678 (+0.65)"}},{"type":"Feature","geometry":{"type":"Point","coordinates":[86.39907,23.75183]},"properties":{"cell_id":"4750_17280","pred_class":"industrial_plant","n_detections":40,"frp_mean":1.5385,"frp_max":4.72,"night_frac":0.875,"first_seen":"2024-02-22","last_seen":"2026-04-10","class_agreement":1.0,"top_reasons":"dist_industrial_km=1.241 (+4.71); is_persistent=1 (+2.17); dist_thermal_plant_km=18.1 (+0.84); dist_mining_km=1.653 (+0.57)"}},{"type":"Feature","geometry":{"type":"Point","coordinates":[86.41618,23.75082]},"properties":{"cell_id":"4750_17283","pred_class":"gas_flare","n_detections":255,"frp_mean":2.0918,"frp_max":6.16,"night_frac":0.9451,"first_seen":"2024-01-01","last_seen":"2026-04-27","class_agreement":1.0,"top_reasons":"dist_industrial_km=2.977 (+2.05); is_persistent=1 (+1.90); inside_mining=0 (+1.20); dist_any_industry_km=2.977 (+1.19)"}},{"type":"Feature","geometry":{"type":"Point","coordinates":[86.41874,23.75011]},"properties":{"cell_id":"4750_17284","pred_class":"mining","n_detections":246,"frp_mean":1.8499,"frp_max":9.13,"night_frac":0.8943,"first_seen":"2024-01-01","last_seen":"2026-04-27","class_agreement":1.0,"top_reasons":"inside_mining=1 (+7.26); dist_mining_km=1.886 (+2.47); lc_bare_1km=0.5124 (+0.18); dist_thermal_plant_km=17.25 (+0.17)"}},{"type":"Feature","geometry":{"type":"Point","coordinates":[85.85144,23.75626]},"properties":{"cell_id":"4751_17170","pred_class":"mining","n_detections":144,"frp_mean":1.9099,"frp_max":4.65,"night_frac":1.0,"first_seen":"2024-01-02","last_seen":"2026-04-26","class_agreement":1.0,"top_reasons":"dist_mining_km=0.7924 (+5.16); inside_mining=1 (+4.57); dist_thermal_plant_km=4.292 (+0.22); lc_grass_5km=0.3458 (+0.14)"}},{"type":"Feature","geometry":{"type":"Point","coordinates":[85.85439,23.75629]},"properties":{"cell_id":"4751_17171","pred_class":"thermal_power","n_detections":278,"frp_mean":2.202,"frp_max":7.53,"night_frac":0.9424,"first_seen":"2024-01-01","last_seen":"2026-04-25","class_agreement":1.0,"top_reasons":"dist_thermal_plant_km=3.993 (+7.93); dist_power_plant_km=3.036 (+0.66); lc_grass_1km=0.281 (+0.44); is_persistent=1 (+0.40)"}},{"type":"Feature","geometry":{"type":"Point","coordinates":[85.85942,23.75665]},"properties":{"cell_id":"4751_17172","pred_class":"thermal_power","n_detections":22,"frp_mean":1.7114,"frp_max":3.87,"night_frac":1.0,"first_seen":"2024-01-21","last_seen":"2026-01-14","class_agreement":1.0,"top_reasons":"dist_thermal_plant_km=3.479 (+7.61); dist_power_plant_km=3.447 (+0.57); lc_grass_1km=0.2479 (+0.46); is_persistent=1 (+0.40)"}},{"type":"Feature","geometry":{"type":"Point","coordinates":[85.87051,23.75616]},"properties":{"cell_id":"4751_17174","pred_class":"thermal_power","n_detections":26,"frp_mean":1.4162,"frp_max":2.55,"night_frac":1.0,"first_seen":"2025-06-02","last_seen":"2026-04-26","class_agreement":1.0,"top_reasons":"dist_thermal_plant_km=2.353 (+9.25); dist_power_plant_km=3.207 (+0.65); is_persistent=1 (+0.56); n_detections=26 (+0.15)"}},{"type":"Feature","geometry":{"type":"Point","coordinates":[86.39622,23.75545]},"properties":{"cell_id":"4751_17279","pred_class":"industrial_plant","n_detections":180,"frp_mean":1.8592,"frp_max":6.06,"night_frac":0.9833,"first_seen":"2024-01-05","last_seen":"2026-04-27","class_agreement":1.0,"top_reasons":"dist_industrial_km=1.079 (+4.64); is_persistent=1 (+2.17); dist_thermal_plant_km=18.58 (+0.79); n_detections=180 (+0.48)"}},{"type":"Feature","geometry":{"type":"Point","coordinates":[86.40016,23.75596]},"properties":{"cell_id":"4751_17280","pred_class":"mining","n_detections":286,"frp_mean":2.247,"frp_max":11.85,"night_frac":0.951,"first_seen":"2024-01-01","last_seen":"2026-04-27","class_agreement":1.0,"top_reasons":"inside_mining=1 (+7.28); dist_mining_km=1.214 (+2.48); dist_thermal_plant_km=18.48 (+0.22); lc_bare_1km=0.6612 (+0.19)"}},{"type":"Feature","geometry":{"type":"Point","coordinates":[86.40429,23.75612]},"properties":{"cell_id":"4751_17281","pred_class":"mining","n_detections":423,"frp_mean":2.3742,"frp_max":10.07,"night_frac":0.8109,"first_seen":"2024-01-02","last_seen":"2026-04-27","class_agreement":1.0,"top_reasons":"inside_mining=1 (+6.89); dist_mining_km=1.35 (+2.59); dist_thermal_plant_km=18.35 (+0.25); lc_grass_5km=0.206 (+0.16)"}},{"type":"Feature","geometry":{"type":"Point","coordinates":[86.41611,23.75356]},"properties":{"cell_id":"4751_17283","pred_class":"mining","n_detections":124,"frp_mean":1.8637,"frp_max":5.32,"night_frac":0.9758,"first_seen":"2024-01-05","last_seen":"2026-04-24","class_agreement":1.0,"top_reasons":"inside_mining=1 (+7.27); dist_mining_km=1.68 (+2.36); lc_bare_1km=0.6116 (+0.22); dist_thermal_plant_km=17.69 (+0.20)"}},{"type":"Feature","geometry":{"type":"Point","coordinates":[86.41851,23.75369]},"properties":{"cell_id":"4751_17284","pred_class":"mining","n_detections":89,"frp_mean":1.8898,"frp_max":7.65,"night_frac":0.9326,"first_seen":"2024-01-21","last_seen":"2026-04-27","class_agreement":1.0,"top_reasons":"inside_mining=1 (+7.29); dist_mining_km=1.537 (+2.43); lc_bare_1km=0.6942 (+0.23); dist_thermal_plant_km=17.64 (+0.20)"}},{"type":"Feature","geometry":{"type":"Point","coordinates":[85.85159,23.75857]},"properties":{"cell_id":"4752_17170","pred_class":"mining","n_detections":85,"frp_mean":1.8059,"frp_max":4.59,"night_frac":1.0,"first_seen":"2024-01-10","last_seen":"2026-04-11","class_agreement":1.0,"top_reasons":"dist_mining_km=0.8516 (+7.62); dist_thermal_plant_km=4.122 (-1.46); lc_grass_1km=0.1983 (+0.49); lc_grass_5km=0.3547 (+0.49)"}},{"type":"Feature","geometry":{"type":"Point","coordinates":[85.85457,23.75876]},"properties":{"cell_id":"4752_17171","pred_class":"thermal_power","n_detections":328,"frp_mean":2.4193,"frp_max":8.88,"night_frac":0.8415,"first_seen":"2024-01-02","last_seen":"2026-04-18","class_agreement":1.0,"top_reasons":"dist_thermal_plant_km=3.9 (+8.29); dist_power_plant_km=2.902 (+0.60); is_persistent=1 (+0.41); lc_grass_1km=0.3058 (+0.37)"}},{"type":"Feature","geometry":{"type":"Point","coordinates":[85.86002,23.75953]},"properties":{"cell_id":"4752_17172","pred_class":"thermal_power","n_detections":212,"frp_mean":1.7707,"frp_max":6.06,"night_frac":0.967,"first_seen":"2024-01-04","last_seen":"2026-04-26","class_agreement":1.0,"top_reasons":"dist_thermal_plant_km=3.427 (+9.20); dist_power_plant_km=3.355 (+0.65); is_persistent=1 (+0.54); nearest_plant_mw=420 (+0.12)"}},{"type":"Feature","geometry":{"type":"Point","coordinates":[85.86297,23.7597]},"properties":{"cell_id":"4752_17173","pred_class":"thermal_power","n_detections":19,"frp_mean":2.0916,"frp_max":4.34,"night_frac":0.8947,"first_seen":"2025-01-02","last_seen":"2026-01-05","class_agreement":1.0,"top_reasons":"dist_thermal_plant_km=3.129 (+9.05); is_persistent=1 (+0.55); dist_power_plant_km=3.169 (+0.45); n_detections=19 (+0.15)"}},{"type":"Feature","geometry":{"type":"Point","coordinates":[85.87093,23.75902]},"properties":{"cell_id":"4752_17174","pred_class":"thermal_power","n_detections":48,"frp_mean":1.4994,"frp_max":2.38,"night_frac":1.0,"first_seen":"2025-02-09","last_seen":"2026-03-24","class_agreement":1.0,"top_reasons":"dist_thermal_plant_km=2.315 (+9.27); dist_power_plant_km=2.89 (+0.66); is_persistent=1 (+0.56); nearest_plant_mw=420 (+0.11)"}},{"type":"Feature","geometry":{"type":"Point","coordinates":[85.87369,23.75968]},"properties":{"cell_id":"4752_17175","pred_class":"thermal_power","n_detections":20,"frp_mean":1.5715,"frp_max":4.07,"night_frac":0.95,"first_seen":"2024-04-30","last_seen":"2026-04-14","class_agreement":1.0,"top_reasons":"dist_thermal_plant_km=2.043 (+9.15); is_persistent=1 (+0.57); dist_power_plant_km=2.744 (+0.49); ti4_ti5_diff=15.43 (+0.18)"}},{"type":"Feature","geometry":{"type":"Point","coordinates":[86.39134,23.76203]},"properties":{"cell_id":"4752_17278","pred_class":"mining","n_detections":25,"frp_mean":2.4068,"frp_max":5.02,"night_frac":1.0,"first_seen":"2024-01-11","last_seen":"2025-02-26","class_agreement":1.0,"top_reasons":"dist_mining_km=0.823 (+5.21); inside_mining=1 (+4.73); dist_thermal_plant_km=19.45 (+0.33); lc_bare_5km=0.196 (+0.14)"}},{"type":"Feature","geometry":{"type":"Point","coordinates":[86.39573,23.76006]},"properties":{"cell_id":"4752_17279","pred_class":"mining","n_detections":246,"frp_mean":2.4628,"frp_max":10.75,"night_frac":0.9919,"first_seen":"2024-01-02","last_seen":"2026-04-11","class_agreement":1.0,"top_reasons":"dist_mining_km=0.7572 (+5.03); inside_mining=1 (+4.94); dist_thermal_plant_km=19.07 (+0.36); lc_bare_1km=0.6446 (+0.13)"}},{"type":"Feature","geometry":{"type":"Point","coordinates":[86.40039,23.76006]},"properties":{"cell_id":"4752_17280","pred_class":"mining","n_detections":1116,"frp_mean":3.3144,"frp_max":14.7,"night_frac":0.776,"first_seen":"2024-01-01","last_seen":"2026-04-27","class_agreement":1.0,"top_reasons":"dist_mining_km=0.782 (+5.07); inside_mining=1 (+4.85); dist_thermal_plant_km=18.9 (+0.33); lc_bare_1km=0.595 (+0.13)"}},{"type":"Feature","geometry":{"type":"Point","coordinates":[86.40395,23.75985]},"properties":{"cell_id":"4752_17281","pred_class":"mining","n_detections":769,"frp_mean":3.4298,"frp_max":15.27,"night_frac":0.6216,"first_seen":"2024-01-01","last_seen":"2026-04-27","class_agreement":1.0,"top_reasons":"dist_mining_km=0.9893 (+7.42); lc_grass_1km=0.2479 (+0.48); inside_mining=0 (-0.41); dist_thermal_plant_km=18.75 (+0.31)"}},{"type":"Feature","geometry":{"type":"Point","coordinates":[85.99364,23.76646]},"properties":{"cell_id":"4753_17199","pred_class":"industrial_plant","n_detections":29,"frp_mean":0.6462,"frp_max":0.97,"night_frac":1.0,"first_seen":"2024-11-10","last_seen":"2026-02-27","class_agreement":1.0,"top_reasons":"dist_industrial_km=1.781 (+4.84); is_persistent=1 (+2.38); dist_thermal_plant_km=10.23 (+0.85); dist_mining_km=2.018 (+0.65)"}},{"type":"Feature","geometry":{"type":"Point","coordinates":[86.37134,23.76646]},"properties":{"cell_id":"4753_17274","pred_class":"mining","n_detections":71,"frp_mean":1.5213,"frp_max":2.72,"night_frac":0.9859,"first_seen":"2024-01-10","last_seen":"2026-03-25","class_agreement":1.0,"top_reasons":"dist_mining_km=0.9784 (+7.01); inside_mining=0 (-0.44); lc_grass_1km=0.3471 (+0.43); lc_grass_5km=0.2853 (+0.36)"}},{"type":"Feature","geometry":{"type":"Point","coordinates":[86.3746,23.76621]},"properties":{"cell_id":"4753_17275","pred_class":"mining","n_detections":181,"frp_mean":1.7596,"frp_max":5.23,"night_frac":0.9724,"first_seen":"2024-01-01","last_seen":"2026-04-27","class_agreement":1.0,"top_reasons":"dist_mining_km=0.646 (+9.11); dist_thermal_plant_km=20.59 (+0.38); lc_grass_1km=0.3967 (+0.24); lc_grass_5km=0.2754 (+0.23)"}},{"type":"Feature","geometry":{"type":"Point","coordinates":[86.38001,23.76515]},"properties":{"cell_id":"4753_17276","pred_class":"mining","n_detections":71,"frp_mean":1.6266,"frp_max":3.38,"night_frac":1.0,"first_seen":"2024-01-01","last_seen":"2026-04-11","class_agreement":1.0,"top_reasons":"dist_mining_km=0.1245 (+9.13); dist_thermal_plant_km=20.24 (+0.37); lc_grass_1km=0.3967 (+0.23); lc_bare_5km=0.1812 (+0.20)"}},{"type":"Feature","geometry":{"type":"Point","coordinates":[86.38472,23.76563]},"properties":{"cell_id":"4753_17277","pred_class":"mining","n_detections":52,"frp_mean":2.1613,"frp_max":8.07,"night_frac":1.0,"first_seen":"2024-01-06","last_seen":"2026-04-10","class_agreement":1.0,"top_reasons":"dist_mining_km=0.386 (+9.13); dist_thermal_plant_km=20.09 (+0.37); lc_bare_5km=0.1983 (+0.20); lc_grass_1km=0.2314 (+0.18)"}},{"type":"Feature","geometry":{"type":"Point","coordinates":[86.39084,23.76512]},"properties":{"cell_id":"4753_17278","pred_class":"mining","n_detections":358,"frp_mean":2.8832,"frp_max":12.82,"night_frac":0.9609,"first_seen":"2024-01-01","last_seen":"2026-04-27","class_agreement":1.0,"top_reasons":"dist_mining_km=0.715 (+5.04); inside_mining=1 (+4.92); dist_thermal_plant_km=19.78 (+0.35); lc_bare_1km=0.6694 (+0.13)"}},{"type":"Feature","geometry":{"type":"Point","coordinates":[86.39437,23.76496]},"properties":{"cell_id":"4753_17279","pred_class":"mining","n_detections":527,"frp_mean":3.1769,"frp_max":15.18,"night_frac":0.8767,"first_seen":"2024-01-01","last_seen":"2026-04-27","class_agreement":1.0,"top_reasons":"dist_mining_km=0.3839 (+5.05); inside_mining=1 (+4.97); dist_thermal_plant_km=19.63 (+0.32); lc_bare_1km=0.8182 (+0.13)"}},{"type":"Feature","geometry":{"type":"Point","coordinates":[86.40059,23.76478]},"properties":{"cell_id":"4753_17280","pred_class":"mining","n_detections":676,"frp_mean":2.5838,"frp_max":10.78,"night_frac":0.9186,"first_seen":"2024-01-01","last_seen":"2026-04-27","class_agreement":1.0,"top_reasons":"dist_mining_km=0.3625 (+5.08); inside_mining=1 (+4.90); dist_thermal_plant_km=19.38 (+0.36); lc_grass_5km=0.2079 (+0.10)"}},{"type":"Feature","geometry":{"type":"Point","coordinates":[86.40458,23.76504]},"properties":{"cell_id":"4753_17281","pred_class":"mining","n_detections":777,"frp_mean":3.02,"frp_max":14.52,"night_frac":0.6924,"first_seen":"2024-01-01","last_seen":"2026-04-27","class_agreement":1.0,"top_reasons":"dist_mining_km=0.7257 (+5.15); inside_mining=1 (+4.96); dist_thermal_plant_km=19.27 (+0.36); lc_grass_5km=0.2023 (+0.09)"}},{"type":"Feature","geometry":{"type":"Point","coordinates":[86.408,23.76556]},"properties":{"cell_id":"4753_17282","pred_class":"mining","n_detections":40,"frp_mean":2.7488,"frp_max":9.22,"night_frac":0.65,"first_seen":"2024-05-28","last_seen":"2026-04-19","class_agreement":1.0,"top_reasons":"inside_mining=1 (+5.63); dist_mining_km=1.059 (+4.02); dist_thermal_plant_km=19.21 (+0.26); lc_grass_5km=0.1967 (+0.12)"}},{"type":"Feature","geometry":{"type":"Point","coordinates":[85.99363,23.76857]},"properties":{"cell_id":"4754_17199","pred_class":"industrial_plant","n_detections":20,"frp_mean":0.673,"frp_max":1.0,"night_frac":1.0,"first_seen":"2024-11-15","last_seen":"2026-02-16","class_agreement":1.0,"top_reasons":"dist_industrial_km=1.705 (+4.91); is_persistent=1 (+2.38); dist_thermal_plant_km=10.26 (+0.86); dist_mining_km=1.784 (+0.58)"}},{"type":"Feature","geometry":{"type":"Point","coordinates":[85.99954,23.77099]},"properties":{"cell_id":"4754_17200","pred_class":"industrial_plant","n_detections":26,"frp_mean":0.7165,"frp_max":1.19,"night_frac":1.0,"first_seen":"2025-02-28","last_seen":"2026-02-11","class_agreement":1.0,"top_reasons":"dist_industrial_km=2.255 (+2.96); is_persistent=1 (+1.89); dist_thermal_plant_km=10.89 (+0.60); n_detections=26 (+0.39)"}},{"type":"Feature","geometry":{"type":"Point","coordinates":[86.0115,23.76876]},"properties":{"cell_id":"4754_17202","pred_class":"industrial_plant","n_detections":63,"frp_mean":0.7851,"frp_max":2.07,"night_frac":1.0,"first_seen":"2024-03-14","last_seen":"2026-04-11","class_agreement":1.0,"top_reasons":"dist_industrial_km=1.964 (+3.14); is_persistent=1 (+2.15); dist_thermal_plant_km=12.07 (+0.68); dist_mining_km=2.586 (+0.54)"}},{"type":"Feature","geometry":{"type":"Point","coordinates":[86.01328,23.76876]},"properties":{"cell_id":"4754_17203","pred_class":"industrial_plant","n_detections":38,"frp_mean":0.6929,"frp_max":2.09,"night_frac":1.0,"first_seen":"2024-01-10","last_seen":"2026-04-21","class_agreement":1.0,"top_reasons":"dist_industrial_km=1.786 (+4.98); is_persistent=1 (+2.50); dist_thermal_plant_km=12.11 (+0.87); dist_mining_km=2.722 (+0.75)"}},{"type":"Feature","geometry":{"type":"Point","coordinates":[86.1965,23.77186]},"properties":{"cell_id":"4754_17239","pred_class":"mining","n_detections":69,"frp_mean":1.5722,"frp_max":3.57,"night_frac":1.0,"first_seen":"2024-01-10","last_seen":"2026-04-27","class_agreement":1.0,"top_reasons":"dist_mining_km=0.9383 (+9.08); dist_thermal_plant_km=8.007 (+0.32); lc_grass_1km=0.3223 (+0.28); lc_bare_5km=0.1091 (+0.23)"}},{"type":"Feature","geometry":{"type":"Point","coordinates":[86.20005,23.77151]},"properties":{"cell_id":"4754_17240","pred_class":"mining","n_detections":234,"frp_mean":1.7981,"frp_max":7.8,"night_frac":0.9915,"first_seen":"2024-01-04","last_seen":"2026-04-15","class_agreement":1.0,"top_reasons":"dist_mining_km=0.8484 (+9.08); dist_thermal_plant_km=8.309 (+0.36); lc_grass_5km=0.3339 (+0.30); lc_grass_1km=0.3058 (+0.26)"}},{"type":"Feature","geometry":{"type":"Point","coordinates":[86.20442,23.77154]},"properties":{"cell_id":"4754_17241","pred_class":"mining","n_detections":180,"frp_mean":1.4761,"frp_max":4.38,"night_frac":0.9833,"first_seen":"2024-01-04","last_seen":"2026-03-26","class_agreement":1.0,"top_reasons":"dist_mining_km=0.8919 (+5.14); inside_mining=1 (+4.64); dist_thermal_plant_km=8.709 (+0.35); lc_grass_5km=0.3507 (+0.16)"}},{"type":"Feature","geometry":{"type":"Point","coordinates":[86.3618,23.77217]},"properties":{"cell_id":"4754_17272","pred_class":"mining","n_detections":18,"frp_mean":1.4467,"frp_max":2.25,"night_frac":1.0,"first_seen":"2025-01-01","last_seen":"2026-04-12","class_agreement":1.0,"top_reasons":"dist_mining_km=0.4347 (+9.16); dist_thermal_plant_km=21.79 (+0.31); lc_bare_5km=0.1091 (+0.27); lc_grass_5km=0.3068 (+0.25)"}},{"type":"Feature","geometry":{"type":"Point","coordinates":[86.36477,23.77199]},"properties":{"cell_id":"4754_17273","pred_class":"mining","n_detections":80,"frp_mean":1.8549,"frp_max":4.26,"night_frac":0.975,"first_seen":"2024-04-05","last_seen":"2026-04-22","class_agreement":1.0,"top_reasons":"dist_mining_km=0.3479 (+9.13); dist_thermal_plant_km=21.63 (+0.33); lc_grass_5km=0.2866 (+0.29); lc_grass_1km=0.3802 (+0.25)"}},{"type":"Feature","geometry":{"type":"Point","coordinates":[86.37126,23.76848]},"properties":{"cell_id":"4754_17274","pred_class":"industrial_plant","n_detections":59,"frp_mean":1.7568,"frp_max":3.55,"night_frac":1.0,"first_seen":"2024-06-06","last_seen":"2026-04-11","class_agreement":1.0,"top_reasons":"dist_industrial_km=1.283 (+4.39); is_persistent=1 (+2.11); dist_thermal_plant_km=20.97 (+0.76); n_detections=59 (+0.56)"}},{"type":"Feature","geometry":{"type":"Point","coordinates":[86.37407,23.76842]},"properties":{"cell_id":"4754_17275","pred_class":"mining","n_detections":106,"frp_mean":1.7687,"frp_max":5.35,"night_frac":0.9811,"first_seen":"2024-01-03","last_seen":"2026-04-11","class_agreement":1.0,"top_reasons":"dist_mining_km=0.7537 (+9.12); dist_thermal_plant_km=20.84 (+0.37); lc_bare_5km=0.1517 (+0.24); lc_grass_5km=0.2668 (+0.24)"}},{"type":"Feature","geometry":{"type":"Point","coordinates":[86.3852,23.76965]},"properties":{"cell_id":"4754_17277","pred_class":"mining","n_detections":115,"frp_mean":2.1195,"frp_max":4.44,"night_frac":0.9739,"first_seen":"2024-01-01","last_seen":"2025-11-08","class_agreement":1.0,"top_reasons":"dist_mining_km=0.6033 (+9.14); dist_thermal_plant_km=20.47 (+0.34); lc_grass_5km=0.2909 (+0.22); lc_bare_5km=0.2162 (+0.22)"}},{"type":"Feature","geometry":{"type":"Point","coordinates":[86.39008,23.76974]},"properties":{"cell_id":"4754_17278","pred_class":"mining","n_detections":232,"frp_mean":2.0994,"frp_max":7.66,"night_frac":0.9784,"first_seen":"2024-01-01","last_seen":"2026-02-27","class_agreement":1.0,"top_reasons":"dist_mining_km=0.8454 (+5.04); inside_mining=1 (+4.97); dist_thermal_plant_km=20.29 (+0.34); lc_bare_1km=0.8347 (+0.12)"}},{"type":"Feature","geometry":{"type":"Point","coordinates":[86.3952,23.76933]},"properties":{"cell_id":"4754_17279","pred_class":"mining","n_detections":158,"frp_mean":2.0403,"frp_max":5.24,"night_frac":0.981,"first_seen":"2024-01-01","last_seen":"2026-03-02","class_agreement":1.0,"top_reasons":"dist_mining_km=0.3907 (+5.05); inside_mining=1 (+4.96); dist_thermal_plant_km=20.05 (+0.34); lc_bare_1km=0.9091 (+0.13)"}},{"type":"Feature","geometry":{"type":"Point","coordinates":[86.40066,23.76905]},"properties":{"cell_id":"4754_17280","pred_class":"mining","n_detections":274,"frp_mean":1.9362,"frp_max":5.37,"night_frac":0.9964,"first_seen":"2024-01-01","last_seen":"2026-04-27","class_agreement":1.0,"top_reasons":"dist_mining_km=0.4059 (+5.07); inside_mining=1 (+4.90); dist_thermal_plant_km=19.82 (+0.40); lc_grass_5km=0.2116 (+0.10)"}},{"type":"Feature","geometry":{"type":"Point","coordinates":[86.40438,23.76876]},"properties":{"cell_id":"4754_17281","pred_class":"mining","n_detections":263,"frp_mean":2.2074,"frp_max":8.92,"night_frac":0.8745,"first_seen":"2024-01-05","last_seen":"2026-04-27","class_agreement":1.0,"top_reasons":"dist_mining_km=0.7225 (+5.08); inside_mining=1 (+4.90); dist_thermal_plant_km=19.67 (+0.40); lc_grass_5km=0.205 (+0.09)"}},{"type":"Feature","geometry":{"type":"Point","coordinates":[85.99493,23.77636]},"properties":{"cell_id":"4755_17199","pred_class":"mining","n_detections":29,"frp_mean":0.8966,"frp_max":1.55,"night_frac":1.0,"first_seen":"2024-11-02","last_seen":"2026-04-18","class_agreement":1.0,"top_reasons":"dist_mining_km=0.9394 (+9.15); dist_thermal_plant_km=10.53 (+0.35); lc_bare_5km=0.05355 (+0.23); lc_grass_1km=0.3388 (+0.21)"}},{"type":"Feature","geometry":{"type":"Point","coordinates":[86.19624,23.77384]},"properties":{"cell_id":"4755_17239","pred_class":"mining","n_detections":117,"frp_mean":1.9159,"frp_max":9.02,"night_frac":0.9744,"first_seen":"2024-01-01","last_seen":"2026-04-21","class_agreement":1.0,"top_reasons":"dist_mining_km=0.777 (+5.02); inside_mining=1 (+4.68); dist_thermal_plant_km=8.091 (+0.40); lc_bare_1km=0.6529 (+0.13)"}},{"type":"Feature","geometry":{"type":"Point","coordinates":[86.19979,23.7736]},"properties":{"cell_id":"4755_17240","pred_class":"mining","n_detections":195,"frp_mean":1.9432,"frp_max":5.79,"night_frac":0.9949,"first_seen":"2024-01-01","last_seen":"2026-04-11","class_agreement":1.0,"top_reasons":"dist_mining_km=0.6257 (+4.98); inside_mining=1 (+4.78); dist_thermal_plant_km=8.394 (+0.35); lc_bare_1km=0.686 (+0.14)"}},{"type":"Feature","geometry":{"type":"Point","coordinates":[86.2054,23.77494]},"properties":{"cell_id":"4755_17241","pred_class":"mining","n_detections":319,"frp_mean":2.0741,"frp_max":9.92,"night_frac":0.9687,"first_seen":"2024-01-01","last_seen":"2026-04-27","class_agreement":1.0,"top_reasons":"dist_mining_km=0.6165 (+5.05); inside_mining=1 (+4.78); dist_thermal_plant_km=8.967 (+0.29); lc_grass_5km=0.3583 (+0.14)"}},{"type":"Feature","geometry":{"type":"Point","coordinates":[86.21,23.77542]},"properties":{"cell_id":"4755_17242","pred_class":"mining","n_detections":542,"frp_mean":2.0063,"frp_max":10.82,"night_frac":0.9373,"first_seen":"2024-01-03","last_seen":"2026-04-27","class_agreement":1.0,"top_reasons":"inside_mining=1 (+5.28); dist_mining_km=0.9702 (+4.24); lc_grass_5km=0.3742 (+0.19); lc_grass_1km=0.3719 (+0.18)"}},{"type":"Feature","geometry":{"type":"Point","coordinates":[86.21311,23.77517]},"properties":{"cell_id":"4755_17243","pred_class":"mining","n_detections":32,"frp_mean":1.9078,"frp_max":10.29,"night_frac":0.875,"first_seen":"2024-01-27","last_seen":"2026-03-28","class_agreement":1.0,"top_reasons":"inside_mining=1 (+6.56); dist_mining_km=1.274 (+2.04); lc_grass_1km=0.5702 (-0.42); dist_thermal_plant_km=9.681 (+0.20)"}},{"type":"Feature","geometry":{"type":"Point","coordinates":[86.34579,23.77707]},"properties":{"cell_id":"4755_17269","pred_class":"mining","n_detections":28,"frp_mean":1.8732,"frp_max":8.03,"night_frac":0.9286,"first_seen":"2024-01-27","last_seen":"2025-06-09","class_agreement":1.0,"top_reasons":"dist_mining_km=0.8169 (+9.14); dist_thermal_plant_km=22.66 (+0.33); lc_bare_5km=0.123 (+0.24); lc_grass_5km=0.3088 (+0.22)"}},{"type":"Feature","geometry":{"type":"Point","coordinates":[86.36151,23.775]},"properties":{"cell_id":"4755_17272","pred_class":"mining","n_detections":285,"frp_mean":2.0296,"frp_max":6.35,"night_frac":0.9333,"first_seen":"2024-01-01","last_seen":"2026-04-25","class_agreement":1.0,"top_reasons":"dist_mining_km=0.3154 (+5.26); inside_mining=1 (+4.57); dist_thermal_plant_km=22.08 (+0.36); lc_grass_5km=0.3058 (+0.14)"}},{"type":"Feature","geometry":{"type":"Point","coordinates":[86.36464,23.77491]},"properties":{"cell_id":"4755_17273","pred_class":"mining","n_detections":856,"frp_mean":2.8104,"frp_max":9.76,"night_frac":0.7301,"first_seen":"2024-01-01","last_seen":"2026-04-27","class_agreement":1.0,"top_reasons":"dist_mining_km=0.02257 (+5.28); inside_mining=1 (+4.56); dist_thermal_plant_km=21.92 (+0.32); lc_grass_5km=0.28 (+0.13)"}},{"type":"Feature","geometry":{"type":"Point","coordinates":[86.36794,23.77489]},"properties":{"cell_id":"4755_17274","pred_class":"mining","n_detections":24,"frp_mean":1.7667,"frp_max":3.08,"night_frac":0.9583,"first_seen":"2024-11-21","last_seen":"2025-05-04","class_agreement":1.0,"top_reasons":"dist_mining_km=0.3399 (+5.29); inside_mining=1 (+4.62); dist_thermal_plant_km=21.76 (+0.35); lc_bare_5km=0.1646 (+0.12)"}},{"type":"Feature","geometry":{"type":"Point","coordinates":[86.38564,23.77515]},"properties":{"cell_id":"4755_17277","pred_class":"mining","n_detections":464,"frp_mean":2.4119,"frp_max":8.59,"night_frac":0.9698,"first_seen":"2024-01-01","last_seen":"2026-04-27","class_agreement":1.0,"top_reasons":"inside_mining=1 (+7.24); dist_mining_km=1.137 (+2.54); dist_thermal_plant_km=21.02 (+0.23); lc_bare_5km=0.2559 (+0.17)"}},{"type":"Feature","geometry":{"type":"Point","coordinates":[86.38966,23.77581]},"properties":{"cell_id":"4755_17278","pred_class":"mining","n_detections":581,"frp_mean":3.5612,"frp_max":14.89,"night_frac":0.716,"first_seen":"2024-01-01","last_seen":"2026-04-27","class_agreement":1.0,"top_reasons":"inside_mining=1 (+7.27); dist_mining_km=1.305 (+2.47); dist_thermal_plant_km=20.93 (+0.22); lc_bare_1km=0.719 (+0.20)"}},{"type":"Feature","geometry":{"type":"Point","coordinates":[86.3944,23.77599]},"properties":{"cell_id":"4755_17279","pred_class":"mining","n_detections":133,"frp_mean":2.321,"frp_max":9.44,"night_frac":0.9398,"first_seen":"2024-01-01","last_seen":"2026-03-22","class_agreement":1.0,"top_reasons":"inside_mining=1 (+7.29); dist_mining_km=1.091 (+2.43); lc_bare_1km=0.8843 (+0.23); dist_thermal_plant_km=20.77 (+0.23)"}},{"type":"Feature","geometry":{"type":"Point","coordinates":[86.4062,23.775]},"properties":{"cell_id":"4755_17281","pred_class":"mining","n_detections":18,"frp_mean":1.5244,"frp_max":6.32,"night_frac":1.0,"first_seen":"2024-05-28","last_seen":"2026-03-26","class_agreement":1.0,"top_reasons":"inside_mining=1 (+6.93); dist_mining_km=1.273 (+1.88); lc_grass_1km=0.6364 (-0.48); dist_thermal_plant_km=20.27 (+0.22)"}},{"type":"Feature","geometry":{"type":"Point","coordinates":[86.40933,23.77412]},"properties":{"cell_id":"4755_17282","pred_class":"mining","n_detections":46,"frp_mean":1.0365,"frp_max":5.06,"night_frac":0.9783,"first_seen":"2024-11-18","last_seen":"2026-03-25","class_agreement":1.0,"top_reasons":"inside_mining=1 (+7.16); dist_mining_km=1.45 (+2.41); dist_thermal_plant_km=20.08 (+0.23); lc_bare_5km=0.2532 (+0.15)"}},{"type":"Feature","geometry":{"type":"Point","coordinates":[85.56542,23.78061]},"properties":{"cell_id":"4756_17113","pred_class":"mining","n_detections":88,"frp_mean":1.1643,"frp_max":4.66,"night_frac":0.9773,"first_seen":"2024-11-22","last_seen":"2026-04-11","class_agreement":1.0,"top_reasons":"dist_mining_km=0.8451 (+9.14); dist_thermal_plant_km=32.01 (+0.31); lc_grass_5km=0.3084 (+0.26); lc_grass_1km=0.2066 (+0.18)"}},{"type":"Feature","geometry":{"type":"Point","coordinates":[85.57506,23.7813]},"properties":{"cell_id":"4756_17115","pred_class":"mining","n_detections":37,"frp_mean":1.5557,"frp_max":2.72,"night_frac":1.0,"first_seen":"2025-04-23","last_seen":"2026-04-25","class_agreement":1.0,"top_reasons":"dist_mining_km=0.1123 (+5.07); inside_mining=1 (+4.82); dist_thermal_plant_km=31.03 (+0.30); lc_grass_5km=0.3494 (+0.13)"}},{"type":"Feature","geometry":{"type":"Point","coordinates":[85.99421,23.77884]},"properties":{"cell_id":"4756_17199","pred_class":"mining","n_detections":50,"frp_mean":0.902,"frp_max":2.5,"night_frac":1.0,"first_seen":"2024-09-11","last_seen":"2025-12-25","class_agreement":1.0,"top_reasons":"dist_mining_km=0.6537 (+9.15); dist_thermal_plant_km=10.51 (+0.35); lc_grass_5km=0.1464 (+0.25); lc_grass_1km=0.3719 (+0.20)"}},{"type":"Feature","geometry":{"type":"Point","coordinates":[86.14947,23.7793]},"properties":{"cell_id":"4756_17230","pred_class":"mining","n_detections":37,"frp_mean":0.7346,"frp_max":1.64,"night_frac":1.0,"first_seen":"2025-01-19","last_seen":"2026-04-13","class_agreement":1.0,"top_reasons":"dist_mining_km=1.567 (+2.25); inside_mining=0 (-1.72); dist_industrial_km=3.813 (+0.18); dist_any_industry_km=3.813 (+0.16)"}},{"type":"Feature","geometry":{"type":"Point","coordinates":[86.20606,23.77969]},"properties":{"cell_id":"4756_17241","pred_class":"mining","n_detections":548,"frp_mean":3.1726,"frp_max":13.38,"night_frac":0.8704,"first_seen":"2024-01-01","last_seen":"2026-04-25","class_agreement":1.0,"top_reasons":"dist_mining_km=0.4862 (+4.98); inside_mining=1 (+4.83); dist_thermal_plant_km=9.281 (+0.30); lc_grass_5km=0.3531 (+0.14)"}},{"type":"Feature","geometry":{"type":"Point","coordinates":[86.20957,23.78011]},"properties":{"cell_id":"4756_17242","pred_class":"mining","n_detections":1059,"frp_mean":3.9526,"frp_max":19.52,"night_frac":0.6176,"first_seen":"2024-01-01","last_seen":"2026-04-27","class_agreement":1.0,"top_reasons":"dist_mining_km=0.8473 (+5.16); inside_mining=1 (+4.64); dist_thermal_plant_km=9.615 (+0.31); lc_grass_5km=0.3636 (+0.13)"}},{"type":"Feature","geometry":{"type":"Point","coordinates":[86.34055,23.78068]},"properties":{"cell_id":"4756_17268","pred_class":"mining","n_detections":105,"frp_mean":1.885,"frp_max":6.07,"night_frac":1.0,"first_seen":"2024-01-13","last_seen":"2025-03-06","class_agreement":1.0,"top_reasons":"dist_mining_km=0.3463 (+5.29); inside_mining=1 (+4.54); dist_thermal_plant_km=22.23 (+0.35); lc_bare_5km=0.1547 (+0.13)"}},{"type":"Feature","geometry":{"type":"Point","coordinates":[86.34563,23.77992]},"properties":{"cell_id":"4756_17269","pred_class":"mining","n_detections":730,"frp_mean":2.4213,"frp_max":9.59,"night_frac":0.8137,"first_seen":"2024-01-01","last_seen":"2026-04-22","class_agreement":1.0,"top_reasons":"dist_mining_km=0.8007 (+9.13); dist_thermal_plant_km=22.71 (+0.29); lc_grass_1km=0.3223 (+0.27); lc_bare_5km=0.1537 (+0.23)"}},{"type":"Feature","geometry":{"type":"Point","coordinates":[86.34838,23.78027]},"properties":{"cell_id":"4756_17270","pred_class":"mining","n_detections":251,"frp_mean":2.2165,"frp_max":7.82,"night_frac":0.7689,"first_seen":"2024-01-02","last_seen":"2026-04-27","class_agreement":1.0,"top_reasons":"dist_mining_km=0.6239 (+9.13); dist_thermal_plant_km=22.99 (+0.31); lc_grass_5km=0.3028 (+0.27); lc_bare_5km=0.1673 (+0.25)"}},{"type":"Feature","geometry":{"type":"Point","coordinates":[86.36171,23.77824]},"properties":{"cell_id":"4756_17272","pred_class":"mining","n_detections":26,"frp_mean":1.6469,"frp_max":3.12,"night_frac":1.0,"first_seen":"2024-01-06","last_seen":"2026-03-28","class_agreement":1.0,"top_reasons":"dist_mining_km=0.4554 (+9.16); dist_thermal_plant_km=22.39 (+0.29); lc_bare_5km=0.1894 (+0.27); lc_grass_5km=0.2879 (+0.22)"}},{"type":"Feature","geometry":{"type":"Point","coordinates":[86.36433,23.7781]},"properties":{"cell_id":"4756_17273","pred_class":"mining","n_detections":60,"frp_mean":1.6345,"frp_max":3.44,"night_frac":1.0,"first_seen":"2024-01-08","last_seen":"2026-04-06","class_agreement":1.0,"top_reasons":"dist_mining_km=0.3331 (+9.14); dist_thermal_plant_km=22.25 (+0.33); lc_bare_5km=0.1947 (+0.27); lc_grass_1km=0.4793 (+0.22)"}},{"type":"Feature","geometry":{"type":"Point","coordinates":[86.37131,23.78048]},"properties":{"cell_id":"4756_17274","pred_class":"mining","n_detections":251,"frp_mean":1.8181,"frp_max":5.36,"night_frac":0.992,"first_seen":"2024-01-01","last_seen":"2026-04-27","class_agreement":1.0,"top_reasons":"dist_mining_km=0.2407 (+9.11); dist_thermal_plant_km=22.16 (+0.36); lc_grass_1km=0.3306 (+0.27); lc_bare_5km=0.2383 (+0.22)"}},{"type":"Feature","geometry":{"type":"Point","coordinates":[86.37397,23.78054]},"properties":{"cell_id":"4756_17275","pred_class":"mining","n_detections":367,"frp_mean":1.8658,"frp_max":5.98,"night_frac":0.8937,"first_seen":"2024-01-03","last_seen":"2026-04-26","class_agreement":1.0,"top_reasons":"dist_mining_km=0.1415 (+5.19); inside_mining=1 (+4.78); dist_thermal_plant_km=22.05 (+0.37); lc_grass_5km=0.2493 (+0.10)"}},{"type":"Feature","geometry":{"type":"Point","coordinates":[86.38646,23.77916]},"properties":{"cell_id":"4756_17277","pred_class":"industrial_plant","n_detections":212,"frp_mean":2.5172,"frp_max":7.27,"night_frac":0.967,"first_seen":"2024-01-02","last_seen":"2026-04-27","class_agreement":1.0,"top_reasons":"dist_industrial_km=1.535 (+4.84); is_persistent=1 (+2.34); dist_thermal_plant_km=21.39 (+0.88); dist_mining_km=1.367 (+0.66)"}},{"type":"Feature","geometry":{"type":"Point","coordinates":[86.3901,23.77979]},"properties":{"cell_id":"4756_17278","pred_class":"mining","n_detections":1177,"frp_mean":3.6779,"frp_max":15.35,"night_frac":0.6856,"first_seen":"2024-01-01","last_seen":"2026-04-27","class_agreement":1.0,"top_reasons":"inside_mining=1 (+7.27); dist_mining_km=1.653 (+2.51); dist_thermal_plant_km=21.32 (+0.22); lc_grass_5km=0.2413 (+0.16)"}},{"type":"Feature","geometry":{"type":"Point","coordinates":[86.39454,23.78014]},"properties":{"cell_id":"4756_17279","pred_class":"mining","n_detections":739,"frp_mean":3.2851,"frp_max":17.52,"night_frac":0.747,"first_seen":"2024-01-01","last_seen":"2026-04-24","class_agreement":1.0,"top_reasons":"inside_mining=1 (+7.26); dist_mining_km=1.535 (+2.44); dist_thermal_plant_km=21.2 (+0.24); lc_bare_1km=0.6116 (+0.21)"}},{"type":"Feature","geometry":{"type":"Point","coordinates":[86.39825,23.77983]},"properties":{"cell_id":"4756_17280","pred_class":"industrial_plant","n_detections":27,"frp_mean":2.4426,"frp_max":6.8,"night_frac":0.8519,"first_seen":"2024-01-04","last_seen":"2025-02-17","class_agreement":1.0,"top_reasons":"dist_industrial_km=0.4923 (+4.56); is_persistent=1 (+2.20); dist_thermal_plant_km=21.04 (+0.88); dist_mining_km=1.468 (+0.52)"}},{"type":"Feature","geometry":{"type":"Point","coordinates":[85.5509,23.78662]},"properties":{"cell_id":"4757_17110","pred_class":"mining","n_detections":87,"frp_mean":1.5128,"frp_max":4.81,"night_frac":0.9885,"first_seen":"2024-12-15","last_seen":"2026-04-14","class_agreement":1.0,"top_reasons":"dist_mining_km=0.8742 (+9.16); dist_thermal_plant_km=33.49 (+0.31); lc_grass_5km=0.3005 (+0.24); lc_bare_5km=0.1355 (+0.24)"}},{"type":"Feature","geometry":{"type":"Point","coordinates":[85.55325,23.78659]},"properties":{"cell_id":"4757_17111","pred_class":"industrial_plant","n_detections":36,"frp_mean":1.4203,"frp_max":4.53,"night_frac":0.9722,"first_seen":"2024-10-18","last_seen":"2026-04-21","class_agreement":1.0,"top_reasons":"dist_industrial_km=0.9493 (+4.24); is_persistent=1 (+2.06); dist_thermal_plant_km=33.25 (+0.74); n_detections=36 (+0.54)"}},{"type":"Feature","geometry":{"type":"Point","coordinates":[85.56547,23.78363]},"properties":{"cell_id":"4757_17113","pred_class":"industrial_plant","n_detections":31,"frp_mean":1.1987,"frp_max":4.71,"night_frac":0.9677,"first_seen":"2024-12-06","last_seen":"2026-04-17","class_agreement":1.0,"top_reasons":"dist_industrial_km=1.409 (+4.34); is_persistent=1 (+2.10); dist_thermal_plant_km=32 (+0.76); n_detections=31 (+0.58)"}},{"type":"Feature","geometry":{"type":"Point","coordinates":[85.57492,23.78388]},"properties":{"cell_id":"4757_17115","pred_class":"mining","n_detections":36,"frp_mean":1.5094,"frp_max":3.96,"night_frac":1.0,"first_seen":"2025-07-22","last_seen":"2026-04-21","class_agreement":1.0,"top_reasons":"dist_mining_km=0.3101 (+5.07); inside_mining=1 (+4.77); dist_thermal_plant_km=31.04 (+0.29); lc_grass_5km=0.366 (+0.14)"}},{"type":"Feature","geometry":{"type":"Point","coordinates":[86.20626,23.78357]},"properties":{"cell_id":"4757_17241","pred_class":"mining","n_detections":84,"frp_mean":2.3574,"frp_max":7.34,"night_frac":1.0,"first_seen":"2024-01-02","last_seen":"2026-04-19","class_agreement":1.0,"top_reasons":"dist_mining_km=0.71 (+5.11); inside_mining=1 (+4.65); dist_thermal_plant_km=9.524 (+0.38); lc_grass_5km=0.359 (+0.15)"}},{"type":"Feature","geometry":{"type":"Point","coordinates":[86.20947,23.78349]},"properties":{"cell_id":"4757_17242","pred_class":"mining","n_detections":230,"frp_mean":2.7644,"frp_max":9.86,"night_frac":0.7478,"first_seen":"2024-01-01","last_seen":"2026-04-25","class_agreement":1.0,"top_reasons":"inside_mining=1 (+5.15); dist_mining_km=0.9646 (+4.26); dist_thermal_plant_km=9.797 (+0.24); lc_grass_5km=0.362 (+0.21)"}},{"type":"Feature","geometry":{"type":"Point","coordinates":[86.33145,23.78623]},"properties":{"cell_id":"4757_17266","pred_class":"mining","n_detections":70,"frp_mean":2.1133,"frp_max":4.8,"night_frac":1.0,"first_seen":"2024-01-02","last_seen":"2025-01-19","class_agreement":1.0,"top_reasons":"dist_mining_km=0.8043 (+9.12); dist_thermal_plant_km=21.47 (+0.36); lc_grass_5km=0.3107 (+0.26); lc_bare_5km=0.2106 (+0.23)"}},{"type":"Feature","geometry":{"type":"Point","coordinates":[86.33426,23.78587]},"properties":{"cell_id":"4757_17267","pred_class":"mining","n_detections":146,"frp_mean":2.359,"frp_max":9.66,"night_frac":0.8836,"first_seen":"2024-01-01","last_seen":"2026-02-24","class_agreement":1.0,"top_reasons":"dist_mining_km=0.5335 (+9.11); dist_thermal_plant_km=21.73 (+0.34); lc_grass_1km=0.438 (+0.28); lc_grass_5km=0.2899 (+0.25)"}},{"type":"Feature","geometry":{"type":"Point","coordinates":[86.34043,23.78414]},"properties":{"cell_id":"4757_17268","pred_class":"mining","n_detections":65,"frp_mean":1.5326,"frp_max":3.14,"night_frac":1.0,"first_seen":"2024-01-10","last_seen":"2026-04-27","class_agreement":1.0,"top_reasons":"dist_mining_km=0.2028 (+5.15); inside_mining=1 (+4.61); dist_thermal_plant_km=22.3 (+0.34); lc_bare_5km=0.1838 (+0.13)"}},{"type":"Feature","geometry":{"type":"Point","coordinates":[86.34519,23.78352]},"properties":{"cell_id":"4757_17269","pred_class":"mining","n_detections":96,"frp_mean":1.7729,"frp_max":6.07,"night_frac":0.9375,"first_seen":"2024-01-02","last_seen":"2026-04-15","class_agreement":1.0,"top_reasons":"dist_mining_km=0.6638 (+9.13); dist_thermal_plant_km=22.75 (+0.33); lc_bare_5km=0.1848 (+0.27); lc_grass_1km=0.2727 (+0.26)"}},{"type":"Feature","geometry":{"type":"Point","coordinates":[86.34866,23.78314]},"properties":{"cell_id":"4757_17270","pred_class":"mining","n_detections":25,"frp_mean":1.55,"frp_max":3.8,"night_frac":1.0,"first_seen":"2024-02-07","last_seen":"2025-03-18","class_agreement":1.0,"top_reasons":"dist_mining_km=0.8045 (+9.18); lc_bare_5km=0.1808 (+0.34); dist_thermal_plant_km=23.09 (+0.29); lc_grass_5km=0.3071 (+0.23)"}},{"type":"Feature","geometry":{"type":"Point","coordinates":[86.37138,23.78504]},"properties":{"cell_id":"4757_17274","pred_class":"mining","n_detections":60,"frp_mean":1.3892,"frp_max":2.95,"night_frac":1.0,"first_seen":"2024-01-01","last_seen":"2026-03-28","class_agreement":1.0,"top_reasons":"dist_mining_km=0.4241 (+5.21); inside_mining=1 (+4.80); dist_thermal_plant_km=22.61 (+0.34); lc_bare_5km=0.243 (+0.11)"}},{"type":"Feature","geometry":{"type":"Point","coordinates":[86.37383,23.78348]},"properties":{"cell_id":"4757_17275","pred_class":"mining","n_detections":86,"frp_mean":1.3949,"frp_max":5.07,"night_frac":0.9651,"first_seen":"2024-01-02","last_seen":"2026-04-10","class_agreement":1.0,"top_reasons":"dist_mining_km=0.2097 (+5.20); inside_mining=1 (+4.80); dist_thermal_plant_km=22.35 (+0.36); lc_grass_5km=0.2509 (+0.11)"}},{"type":"Feature","geometry":{"type":"Point","coordinates":[86.39056,23.78326]},"properties":{"cell_id":"4757_17278","pred_class":"mining","n_detections":138,"frp_mean":1.9419,"frp_max":8.1,"night_frac":0.9855,"first_seen":"2024-01-02","last_seen":"2026-04-22","class_agreement":1.0,"top_reasons":"inside_mining=1 (+7.28); dist_mining_km=1.765 (+2.38); dist_thermal_plant_km=21.66 (+0.22); lc_bare_5km=0.234 (+0.16)"}},{"type":"Feature","geometry":{"type":"Point","coordinates":[86.39435,23.78328]},"properties":{"cell_id":"4757_17279","pred_class":"industrial_plant","n_detections":127,"frp_mean":2.1274,"frp_max":9.16,"night_frac":0.8976,"first_seen":"2024-01-02","last_seen":"2026-03-31","class_agreement":1.0,"top_reasons":"dist_industrial_km=1.041 (+4.66); is_persistent=1 (+2.22); dist_thermal_plant_km=21.53 (+0.84); dist_mining_km=1.88 (+0.64)"}},{"type":"Feature","geometry":{"type":"Point","coordinates":[85.55111,23.78942]},"properties":{"cell_id":"4758_17110","pred_class":"mining","n_detections":137,"frp_mean":1.5755,"frp_max":5.58,"night_frac":0.9562,"first_seen":"2024-10-19","last_seen":"2026-04-14","class_agreement":1.0,"top_reasons":"dist_mining_km=0.6235 (+5.06); inside_mining=1 (+4.84); dist_thermal_plant_km=33.47 (+0.32); lc_grass_5km=0.3104 (+0.14)"}},{"type":"Feature","geometry":{"type":"Point","coordinates":[85.55354,23.78934]},"properties":{"cell_id":"4758_17111","pred_class":"mining","n_detections":97,"frp_mean":1.4871,"frp_max":6.71,"night_frac":0.9588,"first_seen":"2024-11-14","last_seen":"2026-04-20","class_agreement":1.0,"top_reasons":"dist_mining_km=0.8118 (+9.14); dist_thermal_plant_km=33.22 (+0.33); lc_grass_5km=0.3074 (+0.25); lc_bare_5km=0.1537 (+0.25)"}},{"type":"Feature","geometry":{"type":"Point","coordinates":[86.33129,23.78895]},"properties":{"cell_id":"4758_17266","pred_class":"mining","n_detections":83,"frp_mean":2.0266,"frp_max":5.0,"night_frac":0.9759,"first_seen":"2024-01-06","last_seen":"2026-02-15","class_agreement":1.0,"top_reasons":"dist_mining_km=0.9804 (+7.20); lc_grass_1km=0.2479 (+0.50); inside_mining=0 (-0.47); lc_grass_5km=0.2985 (+0.32)"}},{"type":"Feature","geometry":{"type":"Point","coordinates":[86.33399,23.78859]},"properties":{"cell_id":"4758_17267","pred_class":"mining","n_detections":110,"frp_mean":2.687,"frp_max":10.75,"night_frac":0.8273,"first_seen":"2024-01-03","last_seen":"2025-02-08","class_agreement":1.0,"top_reasons":"dist_mining_km=0.758 (+9.12); dist_thermal_plant_km=21.79 (+0.34); lc_bare_5km=0.2228 (+0.25); lc_grass_5km=0.2787 (+0.25)"}},{"type":"Feature","geometry":{"type":"Point","coordinates":[86.35107,23.79135]},"properties":{"cell_id":"4758_17270","pred_class":"mining","n_detections":154,"frp_mean":1.8553,"frp_max":8.53,"night_frac":0.9805,"first_seen":"2024-01-04","last_seen":"2026-04-25","class_agreement":1.0,"top_reasons":"dist_mining_km=0.9246 (+5.11); inside_mining=1 (+4.73); dist_thermal_plant_km=23.54 (+0.30); lc_bare_5km=0.1888 (+0.16)"}},{"type":"Feature","geometry":{"type":"Point","coordinates":[86.35377,23.79122]},"properties":{"cell_id":"4758_17271","pred_class":"mining","n_detections":183,"frp_mean":1.6698,"frp_max":4.88,"night_frac":0.9508,"first_seen":"2024-01-04","last_seen":"2026-04-21","class_agreement":1.0,"top_reasons":"dist_mining_km=0.9802 (+7.23); inside_mining=0 (-0.48); lc_grass_5km=0.3233 (+0.41); lc_grass_1km=0.1983 (+0.39)"}},{"type":"Feature","geometry":{"type":"Point","coordinates":[86.37111,23.78871]},"properties":{"cell_id":"4758_17274","pred_class":"mining","n_detections":88,"frp_mean":1.1038,"frp_max":2.65,"night_frac":1.0,"first_seen":"2024-01-03","last_seen":"2026-01-16","class_agreement":1.0,"top_reasons":"dist_mining_km=0.4118 (+5.24); inside_mining=1 (+4.73); dist_thermal_plant_km=23 (+0.33); lc_grass_5km=0.2585 (+0.11)"}},{"type":"Feature","geometry":{"type":"Point","coordinates":[86.37326,23.7889]},"properties":{"cell_id":"4758_17275","pred_class":"mining","n_detections":34,"frp_mean":0.9226,"frp_max":1.84,"night_frac":1.0,"first_seen":"2024-01-15","last_seen":"2025-12-15","class_agreement":1.0,"top_reasons":"dist_mining_km=0.5811 (+9.16); dist_thermal_plant_km=22.92 (+0.30); lc_grass_5km=0.2536 (+0.22); lc_bare_5km=0.234 (+0.20)"}},{"type":"Feature","geometry":{"type":"Point","coordinates":[87.07592,23.79044]},"properties":{"cell_id":"4758_17415","pred_class":"mining","n_detections":17,"frp_mean":2.3188,"frp_max":3.77,"night_frac":1.0,"first_seen":"2024-02-17","last_seen":"2024-05-22","class_agreement":1.0,"top_reasons":"inside_mining=1 (+6.82); dist_mining_km=1.443 (+2.36); dist_thermal_plant_km=26.8 (+0.17); dist_industrial_km=4.746 (+0.14)"}},{"type":"Feature","geometry":{"type":"Point","coordinates":[86.23193,23.79455]},"properties":{"cell_id":"4759_17246","pred_class":"mining","n_detections":30,"frp_mean":1.1693,"frp_max":2.96,"night_frac":1.0,"first_seen":"2024-02-10","last_seen":"2026-04-27","class_agreement":1.0,"top_reasons":"dist_mining_km=0.7276 (+5.27); inside_mining=1 (+4.64); dist_thermal_plant_km=12.39 (+0.29); lc_grass_5km=0.4258 (+0.14)"}},{"type":"Feature","geometry":{"type":"Point","coordinates":[86.23448,23.79459]},"properties":{"cell_id":"4759_17247","pred_class":"mining","n_detections":231,"frp_mean":1.2047,"frp_max":4.78,"night_frac":0.987,"first_seen":"2024-01-01","last_seen":"2026-04-22","class_agreement":1.0,"top_reasons":"dist_mining_km=0.4676 (+5.25); inside_mining=1 (+4.59); dist_thermal_plant_km=12.61 (+0.33); lc_grass_5km=0.4301 (+0.15)"}},{"type":"Feature","geometry":{"type":"Point","coordinates":[86.34544,23.79597]},"properties":{"cell_id":"4759_17269","pred_class":"mining","n_detections":24,"frp_mean":2.5454,"frp_max":6.14,"night_frac":1.0,"first_seen":"2024-01-11","last_seen":"2026-03-28","class_agreement":1.0,"top_reasons":"dist_mining_km=0.471 (+5.07); inside_mining=1 (+4.72); dist_thermal_plant_km=23.13 (+0.29); lc_bare_1km=0.686 (+0.13)"}},{"type":"Feature","geometry":{"type":"Point","coordinates":[86.35066,23.79505]},"properties":{"cell_id":"4759_17270","pred_class":"mining","n_detections":451,"frp_mean":2.5343,"frp_max":8.89,"night_frac":0.8958,"first_seen":"2024-01-01","last_seen":"2026-04-27","class_agreement":1.0,"top_reasons":"dist_mining_km=0.5269 (+5.07); inside_mining=1 (+4.77); dist_thermal_plant_km=23.61 (+0.27); lc_grass_5km=0.3055 (+0.12)"}},{"type":"Feature","geometry":{"type":"Point","coordinates":[86.35375,23.79464]},"properties":{"cell_id":"4759_17271","pred_class":"mining","n_detections":406,"frp_mean":2.3354,"frp_max":9.92,"night_frac":0.8103,"first_seen":"2024-01-02","last_seen":"2026-04-27","class_agreement":1.0,"top_reasons":"dist_mining_km=0.7556 (+8.99); dist_thermal_plant_km=23.9 (+0.35); lc_grass_5km=0.3127 (+0.34); lc_bare_5km=0.1931 (+0.24)"}},{"type":"Feature","geometry":{"type":"Point","coordinates":[87.07429,23.79433]},"properties":{"cell_id":"4759_17415","pred_class":"mining","n_detections":75,"frp_mean":2.1893,"frp_max":6.07,"night_frac":0.9733,"first_seen":"2024-01-01","last_seen":"2025-03-23","class_agreement":1.0,"top_reasons":"inside_mining=1 (+6.97); dist_mining_km=1.813 (+2.40); dist_thermal_plant_km=27.26 (+0.20); dist_industrial_km=4.991 (+0.14)"}},{"type":"Feature","geometry":{"type":"Point","coordinates":[85.54002,23.80188]},"properties":{"cell_id":"4760_17108","pred_class":"mining","n_detections":27,"frp_mean":1.3867,"frp_max":3.74,"night_frac":0.963,"first_seen":"2024-01-03","last_seen":"2026-02-17","class_agreement":1.0,"top_reasons":"dist_mining_km=0.679 (+5.21); inside_mining=1 (+4.67); dist_thermal_plant_km=34.64 (+0.35); lc_grass_5km=0.2909 (+0.12)"}},{"type":"Feature","geometry":{"type":"Point","coordinates":[85.56172,23.8009]},"properties":{"cell_id":"4760_17112","pred_class":"mining","n_detections":24,"frp_mean":2.0771,"frp_max":5.84,"night_frac":0.9583,"first_seen":"2024-12-26","last_seen":"2025-05-07","class_agreement":1.0,"top_reasons":"inside_mining=1 (+5.32); dist_mining_km=0.9481 (+3.30); lc_grass_1km=0.562 (-0.44); dist_thermal_plant_km=32.43 (+0.24)"}},{"type":"Feature","geometry":{"type":"Point","coordinates":[85.56369,23.80116]},"properties":{"cell_id":"4760_17113","pred_class":"mining","n_detections":22,"frp_mean":1.8145,"frp_max":2.7,"night_frac":1.0,"first_seen":"2025-01-23","last_seen":"2025-12-25","class_agreement":1.0,"top_reasons":"dist_mining_km=0.7563 (+5.27); inside_mining=1 (+4.69); dist_thermal_plant_km=32.23 (+0.35); lc_grass_5km=0.3686 (+0.10)"}},{"type":"Feature","geometry":{"type":"Point","coordinates":[86.31477,23.79897]},"properties":{"cell_id":"4760_17263","pred_class":"mining","n_detections":60,"frp_mean":1.6535,"frp_max":2.94,"night_frac":1.0,"first_seen":"2025-03-12","last_seen":"2026-04-20","class_agreement":1.0,"top_reasons":"dist_mining_km=0.6908 (+5.24); inside_mining=1 (+4.73); dist_thermal_plant_km=20.26 (+0.29); lc_bare_5km=0.1408 (+0.14)"}},{"type":"Feature","geometry":{"type":"Point","coordinates":[86.31991,23.80101]},"properties":{"cell_id":"4760_17264","pred_class":"mining","n_detections":19,"frp_mean":2.7321,"frp_max":5.68,"night_frac":0.8947,"first_seen":"2024-04-08","last_seen":"2026-04-14","class_agreement":1.0,"top_reasons":"dist_mining_km=0.4276 (+5.12); inside_mining=1 (+4.90); dist_thermal_plant_km=20.83 (+0.25); lc_bare_5km=0.1527 (+0.10)"}},{"type":"Feature","geometry":{"type":"Point","coordinates":[86.32578,23.80187]},"properties":{"cell_id":"4760_17265","pred_class":"mining","n_detections":35,"frp_mean":2.1531,"frp_max":6.12,"night_frac":0.9714,"first_seen":"2024-01-01","last_seen":"2026-04-20","class_agreement":1.0,"top_reasons":"dist_mining_km=0.8416 (+5.07); inside_mining=1 (+4.80); dist_thermal_plant_km=21.43 (+0.30); lc_bare_5km=0.1835 (+0.15)"}},{"type":"Feature","geometry":{"type":"Point","coordinates":[86.32997,23.8017]},"properties":{"cell_id":"4760_17266","pred_class":"mining","n_detections":292,"frp_mean":2.1471,"frp_max":7.03,"night_frac":0.9178,"first_seen":"2024-01-10","last_seen":"2026-04-26","class_agreement":1.0,"top_reasons":"inside_mining=1 (+6.99); dist_mining_km=1.255 (+2.52); dist_thermal_plant_km=21.82 (+0.20); lc_grass_5km=0.2992 (+0.15)"}},{"type":"Feature","geometry":{"type":"Point","coordinates":[86.34192,23.79914]},"properties":{"cell_id":"4760_17268","pred_class":"mining","n_detections":23,"frp_mean":1.927,"frp_max":4.36,"night_frac":1.0,"first_seen":"2024-01-10","last_seen":"2024-12-02","class_agreement":1.0,"top_reasons":"dist_mining_km=0.6533 (+5.20); inside_mining=1 (+4.60); dist_thermal_plant_km=22.89 (+0.30); lc_bare_5km=0.1855 (+0.13)"}},{"type":"Feature","geometry":{"type":"Point","coordinates":[86.34534,23.79953]},"properties":{"cell_id":"4760_17269","pred_class":"mining","n_detections":75,"frp_mean":2.5248,"frp_max":6.62,"night_frac":1.0,"first_seen":"2024-01-01","last_seen":"2026-04-07","class_agreement":1.0,"top_reasons":"dist_mining_km=0.3054 (+5.05); inside_mining=1 (+4.78); dist_thermal_plant_km=23.23 (+0.32); lc_bare_1km=0.6694 (+0.13)"}},{"type":"Feature","geometry":{"type":"Point","coordinates":[86.35024,23.79942]},"properties":{"cell_id":"4760_17270","pred_class":"mining","n_detections":319,"frp_mean":2.9576,"frp_max":9.94,"night_frac":0.7492,"first_seen":"2024-01-13","last_seen":"2026-04-27","class_agreement":1.0,"top_reasons":"dist_mining_km=0.1945 (+5.06); inside_mining=1 (+4.81); dist_thermal_plant_km=23.71 (+0.28); lc_grass_5km=0.32 (+0.14)"}},{"type":"Feature","geometry":{"type":"Point","coordinates":[86.35336,23.7992]},"properties":{"cell_id":"4760_17271","pred_class":"mining","n_detections":45,"frp_mean":2.7982,"frp_max":8.56,"night_frac":0.6444,"first_seen":"2024-02-09","last_seen":"2026-04-13","class_agreement":1.0,"top_reasons":"dist_mining_km=0.5117 (+5.05); inside_mining=1 (+4.90); dist_thermal_plant_km=24 (+0.30); lc_bare_5km=0.1848 (+0.14)"}},{"type":"Feature","geometry":{"type":"Point","coordinates":[87.04695,23.80001]},"properties":{"cell_id":"4760_17409","pred_class":"mining","n_detections":20,"frp_mean":1.931,"frp_max":4.43,"night_frac":1.0,"first_seen":"2024-01-03","last_seen":"2024-06-22","class_agreement":1.0,"top_reasons":"dist_mining_km=0.3906 (+5.05); inside_mining=1 (+4.56); dist_thermal_plant_km=29.24 (+0.30); dist_power_plant_km=1.669 (-0.25)"}},{"type":"Feature","geometry":{"type":"Point","coordinates":[87.04939,23.79974]},"properties":{"cell_id":"4760_17410","pred_class":"mining","n_detections":108,"frp_mean":2.4479,"frp_max":7.41,"night_frac":0.9722,"first_seen":"2024-01-01","last_seen":"2025-04-19","class_agreement":1.0,"top_reasons":"dist_mining_km=0.1599 (+4.98); inside_mining=1 (+4.62); dist_thermal_plant_km=29.08 (+0.32); dist_power_plant_km=1.671 (-0.31)"}},{"type":"Feature","geometry":{"type":"Point","coordinates":[84.84118,23.80631]},"properties":{"cell_id":"4761_16968","pred_class":"mining","n_detections":78,"frp_mean":1.1878,"frp_max":5.5,"night_frac":0.9744,"first_seen":"2024-03-10","last_seen":"2026-03-31","class_agreement":1.0,"top_reasons":"dist_mining_km=0.4205 (+5.27); inside_mining=1 (+4.76); dist_thermal_plant_km=96.71 (+0.28); lc_grass_5km=0.3276 (+0.09)"}},{"type":"Feature","geometry":{"type":"Point","coordinates":[84.84433,23.80641]},"properties":{"cell_id":"4761_16969","pred_class":"mining","n_detections":77,"frp_mean":1.3574,"frp_max":4.38,"night_frac":0.987,"first_seen":"2024-01-11","last_seen":"2026-04-24","class_agreement":1.0,"top_reasons":"dist_mining_km=0.1112 (+5.23); inside_mining=1 (+4.87); dist_thermal_plant_km=96.47 (+0.30); lc_grass_5km=0.3174 (+0.07)"}},{"type":"Feature","geometry":{"type":"Point","coordinates":[85.53692,23.80347]},"properties":{"cell_id":"4761_17107","pred_class":"mining","n_detections":29,"frp_mean":0.9338,"frp_max":1.76,"night_frac":1.0,"first_seen":"2024-02-08","last_seen":"2026-01-10","class_agreement":1.0,"top_reasons":"dist_mining_km=0.618 (+5.15); inside_mining=1 (+4.72); dist_thermal_plant_km=34.97 (+0.34); lc_grass_5km=0.2694 (+0.11)"}},{"type":"Feature","geometry":{"type":"Point","coordinates":[85.53956,23.80379]},"properties":{"cell_id":"4761_17108","pred_class":"mining","n_detections":86,"frp_mean":1.1103,"frp_max":2.24,"night_frac":1.0,"first_seen":"2024-01-03","last_seen":"2026-04-21","class_agreement":1.0,"top_reasons":"dist_mining_km=0.4741 (+5.17); inside_mining=1 (+4.64); dist_thermal_plant_km=34.7 (+0.37); lc_grass_5km=0.283 (+0.13)"}},{"type":"Feature","geometry":{"type":"Point","coordinates":[86.31606,23.80672]},"properties":{"cell_id":"4761_17263","pred_class":"mining","n_detections":33,"frp_mean":2.3155,"frp_max":5.14,"night_frac":1.0,"first_seen":"2024-01-01","last_seen":"2025-12-01","class_agreement":1.0,"top_reasons":"dist_mining_km=0.3219 (+5.07); inside_mining=1 (+4.85); dist_thermal_plant_km=20.69 (+0.30); lc_bare_5km=0.1309 (+0.14)"}},{"type":"Feature","geometry":{"type":"Point","coordinates":[86.31984,23.80467]},"properties":{"cell_id":"4761_17264","pred_class":"mining","n_detections":59,"frp_mean":3.3163,"frp_max":8.86,"night_frac":0.9153,"first_seen":"2024-01-04","last_seen":"2026-04-20","class_agreement":1.0,"top_reasons":"dist_mining_km=0.1884 (+5.06); inside_mining=1 (+5.00); dist_thermal_plant_km=20.96 (+0.26); lc_bare_5km=0.1501 (+0.12)"}},{"type":"Feature","geometry":{"type":"Point","coordinates":[86.32629,23.80448]},"properties":{"cell_id":"4761_17265","pred_class":"mining","n_detections":166,"frp_mean":2.4856,"frp_max":8.79,"night_frac":0.988,"first_seen":"2024-01-08","last_seen":"2026-04-22","class_agreement":1.0,"top_reasons":"dist_mining_km=0.843 (+5.06); inside_mining=1 (+4.80); dist_thermal_plant_km=21.57 (+0.30); lc_bare_1km=0.7438 (+0.14)"}},{"type":"Feature","geometry":{"type":"Point","coordinates":[86.32999,23.80476]},"properties":{"cell_id":"4761_17266","pred_class":"gas_flare","n_detections":1053,"frp_mean":3.1075,"frp_max":11.81,"night_frac":0.735,"first_seen":"2024-01-01","last_seen":"2026-04-27","class_agreement":1.0,"top_reasons":"dist_industrial_km=2.602 (+2.07); is_persistent=1 (+1.91); inside_mining=0 (+1.22); dist_any_industry_km=2.602 (+1.21)"}},{"type":"Feature","geometry":{"type":"Point","coordinates":[86.33303,23.80405]},"properties":{"cell_id":"4761_17267","pred_class":"gas_flare","n_detections":60,"frp_mean":2.5265,"frp_max":10.6,"night_frac":0.7167,"first_seen":"2024-02-05","last_seen":"2026-03-30","class_agreement":1.0,"top_reasons":"dist_industrial_km=2.67 (+1.97); is_persistent=1 (+1.81); dist_any_industry_km=2.67 (+1.16); inside_mining=0 (+1.16)"}},{"type":"Feature","geometry":{"type":"Point","coordinates":[84.84108,23.80849]},"properties":{"cell_id":"4762_16968","pred_class":"mining","n_detections":39,"frp_mean":1.4741,"frp_max":6.56,"night_frac":1.0,"first_seen":"2024-05-12","last_seen":"2026-03-28","class_agreement":1.0,"top_reasons":"dist_mining_km=0.46 (+9.17); dist_thermal_plant_km=96.56 (+0.24); lc_grass_1km=0.562 (+0.18); lc_grass_5km=0.3349 (+0.16)"}},{"type":"Feature","geometry":{"type":"Point","coordinates":[84.84528,23.80945]},"properties":{"cell_id":"4762_16969","pred_class":"mining","n_detections":226,"frp_mean":1.6312,"frp_max":10.95,"night_frac":0.9292,"first_seen":"2024-01-12","last_seen":"2026-04-27","class_agreement":1.0,"top_reasons":"dist_mining_km=0.2813 (+5.20); inside_mining=1 (+4.82); dist_thermal_plant_km=96.17 (+0.28); lc_bare_1km=0.4215 (+0.09)"}},{"type":"Feature","geometry":{"type":"Point","coordinates":[84.84814,23.80915]},"properties":{"cell_id":"4762_16970","pred_class":"mining","n_detections":37,"frp_mean":1.1505,"frp_max":2.29,"night_frac":0.9459,"first_seen":"2024-02-15","last_seen":"2026-04-27","class_agreement":1.0,"top_reasons":"dist_mining_km=0.3831 (+5.26); inside_mining=1 (+4.84); dist_thermal_plant_km=95.98 (+0.29); lc_grass_5km=0.318 (+0.07)"}},{"type":"Feature","geometry":{"type":"Point","coordinates":[85.53139,23.81051]},"properties":{"cell_id":"4762_17106","pred_class":"mining","n_detections":52,"frp_mean":0.681,"frp_max":1.07,"night_frac":1.0,"first_seen":"2024-01-11","last_seen":"2026-04-11","class_agreement":1.0,"top_reasons":"dist_mining_km=0.9672 (+6.98); inside_mining=0 (-0.59); lc_grass_1km=0.2975 (+0.32); lc_bare_5km=0.07934 (+0.27)"}},{"type":"Feature","geometry":{"type":"Point","coordinates":[85.53344,23.81038]},"properties":{"cell_id":"4762_17107","pred_class":"mining","n_detections":66,"frp_mean":0.7147,"frp_max":1.49,"night_frac":1.0,"first_seen":"2024-01-09","last_seen":"2026-04-21","class_agreement":1.0,"top_reasons":"dist_mining_km=0.7645 (+9.17); dist_thermal_plant_km=35.37 (+0.31); lc_grass_5km=0.2387 (+0.21); lc_grass_1km=0.3719 (+0.21)"}},{"type":"Feature","geometry":{"type":"Point","coordinates":[86.31605,23.80862]},"properties":{"cell_id":"4762_17263","pred_class":"mining","n_detections":81,"frp_mean":2.472,"frp_max":8.65,"night_frac":0.9877,"first_seen":"2024-01-02","last_seen":"2026-02-22","class_agreement":1.0,"top_reasons":"dist_mining_km=0.5054 (+5.04); inside_mining=1 (+4.85); dist_thermal_plant_km=20.77 (+0.32); lc_bare_5km=0.115 (+0.15)"}},{"type":"Feature","geometry":{"type":"Point","coordinates":[86.31845,23.80868]},"properties":{"cell_id":"4762_17264","pred_class":"mining","n_detections":42,"frp_mean":2.4821,"frp_max":5.41,"night_frac":0.9524,"first_seen":"2024-01-03","last_seen":"2026-04-17","class_agreement":1.0,"top_reasons":"dist_mining_km=0.4743 (+5.05); inside_mining=1 (+4.90); dist_thermal_plant_km=21 (+0.31); lc_bare_5km=0.1187 (+0.14)"}},{"type":"Feature","geometry":{"type":"Point","coordinates":[86.32977,23.80795]},"properties":{"cell_id":"4762_17266","pred_class":"gas_flare","n_detections":27,"frp_mean":1.5622,"frp_max":3.39,"night_frac":0.963,"first_seen":"2024-01-07","last_seen":"2026-01-07","class_agreement":1.0,"top_reasons":"is_persistent=1 (+1.65); dist_industrial_km=2.251 (+1.36); dist_any_industry_km=2.251 (+0.85); inside_mining=0 (+0.81)"}},{"type":"Feature","geometry":{"type":"Point","coordinates":[84.84564,23.81482]},"properties":{"cell_id":"4763_16969","pred_class":"mining","n_detections":84,"frp_mean":1.7525,"frp_max":5.58,"night_frac":0.9167,"first_seen":"2024-01-05","last_seen":"2026-04-27","class_agreement":1.0,"top_reasons":"dist_mining_km=0.8785 (+5.27); inside_mining=1 (+4.86); dist_thermal_plant_km=95.74 (+0.26); lc_grass_5km=0.3445 (+0.09)"}},{"type":"Feature","geometry":{"type":"Point","coordinates":[84.84828,23.81495]},"properties":{"cell_id":"4763_16970","pred_class":"mining","n_detections":36,"frp_mean":2.1353,"frp_max":7.12,"night_frac":0.75,"first_seen":"2024-01-12","last_seen":"2025-01-28","class_agreement":1.0,"top_reasons":"dist_mining_km=0.944 (+9.17); dist_thermal_plant_km=95.53 (+0.26); lc_bare_5km=0.02612 (+0.16); lc_grass_1km=0.4545 (+0.16)"}},{"type":"Feature","geometry":{"type":"Point","coordinates":[85.49546,23.82116]},"properties":{"cell_id":"4764_17099","pred_class":"mining","n_detections":225,"frp_mean":1.5108,"frp_max":6.06,"night_frac":1.0,"first_seen":"2024-01-04","last_seen":"2026-04-22","class_agreement":1.0,"top_reasons":"dist_mining_km=0.545 (+5.09); inside_mining=1 (+4.78); dist_thermal_plant_km=39.33 (+0.34); lc_grass_5km=0.2298 (+0.14)"}},{"type":"Feature","geometry":{"type":"Point","coordinates":[85.49863,23.82171]},"properties":{"cell_id":"4764_17100","pred_class":"mining","n_detections":71,"frp_mean":1.3383,"frp_max":2.67,"night_frac":1.0,"first_seen":"2024-03-10","last_seen":"2026-03-03","class_agreement":1.0,"top_reasons":"dist_mining_km=0.6399 (+5.06); inside_mining=1 (+4.86); dist_thermal_plant_km=39.01 (+0.30); lc_bare_5km=0.06248 (+0.12)"}},{"type":"Feature","geometry":{"type":"Point","coordinates":[84.57102,23.82588]},"properties":{"cell_id":"4765_16914","pred_class":"gas_flare","n_detections":93,"frp_mean":2.9011,"frp_max":10.45,"night_frac":0.8925,"first_seen":"2025-05-06","last_seen":"2026-04-23","class_agreement":0.7634,"top_reasons":"is_persistent=1 (+0.78); dist_industrial_km=14.08 (+0.59); dist_any_industry_km=14.08 (-0.51); month_entropy=0.7008 (+0.39)"}},{"type":"Feature","geometry":{"type":"Point","coordinates":[84.57399,23.82586]},"properties":{"cell_id":"4765_16915","pred_class":"agricultural_burn","n_detections":97,"frp_mean":3.9534,"frp_max":11.9,"night_frac":0.567,"first_seen":"2025-11-13","last_seen":"2026-04-27","class_agreement":0.7835,"top_reasons":"lc_crop_1km=0.7025 (+4.62); is_night=1 (-2.69); bright_ti4=295.7 (-0.76); night_ratio=0.567 (-0.44)"}},{"type":"Feature","geometry":{"type":"Point","coordinates":[84.93052,23.82537]},"properties":{"cell_id":"4765_16986","pred_class":"gas_flare","n_detections":165,"frp_mean":1.9913,"frp_max":9.88,"night_frac":0.8788,"first_seen":"2024-01-05","last_seen":"2026-04-21","class_agreement":1.0,"top_reasons":"is_persistent=1 (+0.71); dist_any_industry_km=10 (-0.56); dist_industrial_km=10 (+0.55); inside_mining=0 (+0.40)"}},{"type":"Feature","geometry":{"type":"Point","coordinates":[84.93453,23.8257]},"properties":{"cell_id":"4765_16987","pred_class":"gas_flare","n_detections":73,"frp_mean":1.831,"frp_max":7.34,"night_frac":0.9315,"first_seen":"2024-03-25","last_seen":"2026-04-17","class_agreement":1.0,"top_reasons":"is_persistent=1 (+0.77); dist_industrial_km=9.712 (+0.46); dist_thermal_plant_km=88.33 (+0.44); dist_any_industry_km=9.712 (-0.38)"}},{"type":"Feature","geometry":{"type":"Point","coordinates":[85.46189,23.82422]},"properties":{"cell_id":"4765_17092","pred_class":"mining","n_detections":23,"frp_mean":0.567,"frp_max":0.85,"night_frac":1.0,"first_seen":"2024-02-08","last_seen":"2026-03-01","class_agreement":1.0,"top_reasons":"dist_mining_km=0.7343 (+9.20); dist_thermal_plant_km=42.76 (+0.31); lc_grass_5km=0.3345 (+0.13); lc_grass_1km=0.4132 (+0.13)"}},{"type":"Feature","geometry":{"type":"Point","coordinates":[85.46405,23.82451]},"properties":{"cell_id":"4765_17093","pred_class":"mining","n_detections":69,"frp_mean":0.5571,"frp_max":1.38,"night_frac":1.0,"first_seen":"2024-01-24","last_seen":"2026-04-21","class_agreement":1.0,"top_reasons":"dist_mining_km=0.5124 (+9.18); dist_thermal_plant_km=42.54 (+0.32); lc_grass_1km=0.4711 (+0.20); lc_grass_5km=0.3418 (+0.16)"}},{"type":"Feature","geometry":{"type":"Point","coordinates":[85.49611,23.82398]},"properties":{"cell_id":"4765_17099","pred_class":"mining","n_detections":203,"frp_mean":1.7536,"frp_max":7.07,"night_frac":0.9803,"first_seen":"2024-01-12","last_seen":"2026-04-21","class_agreement":1.0,"top_reasons":"dist_mining_km=0.4323 (+5.01); inside_mining=1 (+4.89); dist_thermal_plant_km=39.29 (+0.32); lc_bare_1km=0.686 (+0.14)"}},{"type":"Feature","geometry":{"type":"Point","coordinates":[85.49938,23.82472]},"properties":{"cell_id":"4765_17100","pred_class":"mining","n_detections":392,"frp_mean":1.8111,"frp_max":8.69,"night_frac":0.9745,"first_seen":"2024-01-01","last_seen":"2026-04-27","class_agreement":1.0,"top_reasons":"dist_mining_km=0.3308 (+5.01); inside_mining=1 (+4.89); dist_thermal_plant_km=38.97 (+0.33); lc_bare_1km=0.6612 (+0.14)"}},{"type":"Feature","geometry":{"type":"Point","coordinates":[84.57108,23.8297]},"properties":{"cell_id":"4766_16914","pred_class":"gas_flare","n_detections":116,"frp_mean":2.4603,"frp_max":9.66,"night_frac":0.8793,"first_seen":"2025-07-29","last_seen":"2026-04-23","class_agreement":1.0,"top_reasons":"is_persistent=1 (+0.81); dist_industrial_km=14.41 (+0.60); dist_any_industry_km=14.41 (-0.49); month_entropy=0.7297 (+0.39)"}},{"type":"Feature","geometry":{"type":"Point","coordinates":[84.57397,23.82943]},"properties":{"cell_id":"4766_16915","pred_class":"agricultural_burn","n_detections":111,"frp_mean":3.2056,"frp_max":10.2,"night_frac":0.6486,"first_seen":"2025-11-07","last_seen":"2026-04-24","class_agreement":0.5856,"top_reasons":"lc_crop_1km=0.5041 (+6.62); n_detections=111 (-0.43); night_ratio=0.6486 (-0.43); lc_tree_1km=0.1157 (+0.30)"}},{"type":"Feature","geometry":{"type":"Point","coordinates":[84.9205,23.83079]},"properties":{"cell_id":"4766_16984","pred_class":"gas_flare","n_detections":45,"frp_mean":3.0887,"frp_max":10.87,"night_frac":0.7778,"first_seen":"2024-05-10","last_seen":"2025-11-23","class_agreement":0.9778,"top_reasons":"is_persistent=1 (+0.65); dist_any_industry_km=10.28 (-0.36); dist_industrial_km=10.28 (+0.33); dist_thermal_plant_km=88.95 (+0.31)"}},{"type":"Feature","geometry":{"type":"Point","coordinates":[84.92487,23.83089]},"properties":{"cell_id":"4766_16985","pred_class":"gas_flare","n_detections":57,"frp_mean":3.203,"frp_max":11.33,"night_frac":0.7544,"first_seen":"2024-04-26","last_seen":"2026-04-17","class_agreement":1.0,"top_reasons":"is_persistent=1 (+0.67); dist_industrial_km=9.946 (+0.54); dist_any_industry_km=9.946 (-0.50); month_entropy=0.618 (+0.44)"}},{"type":"Feature","geometry":{"type":"Point","coordinates":[84.93068,23.82972]},"properties":{"cell_id":"4766_16986","pred_class":"gas_flare","n_detections":122,"frp_mean":2.4393,"frp_max":18.54,"night_frac":0.8934,"first_seen":"2024-01-23","last_seen":"2026-04-23","class_agreement":1.0,"top_reasons":"is_persistent=1 (+0.83); dist_industrial_km=9.629 (+0.70); dist_any_industry_km=9.629 (-0.66); inside_industrial=0 (+0.53)"}},{"type":"Feature","geometry":{"type":"Point","coordinates":[84.9342,23.82981]},"properties":{"cell_id":"4766_16987","pred_class":"gas_flare","n_detections":187,"frp_mean":2.3051,"frp_max":15.82,"night_frac":0.8396,"first_seen":"2024-01-23","last_seen":"2026-04-01","class_agreement":1.0,"top_reasons":"is_persistent=1 (+0.83); dist_industrial_km=9.383 (+0.70); dist_any_industry_km=9.383 (-0.67); inside_industrial=0 (+0.50)"}},{"type":"Feature","geometry":{"type":"Point","coordinates":[84.9211,23.83347]},"properties":{"cell_id":"4767_16984","pred_class":"gas_flare","n_detections":23,"frp_mean":3.1122,"frp_max":19.74,"night_frac":0.8261,"first_seen":"2024-05-04","last_seen":"2024-10-19","class_agreement":1.0,"top_reasons":"is_persistent=1 (+0.70); dist_industrial_km=10.03 (+0.56); dist_any_industry_km=10.03 (-0.50); n_detections=23 (+0.41)"}},{"type":"Feature","geometry":{"type":"Point","coordinates":[84.9249,23.83384]},"properties":{"cell_id":"4767_16985","pred_class":"gas_flare","n_detections":52,"frp_mean":3.7419,"frp_max":19.47,"night_frac":0.75,"first_seen":"2024-05-06","last_seen":"2026-04-16","class_agreement":1.0,"top_reasons":"is_persistent=1 (+0.71); dist_industrial_km=9.717 (+0.51); dist_any_industry_km=9.717 (-0.45); dist_thermal_plant_km=88.4 (+0.37)"}},{"type":"Feature","geometry":{"type":"Point","coordinates":[84.92929,23.83424]},"properties":{"cell_id":"4767_16986","pred_class":"gas_flare","n_detections":19,"frp_mean":2.6126,"frp_max":7.32,"night_frac":0.8421,"first_seen":"2024-04-08","last_seen":"2026-04-10","class_agreement":1.0,"top_reasons":"is_persistent=1 (+0.80); dist_industrial_km=9.364 (+0.36); n_active_days=17 (+0.36); n_detections=19 (+0.34)"}},{"type":"Feature","geometry":{"type":"Point","coordinates":[84.93441,23.83322]},"properties":{"cell_id":"4767_16987","pred_class":"gas_flare","n_detections":17,"frp_mean":2.8129,"frp_max":7.04,"night_frac":0.6471,"first_seen":"2024-02-28","last_seen":"2025-12-19","class_agreement":1.0,"top_reasons":"is_persistent=1 (+0.77); n_active_days=16 (+0.36); dist_industrial_km=9.086 (+0.33); inside_mining=0 (+0.30)"}},{"type":"Feature","geometry":{"type":"Point","coordinates":[84.94948,23.83654]},"properties":{"cell_id":"4767_16990","pred_class":"gas_flare","n_detections":67,"frp_mean":1.0921,"frp_max":2.32,"night_frac":1.0,"first_seen":"2024-01-01","last_seen":"2026-04-13","class_agreement":1.0,"top_reasons":"is_persistent=1 (+0.68); dist_any_industry_km=7.829 (-0.61); dist_industrial_km=7.829 (+0.57); month_entropy=0.7654 (+0.38)"}},{"type":"Feature","geometry":{"type":"Point","coordinates":[85.46883,23.83673]},"properties":{"cell_id":"4767_17094","pred_class":"industrial_plant","n_detections":49,"frp_mean":1.2218,"frp_max":2.72,"night_frac":1.0,"first_seen":"2024-01-11","last_seen":"2026-03-31","class_agreement":1.0,"top_reasons":"dist_industrial_km=1.316 (+4.99); is_persistent=1 (+2.33); dist_thermal_plant_km=42.22 (+0.82); dist_mining_km=1.303 (+0.56)"}},{"type":"Feature","geometry":{"type":"Point","coordinates":[84.94677,23.83917]},"properties":{"cell_id":"4768_16989","pred_class":"gas_flare","n_detections":80,"frp_mean":1.1646,"frp_max":3.11,"night_frac":0.9875,"first_seen":"2024-01-27","last_seen":"2026-04-22","class_agreement":1.0,"top_reasons":"is_persistent=1 (+0.69); dist_industrial_km=7.765 (+0.49); dist_any_industry_km=7.765 (-0.49); inside_mining=0 (+0.34)"}},{"type":"Feature","geometry":{"type":"Point","coordinates":[84.94952,23.8394]},"properties":{"cell_id":"4768_16990","pred_class":"gas_flare","n_detections":177,"frp_mean":1.497,"frp_max":4.98,"night_frac":0.9887,"first_seen":"2024-01-02","last_seen":"2026-04-23","class_agreement":1.0,"top_reasons":"is_persistent=1 (+0.85); dist_any_industry_km=7.572 (-0.71); dist_industrial_km=7.572 (+0.68); inside_industrial=0 (+0.50)"}},{"type":"Feature","geometry":{"type":"Point","coordinates":[84.95399,23.84054]},"properties":{"cell_id":"4768_16991","pred_class":"gas_flare","n_detections":59,"frp_mean":3.2697,"frp_max":12.73,"night_frac":0.7797,"first_seen":"2024-03-23","last_seen":"2025-01-23","class_agreement":1.0,"top_reasons":"is_persistent=1 (+0.60); dist_industrial_km=7.201 (+0.54); dist_any_industry_km=7.201 (-0.49); month_entropy=0.6172 (+0.41)"}},{"type":"Feature","geometry":{"type":"Point","coordinates":[85.30499,23.8408]},"properties":{"cell_id":"4768_17061","pred_class":"mining","n_detections":46,"frp_mean":0.7239,"frp_max":1.6,"night_frac":1.0,"first_seen":"2024-02-06","last_seen":"2026-03-26","class_agreement":1.0,"top_reasons":"dist_mining_km=0.251 (+9.17); dist_thermal_plant_km=58.82 (+0.33); lc_grass_1km=0.4628 (+0.18); dist_any_industry_km=0.4878 (+0.15)"}},{"type":"Feature","geometry":{"type":"Point","coordinates":[85.46679,23.83887]},"properties":{"cell_id":"4768_17093","pred_class":"industrial_plant","n_detections":25,"frp_mean":1.2408,"frp_max":2.9,"night_frac":0.96,"first_seen":"2024-01-22","last_seen":"2026-03-26","class_agreement":1.0,"top_reasons":"dist_industrial_km=1.563 (+4.77); is_persistent=1 (+2.24); dist_thermal_plant_km=42.46 (+0.79); dist_mining_km=1.299 (+0.47)"}},{"type":"Feature","geometry":{"type":"Point","coordinates":[85.46912,23.83886]},"properties":{"cell_id":"4768_17094","pred_class":"industrial_plant","n_detections":128,"frp_mean":1.2226,"frp_max":4.33,"night_frac":1.0,"first_seen":"2024-01-02","last_seen":"2026-04-11","class_agreement":1.0,"top_reasons":"dist_industrial_km=1.496 (+4.90); is_persistent=1 (+2.29); dist_thermal_plant_km=42.23 (+0.76); n_detections=128 (+0.42)"}},{"type":"Feature","geometry":{"type":"Point","coordinates":[85.34184,23.92638]},"properties":{"cell_id":"4785_17068","pred_class":"mining","n_detections":48,"frp_mean":0.8269,"frp_max":1.2,"night_frac":1.0,"first_seen":"2024-02-10","last_seen":"2026-03-19","class_agreement":1.0,"top_reasons":"dist_mining_km=0.6396 (+9.16); dist_thermal_plant_km=55.34 (+0.32); lc_grass_1km=0.2645 (+0.17); lc_grass_5km=0.1464 (+0.16)"}},{"type":"Feature","geometry":{"type":"Point","coordinates":[85.34353,23.92617]},"properties":{"cell_id":"4785_17069","pred_class":"mining","n_detections":61,"frp_mean":0.7572,"frp_max":1.24,"night_frac":1.0,"first_seen":"2024-01-09","last_seen":"2026-04-21","class_agreement":1.0,"top_reasons":"dist_mining_km=0.5938 (+9.16); dist_thermal_plant_km=55.3 (+0.34); lc_grass_5km=0.1484 (+0.18); dist_chemical_km=203.1 (+0.13)"}},{"type":"Feature","geometry":{"type":"Point","coordinates":[90.63638,23.98115]},"properties":{"cell_id":"4796_18127","pred_class":"thermal_power","n_detections":20,"frp_mean":0.8425,"frp_max":1.55,"night_frac":1.0,"first_seen":"2024-02-23","last_seen":"2025-06-07","class_agreement":1.0,"top_reasons":"dist_thermal_plant_km=0.1731 (+9.18); is_persistent=1 (+0.61); lc_built_1km=0.405 (+0.37); frp_mean=0.8425 (+0.18)"}},{"type":"Feature","geometry":{"type":"Point","coordinates":[90.63871,23.98107]},"properties":{"cell_id":"4796_18128","pred_class":"thermal_power","n_detections":27,"frp_mean":0.9285,"frp_max":3.37,"night_frac":0.963,"first_seen":"2024-02-12","last_seen":"2026-02-18","class_agreement":1.0,"top_reasons":"dist_thermal_plant_km=0.2309 (+9.18); is_persistent=1 (+0.60); lc_built_1km=0.3802 (+0.36); frp_mean=0.9285 (+0.19)"}},{"type":"Feature","geometry":{"type":"Point","coordinates":[97.79203,23.98024]},"properties":{"cell_id":"4796_19558","pred_class":"wildfire","n_detections":16,"frp_mean":1.0613,"frp_max":1.58,"night_frac":1.0,"first_seen":"2024-01-14","last_seen":"2024-10-19","class_agreement":1.0,"top_reasons":"lc_tree_1km=0.2479 (-5.45); lc_built_5km=0.1342 (-1.94); dist_refinery_km=2200 (+1.27); is_persistent=1 (-0.53)"}},{"type":"Feature","geometry":{"type":"Point","coordinates":[97.79409,23.98063]},"properties":{"cell_id":"4796_19559","pred_class":"wildfire","n_detections":54,"frp_mean":1.0122,"frp_max":3.35,"night_frac":0.9815,"first_seen":"2024-01-05","last_seen":"2024-12-16","class_agreement":1.0,"top_reasons":"lc_built_5km=0.1379 (-3.26); dist_refinery_km=2200 (+1.94); lc_tree_1km=0.3223 (+1.51); n_detections=54 (-1.44)"}},{"type":"Feature","geometry":{"type":"Point","coordinates":[90.64996,23.98537]},"properties":{"cell_id":"4797_18130","pred_class":"thermal_power","n_detections":56,"frp_mean":1.5416,"frp_max":4.62,"night_frac":0.8929,"first_seen":"2024-01-17","last_seen":"2026-04-05","class_agreement":1.0,"top_reasons":"dist_thermal_plant_km=1.46 (+9.23); is_persistent=1 (+0.59); frp_mean=1.542 (+0.26); lc_built_1km=0.03306 (+0.24)"}},{"type":"Feature","geometry":{"type":"Point","coordinates":[79.39102,23.98955]},"properties":{"cell_id":"4798_15878","pred_class":"mining","n_detections":127,"frp_mean":1.2473,"frp_max":3.69,"night_frac":1.0,"first_seen":"2024-01-11","last_seen":"2026-04-25","class_agreement":1.0,"top_reasons":"dist_mining_km=0.91 (+9.14); dist_thermal_plant_km=117.3 (+0.36); lc_bare_5km=0.05917 (+0.26); lc_grass_5km=0.2208 (+0.25)"}},{"type":"Feature","geometry":{"type":"Point","coordinates":[79.39335,23.98972]},"properties":{"cell_id":"4798_15879","pred_class":"industrial_plant","n_detections":90,"frp_mean":1.0942,"frp_max":2.96,"night_frac":1.0,"first_seen":"2024-01-14","last_seen":"2026-04-20","class_agreement":1.0,"top_reasons":"dist_industrial_km=0.3329 (+3.35); is_persistent=1 (+2.26); inside_industrial=1 (+1.68); dist_thermal_plant_km=117.4 (+0.91)"}},{"type":"Feature","geometry":{"type":"Point","coordinates":[80.52966,24.00992]},"properties":{"cell_id":"4802_16106","pred_class":"mining","n_detections":127,"frp_mean":0.9899,"frp_max":4.9,"night_frac":1.0,"first_seen":"2024-01-09","last_seen":"2026-04-10","class_agreement":1.0,"top_reasons":"dist_mining_km=0.7301 (+9.08); dist_thermal_plant_km=9.844 (+0.33); lc_grass_5km=0.3246 (+0.31); lc_bare_5km=0.1339 (+0.25)"}},{"type":"Feature","geometry":{"type":"Point","coordinates":[80.61426,24.05168]},"properties":{"cell_id":"4810_16123","pred_class":"thermal_power","n_detections":40,"frp_mean":0.987,"frp_max":2.52,"night_frac":1.0,"first_seen":"2024-01-14","last_seen":"2026-03-29","class_agreement":1.0,"top_reasons":"dist_thermal_plant_km=0.1368 (+9.23); is_persistent=1 (+0.73); frp_mean=0.987 (+0.21); nearest_plant_mw=50 (+0.19)"}},{"type":"Feature","geometry":{"type":"Point","coordinates":[80.61193,24.05351]},"properties":{"cell_id":"4811_16122","pred_class":"thermal_power","n_detections":16,"frp_mean":1.1338,"frp_max":2.72,"night_frac":1.0,"first_seen":"2024-01-24","last_seen":"2026-02-25","class_agreement":1.0,"top_reasons":"dist_thermal_plant_km=0.2597 (+9.00); is_persistent=1 (+0.74); frp_mean=1.134 (+0.21); ti4_ti5_diff=12.75 (+0.21)"}},{"type":"Feature","geometry":{"type":"Point","coordinates":[80.61396,24.05369]},"properties":{"cell_id":"4811_16123","pred_class":"thermal_power","n_detections":66,"frp_mean":1.1871,"frp_max":4.1,"night_frac":1.0,"first_seen":"2024-01-10","last_seen":"2026-04-26","class_agreement":1.0,"top_reasons":"dist_thermal_plant_km=0.09809 (+9.23); is_persistent=1 (+0.74); frp_mean=1.187 (+0.21); nearest_plant_mw=50 (+0.19)"}},{"type":"Feature","geometry":{"type":"Point","coordinates":[86.35056,24.11695]},"properties":{"cell_id":"4823_17270","pred_class":"industrial_plant","n_detections":34,"frp_mean":1.1053,"frp_max":4.46,"night_frac":0.9706,"first_seen":"2024-01-02","last_seen":"2026-04-11","class_agreement":1.0,"top_reasons":"dist_industrial_km=0.6052 (+3.84); is_persistent=1 (+2.49); inside_industrial=1 (+1.67); dist_thermal_plant_km=47.9 (+1.00)"}},{"type":"Feature","geometry":{"type":"Point","coordinates":[86.85974,24.1155]},"properties":{"cell_id":"4823_17372","pred_class":"mining","n_detections":253,"frp_mean":1.4192,"frp_max":5.51,"night_frac":0.9921,"first_seen":"2024-10-15","last_seen":"2026-04-24","class_agreement":1.0,"top_reasons":"dist_mining_km=0.6286 (+5.15); inside_mining=1 (+4.74); dist_thermal_plant_km=34.29 (+0.29); lc_bare_5km=0.04893 (+0.14)"}},{"type":"Feature","geometry":{"type":"Point","coordinates":[86.35036,24.11873]},"properties":{"cell_id":"4824_17270","pred_class":"industrial_plant","n_detections":108,"frp_mean":0.9676,"frp_max":3.17,"night_frac":1.0,"first_seen":"2024-01-01","last_seen":"2026-03-28","class_agreement":1.0,"top_reasons":"dist_industrial_km=0.4511 (+3.91); is_persistent=1 (+2.47); inside_industrial=1 (+1.64); dist_thermal_plant_km=48.06 (+1.02)"}},{"type":"Feature","geometry":{"type":"Point","coordinates":[86.35445,24.11935]},"properties":{"cell_id":"4824_17271","pred_class":"industrial_plant","n_detections":31,"frp_mean":0.8274,"frp_max":1.81,"night_frac":1.0,"first_seen":"2024-01-12","last_seen":"2026-02-11","class_agreement":1.0,"top_reasons":"dist_industrial_km=0.2991 (+3.92); is_persistent=1 (+2.48); inside_industrial=1 (+1.62); dist_thermal_plant_km=48.32 (+1.00)"}},{"type":"Feature","geometry":{"type":"Point","coordinates":[86.85963,24.11965]},"properties":{"cell_id":"4824_17372","pred_class":"mining","n_detections":204,"frp_mean":1.1665,"frp_max":4.06,"night_frac":1.0,"first_seen":"2024-01-11","last_seen":"2026-04-06","class_agreement":1.0,"top_reasons":"dist_mining_km=0.8012 (+5.16); inside_mining=1 (+4.75); dist_thermal_plant_km=34.73 (+0.31); lc_grass_5km=0.322 (+0.16)"}},{"type":"Feature","geometry":{"type":"Point","coordinates":[82.61992,24.12986]},"properties":{"cell_id":"4826_16524","pred_class":"industrial_plant","n_detections":133,"frp_mean":1.758,"frp_max":8.13,"night_frac":0.9248,"first_seen":"2025-01-17","last_seen":"2026-04-26","class_agreement":1.0,"top_reasons":"dist_industrial_km=1.534 (+5.11); is_persistent=1 (+2.38); dist_thermal_plant_km=6.336 (+0.86); dist_mining_km=2.194 (+0.64)"}},{"type":"Feature","geometry":{"type":"Point","coordinates":[82.57033,24.1351]},"properties":{"cell_id":"4827_16514","pred_class":"mining","n_detections":92,"frp_mean":2.477,"frp_max":9.39,"night_frac":0.8043,"first_seen":"2024-01-08","last_seen":"2026-03-31","class_agreement":1.0,"top_reasons":"inside_mining=1 (+7.99); dist_mining_km=2.485 (+0.95); nearest_plant_mw=4760 (+0.41); lc_bare_1km=0.7851 (+0.28)"}},{"type":"Feature","geometry":{"type":"Point","coordinates":[82.57401,24.13477]},"properties":{"cell_id":"4827_16515","pred_class":"gas_flare","n_detections":39,"frp_mean":1.8138,"frp_max":7.9,"night_frac":0.8462,"first_seen":"2024-10-23","last_seen":"2026-04-05","class_agreement":1.0,"top_reasons":"is_persistent=1 (+0.67); dist_any_industry_km=5.089 (-0.61); dist_industrial_km=5.089 (+0.58); month_entropy=0.8023 (+0.44)"}},{"type":"Feature","geometry":{"type":"Point","coordinates":[82.69571,24.13583]},"properties":{"cell_id":"4827_16539","pred_class":"thermal_power","n_detections":27,"frp_mean":1.2537,"frp_max":3.84,"night_frac":0.963,"first_seen":"2024-12-03","last_seen":"2026-01-09","class_agreement":1.0,"top_reasons":"dist_thermal_plant_km=3.788 (+7.71); dist_power_plant_km=3.531 (+0.47); is_persistent=1 (+0.37); spread_m=148.4 (+0.27)"}},{"type":"Feature","geometry":{"type":"Point","coordinates":[82.69887,24.13598]},"properties":{"cell_id":"4827_16540","pred_class":"thermal_power","n_detections":20,"frp_mean":2.1005,"frp_max":8.87,"night_frac":0.75,"first_seen":"2024-03-22","last_seen":"2026-02-10","class_agreement":1.0,"top_reasons":"dist_thermal_plant_km=3.722 (+7.44); dist_power_plant_km=3.472 (+0.46); is_persistent=1 (+0.39); spread_m=172.5 (+0.30)"}},{"type":"Feature","geometry":{"type":"Point","coordinates":[82.56107,24.14094]},"properties":{"cell_id":"4828_16512","pred_class":"mining","n_detections":24,"frp_mean":1.7308,"frp_max":5.09,"night_frac":0.9583,"first_seen":"2024-01-02","last_seen":"2025-05-01","class_agreement":1.0,"top_reasons":"inside_mining=1 (+8.20); dist_mining_km=2.445 (+0.91); nearest_plant_mw=4760 (+0.40); lc_bare_1km=0.9752 (+0.30)"}},{"type":"Feature","geometry":{"type":"Point","coordinates":[82.56516,24.14059]},"properties":{"cell_id":"4828_16513","pred_class":"mining","n_detections":154,"frp_mean":2.1016,"frp_max":6.43,"night_frac":0.7338,"first_seen":"2024-01-03","last_seen":"2025-06-13","class_agreement":1.0,"top_reasons":"inside_mining=1 (+8.15); dist_mining_km=2.61 (+0.95); nearest_plant_mw=4760 (+0.40); lc_bare_1km=0.9421 (+0.26)"}},{"type":"Feature","geometry":{"type":"Point","coordinates":[82.5695,24.13934]},"properties":{"cell_id":"4828_16514","pred_class":"mining","n_detections":57,"frp_mean":1.4179,"frp_max":4.29,"night_frac":0.9298,"first_seen":"2024-01-02","last_seen":"2026-02-09","class_agreement":1.0,"top_reasons":"inside_mining=1 (+8.14); dist_mining_km=2.612 (+0.91); nearest_plant_mw=4760 (+0.41); lc_bare_1km=0.7438 (+0.29)"}},{"type":"Feature","geometry":{"type":"Point","coordinates":[82.63124,24.14023]},"properties":{"cell_id":"4828_16526","pred_class":"industrial_plant","n_detections":24,"frp_mean":1.3313,"frp_max":2.75,"night_frac":1.0,"first_seen":"2024-10-07","last_seen":"2026-04-23","class_agreement":1.0,"top_reasons":"dist_industrial_km=2.04 (+2.50); is_persistent=1 (+1.88); dist_thermal_plant_km=6.227 (+0.57); n_detections=24 (+0.39)"}},{"type":"Feature","geometry":{"type":"Point","coordinates":[82.63499,24.1411]},"properties":{"cell_id":"4828_16527","pred_class":"industrial_plant","n_detections":129,"frp_mean":1.7164,"frp_max":11.25,"night_frac":0.9225,"first_seen":"2024-01-28","last_seen":"2026-04-22","class_agreement":1.0,"top_reasons":"dist_industrial_km=1.954 (+4.96); is_persistent=1 (+2.34); dist_thermal_plant_km=6.057 (+0.84); dist_mining_km=1.883 (+0.67)"}},{"type":"Feature","geometry":{"type":"Point","coordinates":[82.63815,24.14161]},"properties":{"cell_id":"4828_16528","pred_class":"mining","n_detections":19,"frp_mean":1.5337,"frp_max":3.04,"night_frac":0.8947,"first_seen":"2024-10-09","last_seen":"2026-02-14","class_agreement":1.0,"top_reasons":"inside_mining=1 (+7.95); dist_mining_km=2.142 (+0.61); nearest_plant_mw=4760 (+0.42); lc_bare_1km=0.595 (+0.34)"}},{"type":"Feature","geometry":{"type":"Point","coordinates":[82.6759,24.14166]},"properties":{"cell_id":"4828_16535","pred_class":"industrial_plant","n_detections":27,"frp_mean":1.6511,"frp_max":12.22,"night_frac":0.963,"first_seen":"2024-03-21","last_seen":"2026-03-25","class_agreement":1.0,"top_reasons":"dist_industrial_km=1.965 (+2.80); is_persistent=1 (+2.02); dist_thermal_plant_km=4.838 (+0.62); dist_mining_km=1.772 (+0.46)"}},{"type":"Feature","geometry":{"type":"Point","coordinates":[82.68046,24.14143]},"properties":{"cell_id":"4828_16536","pred_class":"mining","n_detections":20,"frp_mean":1.0,"frp_max":2.34,"night_frac":0.95,"first_seen":"2024-07-19","last_seen":"2026-02-08","class_agreement":1.0,"top_reasons":"inside_mining=1 (+6.66); dist_mining_km=1.45 (+1.09); lc_crop_5km=0.002314 (-1.05); nearest_plant_mw=4760 (+0.39)"}},{"type":"Feature","geometry":{"type":"Point","coordinates":[82.70017,24.13942]},"properties":{"cell_id":"4828_16540","pred_class":"mining","n_detections":21,"frp_mean":1.9395,"frp_max":6.16,"night_frac":0.8095,"first_seen":"2024-03-23","last_seen":"2025-12-30","class_agreement":1.0,"top_reasons":"inside_mining=1 (+6.62); dist_mining_km=1.302 (+2.17); dist_thermal_plant_km=4.073 (-0.74); dist_industrial_km=3.234 (+0.24)"}},{"type":"Feature","geometry":{"type":"Point","coordinates":[82.70472,24.13989]},"properties":{"cell_id":"4828_16541","pred_class":"thermal_power","n_detections":41,"frp_mean":2.2107,"frp_max":6.64,"night_frac":0.7317,"first_seen":"2024-03-21","last_seen":"2025-12-24","class_agreement":1.0,"top_reasons":"dist_thermal_plant_km=4.074 (+7.21); nearest_plant_mw=2000 (-0.33); is_persistent=1 (+0.29); dist_power_plant_km=3.843 (+0.26)"}},{"type":"Feature","geometry":{"type":"Point","coordinates":[82.56441,24.1437]},"properties":{"cell_id":"4829_16513","pred_class":"mining","n_detections":31,"frp_mean":1.3445,"frp_max":6.23,"night_frac":0.9355,"first_seen":"2024-01-09","last_seen":"2025-04-04","class_agreement":1.0,"top_reasons":"inside_mining=1 (+8.01); dist_mining_km=2.262 (+0.95); nearest_plant_mw=4760 (+0.40); lc_bare_1km=1 (+0.31)"}},{"type":"Feature","geometry":{"type":"Point","coordinates":[82.63163,24.14405]},"properties":{"cell_id":"4829_16526","pred_class":"mining","n_detections":32,"frp_mean":1.8628,"frp_max":4.82,"night_frac":0.8125,"first_seen":"2025-04-12","last_seen":"2026-04-19","class_agreement":1.0,"top_reasons":"inside_mining=1 (+7.07); dist_mining_km=1.428 (+1.96); nearest_plant_mw=4760 (+0.41); lc_bare_1km=0.6364 (+0.25)"}},{"type":"Feature","geometry":{"type":"Point","coordinates":[82.63494,24.14407]},"properties":{"cell_id":"4829_16527","pred_class":"mining","n_detections":210,"frp_mean":1.821,"frp_max":8.85,"night_frac":0.8476,"first_seen":"2024-01-27","last_seen":"2026-04-26","class_agreement":1.0,"top_reasons":"inside_mining=1 (+7.20); dist_mining_km=1.737 (+1.95); nearest_plant_mw=4760 (+0.41); lc_bare_1km=0.6446 (+0.28)"}},{"type":"Feature","geometry":{"type":"Point","coordinates":[82.63824,24.14345]},"properties":{"cell_id":"4829_16528","pred_class":"mining","n_detections":30,"frp_mean":1.627,"frp_max":5.02,"night_frac":0.7667,"first_seen":"2024-01-15","last_seen":"2026-02-09","class_agreement":1.0,"top_reasons":"inside_mining=1 (+8.01); dist_mining_km=2.075 (+0.67); nearest_plant_mw=4760 (+0.41); lc_bare_1km=0.6694 (+0.34)"}},{"type":"Feature","geometry":{"type":"Point","coordinates":[82.65652,24.14582]},"properties":{"cell_id":"4829_16531","pred_class":"industrial_plant","n_detections":28,"frp_mean":1.6268,"frp_max":7.73,"night_frac":0.9286,"first_seen":"2024-03-05","last_seen":"2026-04-27","class_agreement":1.0,"top_reasons":"dist_industrial_km=0.7975 (+5.05); is_persistent=1 (+2.36); dist_thermal_plant_km=5.51 (+0.83); dist_mining_km=1.981 (+0.59)"}},{"type":"Feature","geometry":{"type":"Point","coordinates":[82.65854,24.14642]},"properties":{"cell_id":"4829_16532","pred_class":"industrial_plant","n_detections":22,"frp_mean":2.0764,"frp_max":6.76,"night_frac":0.8636,"first_seen":"2025-06-05","last_seen":"2026-04-26","class_agreement":1.0,"top_reasons":"dist_industrial_km=0.8809 (+5.01); is_persistent=1 (+2.31); dist_thermal_plant_km=5.52 (+0.83); dist_mining_km=1.937 (+0.54)"}},{"type":"Feature","geometry":{"type":"Point","coordinates":[82.67507,24.14406]},"properties":{"cell_id":"4829_16535","pred_class":"industrial_plant","n_detections":46,"frp_mean":1.3154,"frp_max":5.98,"night_frac":0.9565,"first_seen":"2024-02-10","last_seen":"2026-03-15","class_agreement":1.0,"top_reasons":"dist_industrial_km=1.947 (+4.94); is_persistent=1 (+2.36); dist_thermal_plant_km=5.098 (+0.84); dist_mining_km=1.699 (+0.66)"}},{"type":"Feature","geometry":{"type":"Point","coordinates":[82.6803,24.14339]},"properties":{"cell_id":"4829_16536","pred_class":"gas_flare","n_detections":20,"frp_mean":1.05,"frp_max":4.28,"night_frac":0.95,"first_seen":"2024-05-06","last_seen":"2026-04-11","class_agreement":1.0,"top_reasons":"dist_thermal_plant_km=5.086 (-0.93); is_persistent=1 (+0.82); dist_industrial_km=2.44 (+0.65); dist_any_industry_km=2.44 (+0.48)"}},{"type":"Feature","geometry":{"type":"Point","coordinates":[86.33116,24.14581]},"properties":{"cell_id":"4829_17266","pred_class":"industrial_plant","n_detections":40,"frp_mean":0.8972,"frp_max":4.87,"night_frac":1.0,"first_seen":"2024-01-21","last_seen":"2026-03-31","class_agreement":1.0,"top_reasons":"dist_industrial_km=0.5389 (+3.84); is_persistent=1 (+2.47); inside_industrial=1 (+1.63); dist_thermal_plant_km=49.9 (+1.03)"}},{"type":"Feature","geometry":{"type":"Point","coordinates":[86.33315,24.14601]},"properties":{"cell_id":"4829_17267","pred_class":"industrial_plant","n_detections":23,"frp_mean":0.9361,"frp_max":1.65,"night_frac":1.0,"first_seen":"2024-01-27","last_seen":"2026-04-21","class_agreement":1.0,"top_reasons":"dist_industrial_km=0.36 (+3.92); is_persistent=1 (+2.48); inside_industrial=1 (+1.56); dist_thermal_plant_km=50 (+0.99)"}},{"type":"Feature","geometry":{"type":"Point","coordinates":[82.63623,24.15143]},"properties":{"cell_id":"4830_16527","pred_class":"mining","n_detections":17,"frp_mean":1.3859,"frp_max":4.87,"night_frac":1.0,"first_seen":"2024-11-12","last_seen":"2026-04-25","class_agreement":1.0,"top_reasons":"inside_mining=1 (+7.13); dist_mining_km=1.769 (+2.01); nearest_plant_mw=4760 (+0.41); lc_bare_1km=0.8595 (+0.24)"}},{"type":"Feature","geometry":{"type":"Point","coordinates":[82.63825,24.15119]},"properties":{"cell_id":"4830_16528","pred_class":"gas_flare","n_detections":20,"frp_mean":1.643,"frp_max":6.5,"night_frac":0.8,"first_seen":"2024-11-11","last_seen":"2026-04-26","class_agreement":1.0,"top_reasons":"is_persistent=1 (+1.30); dist_industrial_km=2.344 (+1.23); month_entropy=0.5911 (+0.72); inside_mining=0 (+0.70)"}},{"type":"Feature","geometry":{"type":"Point","coordinates":[82.566,24.15566]},"properties":{"cell_id":"4831_16513","pred_class":"mining","n_detections":143,"frp_mean":2.4845,"frp_max":13.29,"night_frac":0.8252,"first_seen":"2024-04-13","last_seen":"2026-03-13","class_agreement":1.0,"top_reasons":"inside_mining=1 (+7.05); dist_mining_km=1.303 (+2.11); nearest_plant_mw=4760 (+0.41); lc_bare_1km=0.9339 (+0.21)"}},{"type":"Feature","geometry":{"type":"Point","coordinates":[82.5687,24.15584]},"properties":{"cell_id":"4831_16514","pred_class":"mining","n_detections":123,"frp_mean":2.5861,"frp_max":11.63,"night_frac":0.7154,"first_seen":"2024-04-14","last_seen":"2026-02-18","class_agreement":1.0,"top_reasons":"inside_mining=1 (+7.06); dist_mining_km=1.526 (+2.07); nearest_plant_mw=4760 (+0.41); lc_bare_1km=0.876 (+0.21)"}},{"type":"Feature","geometry":{"type":"Point","coordinates":[82.60561,24.15509]},"properties":{"cell_id":"4831_16521","pred_class":"mining","n_detections":48,"frp_mean":0.9867,"frp_max":4.23,"night_frac":0.9583,"first_seen":"2024-04-25","last_seen":"2026-04-15","class_agreement":1.0,"top_reasons":"inside_mining=1 (+7.15); dist_mining_km=1.484 (+1.96); nearest_plant_mw=4760 (+0.41); lc_bare_1km=1 (+0.26)"}},{"type":"Feature","geometry":{"type":"Point","coordinates":[82.60867,24.15509]},"properties":{"cell_id":"4831_16522","pred_class":"mining","n_detections":24,"frp_mean":1.0767,"frp_max":4.74,"night_frac":0.9583,"first_seen":"2024-05-23","last_seen":"2026-04-11","class_agreement":1.0,"top_reasons":"inside_mining=1 (+7.13); dist_mining_km=1.207 (+2.01); nearest_plant_mw=4760 (+0.40); lc_bare_1km=1 (+0.23)"}},{"type":"Feature","geometry":{"type":"Point","coordinates":[82.63881,24.15348]},"properties":{"cell_id":"4831_16528","pred_class":"mining","n_detections":22,"frp_mean":1.2618,"frp_max":4.74,"night_frac":0.9545,"first_seen":"2024-11-11","last_seen":"2026-04-25","class_agreement":1.0,"top_reasons":"inside_mining=1 (+8.06); dist_mining_km=2.022 (+0.73); nearest_plant_mw=4760 (+0.41); lc_bare_1km=0.7769 (+0.31)"}},{"type":"Feature","geometry":{"type":"Point","coordinates":[82.6704,24.15682]},"properties":{"cell_id":"4831_16534","pred_class":"mining","n_detections":40,"frp_mean":1.0707,"frp_max":2.07,"night_frac":1.0,"first_seen":"2024-01-10","last_seen":"2026-04-15","class_agreement":1.0,"top_reasons":"inside_mining=1 (+7.26); dist_mining_km=1.701 (+1.95); nearest_plant_mw=4760 (+0.41); lc_bare_1km=0.7686 (+0.28)"}},{"type":"Feature","geometry":{"type":"Point","coordinates":[82.67427,24.15664]},"properties":{"cell_id":"4831_16535","pred_class":"mining","n_detections":51,"frp_mean":1.9041,"frp_max":12.04,"night_frac":0.7647,"first_seen":"2024-01-19","last_seen":"2026-04-24","class_agreement":1.0,"top_reasons":"inside_mining=1 (+7.10); dist_mining_km=1.687 (+2.00); nearest_plant_mw=4760 (+0.41); lc_bare_1km=0.8264 (+0.28)"}},{"type":"Feature","geometry":{"type":"Point","coordinates":[82.56172,24.15986]},"properties":{"cell_id":"4832_16512","pred_class":"mining","n_detections":17,"frp_mean":2.2624,"frp_max":6.5,"night_frac":0.9412,"first_seen":"2025-02-26","last_seen":"2025-09-11","class_agreement":1.0,"top_reasons":"inside_mining=1 (+4.84); dist_mining_km=0.6937 (+4.72); nearest_plant_mw=4760 (+0.40); dist_thermal_plant_km=13.11 (+0.24)"}},{"type":"Feature","geometry":{"type":"Point","coordinates":[82.56533,24.15932]},"properties":{"cell_id":"4832_16513","pred_class":"mining","n_detections":158,"frp_mean":2.8497,"frp_max":21.96,"night_frac":0.8418,"first_seen":"2025-02-11","last_seen":"2026-04-27","class_agreement":1.0,"top_reasons":"dist_mining_km=1.057 (+6.47); inside_mining=0 (-0.60); nearest_plant_mw=4760 (+0.45); lc_grass_5km=0.3352 (+0.26)"}},{"type":"Feature","geometry":{"type":"Point","coordinates":[82.56864,24.15858]},"properties":{"cell_id":"4832_16514","pred_class":"mining","n_detections":49,"frp_mean":3.0535,"frp_max":9.81,"night_frac":0.7551,"first_seen":"2025-03-09","last_seen":"2026-02-02","class_agreement":1.0,"top_reasons":"dist_mining_km=1.403 (+2.04); inside_mining=0 (-1.73); nearest_plant_mw=4760 (+0.43); lc_grass_5km=0.3342 (+0.21)"}},{"type":"Feature","geometry":{"type":"Point","coordinates":[82.60133,24.15892]},"properties":{"cell_id":"4832_16520","pred_class":"mining","n_detections":20,"frp_mean":1.7415,"frp_max":4.4,"night_frac":0.75,"first_seen":"2024-05-05","last_seen":"2026-03-28","class_agreement":1.0,"top_reasons":"inside_mining=1 (+8.13); dist_mining_km=2.065 (+0.94); nearest_plant_mw=4760 (+0.41); lc_bare_1km=0.8099 (+0.27)"}},{"type":"Feature","geometry":{"type":"Point","coordinates":[82.60504,24.15972]},"properties":{"cell_id":"4832_16521","pred_class":"mining","n_detections":44,"frp_mean":2.1116,"frp_max":9.01,"night_frac":0.7273,"first_seen":"2024-04-20","last_seen":"2026-04-14","class_agreement":1.0,"top_reasons":"inside_mining=1 (+7.08); dist_mining_km=1.805 (+2.08); nearest_plant_mw=4760 (+0.41); lc_bare_1km=0.8512 (+0.22)"}},{"type":"Feature","geometry":{"type":"Point","coordinates":[82.60935,24.16047]},"properties":{"cell_id":"4832_16522","pred_class":"mining","n_detections":17,"frp_mean":1.63,"frp_max":3.51,"night_frac":0.9412,"first_seen":"2024-05-27","last_seen":"2026-04-21","class_agreement":1.0,"top_reasons":"inside_mining=1 (+7.18); dist_mining_km=1.553 (+1.98); nearest_plant_mw=4760 (+0.41); lc_bare_1km=0.9339 (+0.20)"}},{"type":"Feature","geometry":{"type":"Point","coordinates":[82.66662,24.15968]},"properties":{"cell_id":"4832_16533","pred_class":"mining","n_detections":25,"frp_mean":1.6028,"frp_max":4.98,"night_frac":0.92,"first_seen":"2025-04-24","last_seen":"2026-04-25","class_agreement":1.0,"top_reasons":"inside_mining=1 (+7.15); dist_mining_km=1.222 (+2.11); nearest_plant_mw=4760 (+0.40); lc_bare_1km=0.5455 (+0.16)"}},{"type":"Feature","geometry":{"type":"Point","coordinates":[82.67021,24.15947]},"properties":{"cell_id":"4832_16534","pred_class":"mining","n_detections":225,"frp_mean":1.6431,"frp_max":13.5,"night_frac":0.8933,"first_seen":"2024-01-03","last_seen":"2026-04-26","class_agreement":1.0,"top_reasons":"inside_mining=1 (+7.23); dist_mining_km=1.574 (+2.13); nearest_plant_mw=4760 (+0.41); lc_bare_1km=0.9091 (+0.21)"}},{"type":"Feature","geometry":{"type":"Point","coordinates":[82.67436,24.15921]},"properties":{"cell_id":"4832_16535","pred_class":"mining","n_detections":148,"frp_mean":1.7734,"frp_max":6.66,"night_frac":0.8581,"first_seen":"2024-01-09","last_seen":"2026-04-18","class_agreement":1.0,"top_reasons":"inside_mining=1 (+7.25); dist_mining_km=1.801 (+2.09); nearest_plant_mw=4760 (+0.40); lc_bare_1km=0.9917 (+0.24)"}},{"type":"Feature","geometry":{"type":"Point","coordinates":[80.69483,24.16662]},"properties":{"cell_id":"4833_16139","pred_class":"industrial_plant","n_detections":136,"frp_mean":1.1165,"frp_max":2.08,"night_frac":1.0,"first_seen":"2024-01-12","last_seen":"2026-04-26","class_agreement":1.0,"top_reasons":"dist_industrial_km=0.2055 (+3.77); is_persistent=1 (+2.46); inside_industrial=1 (+1.62); dist_thermal_plant_km=11.35 (+1.03)"}},{"type":"Feature","geometry":{"type":"Point","coordinates":[82.56074,24.16476]},"properties":{"cell_id":"4833_16512","pred_class":"mining","n_detections":30,"frp_mean":1.4207,"frp_max":5.37,"night_frac":0.8667,"first_seen":"2024-01-01","last_seen":"2025-05-25","class_agreement":1.0,"top_reasons":"dist_mining_km=0.6022 (+8.68); nearest_plant_mw=4760 (+0.44); lc_bare_5km=0.3858 (+0.30); lc_grass_5km=0.357 (+0.24)"}},{"type":"Feature","geometry":{"type":"Point","coordinates":[82.56354,24.16352]},"properties":{"cell_id":"4833_16513","pred_class":"mining","n_detections":17,"frp_mean":1.6571,"frp_max":2.94,"night_frac":0.7647,"first_seen":"2024-04-11","last_seen":"2026-03-29","class_agreement":1.0,"top_reasons":"dist_mining_km=0.8332 (+8.67); nearest_plant_mw=4760 (+0.43); dist_thermal_plant_km=13.17 (+0.26); lc_grass_5km=0.3676 (+0.17)"}},{"type":"Feature","geometry":{"type":"Point","coordinates":[82.61037,24.16403]},"properties":{"cell_id":"4833_16522","pred_class":"gas_flare","n_detections":17,"frp_mean":1.3176,"frp_max":3.15,"night_frac":1.0,"first_seen":"2024-06-07","last_seen":"2026-04-26","class_agreement":1.0,"top_reasons":"is_persistent=1 (+0.81); dist_industrial_km=4.918 (+0.49); inside_industrial=0 (+0.47); n_active_days=16 (+0.44)"}},{"type":"Feature","geometry":{"type":"Point","coordinates":[82.6151,24.16451]},"properties":{"cell_id":"4833_16523","pred_class":"mining","n_detections":29,"frp_mean":1.2348,"frp_max":5.29,"night_frac":1.0,"first_seen":"2024-06-24","last_seen":"2026-03-25","class_agreement":1.0,"top_reasons":"inside_mining=1 (+7.08); dist_mining_km=1.706 (+2.07); nearest_plant_mw=4760 (+0.41); lc_bare_1km=0.6116 (+0.20)"}},{"type":"Feature","geometry":{"type":"Point","coordinates":[82.62074,24.16522]},"properties":{"cell_id":"4833_16524","pred_class":"mining","n_detections":54,"frp_mean":1.6157,"frp_max":6.9,"night_frac":0.8704,"first_seen":"2024-06-07","last_seen":"2026-04-23","class_agreement":1.0,"top_reasons":"inside_mining=1 (+7.10); dist_mining_km=1.75 (+2.17); nearest_plant_mw=4760 (+0.41); lc_bare_1km=0.5289 (+0.16)"}},{"type":"Feature","geometry":{"type":"Point","coordinates":[82.6255,24.16603]},"properties":{"cell_id":"4833_16525","pred_class":"mining","n_detections":102,"frp_mean":2.0618,"frp_max":8.3,"night_frac":0.8627,"first_seen":"2024-06-28","last_seen":"2026-04-25","class_agreement":1.0,"top_reasons":"inside_mining=1 (+8.05); dist_mining_km=1.948 (+0.97); nearest_plant_mw=4760 (+0.40); lc_bare_1km=0.6694 (+0.27)"}},{"type":"Feature","geometry":{"type":"Point","coordinates":[82.62982,24.1652]},"properties":{"cell_id":"4833_16526","pred_class":"mining","n_detections":127,"frp_mean":3.1704,"frp_max":18.53,"night_frac":0.6772,"first_seen":"2024-05-18","last_seen":"2026-04-26","class_agreement":1.0,"top_reasons":"inside_mining=1 (+8.03); dist_mining_km=2.061 (+0.92); nearest_plant_mw=4760 (+0.41); lc_bare_1km=0.9504 (+0.27)"}},{"type":"Feature","geometry":{"type":"Point","coordinates":[82.68574,24.16586]},"properties":{"cell_id":"4833_16537","pred_class":"mining","n_detections":40,"frp_mean":0.9557,"frp_max":2.04,"night_frac":0.975,"first_seen":"2024-01-14","last_seen":"2026-03-31","class_agreement":1.0,"top_reasons":"inside_mining=1 (+7.18); dist_mining_km=1.675 (+2.28); dist_thermal_plant_km=7.277 (+0.23); lc_bare_1km=0.7851 (+0.23)"}},{"type":"Feature","geometry":{"type":"Point","coordinates":[82.6887,24.16529]},"properties":{"cell_id":"4833_16538","pred_class":"industrial_plant","n_detections":31,"frp_mean":0.9265,"frp_max":1.84,"night_frac":0.9032,"first_seen":"2024-07-18","last_seen":"2026-02-27","class_agreement":1.0,"top_reasons":"dist_industrial_km=1.581 (+5.06); is_persistent=1 (+2.32); dist_thermal_plant_km=7.133 (+0.85); dist_mining_km=1.563 (+0.59)"}},{"type":"Feature","geometry":{"type":"Point","coordinates":[80.69484,24.16852]},"properties":{"cell_id":"4834_16139","pred_class":"industrial_plant","n_detections":148,"frp_mean":1.0907,"frp_max":5.25,"night_frac":1.0,"first_seen":"2024-01-02","last_seen":"2026-04-24","class_agreement":1.0,"top_reasons":"dist_industrial_km=0.3532 (+3.78); is_persistent=1 (+2.49); inside_industrial=1 (+1.60); dist_thermal_plant_km=11.27 (+0.99)"}},{"type":"Feature","geometry":{"type":"Point","coordinates":[82.55977,24.16959]},"properties":{"cell_id":"4834_16512","pred_class":"mining","n_detections":68,"frp_mean":1.1831,"frp_max":2.11,"night_frac":0.9853,"first_seen":"2024-01-01","last_seen":"2024-05-24","class_agreement":1.0,"top_reasons":"inside_mining=1 (+4.74); dist_mining_km=0.9201 (+4.73); nearest_plant_mw=4760 (+0.41); dist_thermal_plant_km=13.87 (+0.21)"}},{"type":"Feature","geometry":{"type":"Point","coordinates":[82.62513,24.16839]},"properties":{"cell_id":"4834_16525","pred_class":"mining","n_detections":60,"frp_mean":1.6085,"frp_max":4.91,"night_frac":0.8667,"first_seen":"2024-05-22","last_seen":"2026-04-26","class_agreement":1.0,"top_reasons":"dist_mining_km=2.186 (+0.89); inside_mining=0 (-0.77); nearest_plant_mw=4760 (+0.42); lc_grass_5km=0.2532 (+0.27)"}},{"type":"Feature","geometry":{"type":"Point","coordinates":[82.62879,24.16864]},"properties":{"cell_id":"4834_16526","pred_class":"gas_flare","n_detections":23,"frp_mean":1.2974,"frp_max":3.21,"night_frac":0.9565,"first_seen":"2024-12-20","last_seen":"2026-01-15","class_agreement":1.0,"top_reasons":"is_persistent=1 (+0.74); dist_industrial_km=3.284 (+0.63); month_entropy=0.5971 (+0.46); inside_mining=0 (+0.43)"}},{"type":"Feature","geometry":{"type":"Point","coordinates":[82.6801,24.16958]},"properties":{"cell_id":"4834_16536","pred_class":"gas_flare","n_detections":20,"frp_mean":1.319,"frp_max":4.09,"night_frac":1.0,"first_seen":"2024-07-16","last_seen":"2026-03-28","class_agreement":1.0,"top_reasons":"is_persistent=1 (+1.28); dist_industrial_km=2.422 (+1.17); inside_mining=0 (+0.71); month_entropy=0.5987 (+0.69)"}},{"type":"Feature","geometry":{"type":"Point","coordinates":[82.68449,24.16897]},"properties":{"cell_id":"4834_16537","pred_class":"industrial_plant","n_detections":16,"frp_mean":1.3869,"frp_max":5.73,"night_frac":0.8125,"first_seen":"2025-03-18","last_seen":"2026-03-28","class_agreement":1.0,"top_reasons":"dist_industrial_km=1.974 (+2.61); is_persistent=1 (+1.94); dist_thermal_plant_km=7.645 (+0.59); dist_mining_km=2.041 (+0.47)"}},{"type":"Feature","geometry":{"type":"Point","coordinates":[82.55954,24.17931]},"properties":{"cell_id":"4836_16512","pred_class":"gas_flare","n_detections":44,"frp_mean":2.0489,"frp_max":7.57,"night_frac":0.7273,"first_seen":"2025-05-18","last_seen":"2026-03-25","class_agreement":1.0,"top_reasons":"dist_industrial_km=2.858 (+1.15); is_persistent=1 (+1.13); inside_mining=0 (+0.60); month_entropy=0.7418 (+0.59)"}},{"type":"Feature","geometry":{"type":"Point","coordinates":[82.64609,24.17997]},"properties":{"cell_id":"4836_16529","pred_class":"industrial_plant","n_detections":46,"frp_mean":1.0235,"frp_max":2.16,"night_frac":0.9565,"first_seen":"2024-01-03","last_seen":"2026-02-06","class_agreement":1.0,"top_reasons":"dist_industrial_km=1.169 (+4.97); is_persistent=1 (+2.31); dist_thermal_plant_km=9.451 (+0.83); dist_mining_km=2.049 (+0.68)"}},{"type":"Feature","geometry":{"type":"Point","coordinates":[82.65019,24.17976]},"properties":{"cell_id":"4836_16530","pred_class":"industrial_plant","n_detections":96,"frp_mean":1.6206,"frp_max":8.67,"night_frac":0.9062,"first_seen":"2024-01-11","last_seen":"2026-04-05","class_agreement":1.0,"top_reasons":"dist_industrial_km=1.015 (+4.96); is_persistent=1 (+2.26); dist_thermal_plant_km=9.322 (+0.80); dist_mining_km=1.872 (+0.62)"}},{"type":"Feature","geometry":{"type":"Point","coordinates":[82.65433,24.17988]},"properties":{"cell_id":"4836_16531","pred_class":"mining","n_detections":35,"frp_mean":1.4671,"frp_max":7.82,"night_frac":0.8857,"first_seen":"2024-04-25","last_seen":"2026-04-26","class_agreement":1.0,"top_reasons":"inside_mining=1 (+7.27); dist_mining_km=1.813 (+2.00); nearest_plant_mw=4760 (+0.41); dist_thermal_plant_km=9.245 (+0.22)"}},{"type":"Feature","geometry":{"type":"Point","coordinates":[82.66426,24.18088]},"properties":{"cell_id":"4836_16533","pred_class":"industrial_plant","n_detections":21,"frp_mean":0.9667,"frp_max":2.01,"night_frac":1.0,"first_seen":"2024-02-05","last_seen":"2026-04-16","class_agreement":1.0,"top_reasons":"dist_industrial_km=1.458 (+5.11); is_persistent=1 (+2.34); dist_thermal_plant_km=9.215 (+0.84); dist_mining_km=2.122 (+0.63)"}},{"type":"Feature","geometry":{"type":"Point","coordinates":[82.67466,24.1793]},"properties":{"cell_id":"4836_16535","pred_class":"gas_flare","n_detections":35,"frp_mean":0.9629,"frp_max":2.61,"night_frac":0.9429,"first_seen":"2024-09-21","last_seen":"2026-04-26","class_agreement":1.0,"top_reasons":"is_persistent=1 (+1.10); dist_industrial_km=2.462 (+1.09); month_entropy=0.695 (+0.56); inside_mining=0 (+0.55)"}},{"type":"Feature","geometry":{"type":"Point","coordinates":[82.66083,24.18467]},"properties":{"cell_id":"4837_16532","pred_class":"industrial_plant","n_detections":143,"frp_mean":1.3859,"frp_max":8.58,"night_frac":0.9231,"first_seen":"2024-04-30","last_seen":"2026-04-26","class_agreement":1.0,"top_reasons":"dist_industrial_km=0.9388 (+5.06); is_persistent=1 (+2.35); dist_thermal_plant_km=9.669 (+0.84); dist_mining_km=2.407 (+0.72)"}},{"type":"Feature","geometry":{"type":"Point","coordinates":[82.66411,24.1844]},"properties":{"cell_id":"4837_16533","pred_class":"industrial_plant","n_detections":106,"frp_mean":1.0819,"frp_max":4.13,"night_frac":0.9623,"first_seen":"2024-04-30","last_seen":"2026-04-20","class_agreement":1.0,"top_reasons":"dist_industrial_km=1.253 (+5.05); is_persistent=1 (+2.37); dist_thermal_plant_km=9.606 (+0.85); dist_mining_km=2.476 (+0.73)"}},{"type":"Feature","geometry":{"type":"Point","coordinates":[82.57621,24.19107]},"properties":{"cell_id":"4838_16515","pred_class":"mining","n_detections":44,"frp_mean":1.2457,"frp_max":2.34,"night_frac":1.0,"first_seen":"2024-01-01","last_seen":"2026-03-22","class_agreement":1.0,"top_reasons":"inside_mining=1 (+8.96); nearest_plant_mw=4760 (+0.81); lc_bare_1km=0.5702 (+0.20); lc_bare_5km=0.2119 (+0.15)"}},{"type":"Feature","geometry":{"type":"Point","coordinates":[82.5791,24.19089]},"properties":{"cell_id":"4838_16516","pred_class":"mining","n_detections":86,"frp_mean":1.5499,"frp_max":14.21,"night_frac":0.907,"first_seen":"2024-01-09","last_seen":"2026-04-18","class_agreement":1.0,"top_reasons":"inside_mining=1 (+8.90); nearest_plant_mw=4760 (+0.81); lc_bare_1km=0.5785 (+0.26); dist_mining_km=3.982 (-0.16)"}},{"type":"Feature","geometry":{"type":"Point","coordinates":[82.57602,24.19375]},"properties":{"cell_id":"4839_16515","pred_class":"industrial_plant","n_detections":59,"frp_mean":1.0114,"frp_max":2.25,"night_frac":1.0,"first_seen":"2024-01-02","last_seen":"2026-04-12","class_agreement":1.0,"top_reasons":"dist_industrial_km=0.5845 (+5.07); is_persistent=1 (+2.42); dist_thermal_plant_km=14.4 (+0.88); dist_mining_km=4.071 (+0.70)"}},{"type":"Feature","geometry":{"type":"Point","coordinates":[82.57884,24.19357]},"properties":{"cell_id":"4839_16516","pred_class":"mining","n_detections":36,"frp_mean":1.0328,"frp_max":3.44,"night_frac":0.8889,"first_seen":"2024-01-13","last_seen":"2026-04-18","class_agreement":1.0,"top_reasons":"inside_mining=1 (+8.95); nearest_plant_mw=4760 (+0.81); lc_bare_1km=0.4628 (+0.20); lc_bare_5km=0.2 (+0.15)"}},{"type":"Feature","geometry":{"type":"Point","coordinates":[80.79651,24.19846]},"properties":{"cell_id":"4840_16159","pred_class":"thermal_power","n_detections":16,"frp_mean":0.9688,"frp_max":1.54,"night_frac":1.0,"first_seen":"2025-04-15","last_seen":"2026-03-22","class_agreement":1.0,"top_reasons":"dist_thermal_plant_km=0.5176 (+8.88); is_persistent=1 (+0.71); n_detections=16 (+0.22); frp_mean=0.9688 (+0.20)"}},{"type":"Feature","geometry":{"type":"Point","coordinates":[80.7997,24.20114]},"properties":{"cell_id":"4840_16160","pred_class":"thermal_power","n_detections":30,"frp_mean":1.0617,"frp_max":2.2,"night_frac":1.0,"first_seen":"2024-01-30","last_seen":"2026-04-20","class_agreement":1.0,"top_reasons":"dist_thermal_plant_km=0.1066 (+9.22); is_persistent=1 (+0.70); frp_mean=1.062 (+0.20); nearest_plant_mw=31.4 (+0.18)"}},{"type":"Feature","geometry":{"type":"Point","coordinates":[80.80017,24.2034]},"properties":{"cell_id":"4841_16160","pred_class":"thermal_power","n_detections":31,"frp_mean":0.9184,"frp_max":2.14,"night_frac":1.0,"first_seen":"2024-01-20","last_seen":"2026-04-15","class_agreement":1.0,"top_reasons":"dist_thermal_plant_km=0.1524 (+9.15); is_persistent=1 (+0.73); frp_mean=0.9184 (+0.21); nearest_plant_mw=31.4 (+0.20)"}},{"type":"Feature","geometry":{"type":"Point","coordinates":[82.52506,24.20584]},"properties":{"cell_id":"4841_16505","pred_class":"industrial_plant","n_detections":154,"frp_mean":0.9727,"frp_max":2.91,"night_frac":1.0,"first_seen":"2024-01-02","last_seen":"2026-04-26","class_agreement":1.0,"top_reasons":"dist_industrial_km=0.3597 (+3.55); is_persistent=1 (+2.51); inside_industrial=1 (+1.85); dist_thermal_plant_km=19.1 (+1.04)"}},{"type":"Feature","geometry":{"type":"Point","coordinates":[82.70663,24.20548]},"properties":{"cell_id":"4841_16541","pred_class":"mining","n_detections":45,"frp_mean":1.3858,"frp_max":2.88,"night_frac":1.0,"first_seen":"2024-01-03","last_seen":"2026-04-27","class_agreement":1.0,"top_reasons":"inside_mining=1 (+7.18); dist_mining_km=1.119 (+2.15); dist_thermal_plant_km=8.379 (+0.18); lc_grass_5km=0.4813 (+0.15)"}},{"type":"Feature","geometry":{"type":"Point","coordinates":[82.71007,24.20581]},"properties":{"cell_id":"4841_16542","pred_class":"mining","n_detections":314,"frp_mean":1.7589,"frp_max":9.93,"night_frac":0.9522,"first_seen":"2024-01-01","last_seen":"2026-04-27","class_agreement":1.0,"top_reasons":"dist_mining_km=0.7684 (+5.02); inside_mining=1 (+4.75); dist_thermal_plant_km=8.033 (+0.35); lc_bare_1km=0.6033 (+0.13)"}},{"type":"Feature","geometry":{"type":"Point","coordinates":[82.71448,24.20562]},"properties":{"cell_id":"4841_16543","pred_class":"mining","n_detections":71,"frp_mean":1.6579,"frp_max":8.5,"night_frac":0.9296,"first_seen":"2024-01-01","last_seen":"2026-04-23","class_agreement":1.0,"top_reasons":"dist_mining_km=0.3396 (+5.06); inside_mining=1 (+4.78); dist_thermal_plant_km=7.586 (+0.30); lc_bare_1km=0.6364 (+0.12)"}},{"type":"Feature","geometry":{"type":"Point","coordinates":[82.71829,24.2051]},"properties":{"cell_id":"4841_16544","pred_class":"mining","n_detections":17,"frp_mean":1.1765,"frp_max":2.54,"night_frac":1.0,"first_seen":"2024-04-30","last_seen":"2026-04-05","class_agreement":1.0,"top_reasons":"dist_mining_km=0.2024 (+5.03); inside_mining=1 (+4.91); dist_thermal_plant_km=7.196 (+0.30); lc_bare_1km=0.6694 (+0.13)"}},{"type":"Feature","geometry":{"type":"Point","coordinates":[82.52549,24.20827]},"properties":{"cell_id":"4842_16505","pred_class":"industrial_plant","n_detections":18,"frp_mean":1.0339,"frp_max":3.89,"night_frac":0.9444,"first_seen":"2024-01-08","last_seen":"2026-04-13","class_agreement":1.0,"top_reasons":"dist_industrial_km=0.1099 (+3.71); is_persistent=1 (+2.51); inside_industrial=1 (+1.79); dist_thermal_plant_km=19.24 (+1.04)"}},{"type":"Feature","geometry":{"type":"Point","coordinates":[82.71038,24.20827]},"properties":{"cell_id":"4842_16542","pred_class":"mining","n_detections":102,"frp_mean":1.585,"frp_max":7.98,"night_frac":0.9314,"first_seen":"2024-01-01","last_seen":"2026-02-21","class_agreement":1.0,"top_reasons":"dist_mining_km=0.7477 (+5.01); inside_mining=1 (+4.79); dist_thermal_plant_km=8.025 (+0.35); lc_bare_1km=0.6612 (+0.12)"}},{"type":"Feature","geometry":{"type":"Point","coordinates":[82.71353,24.20847]},"properties":{"cell_id":"4842_16543","pred_class":"mining","n_detections":24,"frp_mean":1.7946,"frp_max":4.89,"night_frac":0.875,"first_seen":"2024-01-01","last_seen":"2026-02-16","class_agreement":1.0,"top_reasons":"dist_mining_km=0.45 (+5.03); inside_mining=1 (+4.79); dist_thermal_plant_km=7.709 (+0.32); lc_bare_1km=0.6116 (+0.13)"}},{"type":"Feature","geometry":{"type":"Point","coordinates":[81.32654,24.32574]},"properties":{"cell_id":"4865_16265","pred_class":"thermal_power","n_detections":63,"frp_mean":1.023,"frp_max":3.17,"night_frac":1.0,"first_seen":"2024-01-10","last_seen":"2026-04-17","class_agreement":1.0,"top_reasons":"dist_thermal_plant_km=0.3235 (+9.23); is_persistent=1 (+0.53); dist_power_plant_km=0.4779 (+0.46); n_detections=63 (+0.14)"}},{"type":"Feature","geometry":{"type":"Point","coordinates":[81.32853,24.32618]},"properties":{"cell_id":"4865_16266","pred_class":"thermal_power","n_detections":73,"frp_mean":1.0479,"frp_max":5.66,"night_frac":1.0,"first_seen":"2024-01-20","last_seen":"2026-04-15","class_agreement":1.0,"top_reasons":"dist_thermal_plant_km=0.1374 (+9.22); is_persistent=1 (+0.55); dist_power_plant_km=0.3851 (+0.42); nearest_plant_mw=155 (+0.13)"}},{"type":"Feature","geometry":{"type":"Point","coordinates":[83.03675,24.44924]},"properties":{"cell_id":"4890_16607","pred_class":"industrial_plant","n_detections":21,"frp_mean":0.8886,"frp_max":1.67,"night_frac":1.0,"first_seen":"2024-01-27","last_seen":"2026-03-01","class_agreement":1.0,"top_reasons":"dist_industrial_km=0.3962 (+5.16); is_persistent=1 (+2.32); dist_thermal_plant_km=5.735 (+0.83); dist_mining_km=1.813 (+0.60)"}},{"type":"Feature","geometry":{"type":"Point","coordinates":[83.03936,24.44941]},"properties":{"cell_id":"4890_16608","pred_class":"industrial_plant","n_detections":185,"frp_mean":0.9621,"frp_max":3.09,"night_frac":1.0,"first_seen":"2024-01-02","last_seen":"2026-04-24","class_agreement":1.0,"top_reasons":"dist_industrial_km=0.1632 (+3.33); is_persistent=1 (+2.35); inside_industrial=1 (+1.91); dist_thermal_plant_km=6 (+0.97)"}},{"type":"Feature","geometry":{"type":"Point","coordinates":[77.14516,24.4813]},"properties":{"cell_id":"4896_15429","pred_class":"thermal_power","n_detections":22,"frp_mean":3.1109,"frp_max":12.67,"night_frac":0.9091,"first_seen":"2024-01-15","last_seen":"2026-04-18","class_agreement":1.0,"top_reasons":"dist_thermal_plant_km=1.937 (+9.08); is_persistent=1 (+0.55); frp_cv=1.205 (+0.34); lc_water_1km=0.04132 (+0.15)"}},{"type":"Feature","geometry":{"type":"Point","coordinates":[77.14517,24.48386]},"properties":{"cell_id":"4897_15429","pred_class":"thermal_power","n_detections":40,"frp_mean":3.0445,"frp_max":15.05,"night_frac":1.0,"first_seen":"2024-03-31","last_seen":"2026-04-27","class_agreement":1.0,"top_reasons":"dist_thermal_plant_km=1.67 (+9.24); is_persistent=1 (+0.56); frp_cv=1.151 (+0.34); lc_water_1km=0.04132 (+0.15)"}},{"type":"Feature","geometry":{"type":"Point","coordinates":[97.79561,24.52124]},"properties":{"cell_id":"4904_19559","pred_class":"wildfire","n_detections":78,"frp_mean":1.1504,"frp_max":2.0,"night_frac":1.0,"first_seen":"2024-01-15","last_seen":"2026-04-06","class_agreement":1.0,"top_reasons":"lc_built_5km=0.06942 (-3.22); dist_refinery_km=2231 (+1.98); n_detections=78 (-1.55); lc_tree_1km=0.4876 (+1.45)"}},{"type":"Feature","geometry":{"type":"Point","coordinates":[97.79811,24.52145]},"properties":{"cell_id":"4904_19560","pred_class":"wildfire","n_detections":22,"frp_mean":1.0223,"frp_max":2.78,"night_frac":1.0,"first_seen":"2024-03-16","last_seen":"2026-04-05","class_agreement":1.0,"top_reasons":"lc_built_5km=0.06645 (-3.04); dist_refinery_km=2231 (+1.91); lc_tree_1km=0.6942 (+1.77); n_detections=22 (-1.25)"}},{"type":"Feature","geometry":{"type":"Point","coordinates":[97.79597,24.52359]},"properties":{"cell_id":"4905_19559","pred_class":"wildfire","n_detections":48,"frp_mean":1.0575,"frp_max":1.8,"night_frac":1.0,"first_seen":"2024-01-15","last_seen":"2026-04-08","class_agreement":1.0,"top_reasons":"lc_built_5km=0.06975 (-3.14); dist_refinery_km=2231 (+1.98); lc_tree_1km=0.4463 (+1.55); n_detections=48 (-1.42)"}},{"type":"Feature","geometry":{"type":"Point","coordinates":[97.79806,24.52341]},"properties":{"cell_id":"4905_19560","pred_class":"wildfire","n_detections":15,"frp_mean":0.8773,"frp_max":1.45,"night_frac":1.0,"first_seen":"2024-01-28","last_seen":"2026-03-29","class_agreement":1.0,"top_reasons":"lc_tree_1km=0.6116 (+2.58); lc_built_5km=0.06711 (-2.43); dist_refinery_km=2231 (+1.44); is_persistent=1 (-0.91)"}},{"type":"Feature","geometry":{"type":"Point","coordinates":[81.16922,24.52883]},"properties":{"cell_id":"4906_16234","pred_class":"thermal_power","n_detections":69,"frp_mean":0.9091,"frp_max":1.83,"night_frac":1.0,"first_seen":"2024-01-24","last_seen":"2026-03-18","class_agreement":1.0,"top_reasons":"dist_thermal_plant_km=0.06377 (+9.23); is_persistent=1 (+0.61); dist_power_plant_km=3.856 (+0.33); nearest_plant_mw=63.5 (+0.19)"}},{"type":"Feature","geometry":{"type":"Point","coordinates":[97.73928,24.54103]},"properties":{"cell_id":"4908_19548","pred_class":"gas_flare","n_detections":49,"frp_mean":0.9,"frp_max":2.12,"night_frac":1.0,"first_seen":"2024-03-01","last_seen":"2025-10-29","class_agreement":1.0,"top_reasons":"is_persistent=1 (+0.82); dist_any_industry_km=328.5 (-0.43); dist_industrial_km=328.5 (+0.40); month_entropy=0.8569 (+0.32)"}},{"type":"Feature","geometry":{"type":"Point","coordinates":[81.00358,24.56496]},"properties":{"cell_id":"4913_16201","pred_class":"industrial_plant","n_detections":53,"frp_mean":1.2917,"frp_max":5.38,"night_frac":1.0,"first_seen":"2024-01-08","last_seen":"2026-04-15","class_agreement":1.0,"top_reasons":"dist_industrial_km=0.1683 (+3.48); is_persistent=1 (+2.34); inside_industrial=1 (+1.59); dist_thermal_plant_km=15.12 (+1.02)"}},{"type":"Feature","geometry":{"type":"Point","coordinates":[74.80192,24.57938]},"properties":{"cell_id":"4916_14960","pred_class":"thermal_power","n_detections":35,"frp_mean":1.2103,"frp_max":5.15,"night_frac":1.0,"first_seen":"2024-01-04","last_seen":"2026-03-28","class_agreement":1.0,"top_reasons":"dist_thermal_plant_km=0.459 (+9.23); is_persistent=1 (+0.63); dist_power_plant_km=0.4134 (+0.34); nearest_plant_mw=46 (+0.21)"}},{"type":"Feature","geometry":{"type":"Point","coordinates":[74.80393,24.57887]},"properties":{"cell_id":"4916_14961","pred_class":"thermal_power","n_detections":83,"frp_mean":1.053,"frp_max":5.35,"night_frac":1.0,"first_seen":"2024-01-06","last_seen":"2026-04-19","class_agreement":1.0,"top_reasons":"dist_thermal_plant_km=0.4838 (+9.22); is_persistent=1 (+0.62); dist_power_plant_km=0.4755 (+0.39); nearest_plant_mw=46 (+0.21)"}},{"type":"Feature","geometry":{"type":"Point","coordinates":[80.86058,24.59591]},"properties":{"cell_id":"4919_16172","pred_class":"thermal_power","n_detections":33,"frp_mean":0.8267,"frp_max":2.57,"night_frac":1.0,"first_seen":"2024-01-10","last_seen":"2026-03-25","class_agreement":1.0,"top_reasons":"dist_thermal_plant_km=0.2611 (+9.23); is_persistent=1 (+0.62); dist_power_plant_km=0.4382 (+0.29); nearest_plant_mw=29 (+0.18)"}},{"type":"Feature","geometry":{"type":"Point","coordinates":[73.81614,24.6042]},"properties":{"cell_id":"4921_14763","pred_class":"industrial_plant","n_detections":43,"frp_mean":0.7377,"frp_max":1.45,"night_frac":1.0,"first_seen":"2024-01-11","last_seen":"2025-03-31","class_agreement":1.0,"top_reasons":"dist_industrial_km=0.05638 (+3.72); is_persistent=1 (+2.40); inside_industrial=1 (+1.59); dist_thermal_plant_km=29.1 (+1.04)"}},{"type":"Feature","geometry":{"type":"Point","coordinates":[74.68426,24.64123]},"properties":{"cell_id":"4928_14937","pred_class":"thermal_power","n_detections":28,"frp_mean":1.3332,"frp_max":2.51,"night_frac":1.0,"first_seen":"2024-01-13","last_seen":"2026-02-24","class_agreement":1.0,"top_reasons":"dist_thermal_plant_km=0.1741 (+9.23); is_persistent=1 (+0.58); dist_power_plant_km=0.6272 (+0.31); nearest_plant_mw=33.2 (+0.15)"}},{"type":"Feature","geometry":{"type":"Point","coordinates":[73.87561,24.657]},"properties":{"cell_id":"4931_14775","pred_class":"industrial_plant","n_detections":24,"frp_mean":0.9483,"frp_max":1.54,"night_frac":1.0,"first_seen":"2024-01-13","last_seen":"2026-03-28","class_agreement":1.0,"top_reasons":"dist_industrial_km=0.2126 (+3.74); is_persistent=1 (+2.47); inside_industrial=1 (+1.62); dist_thermal_plant_km=36.51 (+1.03)"}},{"type":"Feature","geometry":{"type":"Point","coordinates":[73.87578,24.65838]},"properties":{"cell_id":"4932_14775","pred_class":"industrial_plant","n_detections":55,"frp_mean":0.9796,"frp_max":1.74,"night_frac":1.0,"first_seen":"2024-01-18","last_seen":"2026-04-12","class_agreement":1.0,"top_reasons":"dist_industrial_km=0.1566 (+3.79); is_persistent=1 (+2.49); inside_industrial=1 (+1.65); dist_thermal_plant_km=36.66 (+0.99)"}},{"type":"Feature","geometry":{"type":"Point","coordinates":[73.87882,24.65868]},"properties":{"cell_id":"4932_14776","pred_class":"industrial_plant","n_detections":24,"frp_mean":1.1042,"frp_max":4.91,"night_frac":0.9583,"first_seen":"2024-05-03","last_seen":"2026-04-19","class_agreement":1.0,"top_reasons":"dist_industrial_km=0.1647 (+3.77); is_persistent=1 (+2.45); inside_industrial=1 (+1.60); dist_thermal_plant_km=36.8 (+1.01)"}},{"type":"Feature","geometry":{"type":"Point","coordinates":[74.63118,24.66102]},"properties":{"cell_id":"4932_14926","pred_class":"gas_flare","n_detections":210,"frp_mean":1.7493,"frp_max":5.1,"night_frac":1.0,"first_seen":"2024-01-02","last_seen":"2026-03-22","class_agreement":1.0,"top_reasons":"dist_industrial_km=2.677 (+2.08); is_persistent=1 (+1.96); dist_any_industry_km=2.677 (+1.24); inside_mining=0 (+1.21)"}},{"type":"Feature","geometry":{"type":"Point","coordinates":[74.63436,24.66092]},"properties":{"cell_id":"4932_14927","pred_class":"gas_flare","n_detections":327,"frp_mean":1.7216,"frp_max":6.31,"night_frac":1.0,"first_seen":"2024-01-02","last_seen":"2026-04-23","class_agreement":1.0,"top_reasons":"dist_industrial_km=2.356 (+2.15); is_persistent=1 (+1.98); dist_any_industry_km=2.356 (+1.23); inside_mining=0 (+1.23)"}},{"type":"Feature","geometry":{"type":"Point","coordinates":[74.63126,24.6632]},"properties":{"cell_id":"4933_14926","pred_class":"gas_flare","n_detections":40,"frp_mean":1.7995,"frp_max":4.74,"night_frac":1.0,"first_seen":"2024-01-06","last_seen":"2026-03-21","class_agreement":1.0,"top_reasons":"is_persistent=1 (+1.99); dist_industrial_km=2.702 (+1.86); dist_any_industry_km=2.702 (+1.02); inside_mining=0 (+1.00)"}},{"type":"Feature","geometry":{"type":"Point","coordinates":[74.63435,24.6631]},"properties":{"cell_id":"4933_14927","pred_class":"gas_flare","n_detections":82,"frp_mean":1.6488,"frp_max":4.04,"night_frac":1.0,"first_seen":"2024-01-06","last_seen":"2026-03-21","class_agreement":1.0,"top_reasons":"is_persistent=1 (+2.03); dist_industrial_km=2.393 (+2.02); dist_any_industry_km=2.393 (+1.09); inside_mining=0 (+1.06)"}},{"type":"Feature","geometry":{"type":"Point","coordinates":[83.98687,24.67031]},"properties":{"cell_id":"4934_16797","pred_class":"industrial_plant","n_detections":17,"frp_mean":0.5818,"frp_max":0.87,"night_frac":1.0,"first_seen":"2024-02-27","last_seen":"2026-01-26","class_agreement":1.0,"top_reasons":"dist_industrial_km=0.1201 (+3.59); is_persistent=1 (+2.26); inside_industrial=1 (+1.58); dist_thermal_plant_km=20.93 (+0.95)"}},{"type":"Feature","geometry":{"type":"Point","coordinates":[83.98879,24.67024]},"properties":{"cell_id":"4934_16798","pred_class":"industrial_plant","n_detections":28,"frp_mean":0.8157,"frp_max":7.83,"night_frac":0.9643,"first_seen":"2024-01-11","last_seen":"2026-04-05","class_agreement":1.0,"top_reasons":"dist_industrial_km=0.07689 (+3.74); is_persistent=1 (+2.42); inside_industrial=1 (+1.67); dist_thermal_plant_km=20.77 (+1.01)"}},{"type":"Feature","geometry":{"type":"Point","coordinates":[73.00148,24.69011]},"properties":{"cell_id":"4938_14600","pred_class":"thermal_power","n_detections":112,"frp_mean":1.3506,"frp_max":3.61,"night_frac":0.9911,"first_seen":"2024-01-01","last_seen":"2026-04-27","class_agreement":1.0,"top_reasons":"dist_thermal_plant_km=0.6881 (+9.21); is_persistent=1 (+0.56); dist_power_plant_km=1.484 (+0.38); nearest_plant_mw=66 (+0.17)"}},{"type":"Feature","geometry":{"type":"Point","coordinates":[73.0036,24.69019]},"properties":{"cell_id":"4938_14601","pred_class":"thermal_power","n_detections":152,"frp_mean":1.4729,"frp_max":4.9,"night_frac":0.9803,"first_seen":"2024-01-12","last_seen":"2026-04-24","class_agreement":1.0,"top_reasons":"dist_thermal_plant_km=0.7064 (+9.21); is_persistent=1 (+0.61); dist_power_plant_km=1.428 (+0.41); nearest_plant_mw=66 (+0.19)"}},{"type":"Feature","geometry":{"type":"Point","coordinates":[74.68048,24.6912]},"properties":{"cell_id":"4938_14936","pred_class":"thermal_power","n_detections":84,"frp_mean":1.0827,"frp_max":2.02,"night_frac":1.0,"first_seen":"2024-01-22","last_seen":"2026-03-22","class_agreement":1.0,"top_reasons":"dist_thermal_plant_km=0.8811 (+9.23); is_persistent=1 (+0.67); n_detections=84 (+0.27); nearest_plant_mw=10 (+0.23)"}},{"type":"Feature","geometry":{"type":"Point","coordinates":[74.67023,24.71453]},"properties":{"cell_id":"4943_14934","pred_class":"thermal_power","n_detections":99,"frp_mean":0.8145,"frp_max":1.79,"night_frac":1.0,"first_seen":"2024-01-13","last_seen":"2026-04-19","class_agreement":1.0,"top_reasons":"dist_thermal_plant_km=3.063 (+9.22); is_persistent=1 (+0.70); nearest_plant_mw=10 (+0.20); n_detections=99 (+0.19)"}},{"type":"Feature","geometry":{"type":"Point","coordinates":[75.95169,24.71482]},"properties":{"cell_id":"4943_15190","pred_class":"thermal_power","n_detections":58,"frp_mean":1.0169,"frp_max":2.08,"night_frac":1.0,"first_seen":"2024-01-21","last_seen":"2026-03-25","class_agreement":1.0,"top_reasons":"dist_thermal_plant_km=0.313 (+9.23); is_persistent=1 (+0.63); dist_power_plant_km=0.3038 (+0.44); nearest_plant_mw=25 (+0.20)"}},{"type":"Feature","geometry":{"type":"Point","coordinates":[75.95359,24.71473]},"properties":{"cell_id":"4943_15191","pred_class":"thermal_power","n_detections":75,"frp_mean":0.9513,"frp_max":2.14,"night_frac":1.0,"first_seen":"2024-01-19","last_seen":"2026-04-25","class_agreement":1.0,"top_reasons":"dist_thermal_plant_km=0.3486 (+9.22); is_persistent=1 (+0.63); dist_power_plant_km=0.3343 (+0.38); nearest_plant_mw=25 (+0.22)"}},{"type":"Feature","geometry":{"type":"Point","coordinates":[74.60607,24.76203]},"properties":{"cell_id":"4952_14921","pred_class":"thermal_power","n_detections":33,"frp_mean":1.7067,"frp_max":2.74,"night_frac":1.0,"first_seen":"2024-01-11","last_seen":"2026-04-05","class_agreement":1.0,"top_reasons":"dist_thermal_plant_km=0.5591 (+9.23); is_persistent=1 (+0.62); dist_power_plant_km=0.6533 (+0.39); nearest_plant_mw=98 (+0.19)"}},{"type":"Feature","geometry":{"type":"Point","coordinates":[74.60874,24.7619]},"properties":{"cell_id":"4952_14922","pred_class":"thermal_power","n_detections":40,"frp_mean":1.692,"frp_max":5.71,"night_frac":1.0,"first_seen":"2024-03-14","last_seen":"2026-04-24","class_agreement":1.0,"top_reasons":"dist_thermal_plant_km=0.4895 (+9.15); is_persistent=1 (+0.56); dist_power_plant_km=0.5403 (+0.36); nearest_plant_mw=98 (+0.13)"}},{"type":"Feature","geometry":{"type":"Point","coordinates":[74.60635,24.76404]},"properties":{"cell_id":"4953_14921","pred_class":"thermal_power","n_detections":146,"frp_mean":1.7829,"frp_max":7.38,"night_frac":1.0,"first_seen":"2024-01-13","last_seen":"2026-04-11","class_agreement":1.0,"top_reasons":"dist_thermal_plant_km=0.3675 (+9.21); is_persistent=1 (+0.60); dist_power_plant_km=0.4779 (+0.48); nearest_plant_mw=98 (+0.17)"}},{"type":"Feature","geometry":{"type":"Point","coordinates":[74.60878,24.76406]},"properties":{"cell_id":"4953_14922","pred_class":"thermal_power","n_detections":145,"frp_mean":1.6828,"frp_max":6.44,"night_frac":0.9655,"first_seen":"2024-01-03","last_seen":"2026-04-25","class_agreement":1.0,"top_reasons":"dist_thermal_plant_km=0.2502 (+9.21); is_persistent=1 (+0.63); dist_power_plant_km=0.3138 (+0.40); nearest_plant_mw=98 (+0.18)"}},{"type":"Feature","geometry":{"type":"Point","coordinates":[73.09179,24.82069]},"properties":{"cell_id":"4964_14618","pred_class":"thermal_power","n_detections":77,"frp_mean":1.4229,"frp_max":2.9,"night_frac":1.0,"first_seen":"2024-01-07","last_seen":"2026-04-18","class_agreement":1.0,"top_reasons":"dist_thermal_plant_km=0.6463 (+9.21); is_persistent=1 (+0.61); dist_power_plant_km=0.6847 (+0.37); nearest_plant_mw=69.6 (+0.19)"}},{"type":"Feature","geometry":{"type":"Point","coordinates":[73.09422,24.82093]},"properties":{"cell_id":"4964_14619","pred_class":"thermal_power","n_detections":267,"frp_mean":1.4696,"frp_max":5.13,"night_frac":1.0,"first_seen":"2024-01-02","last_seen":"2026-04-13","class_agreement":1.0,"top_reasons":"dist_thermal_plant_km=0.7275 (+9.21); is_persistent=1 (+0.60); dist_power_plant_km=0.7445 (+0.43); nearest_plant_mw=69.6 (+0.20)"}},{"type":"Feature","geometry":{"type":"Point","coordinates":[73.09431,24.82301]},"properties":{"cell_id":"4965_14619","pred_class":"thermal_power","n_detections":61,"frp_mean":1.2902,"frp_max":2.54,"night_frac":1.0,"first_seen":"2024-01-01","last_seen":"2026-03-26","class_agreement":1.0,"top_reasons":"dist_thermal_plant_km=0.5604 (+9.22); is_persistent=1 (+0.56); dist_power_plant_km=0.5612 (+0.37); nearest_plant_mw=69.6 (+0.18)"}},{"type":"Feature","geometry":{"type":"Point","coordinates":[91.82916,24.91032]},"properties":{"cell_id":"4982_18366","pred_class":"thermal_power","n_detections":28,"frp_mean":0.6471,"frp_max":1.01,"night_frac":1.0,"first_seen":"2024-03-05","last_seen":"2026-03-01","class_agreement":1.0,"top_reasons":"dist_thermal_plant_km=0.116 (+9.25); is_persistent=1 (+0.58); lc_built_1km=0.2066 (+0.27); frp_mean=0.6471 (+0.24)"}},{"type":"Feature","geometry":{"type":"Point","coordinates":[84.1553,24.92366]},"properties":{"cell_id":"4985_16831","pred_class":"industrial_plant","n_detections":51,"frp_mean":0.8194,"frp_max":2.06,"night_frac":1.0,"first_seen":"2024-01-03","last_seen":"2026-04-15","class_agreement":1.0,"top_reasons":"dist_industrial_km=0.6325 (+5.16); is_persistent=1 (+2.53); dist_thermal_plant_km=16.49 (+0.89); dist_mining_km=5.408 (+0.72)"}},{"type":"Feature","geometry":{"type":"Point","coordinates":[74.63406,24.93202]},"properties":{"cell_id":"4986_14927","pred_class":"thermal_power","n_detections":27,"frp_mean":1.0704,"frp_max":1.99,"night_frac":1.0,"first_seen":"2024-01-23","last_seen":"2026-04-08","class_agreement":1.0,"top_reasons":"dist_thermal_plant_km=0.403 (+9.24); is_persistent=1 (+0.62); dist_power_plant_km=1.322 (+0.39); nearest_plant_mw=35 (+0.21)"}},{"type":"Feature","geometry":{"type":"Point","coordinates":[84.14673,24.92967]},"properties":{"cell_id":"4986_16829","pred_class":"industrial_plant","n_detections":26,"frp_mean":0.755,"frp_max":2.07,"night_frac":1.0,"first_seen":"2024-02-16","last_seen":"2026-04-26","class_agreement":1.0,"top_reasons":"dist_industrial_km=0.3021 (+5.18); is_persistent=1 (+2.53); dist_thermal_plant_km=17.2 (+0.92); dist_mining_km=6.154 (+0.72)"}},{"type":"Feature","geometry":{"type":"Point","coordinates":[84.14868,24.92944]},"properties":{"cell_id":"4986_16830","pred_class":"industrial_plant","n_detections":40,"frp_mean":0.7808,"frp_max":1.66,"night_frac":1.0,"first_seen":"2024-01-27","last_seen":"2026-04-21","class_agreement":1.0,"top_reasons":"dist_industrial_km=0.1448 (+3.87); is_persistent=1 (+2.49); inside_industrial=1 (+1.65); dist_thermal_plant_km=17.16 (+1.04)"}},{"type":"Feature","geometry":{"type":"Point","coordinates":[74.63199,24.93406]},"properties":{"cell_id":"4987_14926","pred_class":"thermal_power","n_detections":47,"frp_mean":1.3117,"frp_max":2.51,"night_frac":1.0,"first_seen":"2024-01-24","last_seen":"2026-04-02","class_agreement":1.0,"top_reasons":"dist_thermal_plant_km=0.7109 (+9.22); is_persistent=1 (+0.62); dist_power_plant_km=1.483 (+0.37); nearest_plant_mw=35 (+0.22)"}},{"type":"Feature","geometry":{"type":"Point","coordinates":[74.63408,24.93395]},"properties":{"cell_id":"4987_14927","pred_class":"thermal_power","n_detections":158,"frp_mean":1.1676,"frp_max":2.15,"night_frac":1.0,"first_seen":"2024-01-06","last_seen":"2026-04-24","class_agreement":1.0,"top_reasons":"dist_thermal_plant_km=0.5805 (+9.21); is_persistent=1 (+0.60); dist_power_plant_km=1.524 (+0.41); nearest_plant_mw=35 (+0.22)"}},{"type":"Feature","geometry":{"type":"Point","coordinates":[87.37015,25.03192]},"properties":{"cell_id":"5006_17474","pred_class":"mining","n_detections":60,"frp_mean":1.766,"frp_max":4.51,"night_frac":0.9333,"first_seen":"2024-04-18","last_seen":"2026-04-24","class_agreement":1.0,"top_reasons":"inside_mining=1 (+7.24); dist_mining_km=1.802 (+2.18); dist_thermal_plant_km=24.99 (+0.19); lc_bare_1km=0.5537 (+0.16)"}},{"type":"Feature","geometry":{"type":"Point","coordinates":[87.37516,25.03151]},"properties":{"cell_id":"5006_17475","pred_class":"mining","n_detections":67,"frp_mean":2.1893,"frp_max":8.82,"night_frac":0.8806,"first_seen":"2024-04-15","last_seen":"2026-04-27","class_agreement":1.0,"top_reasons":"inside_mining=1 (+7.30); dist_mining_km=1.341 (+2.24); lc_bare_1km=0.7686 (+0.26); dist_thermal_plant_km=25.26 (+0.16)"}},{"type":"Feature","geometry":{"type":"Point","coordinates":[87.37029,25.03435]},"properties":{"cell_id":"5007_17474","pred_class":"industrial_plant","n_detections":274,"frp_mean":2.3944,"frp_max":9.88,"night_frac":0.7737,"first_seen":"2024-04-13","last_seen":"2026-04-27","class_agreement":1.0,"top_reasons":"dist_industrial_km=1.809 (+4.88); is_persistent=1 (+2.32); dist_thermal_plant_km=24.76 (+0.84); dist_mining_km=1.561 (+0.60)"}},{"type":"Feature","geometry":{"type":"Point","coordinates":[87.37451,25.03404]},"properties":{"cell_id":"5007_17475","pred_class":"industrial_plant","n_detections":155,"frp_mean":2.7829,"frp_max":11.01,"night_frac":0.729,"first_seen":"2024-04-14","last_seen":"2026-04-27","class_agreement":1.0,"top_reasons":"inside_industrial=1 (+2.77); dist_industrial_km=2.221 (+2.07); is_persistent=1 (+2.06); dist_thermal_plant_km=24.97 (+0.79)"}},{"type":"Feature","geometry":{"type":"Point","coordinates":[87.37865,25.0339]},"properties":{"cell_id":"5007_17476","pred_class":"mining","n_detections":40,"frp_mean":2.257,"frp_max":9.54,"night_frac":0.8,"first_seen":"2024-04-26","last_seen":"2026-04-25","class_agreement":1.0,"top_reasons":"dist_mining_km=0.919 (+9.01); lc_grass_1km=0.1901 (+0.34); dist_thermal_plant_km=25.18 (+0.28); lc_bare_1km=0.7769 (+0.19)"}},{"type":"Feature","geometry":{"type":"Point","coordinates":[87.37985,25.03983]},"properties":{"cell_id":"5008_17476","pred_class":"mining","n_detections":32,"frp_mean":1.9903,"frp_max":7.96,"night_frac":0.8125,"first_seen":"2025-06-06","last_seen":"2026-04-12","class_agreement":1.0,"top_reasons":"dist_mining_km=0.774 (+9.02); dist_thermal_plant_km=24.65 (+0.29); lc_bare_5km=0.1762 (+0.19); lc_bare_1km=0.7025 (+0.19)"}},{"type":"Feature","geometry":{"type":"Point","coordinates":[87.34178,25.04454]},"properties":{"cell_id":"5009_17468","pred_class":"industrial_plant","n_detections":17,"frp_mean":1.2271,"frp_max":3.6,"night_frac":0.8235,"first_seen":"2024-03-31","last_seen":"2026-04-07","class_agreement":1.0,"top_reasons":"dist_industrial_km=1.278 (+3.73); is_persistent=1 (+2.47); inside_industrial=1 (+1.50); dist_thermal_plant_km=22.59 (+0.97)"}},{"type":"Feature","geometry":{"type":"Point","coordinates":[87.34445,25.04451]},"properties":{"cell_id":"5009_17469","pred_class":"industrial_plant","n_detections":49,"frp_mean":1.111,"frp_max":3.9,"night_frac":0.9184,"first_seen":"2024-03-29","last_seen":"2026-04-06","class_agreement":1.0,"top_reasons":"dist_industrial_km=1.031 (+3.75); is_persistent=1 (+2.48); inside_industrial=1 (+1.65); dist_thermal_plant_km=22.69 (+0.98)"}},{"type":"Feature","geometry":{"type":"Point","coordinates":[82.88079,25.05987]},"properties":{"cell_id":"5012_16576","pred_class":"industrial_plant","n_detections":29,"frp_mean":0.5272,"frp_max":1.03,"night_frac":1.0,"first_seen":"2024-01-19","last_seen":"2026-04-10","class_agreement":1.0,"top_reasons":"dist_industrial_km=0.2145 (+3.55); is_persistent=1 (+2.45); inside_industrial=1 (+1.78); dist_thermal_plant_km=69.13 (+1.00)"}},{"type":"Feature","geometry":{"type":"Point","coordinates":[75.88901,25.13441]},"properties":{"cell_id":"5027_15178","pred_class":"thermal_power","n_detections":30,"frp_mean":0.6057,"frp_max":1.01,"night_frac":1.0,"first_seen":"2024-10-06","last_seen":"2026-02-14","class_agreement":1.0,"top_reasons":"dist_thermal_plant_km=0.4715 (+9.18); is_persistent=1 (+0.57); dist_power_plant_km=0.8335 (+0.43); nearest_plant_mw=125 (+0.15)"}},{"type":"Feature","geometry":{"type":"Point","coordinates":[71.76658,25.29925]},"properties":{"cell_id":"5060_14353","pred_class":"industrial_plant","n_detections":19,"frp_mean":0.6305,"frp_max":1.21,"night_frac":1.0,"first_seen":"2024-01-10","last_seen":"2025-02-04","class_agreement":1.0,"top_reasons":"dist_industrial_km=1.478 (+5.03); is_persistent=1 (+2.40); dist_thermal_plant_km=79.19 (+0.84); dist_mining_km=57.68 (+0.70)"}},{"type":"Feature","geometry":{"type":"Point","coordinates":[71.76899,25.29909]},"properties":{"cell_id":"5060_14354","pred_class":"industrial_plant","n_detections":47,"frp_mean":0.7596,"frp_max":2.47,"night_frac":1.0,"first_seen":"2024-08-24","last_seen":"2026-01-02","class_agreement":1.0,"top_reasons":"dist_industrial_km=1.721 (+5.07); is_persistent=1 (+2.42); dist_thermal_plant_km=79.34 (+0.84); dist_mining_km=57.51 (+0.69)"}},{"type":"Feature","geometry":{"type":"Point","coordinates":[83.01206,25.31083]},"properties":{"cell_id":"5062_16602","pred_class":"industrial_plant","n_detections":18,"frp_mean":0.9361,"frp_max":2.14,"night_frac":1.0,"first_seen":"2024-01-31","last_seen":"2026-04-05","class_agreement":1.0,"top_reasons":"dist_industrial_km=1.762 (+4.88); is_persistent=1 (+2.30); dist_thermal_plant_km=96.35 (+0.82); dist_mining_km=27.41 (+0.70)"}},{"type":"Feature","geometry":{"type":"Point","coordinates":[83.01406,25.31073]},"properties":{"cell_id":"5062_16603","pred_class":"industrial_plant","n_detections":102,"frp_mean":0.994,"frp_max":5.73,"night_frac":1.0,"first_seen":"2024-01-10","last_seen":"2026-04-20","class_agreement":1.0,"top_reasons":"dist_industrial_km=1.928 (+4.83); is_persistent=1 (+2.30); dist_thermal_plant_km=96.35 (+0.81); dist_mining_km=27.41 (+0.69)"}},{"type":"Feature","geometry":{"type":"Point","coordinates":[68.58054,25.38666]},"properties":{"cell_id":"5077_13716","pred_class":"gas_flare","n_detections":87,"frp_mean":1.2167,"frp_max":7.46,"night_frac":0.977,"first_seen":"2024-06-09","last_seen":"2026-04-25","class_agreement":1.0,"top_reasons":"is_persistent=1 (+0.74); dist_any_industry_km=172.5 (-0.68); dist_industrial_km=172.5 (+0.64); month_entropy=0.9542 (+0.43)"}},{"type":"Feature","geometry":{"type":"Point","coordinates":[68.58399,25.38648]},"properties":{"cell_id":"5077_13717","pred_class":"gas_flare","n_detections":98,"frp_mean":1.5316,"frp_max":8.56,"night_frac":0.898,"first_seen":"2024-05-25","last_seen":"2026-04-26","class_agreement":1.0,"top_reasons":"is_persistent=1 (+0.74); dist_any_industry_km=172.2 (-0.70); dist_industrial_km=172.2 (+0.62); month_entropy=0.9452 (+0.47)"}},{"type":"Feature","geometry":{"type":"Point","coordinates":[68.58082,25.38899]},"properties":{"cell_id":"5078_13716","pred_class":"gas_flare","n_detections":171,"frp_mean":1.4534,"frp_max":14.59,"night_frac":0.9474,"first_seen":"2024-02-15","last_seen":"2026-04-26","class_agreement":1.0,"top_reasons":"is_persistent=1 (+0.74); dist_any_industry_km=172.4 (-0.74); dist_industrial_km=172.4 (+0.63); month_entropy=0.932 (+0.41)"}},{"type":"Feature","geometry":{"type":"Point","coordinates":[68.58398,25.38888]},"properties":{"cell_id":"5078_13717","pred_class":"gas_flare","n_detections":209,"frp_mean":1.6273,"frp_max":17.13,"night_frac":0.8278,"first_seen":"2024-02-12","last_seen":"2026-04-27","class_agreement":1.0,"top_reasons":"dist_any_industry_km=172.1 (-0.77); is_persistent=1 (+0.77); dist_industrial_km=172.1 (+0.64); month_entropy=0.9441 (+0.46)"}},{"type":"Feature","geometry":{"type":"Point","coordinates":[68.56564,25.40046]},"properties":{"cell_id":"5080_13713","pred_class":"gas_flare","n_detections":259,"frp_mean":0.9235,"frp_max":4.64,"night_frac":0.9846,"first_seen":"2024-01-01","last_seen":"2026-01-30","class_agreement":0.9846,"top_reasons":"is_persistent=1 (+0.77); dist_industrial_km=173.6 (+0.63); dist_any_industry_km=173.6 (-0.61); month_entropy=0.9284 (+0.40)"}},{"type":"Feature","geometry":{"type":"Point","coordinates":[68.56822,25.40057]},"properties":{"cell_id":"5080_13714","pred_class":"gas_flare","n_detections":57,"frp_mean":0.907,"frp_max":3.26,"night_frac":0.9649,"first_seen":"2024-01-01","last_seen":"2025-11-17","class_agreement":0.9649,"top_reasons":"is_persistent=1 (+0.68); dist_industrial_km=173.3 (+0.53); dist_any_industry_km=173.3 (-0.42); inside_mining=0 (+0.33)"}},{"type":"Feature","geometry":{"type":"Point","coordinates":[68.56573,25.40327]},"properties":{"cell_id":"5081_13713","pred_class":"gas_flare","n_detections":32,"frp_mean":0.7275,"frp_max":1.24,"night_frac":1.0,"first_seen":"2024-01-06","last_seen":"2025-04-10","class_agreement":1.0,"top_reasons":"is_persistent=1 (+0.64); dist_industrial_km=173.5 (+0.55); dist_any_industry_km=173.5 (-0.46); month_entropy=0.7221 (+0.39)"}},{"type":"Feature","geometry":{"type":"Point","coordinates":[86.02566,25.41538]},"properties":{"cell_id":"5083_17205","pred_class":"thermal_power","n_detections":25,"frp_mean":2.1204,"frp_max":6.79,"night_frac":0.84,"first_seen":"2024-01-01","last_seen":"2026-03-29","class_agreement":1.0,"top_reasons":"dist_thermal_plant_km=1.765 (+9.22); is_persistent=1 (+0.53); lc_built_1km=0.3884 (+0.11); n_detections=25 (+0.08)"}},{"type":"Feature","geometry":{"type":"Point","coordinates":[86.06938,25.43624]},"properties":{"cell_id":"5087_17214","pred_class":"industrial_plant","n_detections":37,"frp_mean":2.5503,"frp_max":9.39,"night_frac":0.7027,"first_seen":"2024-01-24","last_seen":"2026-04-14","class_agreement":1.0,"top_reasons":"dist_industrial_km=1.091 (+3.03); is_persistent=1 (+2.35); inside_industrial=1 (+1.98); dist_thermal_plant_km=6.258 (+0.95)"}},{"type":"Feature","geometry":{"type":"Point","coordinates":[91.23529,25.54119]},"properties":{"cell_id":"5108_18247","pred_class":"gas_flare","n_detections":102,"frp_mean":0.8169,"frp_max":3.65,"night_frac":0.9902,"first_seen":"2024-03-06","last_seen":"2026-04-24","class_agreement":1.0,"top_reasons":"is_persistent=1 (+0.82); dist_any_industry_km=47.39 (-0.70); dist_industrial_km=47.39 (+0.63); inside_industrial=0 (+0.41)"}},{"type":"Feature","geometry":{"type":"Point","coordinates":[91.23519,25.54328]},"properties":{"cell_id":"5109_18247","pred_class":"gas_flare","n_detections":37,"frp_mean":0.8373,"frp_max":2.75,"night_frac":1.0,"first_seen":"2024-04-17","last_seen":"2026-03-27","class_agreement":1.0,"top_reasons":"is_persistent=1 (+0.78); dist_any_industry_km=47.16 (-0.62); dist_industrial_km=47.16 (+0.58); inside_industrial=0 (+0.41)"}},{"type":"Feature","geometry":{"type":"Point","coordinates":[68.69614,25.79483]},"properties":{"cell_id":"5159_13739","pred_class":"gas_flare","n_detections":81,"frp_mean":1.252,"frp_max":7.66,"night_frac":0.9506,"first_seen":"2024-01-01","last_seen":"2025-12-01","class_agreement":1.0,"top_reasons":"is_persistent=1 (+0.71); dist_industrial_km=134.9 (+0.60); dist_any_industry_km=134.9 (-0.59); month_entropy=0.9108 (+0.40)"}},{"type":"Feature","geometry":{"type":"Point","coordinates":[68.69888,25.79452]},"properties":{"cell_id":"5159_13740","pred_class":"gas_flare","n_detections":111,"frp_mean":1.4454,"frp_max":8.34,"night_frac":0.8559,"first_seen":"2024-01-01","last_seen":"2026-02-22","class_agreement":1.0,"top_reasons":"is_persistent=1 (+0.76); dist_any_industry_km=134.8 (-0.73); dist_industrial_km=134.8 (+0.62); month_entropy=0.9584 (+0.42)"}},{"type":"Feature","geometry":{"type":"Point","coordinates":[71.26897,25.96903]},"properties":{"cell_id":"5194_14254","pred_class":"mining","n_detections":15,"frp_mean":2.102,"frp_max":4.28,"night_frac":1.0,"first_seen":"2024-06-10","last_seen":"2026-04-06","class_agreement":1.0,"top_reasons":"dist_mining_km=0.8731 (+9.10); dist_thermal_plant_km=10.46 (+0.20); lc_shrub_1km=0.2727 (+0.12); lc_bare_1km=0.6694 (+0.09)"}},{"type":"Feature","geometry":{"type":"Point","coordinates":[93.89161,26.05916]},"properties":{"cell_id":"5212_18778","pred_class":"gas_flare","n_detections":47,"frp_mean":0.6047,"frp_max":3.37,"night_frac":1.0,"first_seen":"2024-01-01","last_seen":"2026-02-17","class_agreement":0.5532,"top_reasons":"is_persistent=1 (+0.79); dist_any_industry_km=13.19 (-0.60); dist_industrial_km=13.19 (+0.51); inside_mining=0 (+0.35)"}},{"type":"Feature","geometry":{"type":"Point","coordinates":[93.89346,26.05901]},"properties":{"cell_id":"5212_18779","pred_class":"gas_flare","n_detections":54,"frp_mean":0.4694,"frp_max":0.83,"night_frac":1.0,"first_seen":"2024-01-12","last_seen":"2026-03-06","class_agreement":1.0,"top_reasons":"is_persistent=1 (+0.84); dist_any_industry_km=13.36 (-0.63); dist_industrial_km=13.36 (+0.58); inside_mining=0 (+0.36)"}},{"type":"Feature","geometry":{"type":"Point","coordinates":[93.9289,26.06475]},"properties":{"cell_id":"5213_18786","pred_class":"wildfire","n_detections":22,"frp_mean":0.6745,"frp_max":1.93,"night_frac":1.0,"first_seen":"2024-01-16","last_seen":"2025-12-05","class_agreement":1.0,"top_reasons":"lc_built_5km=0.002314 (+1.49); is_persistent=1 (-1.09); lc_tree_1km=0.4876 (+0.78); dist_refinery_km=2022 (+0.67)"}},{"type":"Feature","geometry":{"type":"Point","coordinates":[93.95149,26.08565]},"properties":{"cell_id":"5217_18790","pred_class":"wildfire","n_detections":35,"frp_mean":0.4463,"frp_max":1.38,"night_frac":1.0,"first_seen":"2024-01-07","last_seen":"2026-03-17","class_agreement":1.0,"top_reasons":"lc_built_5km=0.002645 (+1.58); is_persistent=1 (-1.22); lc_tree_1km=0.4959 (+0.91); n_active_days=35 (-0.89)"}},{"type":"Feature","geometry":{"type":"Point","coordinates":[93.95333,26.08568]},"properties":{"cell_id":"5217_18791","pred_class":"wildfire","n_detections":28,"frp_mean":0.4064,"frp_max":0.87,"night_frac":1.0,"first_seen":"2024-01-02","last_seen":"2026-02-13","class_agreement":1.0,"top_reasons":"lc_built_5km=0.001983 (+1.56); n_active_days=26 (-1.16); lc_tree_1km=0.5785 (+0.98); is_persistent=1 (-0.93)"}},{"type":"Feature","geometry":{"type":"Point","coordinates":[68.87601,26.09163]},"properties":{"cell_id":"5218_13775","pred_class":"gas_flare","n_detections":26,"frp_mean":1.1246,"frp_max":2.6,"night_frac":1.0,"first_seen":"2024-01-20","last_seen":"2026-04-26","class_agreement":1.0,"top_reasons":"is_persistent=1 (+0.76); dist_any_industry_km=97.85 (-0.72); dist_industrial_km=97.85 (+0.67); month_entropy=0.8661 (+0.42)"}},{"type":"Feature","geometry":{"type":"Point","coordinates":[68.88005,26.09108]},"properties":{"cell_id":"5218_13776","pred_class":"gas_flare","n_detections":160,"frp_mean":1.1351,"frp_max":9.44,"night_frac":0.9437,"first_seen":"2024-01-01","last_seen":"2026-04-15","class_agreement":1.0,"top_reasons":"is_persistent=1 (+0.78); dist_any_industry_km=97.65 (-0.70); dist_industrial_km=97.65 (+0.64); month_entropy=0.8964 (+0.42)"}},{"type":"Feature","geometry":{"type":"Point","coordinates":[68.87638,26.09467]},"properties":{"cell_id":"5219_13775","pred_class":"gas_flare","n_detections":125,"frp_mean":1.3807,"frp_max":6.57,"night_frac":0.984,"first_seen":"2024-01-09","last_seen":"2026-04-27","class_agreement":1.0,"top_reasons":"is_persistent=1 (+0.78); dist_any_industry_km=97.57 (-0.68); dist_industrial_km=97.57 (+0.66); month_entropy=0.9439 (+0.46)"}},{"type":"Feature","geometry":{"type":"Point","coordinates":[68.87955,26.0943]},"properties":{"cell_id":"5219_13776","pred_class":"gas_flare","n_detections":403,"frp_mean":1.5746,"frp_max":9.56,"night_frac":0.8362,"first_seen":"2024-01-01","last_seen":"2026-04-27","class_agreement":1.0,"top_reasons":"is_persistent=1 (+0.79); dist_any_industry_km=97.4 (-0.73); dist_industrial_km=97.4 (+0.64); month_entropy=0.943 (+0.46)"}},{"type":"Feature","geometry":{"type":"Point","coordinates":[74.09573,26.25678]},"properties":{"cell_id":"5251_14819","pred_class":"agricultural_burn","n_detections":67,"frp_mean":0.8651,"frp_max":1.48,"night_frac":1.0,"first_seen":"2024-01-11","last_seen":"2026-04-13","class_agreement":0.5373,"top_reasons":"lc_crop_1km=0.9917 (+3.35); is_night=1 (-1.80); month=1 (-1.64); n_detections=67 (-0.38)"}},{"type":"Feature","geometry":{"type":"Point","coordinates":[74.09572,26.2587]},"properties":{"cell_id":"5252_14819","pred_class":"agricultural_burn","n_detections":113,"frp_mean":0.9223,"frp_max":2.18,"night_frac":1.0,"first_seen":"2024-01-11","last_seen":"2026-04-22","class_agreement":0.6195,"top_reasons":"lc_crop_1km=0.9917 (+3.35); is_night=1 (-1.80); month=1 (-1.64); n_detections=113 (-0.38)"}},{"type":"Feature","geometry":{"type":"Point","coordinates":[74.09798,26.25873]},"properties":{"cell_id":"5252_14820","pred_class":"agricultural_burn","n_detections":16,"frp_mean":0.725,"frp_max":1.38,"night_frac":1.0,"first_seen":"2024-01-23","last_seen":"2026-04-05","class_agreement":1.0,"top_reasons":"lc_crop_1km=1 (+3.57); is_night=1 (-1.73); month=1 (-1.65); doy_cos=0.9227 (-0.34)"}},{"type":"Feature","geometry":{"type":"Point","coordinates":[74.18695,26.26606]},"properties":{"cell_id":"5253_14837","pred_class":"thermal_power","n_detections":16,"frp_mean":1.16,"frp_max":2.15,"night_frac":1.0,"first_seen":"2024-01-10","last_seen":"2026-04-10","class_agreement":1.0,"top_reasons":"dist_thermal_plant_km=0.3507 (+9.09); is_persistent=1 (+0.66); dist_power_plant_km=0.392 (+0.22); ti4_ti5_diff=11.74 (+0.16)"}},{"type":"Feature","geometry":{"type":"Point","coordinates":[74.18894,26.26604]},"properties":{"cell_id":"5253_14838","pred_class":"thermal_power","n_detections":79,"frp_mean":1.2356,"frp_max":3.09,"night_frac":1.0,"first_seen":"2024-01-13","last_seen":"2026-04-20","class_agreement":1.0,"top_reasons":"dist_thermal_plant_km=0.357 (+9.22); is_persistent=1 (+0.63); dist_power_plant_km=0.4272 (+0.35); nearest_plant_mw=36 (+0.16)"}},{"type":"Feature","geometry":{"type":"Point","coordinates":[74.18701,26.26991]},"properties":{"cell_id":"5254_14837","pred_class":"thermal_power","n_detections":29,"frp_mean":1.6276,"frp_max":2.96,"night_frac":1.0,"first_seen":"2024-01-10","last_seen":"2026-04-10","class_agreement":1.0,"top_reasons":"dist_thermal_plant_km=0.7724 (+9.23); is_persistent=1 (+0.63); dist_power_plant_km=0.8196 (+0.30); nearest_plant_mw=36 (+0.15)"}},{"type":"Feature","geometry":{"type":"Point","coordinates":[74.18915,26.27049]},"properties":{"cell_id":"5254_14838","pred_class":"thermal_power","n_detections":164,"frp_mean":1.4302,"frp_max":3.17,"night_frac":1.0,"first_seen":"2024-01-03","last_seen":"2026-04-19","class_agreement":1.0,"top_reasons":"dist_thermal_plant_km=0.8437 (+9.21); is_persistent=1 (+0.62); dist_power_plant_km=0.9055 (+0.34); nearest_plant_mw=36 (+0.16)"}},{"type":"Feature","geometry":{"type":"Point","coordinates":[74.18988,26.27323]},"properties":{"cell_id":"5255_14838","pred_class":"thermal_power","n_detections":41,"frp_mean":1.1866,"frp_max":3.74,"night_frac":1.0,"first_seen":"2024-01-18","last_seen":"2026-04-24","class_agreement":1.0,"top_reasons":"dist_thermal_plant_km=1.156 (+9.22); is_persistent=1 (+0.63); dist_power_plant_km=1.218 (+0.34); nearest_plant_mw=36 (+0.16)"}},{"type":"Feature","geometry":{"type":"Point","coordinates":[74.12569,26.29672]},"properties":{"cell_id":"5259_14825","pred_class":"thermal_power","n_detections":44,"frp_mean":0.9314,"frp_max":1.78,"night_frac":1.0,"first_seen":"2024-01-24","last_seen":"2026-04-19","class_agreement":1.0,"top_reasons":"dist_thermal_plant_km=0.295 (+9.23); is_persistent=1 (+0.59); dist_power_plant_km=2.802 (+0.27); nearest_plant_mw=18.7 (+0.14)"}},{"type":"Feature","geometry":{"type":"Point","coordinates":[74.12531,26.29824]},"properties":{"cell_id":"5260_14825","pred_class":"thermal_power","n_detections":28,"frp_mean":1.2,"frp_max":3.03,"night_frac":1.0,"first_seen":"2024-01-03","last_seen":"2026-03-08","class_agreement":1.0,"top_reasons":"dist_thermal_plant_km=0.1915 (+9.20); is_persistent=1 (+0.60); dist_power_plant_km=2.66 (+0.29); nearest_plant_mw=18.7 (+0.15)"}},{"type":"Feature","geometry":{"type":"Point","coordinates":[90.53069,26.5216]},"properties":{"cell_id":"5304_18106","pred_class":"thermal_power","n_detections":34,"frp_mean":1.5912,"frp_max":5.33,"night_frac":0.8529,"first_seen":"2024-01-19","last_seen":"2026-04-14","class_agreement":1.0,"top_reasons":"dist_thermal_plant_km=0.8141 (+9.22); is_persistent=1 (+0.61); lc_built_1km=0.5455 (+0.33); frp_mean=1.591 (+0.17)"}},{"type":"Feature","geometry":{"type":"Point","coordinates":[90.53451,26.52137]},"properties":{"cell_id":"5304_18107","pred_class":"thermal_power","n_detections":24,"frp_mean":1.5208,"frp_max":4.64,"night_frac":0.9167,"first_seen":"2024-02-09","last_seen":"2026-02-06","class_agreement":1.0,"top_reasons":"dist_thermal_plant_km=0.9585 (+9.24); is_persistent=1 (+0.59); lc_built_1km=0.4628 (+0.36); frp_mean=1.521 (+0.17)"}},{"type":"Feature","geometry":{"type":"Point","coordinates":[90.53071,26.52387]},"properties":{"cell_id":"5305_18106","pred_class":"thermal_power","n_detections":35,"frp_mean":2.2149,"frp_max":8.87,"night_frac":0.8,"first_seen":"2024-03-06","last_seen":"2026-04-14","class_agreement":1.0,"top_reasons":"dist_thermal_plant_km=1.061 (+9.23); is_persistent=1 (+0.54); lc_built_1km=0.2975 (+0.33); dist_landfill_km=168.2 (+0.16)"}},{"type":"Feature","geometry":{"type":"Point","coordinates":[90.53405,26.52382]},"properties":{"cell_id":"5305_18107","pred_class":"thermal_power","n_detections":15,"frp_mean":1.7373,"frp_max":3.51,"night_frac":0.6667,"first_seen":"2024-05-10","last_seen":"2026-03-05","class_agreement":1.0,"top_reasons":"dist_thermal_plant_km=1.165 (+8.87); is_persistent=1 (+0.61); lc_built_1km=0.2314 (+0.30); frp_mean=1.737 (+0.24)"}},{"type":"Feature","geometry":{"type":"Point","coordinates":[73.68431,26.60509]},"properties":{"cell_id":"5321_14737","pred_class":"industrial_plant","n_detections":170,"frp_mean":0.933,"frp_max":3.71,"night_frac":1.0,"first_seen":"2024-01-02","last_seen":"2026-04-25","class_agreement":1.0,"top_reasons":"dist_industrial_km=0.143 (+3.61); is_persistent=1 (+2.43); inside_industrial=1 (+1.67); dist_thermal_plant_km=55.44 (+0.97)"}},{"type":"Feature","geometry":{"type":"Point","coordinates":[79.47598,26.64091]},"properties":{"cell_id":"5328_15895","pred_class":"industrial_plant","n_detections":197,"frp_mean":1.6833,"frp_max":18.39,"night_frac":0.9543,"first_seen":"2024-01-10","last_seen":"2026-04-25","class_agreement":1.0,"top_reasons":"dist_industrial_km=1.396 (+5.09); is_persistent=1 (+2.54); dist_thermal_plant_km=5.418 (+0.77); dist_mining_km=101.8 (+0.75)"}},{"type":"Feature","geometry":{"type":"Point","coordinates":[79.47947,26.64112]},"properties":{"cell_id":"5328_15896","pred_class":"industrial_plant","n_detections":299,"frp_mean":2.078,"frp_max":33.04,"night_frac":0.8863,"first_seen":"2024-01-10","last_seen":"2026-04-25","class_agreement":1.0,"top_reasons":"dist_industrial_km=1.056 (+3.12); is_persistent=1 (+2.50); inside_industrial=1 (+2.08); dist_thermal_plant_km=5.09 (+0.97)"}},{"type":"Feature","geometry":{"type":"Point","coordinates":[79.48327,26.6411]},"properties":{"cell_id":"5328_15897","pred_class":"industrial_plant","n_detections":20,"frp_mean":2.6615,"frp_max":7.87,"night_frac":0.8,"first_seen":"2024-02-23","last_seen":"2026-04-06","class_agreement":1.0,"top_reasons":"dist_industrial_km=0.7071 (+3.21); is_persistent=1 (+2.49); inside_industrial=1 (+2.05); dist_thermal_plant_km=4.728 (+1.01)"}},{"type":"Feature","geometry":{"type":"Point","coordinates":[79.47581,26.64394]},"properties":{"cell_id":"5329_15895","pred_class":"industrial_plant","n_detections":107,"frp_mean":1.9464,"frp_max":23.36,"night_frac":0.9533,"first_seen":"2024-01-22","last_seen":"2026-04-12","class_agreement":1.0,"top_reasons":"dist_industrial_km=1.369 (+5.06); is_persistent=1 (+2.54); dist_thermal_plant_km=5.531 (+0.77); dist_mining_km=101.6 (+0.75)"}},{"type":"Feature","geometry":{"type":"Point","coordinates":[79.47994,26.64394]},"properties":{"cell_id":"5329_15896","pred_class":"industrial_plant","n_detections":320,"frp_mean":1.9715,"frp_max":18.39,"night_frac":0.8812,"first_seen":"2024-01-10","last_seen":"2026-04-24","class_agreement":1.0,"top_reasons":"dist_industrial_km=0.9575 (+3.00); is_persistent=1 (+2.50); inside_industrial=1 (+2.14); dist_thermal_plant_km=5.143 (+0.99)"}},{"type":"Feature","geometry":{"type":"Point","coordinates":[79.48343,26.64404]},"properties":{"cell_id":"5329_15897","pred_class":"industrial_plant","n_detections":71,"frp_mean":2.8276,"frp_max":14.48,"night_frac":0.8028,"first_seen":"2024-01-11","last_seen":"2026-04-23","class_agreement":1.0,"top_reasons":"dist_industrial_km=0.6114 (+2.96); is_persistent=1 (+2.51); inside_industrial=1 (+2.15); dist_thermal_plant_km=4.823 (+1.00)"}},{"type":"Feature","geometry":{"type":"Point","coordinates":[83.19684,26.7598]},"properties":{"cell_id":"5352_16639","pred_class":"gas_flare","n_detections":46,"frp_mean":1.6091,"frp_max":2.88,"night_frac":1.0,"first_seen":"2024-01-23","last_seen":"2026-04-02","class_agreement":1.0,"top_reasons":"is_persistent=1 (+2.07); dist_industrial_km=2.56 (+1.96); inside_mining=0 (+1.08); dist_any_industry_km=2.56 (+0.98)"}},{"type":"Feature","geometry":{"type":"Point","coordinates":[83.19974,26.76002]},"properties":{"cell_id":"5352_16640","pred_class":"gas_flare","n_detections":476,"frp_mean":1.6161,"frp_max":5.57,"night_frac":0.9895,"first_seen":"2024-01-01","last_seen":"2026-04-26","class_agreement":1.0,"top_reasons":"dist_industrial_km=2.275 (+2.11); is_persistent=1 (+1.95); inside_mining=0 (+1.21); dist_any_industry_km=2.275 (+1.20)"}},{"type":"Feature","geometry":{"type":"Point","coordinates":[83.20518,26.76022]},"properties":{"cell_id":"5352_16641","pred_class":"industrial_plant","n_detections":98,"frp_mean":1.0984,"frp_max":2.12,"night_frac":1.0,"first_seen":"2024-01-26","last_seen":"2026-04-21","class_agreement":1.0,"top_reasons":"dist_industrial_km=1.753 (+5.23); is_persistent=1 (+2.57); dist_thermal_plant_km=62.99 (+0.89); dist_mining_km=18.22 (+0.75)"}},{"type":"Feature","geometry":{"type":"Point","coordinates":[83.19977,26.76283]},"properties":{"cell_id":"5353_16640","pred_class":"gas_flare","n_detections":16,"frp_mean":1.2075,"frp_max":3.11,"night_frac":1.0,"first_seen":"2024-01-19","last_seen":"2026-03-28","class_agreement":1.0,"top_reasons":"is_persistent=1 (+1.92); dist_industrial_km=2.21 (+1.85); inside_mining=0 (+1.11); dist_any_industry_km=2.21 (+1.08)"}},{"type":"Feature","geometry":{"type":"Point","coordinates":[94.50548,26.77164]},"properties":{"cell_id":"5354_18901","pred_class":"wildfire","n_detections":47,"frp_mean":0.7696,"frp_max":2.63,"night_frac":0.9787,"first_seen":"2024-01-02","last_seen":"2026-04-24","class_agreement":1.0,"top_reasons":"lc_built_5km=0.004959 (+1.23); n_active_days=44 (-1.10); lc_tree_1km=0.7273 (+1.04); is_persistent=1 (-0.91)"}},{"type":"Feature","geometry":{"type":"Point","coordinates":[94.50568,26.77383]},"properties":{"cell_id":"5355_18901","pred_class":"wildfire","n_detections":38,"frp_mean":0.6766,"frp_max":2.51,"night_frac":1.0,"first_seen":"2024-01-06","last_seen":"2026-02-23","class_agreement":1.0,"top_reasons":"lc_built_5km=0.004959 (+1.23); n_active_days=34 (-1.10); lc_tree_1km=0.7355 (+1.04); is_persistent=1 (-0.91)"}},{"type":"Feature","geometry":{"type":"Point","coordinates":[94.50792,26.77354]},"properties":{"cell_id":"5355_18902","pred_class":"wildfire","n_detections":16,"frp_mean":0.5813,"frp_max":1.51,"night_frac":1.0,"first_seen":"2024-01-06","last_seen":"2026-02-19","class_agreement":1.0,"top_reasons":"lc_tree_1km=0.7603 (+1.33); is_persistent=1 (-0.91); lc_built_5km=0.004959 (+0.88); dist_refinery_km=2118 (+0.69)"}},{"type":"Feature","geometry":{"type":"Point","coordinates":[94.67087,26.78529]},"properties":{"cell_id":"5357_18934","pred_class":"industrial_plant","n_detections":41,"frp_mean":0.6737,"frp_max":3.71,"night_frac":1.0,"first_seen":"2024-01-04","last_seen":"2025-01-19","class_agreement":1.0,"top_reasons":"dist_industrial_km=1.791 (+4.83); is_persistent=1 (+2.44); dist_thermal_plant_km=33.72 (+0.87); dist_mining_km=5.524 (+0.74)"}},{"type":"Feature","geometry":{"type":"Point","coordinates":[94.68962,26.79433]},"properties":{"cell_id":"5359_18938","pred_class":"industrial_plant","n_detections":58,"frp_mean":0.6534,"frp_max":2.09,"night_frac":1.0,"first_seen":"2024-01-01","last_seen":"2025-03-25","class_agreement":1.0,"top_reasons":"dist_industrial_km=0.3925 (+5.10); is_persistent=1 (+2.50); dist_thermal_plant_km=31.78 (+0.90); dist_mining_km=4.037 (+0.75)"}},{"type":"Feature","geometry":{"type":"Point","coordinates":[83.36043,26.82442]},"properties":{"cell_id":"5365_16672","pred_class":"industrial_plant","n_detections":20,"frp_mean":1.949,"frp_max":4.92,"night_frac":1.0,"first_seen":"2024-04-19","last_seen":"2026-04-02","class_agreement":1.0,"top_reasons":"dist_industrial_km=0.7263 (+3.27); is_persistent=1 (+2.49); inside_industrial=1 (+1.83); dist_thermal_plant_km=79.87 (+0.96)"}},{"type":"Feature","geometry":{"type":"Point","coordinates":[73.51562,26.8753]},"properties":{"cell_id":"5375_14703","pred_class":"mining","n_detections":290,"frp_mean":1.1877,"frp_max":4.24,"night_frac":1.0,"first_seen":"2024-01-01","last_seen":"2026-04-24","class_agreement":1.0,"top_reasons":"dist_mining_km=0.8574 (+9.18); dist_thermal_plant_km=88.13 (+0.47); lc_bare_5km=0.1511 (+0.21); dist_refinery_km=167.4 (+0.19)"}},{"type":"Feature","geometry":{"type":"Point","coordinates":[73.51805,26.87423]},"properties":{"cell_id":"5375_14704","pred_class":"mining","n_detections":60,"frp_mean":0.9558,"frp_max":2.16,"night_frac":1.0,"first_seen":"2024-01-02","last_seen":"2026-04-07","class_agreement":1.0,"top_reasons":"dist_mining_km=0.7165 (+9.19); dist_thermal_plant_km=87.88 (+0.44); lc_bare_5km=0.1498 (+0.22); dist_refinery_km=167.5 (+0.19)"}},{"type":"Feature","geometry":{"type":"Point","coordinates":[73.51207,26.88005]},"properties":{"cell_id":"5376_14702","pred_class":"mining","n_detections":22,"frp_mean":0.9227,"frp_max":1.43,"night_frac":1.0,"first_seen":"2024-01-22","last_seen":"2026-03-25","class_agreement":1.0,"top_reasons":"dist_mining_km=0.8682 (+9.19); dist_thermal_plant_km=88.76 (+0.40); lc_bare_5km=0.156 (+0.21); dist_refinery_km=167.4 (+0.17)"}},{"type":"Feature","geometry":{"type":"Point","coordinates":[73.5146,26.87895]},"properties":{"cell_id":"5376_14703","pred_class":"mining","n_detections":227,"frp_mean":1.1059,"frp_max":3.11,"night_frac":1.0,"first_seen":"2024-01-02","last_seen":"2026-04-22","class_agreement":1.0,"top_reasons":"dist_mining_km=0.7067 (+9.16); dist_thermal_plant_km=88.5 (+0.45); lc_bare_5km=0.165 (+0.20); dist_refinery_km=167.5 (+0.18)"}},{"type":"Feature","geometry":{"type":"Point","coordinates":[95.05937,26.91906]},"properties":{"cell_id":"5384_19012","pred_class":"industrial_plant","n_detections":19,"frp_mean":0.5926,"frp_max":1.16,"night_frac":1.0,"first_seen":"2024-12-02","last_seen":"2026-02-10","class_agreement":1.0,"top_reasons":"dist_industrial_km=0.555 (+5.01); is_persistent=1 (+2.49); dist_thermal_plant_km=20.87 (+0.90); dist_mining_km=13 (+0.74)"}},{"type":"Feature","geometry":{"type":"Point","coordinates":[73.46872,26.9263]},"properties":{"cell_id":"5385_14694","pred_class":"gas_flare","n_detections":68,"frp_mean":0.8228,"frp_max":1.69,"night_frac":1.0,"first_seen":"2024-01-02","last_seen":"2026-04-17","class_agreement":1.0,"top_reasons":"is_persistent=1 (+0.93); dist_industrial_km=10.73 (+0.68); dist_any_industry_km=10.73 (-0.61); inside_mining=0 (+0.47)"}},{"type":"Feature","geometry":{"type":"Point","coordinates":[73.46884,26.92842]},"properties":{"cell_id":"5386_14694","pred_class":"gas_flare","n_detections":32,"frp_mean":0.8041,"frp_max":1.24,"night_frac":1.0,"first_seen":"2024-01-18","last_seen":"2026-02-13","class_agreement":1.0,"top_reasons":"is_persistent=1 (+0.90); dist_any_industry_km=10.84 (-0.69); dist_industrial_km=10.84 (+0.66); inside_mining=0 (+0.48)"}},{"type":"Feature","geometry":{"type":"Point","coordinates":[94.89018,27.03066]},"properties":{"cell_id":"5406_18978","pred_class":"thermal_power","n_detections":35,"frp_mean":1.6209,"frp_max":7.54,"night_frac":0.7143,"first_seen":"2024-01-02","last_seen":"2026-02-12","class_agreement":1.0,"top_reasons":"dist_thermal_plant_km=1.17 (+9.18); is_persistent=1 (+0.53); lc_built_1km=0.04132 (+0.24); frp_mean=1.621 (+0.23)"}},{"type":"Feature","geometry":{"type":"Point","coordinates":[73.81643,27.08042]},"properties":{"cell_id":"5416_14763","pred_class":"gas_flare","n_detections":52,"frp_mean":0.9238,"frp_max":4.03,"night_frac":1.0,"first_seen":"2024-01-01","last_seen":"2026-03-06","class_agreement":1.0,"top_reasons":"is_persistent=1 (+0.89); dist_industrial_km=15.53 (+0.60); dist_any_industry_km=15.53 (-0.55); inside_mining=0 (+0.39)"}},{"type":"Feature","geometry":{"type":"Point","coordinates":[73.81834,27.08018]},"properties":{"cell_id":"5416_14764","pred_class":"gas_flare","n_detections":34,"frp_mean":0.8862,"frp_max":1.44,"night_frac":1.0,"first_seen":"2024-02-01","last_seen":"2026-04-18","class_agreement":1.0,"top_reasons":"is_persistent=1 (+0.86); dist_industrial_km=15.67 (+0.61); dist_any_industry_km=15.67 (-0.58); inside_mining=0 (+0.39)"}},{"type":"Feature","geometry":{"type":"Point","coordinates":[94.93073,27.156]},"properties":{"cell_id":"5431_18986","pred_class":"gas_flare","n_detections":18,"frp_mean":1.0333,"frp_max":2.14,"night_frac":0.7222,"first_seen":"2024-10-17","last_seen":"2026-02-18","class_agreement":1.0,"top_reasons":"is_persistent=1 (+1.62); dist_industrial_km=2.541 (+1.46); dist_any_industry_km=2.541 (+0.86); inside_mining=0 (+0.74)"}},{"type":"Feature","geometry":{"type":"Point","coordinates":[95.34525,27.221]},"properties":{"cell_id":"5444_19069","pred_class":"agricultural_burn","n_detections":69,"frp_mean":0.7239,"frp_max":2.38,"night_frac":1.0,"first_seen":"2024-12-05","last_seen":"2026-04-18","class_agreement":1.0,"top_reasons":"lc_crop_1km=0.8182 (+4.00); is_night=1 (-1.90); bright_ti4=302.1 (-0.55); night_ratio=1 (-0.50)"}},{"type":"Feature","geometry":{"type":"Point","coordinates":[95.34538,27.22327]},"properties":{"cell_id":"5445_19069","pred_class":"agricultural_burn","n_detections":32,"frp_mean":0.6706,"frp_max":1.92,"night_frac":0.9375,"first_seen":"2024-11-27","last_seen":"2026-04-24","class_agreement":1.0,"top_reasons":"lc_crop_1km=0.843 (+4.41); is_night=1 (-2.68); bright_ti4=301 (-0.79); night_ratio=0.9375 (-0.58)"}},{"type":"Feature","geometry":{"type":"Point","coordinates":[95.1499,27.26066]},"properties":{"cell_id":"5452_19030","pred_class":"wildfire","n_detections":21,"frp_mean":0.4181,"frp_max":0.72,"night_frac":1.0,"first_seen":"2024-01-03","last_seen":"2026-02-08","class_agreement":1.0,"top_reasons":"lc_built_5km=0.001983 (+1.52); lc_tree_1km=0.6281 (+1.14); is_persistent=1 (-0.93); dist_refinery_km=2201 (+0.54)"}},{"type":"Feature","geometry":{"type":"Point","coordinates":[95.26567,27.31643]},"properties":{"cell_id":"5463_19053","pred_class":"gas_flare","n_detections":128,"frp_mean":0.9801,"frp_max":2.51,"night_frac":0.9609,"first_seen":"2024-01-04","last_seen":"2026-04-23","class_agreement":1.0,"top_reasons":"is_persistent=1 (+0.81); dist_industrial_km=3.174 (+0.66); dist_any_industry_km=3.174 (-0.60); peak_month_share=0.2891 (-0.35)"}},{"type":"Feature","geometry":{"type":"Point","coordinates":[95.26804,27.31662]},"properties":{"cell_id":"5463_19054","pred_class":"gas_flare","n_detections":32,"frp_mean":1.1316,"frp_max":3.45,"night_frac":0.875,"first_seen":"2024-01-07","last_seen":"2026-02-19","class_agreement":1.0,"top_reasons":"is_persistent=1 (+1.92); dist_industrial_km=2.978 (+1.69); dist_any_industry_km=2.978 (+1.10); inside_mining=0 (+0.98)"}},{"type":"Feature","geometry":{"type":"Point","coordinates":[95.26557,27.3188]},"properties":{"cell_id":"5464_19053","pred_class":"gas_flare","n_detections":181,"frp_mean":1.1432,"frp_max":3.36,"night_frac":0.9613,"first_seen":"2024-01-03","last_seen":"2026-04-07","class_agreement":1.0,"top_reasons":"is_persistent=1 (+1.68); dist_industrial_km=3.03 (+1.65); dist_any_industry_km=3.03 (+0.94); inside_mining=0 (+0.85)"}},{"type":"Feature","geometry":{"type":"Point","coordinates":[95.26798,27.3187]},"properties":{"cell_id":"5464_19054","pred_class":"gas_flare","n_detections":39,"frp_mean":1.0828,"frp_max":2.0,"night_frac":0.9744,"first_seen":"2024-01-22","last_seen":"2026-02-17","class_agreement":1.0,"top_reasons":"is_persistent=1 (+2.02); dist_industrial_km=2.84 (+1.71); dist_any_industry_km=2.84 (+0.93); inside_mining=0 (+0.90)"}},{"type":"Feature","geometry":{"type":"Point","coordinates":[77.69425,27.3738]},"properties":{"cell_id":"5475_15539","pred_class":"industrial_plant","n_detections":18,"frp_mean":2.4794,"frp_max":13.46,"night_frac":0.8333,"first_seen":"2024-10-05","last_seen":"2025-12-02","class_agreement":1.0,"top_reasons":"dist_industrial_km=1.045 (+5.12); is_persistent=1 (+2.50); dist_thermal_plant_km=76.22 (+0.90); dist_mining_km=37.18 (+0.79)"}},{"type":"Feature","geometry":{"type":"Point","coordinates":[95.08645,27.37638]},"properties":{"cell_id":"5475_19017","pred_class":"industrial_plant","n_detections":76,"frp_mean":0.8708,"frp_max":3.32,"night_frac":0.9868,"first_seen":"2024-01-01","last_seen":"2026-04-27","class_agreement":1.0,"top_reasons":"dist_industrial_km=0.6365 (+5.12); is_persistent=1 (+2.56); dist_thermal_plant_km=32 (+0.81); dist_mining_km=11.33 (+0.72)"}},{"type":"Feature","geometry":{"type":"Point","coordinates":[95.08868,27.37639]},"properties":{"cell_id":"5475_19018","pred_class":"industrial_plant","n_detections":59,"frp_mean":0.7753,"frp_max":2.78,"night_frac":0.8983,"first_seen":"2024-01-05","last_seen":"2026-04-27","class_agreement":1.0,"top_reasons":"dist_industrial_km=0.4529 (+5.13); is_persistent=1 (+2.56); dist_thermal_plant_km=31.78 (+0.89); dist_mining_km=11.51 (+0.73)"}},{"type":"Feature","geometry":{"type":"Point","coordinates":[95.33461,27.37662]},"properties":{"cell_id":"5475_19067","pred_class":"industrial_plant","n_detections":56,"frp_mean":1.9077,"frp_max":6.21,"night_frac":0.6429,"first_seen":"2024-11-10","last_seen":"2026-04-03","class_agreement":1.0,"top_reasons":"dist_industrial_km=0.4427 (+5.07); is_persistent=1 (+2.53); dist_thermal_plant_km=8.259 (+0.90); dist_mining_km=10.66 (+0.73)"}},{"type":"Feature","geometry":{"type":"Point","coordinates":[95.08652,27.37852]},"properties":{"cell_id":"5476_19017","pred_class":"industrial_plant","n_detections":45,"frp_mean":0.6987,"frp_max":2.15,"night_frac":1.0,"first_seen":"2024-01-02","last_seen":"2026-02-19","class_agreement":1.0,"top_reasons":"dist_industrial_km=0.5579 (+5.15); is_persistent=1 (+2.55); dist_thermal_plant_km=32.02 (+0.89); dist_mining_km=11.48 (+0.71)"}},{"type":"Feature","geometry":{"type":"Point","coordinates":[95.08855,27.37827]},"properties":{"cell_id":"5476_19018","pred_class":"industrial_plant","n_detections":58,"frp_mean":0.7034,"frp_max":2.47,"night_frac":0.9655,"first_seen":"2024-01-08","last_seen":"2026-02-14","class_agreement":1.0,"top_reasons":"dist_industrial_km=0.3651 (+5.12); is_persistent=1 (+2.55); dist_thermal_plant_km=31.82 (+0.89); dist_mining_km=11.44 (+0.73)"}},{"type":"Feature","geometry":{"type":"Point","coordinates":[95.33492,27.37872]},"properties":{"cell_id":"5476_19067","pred_class":"industrial_plant","n_detections":65,"frp_mean":2.3054,"frp_max":12.6,"night_frac":0.5846,"first_seen":"2024-05-25","last_seen":"2026-04-19","class_agreement":1.0,"top_reasons":"dist_industrial_km=0.3852 (+3.78); is_persistent=1 (+2.48); inside_industrial=1 (+1.59); dist_thermal_plant_km=8.347 (+1.05)"}},{"type":"Feature","geometry":{"type":"Point","coordinates":[95.47572,27.46062]},"properties":{"cell_id":"5492_19095","pred_class":"gas_flare","n_detections":219,"frp_mean":1.1214,"frp_max":5.63,"night_frac":0.8447,"first_seen":"2024-01-02","last_seen":"2026-02-02","class_agreement":1.0,"top_reasons":"is_persistent=1 (+0.91); dist_industrial_km=3.921 (+0.81); dist_any_industry_km=3.921 (-0.73); inside_mining=0 (+0.50)"}},{"type":"Feature","geometry":{"type":"Point","coordinates":[95.47814,27.46096]},"properties":{"cell_id":"5492_19096","pred_class":"gas_flare","n_detections":47,"frp_mean":1.2766,"frp_max":4.58,"night_frac":0.7872,"first_seen":"2024-01-02","last_seen":"2025-12-14","class_agreement":1.0,"top_reasons":"is_persistent=1 (+0.80); dist_any_industry_km=4.111 (-0.69); dist_industrial_km=4.111 (+0.67); inside_mining=0 (+0.45)"}},{"type":"Feature","geometry":{"type":"Point","coordinates":[95.42116,27.46697]},"properties":{"cell_id":"5493_19084","pred_class":"gas_flare","n_detections":20,"frp_mean":0.832,"frp_max":1.46,"night_frac":1.0,"first_seen":"2024-01-09","last_seen":"2026-04-10","class_agreement":1.0,"top_reasons":"is_persistent=1 (+0.94); dist_industrial_km=3.304 (+0.75); dist_any_industry_km=3.304 (-0.71); inside_mining=0 (+0.45)"}},{"type":"Feature","geometry":{"type":"Point","coordinates":[95.47563,27.46321]},"properties":{"cell_id":"5493_19095","pred_class":"gas_flare","n_detections":55,"frp_mean":0.8929,"frp_max":2.75,"night_frac":0.9455,"first_seen":"2024-01-07","last_seen":"2025-11-10","class_agreement":1.0,"top_reasons":"is_persistent=1 (+0.83); dist_any_industry_km=4.135 (-0.68); dist_industrial_km=4.135 (+0.65); inside_mining=0 (+0.44)"}},{"type":"Feature","geometry":{"type":"Point","coordinates":[95.42135,27.46943]},"properties":{"cell_id":"5494_19084","pred_class":"gas_flare","n_detections":87,"frp_mean":0.9833,"frp_max":2.62,"night_frac":0.954,"first_seen":"2024-01-03","last_seen":"2026-02-15","class_agreement":1.0,"top_reasons":"is_persistent=1 (+0.91); dist_industrial_km=3.173 (+0.66); dist_any_industry_km=3.173 (-0.60); inside_mining=0 (+0.40)"}},{"type":"Feature","geometry":{"type":"Point","coordinates":[95.42363,27.4693]},"properties":{"cell_id":"5494_19085","pred_class":"gas_flare","n_detections":115,"frp_mean":0.8535,"frp_max":2.38,"night_frac":0.913,"first_seen":"2024-01-01","last_seen":"2026-04-10","class_agreement":1.0,"top_reasons":"is_persistent=1 (+0.81); dist_industrial_km=3.376 (+0.67); dist_any_industry_km=3.376 (-0.65); month_entropy=0.7119 (+0.40)"}},{"type":"Feature","geometry":{"type":"Point","coordinates":[95.39974,27.53503]},"properties":{"cell_id":"5507_19080","pred_class":"wildfire","n_detections":46,"frp_mean":0.6296,"frp_max":1.08,"night_frac":1.0,"first_seen":"2024-01-02","last_seen":"2026-04-23","class_agreement":1.0,"top_reasons":"lc_tree_1km=0.9091 (+1.50); lc_built_5km=0.003306 (+1.30); n_active_days=44 (-0.89); is_persistent=1 (-0.52)"}},{"type":"Feature","geometry":{"type":"Point","coordinates":[95.40083,27.60521]},"properties":{"cell_id":"5521_19080","pred_class":"wildfire","n_detections":225,"frp_mean":1.0668,"frp_max":5.1,"night_frac":0.96,"first_seen":"2024-01-02","last_seen":"2026-04-15","class_agreement":1.0,"top_reasons":"lc_tree_1km=0.9339 (+1.33); lc_built_5km=0.002975 (+1.29); n_active_days=183 (-1.11); is_persistent=1 (-0.90)"}},{"type":"Feature","geometry":{"type":"Point","coordinates":[95.40346,27.60523]},"properties":{"cell_id":"5521_19081","pred_class":"wildfire","n_detections":118,"frp_mean":1.2098,"frp_max":4.0,"night_frac":0.7712,"first_seen":"2024-01-04","last_seen":"2026-04-15","class_agreement":1.0,"top_reasons":"lc_tree_1km=0.8678 (+1.33); lc_built_5km=0.002975 (+1.31); n_active_days=107 (-1.10); is_persistent=1 (-0.90)"}},{"type":"Feature","geometry":{"type":"Point","coordinates":[95.40058,27.60794]},"properties":{"cell_id":"5522_19080","pred_class":"wildfire","n_detections":24,"frp_mean":1.0988,"frp_max":2.35,"night_frac":1.0,"first_seen":"2024-01-19","last_seen":"2026-04-15","class_agreement":1.0,"top_reasons":"lc_tree_1km=0.9174 (+1.44); lc_built_5km=0.002975 (+1.23); is_persistent=1 (-0.90); n_active_days=22 (-0.48)"}},{"type":"Feature","geometry":{"type":"Point","coordinates":[76.12986,27.66675]},"properties":{"cell_id":"5533_15226","pred_class":"industrial_plant","n_detections":104,"frp_mean":1.4925,"frp_max":4.88,"night_frac":1.0,"first_seen":"2024-01-02","last_seen":"2026-04-23","class_agreement":1.0,"top_reasons":"dist_industrial_km=0.1551 (+3.33); is_persistent=1 (+2.38); inside_industrial=1 (+1.83); dist_thermal_plant_km=94.08 (+0.96)"}},{"type":"Feature","geometry":{"type":"Point","coordinates":[76.13418,27.66705]},"properties":{"cell_id":"5533_15227","pred_class":"industrial_plant","n_detections":20,"frp_mean":1.0615,"frp_max":2.33,"night_frac":1.0,"first_seen":"2024-09-20","last_seen":"2026-02-28","class_agreement":1.0,"top_reasons":"dist_industrial_km=0.4395 (+3.60); is_persistent=1 (+2.32); inside_industrial=1 (+1.72); dist_thermal_plant_km=93.95 (+0.99)"}},{"type":"Feature","geometry":{"type":"Point","coordinates":[76.13005,27.66869]},"properties":{"cell_id":"5534_15226","pred_class":"industrial_plant","n_detections":169,"frp_mean":1.5485,"frp_max":3.17,"night_frac":1.0,"first_seen":"2024-01-07","last_seen":"2026-04-19","class_agreement":1.0,"top_reasons":"dist_industrial_km=0.3681 (+3.20); is_persistent=1 (+2.38); inside_industrial=1 (+1.89); dist_thermal_plant_km=93.86 (+0.96)"}},{"type":"Feature","geometry":{"type":"Point","coordinates":[76.13437,27.66866]},"properties":{"cell_id":"5534_15227","pred_class":"industrial_plant","n_detections":83,"frp_mean":1.0502,"frp_max":2.51,"night_frac":1.0,"first_seen":"2024-03-07","last_seen":"2026-03-29","class_agreement":1.0,"top_reasons":"dist_industrial_km=0.5545 (+3.53); is_persistent=1 (+2.41); inside_industrial=1 (+1.76); dist_thermal_plant_km=93.77 (+1.04)"}},{"type":"Feature","geometry":{"type":"Point","coordinates":[84.81544,27.72595]},"properties":{"cell_id":"5545_16963","pred_class":"wildfire","n_detections":44,"frp_mean":0.5073,"frp_max":0.79,"night_frac":1.0,"first_seen":"2024-02-16","last_seen":"2026-04-25","class_agreement":1.0,"top_reasons":"lc_built_5km=0 (+2.05); n_active_days=42 (-1.14); is_persistent=1 (-0.98); lc_tree_1km=0.5207 (+0.96)"}},{"type":"Feature","geometry":{"type":"Point","coordinates":[69.36934,28.05122]},"properties":{"cell_id":"5610_13874","pred_class":"thermal_power","n_detections":79,"frp_mean":2.4589,"frp_max":13.89,"night_frac":0.6582,"first_seen":"2024-02-17","last_seen":"2026-04-27","class_agreement":1.0,"top_reasons":"dist_thermal_plant_km=2.762 (+9.22); is_persistent=1 (+0.54); lc_built_1km=0.405 (+0.32); dist_landfill_km=377.1 (+0.20)"}},{"type":"Feature","geometry":{"type":"Point","coordinates":[69.36593,28.05393]},"properties":{"cell_id":"5611_13873","pred_class":"thermal_power","n_detections":25,"frp_mean":2.3328,"frp_max":8.71,"night_frac":0.88,"first_seen":"2024-01-31","last_seen":"2026-04-25","class_agreement":1.0,"top_reasons":"dist_thermal_plant_km=3.008 (+9.23); is_persistent=1 (+0.55); lc_built_1km=0.314 (+0.30); dist_landfill_km=377.5 (+0.19)"}},{"type":"Feature","geometry":{"type":"Point","coordinates":[69.36934,28.05359]},"properties":{"cell_id":"5611_13874","pred_class":"thermal_power","n_detections":58,"frp_mean":2.1738,"frp_max":8.75,"night_frac":0.7241,"first_seen":"2024-01-31","last_seen":"2026-04-25","class_agreement":1.0,"top_reasons":"dist_thermal_plant_km=3.019 (+9.21); is_persistent=1 (+0.55); lc_built_1km=0.3554 (+0.29); dist_landfill_km=377.1 (+0.20)"}},{"type":"Feature","geometry":{"type":"Point","coordinates":[77.85861,28.07047]},"properties":{"cell_id":"5614_15572","pred_class":"gas_flare","n_detections":26,"frp_mean":0.5077,"frp_max":0.81,"night_frac":1.0,"first_seen":"2024-02-15","last_seen":"2026-03-02","class_agreement":1.0,"top_reasons":"is_persistent=1 (+1.95); dist_industrial_km=2.574 (+1.75); dist_any_industry_km=2.574 (+1.13); inside_mining=0 (+0.79)"}},{"type":"Feature","geometry":{"type":"Point","coordinates":[77.27404,28.27111]},"properties":{"cell_id":"5654_15455","pred_class":"industrial_plant","n_detections":28,"frp_mean":0.7704,"frp_max":3.02,"night_frac":1.0,"first_seen":"2024-03-28","last_seen":"2024-12-25","class_agreement":1.0,"top_reasons":"dist_industrial_km=0.3769 (+5.11); is_persistent=1 (+2.52); dist_thermal_plant_km=11.88 (+0.90); dist_mining_km=11.1 (+0.72)"}},{"type":"Feature","geometry":{"type":"Point","coordinates":[77.27425,28.27629]},"properties":{"cell_id":"5655_15455","pred_class":"industrial_plant","n_detections":23,"frp_mean":0.6352,"frp_max":1.14,"night_frac":1.0,"first_seen":"2024-10-28","last_seen":"2026-02-19","class_agreement":1.0,"top_reasons":"dist_industrial_km=0.1678 (+5.08); is_persistent=1 (+2.54); dist_thermal_plant_km=11.47 (+0.90); dist_mining_km=10.86 (+0.71)"}},{"type":"Feature","geometry":{"type":"Point","coordinates":[77.21963,28.33697]},"properties":{"cell_id":"5667_15444","pred_class":"gas_flare","n_detections":17,"frp_mean":0.8471,"frp_max":1.54,"night_frac":1.0,"first_seen":"2024-03-09","last_seen":"2026-02-26","class_agreement":1.0,"top_reasons":"is_persistent=1 (+1.05); n_active_days=17 (+0.57); dist_any_industry_km=4.192 (-0.55); dist_industrial_km=4.192 (+0.50)"}},{"type":"Feature","geometry":{"type":"Point","coordinates":[77.22027,28.33915]},"properties":{"cell_id":"5668_15444","pred_class":"gas_flare","n_detections":49,"frp_mean":0.7814,"frp_max":2.04,"night_frac":1.0,"first_seen":"2024-03-07","last_seen":"2026-03-24","class_agreement":1.0,"top_reasons":"is_persistent=1 (+1.01); dist_any_industry_km=3.942 (-0.75); dist_industrial_km=3.942 (+0.64); inside_mining=0 (+0.50)"}},{"type":"Feature","geometry":{"type":"Point","coordinates":[77.23057,28.34644]},"properties":{"cell_id":"5669_15446","pred_class":"gas_flare","n_detections":28,"frp_mean":0.7929,"frp_max":2.63,"night_frac":1.0,"first_seen":"2024-01-07","last_seen":"2025-09-14","class_agreement":1.0,"top_reasons":"is_persistent=1 (+2.00); dist_industrial_km=2.932 (+1.36); dist_any_industry_km=2.932 (+1.00); inside_mining=0 (+0.84)"}},{"type":"Feature","geometry":{"type":"Point","coordinates":[77.25616,28.34611]},"properties":{"cell_id":"5669_15451","pred_class":"industrial_plant","n_detections":25,"frp_mean":0.6512,"frp_max":1.16,"night_frac":1.0,"first_seen":"2024-12-06","last_seen":"2026-03-28","class_agreement":1.0,"top_reasons":"dist_industrial_km=1.495 (+5.00); is_persistent=1 (+2.41); dist_thermal_plant_km=10.31 (+0.86); dist_mining_km=5.149 (+0.65)"}},{"type":"Feature","geometry":{"type":"Point","coordinates":[77.25859,28.34635]},"properties":{"cell_id":"5669_15452","pred_class":"industrial_plant","n_detections":15,"frp_mean":0.8227,"frp_max":1.65,"night_frac":1.0,"first_seen":"2024-04-17","last_seen":"2026-04-09","class_agreement":1.0,"top_reasons":"dist_industrial_km=1.281 (+4.93); is_persistent=1 (+2.39); dist_thermal_plant_km=10.07 (+0.84); dist_mining_km=5.261 (+0.64)"}},{"type":"Feature","geometry":{"type":"Point","coordinates":[77.23058,28.34836]},"properties":{"cell_id":"5670_15446","pred_class":"gas_flare","n_detections":24,"frp_mean":0.9267,"frp_max":2.59,"night_frac":1.0,"first_seen":"2024-01-14","last_seen":"2025-05-01","class_agreement":1.0,"top_reasons":"is_persistent=1 (+1.79); dist_industrial_km=2.719 (+1.20); inside_mining=0 (+0.81); dist_any_industry_km=2.719 (+0.79)"}},{"type":"Feature","geometry":{"type":"Point","coordinates":[77.24104,28.35926]},"properties":{"cell_id":"5672_15448","pred_class":"industrial_plant","n_detections":31,"frp_mean":0.7645,"frp_max":2.4,"night_frac":1.0,"first_seen":"2024-01-20","last_seen":"2026-02-19","class_agreement":1.0,"top_reasons":"dist_industrial_km=1.675 (+5.14); is_persistent=1 (+2.51); dist_thermal_plant_km=11.89 (+0.83); dist_mining_km=3.149 (+0.72)"}},{"type":"Feature","geometry":{"type":"Point","coordinates":[77.24314,28.35889]},"properties":{"cell_id":"5672_15449","pred_class":"industrial_plant","n_detections":15,"frp_mean":1.1067,"frp_max":6.62,"night_frac":1.0,"first_seen":"2024-02-09","last_seen":"2026-02-19","class_agreement":1.0,"top_reasons":"dist_industrial_km=1.811 (+4.95); is_persistent=1 (+2.45); dist_thermal_plant_km=11.68 (+0.86); dist_mining_km=3.277 (+0.69)"}},{"type":"Feature","geometry":{"type":"Point","coordinates":[69.70035,28.42492]},"properties":{"cell_id":"5685_13940","pred_class":"thermal_power","n_detections":483,"frp_mean":1.365,"frp_max":5.39,"night_frac":0.9834,"first_seen":"2024-01-07","last_seen":"2026-04-26","class_agreement":1.0,"top_reasons":"dist_thermal_plant_km=0.4142 (+9.21); is_persistent=1 (+0.75); frp_mean=1.365 (+0.18); n_detections=483 (+0.17)"}},{"type":"Feature","geometry":{"type":"Point","coordinates":[69.70303,28.42498]},"properties":{"cell_id":"5685_13941","pred_class":"thermal_power","n_detections":35,"frp_mean":1.2334,"frp_max":3.51,"night_frac":0.8857,"first_seen":"2024-02-08","last_seen":"2026-04-24","class_agreement":1.0,"top_reasons":"dist_thermal_plant_km=0.6393 (+9.16); is_persistent=1 (+0.74); frp_mean=1.233 (+0.19); n_detections=35 (+0.18)"}},{"type":"Feature","geometry":{"type":"Point","coordinates":[68.62643,28.61119]},"properties":{"cell_id":"5722_13725","pred_class":"gas_flare","n_detections":18,"frp_mean":1.895,"frp_max":5.68,"night_frac":0.8889,"first_seen":"2024-01-31","last_seen":"2026-02-17","class_agreement":1.0,"top_reasons":"is_persistent=1 (+0.88); dist_industrial_km=173 (+0.58); n_detections=18 (+0.44); inside_industrial=0 (+0.38)"}},{"type":"Feature","geometry":{"type":"Point","coordinates":[68.6295,28.61094]},"properties":{"cell_id":"5722_13726","pred_class":"gas_flare","n_detections":37,"frp_mean":1.0843,"frp_max":3.98,"night_frac":0.973,"first_seen":"2024-01-30","last_seen":"2026-04-26","class_agreement":1.0,"top_reasons":"is_persistent=1 (+0.85); dist_industrial_km=172.7 (+0.65); dist_any_industry_km=172.7 (-0.48); month_entropy=0.7827 (+0.41)"}},{"type":"Feature","geometry":{"type":"Point","coordinates":[77.15602,28.72901]},"properties":{"cell_id":"5746_15431","pred_class":"industrial_plant","n_detections":35,"frp_mean":0.4829,"frp_max":2.59,"night_frac":1.0,"first_seen":"2024-01-07","last_seen":"2026-04-15","class_agreement":1.0,"top_reasons":"dist_industrial_km=0.9106 (+4.06); is_persistent=1 (+2.23); dist_thermal_plant_km=5.322 (+0.75); dist_mining_km=18.82 (+0.60)"}},{"type":"Feature","geometry":{"type":"Point","coordinates":[76.92585,28.74168]},"properties":{"cell_id":"5748_15385","pred_class":"gas_flare","n_detections":18,"frp_mean":0.8239,"frp_max":1.58,"night_frac":1.0,"first_seen":"2024-05-02","last_seen":"2026-03-24","class_agreement":1.0,"top_reasons":"is_persistent=1 (+0.97); n_active_days=16 (+0.56); dist_any_industry_km=3.587 (-0.55); dist_industrial_km=3.587 (+0.52)"}},{"type":"Feature","geometry":{"type":"Point","coordinates":[76.93003,28.74141]},"properties":{"cell_id":"5748_15386","pred_class":"gas_flare","n_detections":23,"frp_mean":1.0509,"frp_max":3.68,"night_frac":1.0,"first_seen":"2024-03-30","last_seen":"2026-04-09","class_agreement":1.0,"top_reasons":"is_persistent=1 (+0.87); dist_any_industry_km=3.936 (-0.64); dist_industrial_km=3.936 (+0.53); inside_mining=0 (+0.45)"}},{"type":"Feature","geometry":{"type":"Point","coordinates":[76.92637,28.74426]},"properties":{"cell_id":"5749_15385","pred_class":"gas_flare","n_detections":84,"frp_mean":1.0019,"frp_max":3.55,"night_frac":1.0,"first_seen":"2024-04-18","last_seen":"2026-04-24","class_agreement":1.0,"top_reasons":"is_persistent=1 (+0.94); dist_any_industry_km=3.776 (-0.59); dist_industrial_km=3.776 (+0.56); inside_mining=0 (+0.48)"}},{"type":"Feature","geometry":{"type":"Point","coordinates":[76.92867,28.7441]},"properties":{"cell_id":"5749_15386","pred_class":"gas_flare","n_detections":67,"frp_mean":0.8812,"frp_max":2.38,"night_frac":1.0,"first_seen":"2024-04-29","last_seen":"2026-04-25","class_agreement":1.0,"top_reasons":"is_persistent=1 (+0.89); dist_any_industry_km=3.959 (-0.61); dist_industrial_km=3.959 (+0.54); inside_mining=0 (+0.44)"}},{"type":"Feature","geometry":{"type":"Point","coordinates":[76.69889,28.77416]},"properties":{"cell_id":"5755_15340","pred_class":"gas_flare","n_detections":16,"frp_mean":1.0175,"frp_max":4.11,"night_frac":0.9375,"first_seen":"2025-04-25","last_seen":"2026-04-23","class_agreement":1.0,"top_reasons":"is_persistent=1 (+1.63); dist_industrial_km=2.403 (+1.52); dist_any_industry_km=2.403 (+0.70); month_entropy=0.6205 (+0.66)"}},{"type":"Feature","geometry":{"type":"Point","coordinates":[76.94609,28.77587]},"properties":{"cell_id":"5755_15389","pred_class":"gas_flare","n_detections":32,"frp_mean":0.7134,"frp_max":2.75,"night_frac":1.0,"first_seen":"2024-02-15","last_seen":"2026-01-30","class_agreement":1.0,"top_reasons":"is_persistent=1 (+0.77); dist_industrial_km=6.285 (+0.63); month_entropy=0.6941 (+0.39); dist_any_industry_km=6.285 (-0.38)"}},{"type":"Feature","geometry":{"type":"Point","coordinates":[77.14956,28.79425]},"properties":{"cell_id":"5759_15430","pred_class":"industrial_plant","n_detections":27,"frp_mean":0.8559,"frp_max":3.09,"night_frac":1.0,"first_seen":"2024-03-09","last_seen":"2025-03-02","class_agreement":1.0,"top_reasons":"dist_industrial_km=0.2508 (+2.78); is_persistent=1 (+2.48); inside_industrial=1 (+2.25); dist_thermal_plant_km=7.697 (+1.03)"}},{"type":"Feature","geometry":{"type":"Point","coordinates":[76.85082,28.82006]},"properties":{"cell_id":"5764_15370","pred_class":"industrial_plant","n_detections":27,"frp_mean":0.8822,"frp_max":2.25,"night_frac":1.0,"first_seen":"2024-02-15","last_seen":"2026-04-09","class_agreement":1.0,"top_reasons":"dist_industrial_km=1.568 (+5.19); is_persistent=1 (+2.52); dist_thermal_plant_km=21.58 (+0.90); dist_mining_km=48.82 (+0.78)"}},{"type":"Feature","geometry":{"type":"Point","coordinates":[77.16488,28.8198]},"properties":{"cell_id":"5764_15433","pred_class":"industrial_plant","n_detections":24,"frp_mean":0.7204,"frp_max":1.28,"night_frac":1.0,"first_seen":"2024-03-20","last_seen":"2026-04-20","class_agreement":1.0,"top_reasons":"dist_industrial_km=1.68 (+5.18); is_persistent=1 (+2.54); dist_thermal_plant_km=9.553 (+0.87); dist_mining_km=19.05 (+0.75)"}},{"type":"Feature","geometry":{"type":"Point","coordinates":[76.95959,28.82369]},"properties":{"cell_id":"5765_15392","pred_class":"gas_flare","n_detections":21,"frp_mean":0.9224,"frp_max":2.27,"night_frac":1.0,"first_seen":"2024-03-12","last_seen":"2025-12-15","class_agreement":1.0,"top_reasons":"dist_industrial_km=2.752 (+1.81); is_persistent=1 (+1.68); dist_any_industry_km=2.752 (+1.05); inside_mining=0 (+0.89)"}},{"type":"Feature","geometry":{"type":"Point","coordinates":[77.13951,28.83635]},"properties":{"cell_id":"5767_15428","pred_class":"industrial_plant","n_detections":18,"frp_mean":0.7644,"frp_max":1.49,"night_frac":1.0,"first_seen":"2024-02-15","last_seen":"2026-04-19","class_agreement":1.0,"top_reasons":"dist_industrial_km=1.2 (+5.13); is_persistent=1 (+2.50); dist_thermal_plant_km=8.063 (+0.87); dist_mining_km=22.04 (+0.73)"}},{"type":"Feature","geometry":{"type":"Point","coordinates":[88.01069,29.08495]},"properties":{"cell_id":"5817_17602","pred_class":"gas_flare","n_detections":154,"frp_mean":1.5342,"frp_max":4.08,"night_frac":0.9545,"first_seen":"2024-05-02","last_seen":"2026-04-27","class_agreement":1.0,"top_reasons":"is_persistent=1 (+0.84); dist_any_industry_km=178.3 (-0.60); dist_industrial_km=178.3 (+0.51); month_entropy=0.8678 (+0.39)"}},{"type":"Feature","geometry":{"type":"Point","coordinates":[88.01298,29.08504]},"properties":{"cell_id":"5817_17603","pred_class":"gas_flare","n_detections":30,"frp_mean":1.3927,"frp_max":2.53,"night_frac":0.9,"first_seen":"2024-05-19","last_seen":"2025-10-28","class_agreement":1.0,"top_reasons":"is_persistent=1 (+0.85); dist_industrial_km=178.2 (+0.47); dist_any_industry_km=178.2 (-0.36); month_entropy=0.8035 (+0.34)"}},{"type":"Feature","geometry":{"type":"Point","coordinates":[75.77651,29.12462]},"properties":{"cell_id":"5825_15155","pred_class":"industrial_plant","n_detections":69,"frp_mean":1.1648,"frp_max":3.92,"night_frac":1.0,"first_seen":"2024-02-09","last_seen":"2026-04-25","class_agreement":1.0,"top_reasons":"dist_industrial_km=0.2338 (+2.71); is_persistent=1 (+2.48); inside_industrial=1 (+2.25); dist_thermal_plant_km=27.25 (+0.98)"}},{"type":"Feature","geometry":{"type":"Point","coordinates":[75.77899,29.12448]},"properties":{"cell_id":"5825_15156","pred_class":"industrial_plant","n_detections":118,"frp_mean":1.1179,"frp_max":3.13,"night_frac":1.0,"first_seen":"2024-02-07","last_seen":"2026-04-24","class_agreement":1.0,"top_reasons":"dist_industrial_km=0.3223 (+2.76); is_persistent=1 (+2.49); inside_industrial=1 (+2.21); dist_thermal_plant_km=27.18 (+0.98)"}},{"type":"Feature","geometry":{"type":"Point","coordinates":[88.35031,29.2248]},"properties":{"cell_id":"5845_17670","pred_class":"gas_flare","n_detections":218,"frp_mean":1.5193,"frp_max":4.69,"night_frac":0.9771,"first_seen":"2024-03-22","last_seen":"2026-04-20","class_agreement":1.0,"top_reasons":"is_persistent=1 (+0.82); dist_any_industry_km=188.1 (-0.58); dist_industrial_km=188.1 (+0.52); month_entropy=0.9214 (+0.39)"}},{"type":"Feature","geometry":{"type":"Point","coordinates":[88.35341,29.225]},"properties":{"cell_id":"5845_17671","pred_class":"gas_flare","n_detections":56,"frp_mean":1.0496,"frp_max":3.2,"night_frac":1.0,"first_seen":"2024-05-26","last_seen":"2026-04-16","class_agreement":1.0,"top_reasons":"is_persistent=1 (+0.81); dist_any_industry_km=188.1 (-0.55); dist_industrial_km=188.1 (+0.51); inside_mining=0 (+0.36)"}},{"type":"Feature","geometry":{"type":"Point","coordinates":[91.92443,29.26159]},"properties":{"cell_id":"5852_18385","pred_class":"gas_flare","n_detections":72,"frp_mean":1.265,"frp_max":2.71,"night_frac":1.0,"first_seen":"2024-02-19","last_seen":"2026-04-27","class_agreement":1.0,"top_reasons":"is_persistent=1 (+0.78); dist_any_industry_km=185.7 (-0.70); dist_industrial_km=185.7 (+0.67); month_entropy=0.9013 (+0.40)"}},{"type":"Feature","geometry":{"type":"Point","coordinates":[91.9219,29.26355]},"properties":{"cell_id":"5853_18384","pred_class":"gas_flare","n_detections":26,"frp_mean":1.4319,"frp_max":3.3,"night_frac":1.0,"first_seen":"2024-03-07","last_seen":"2026-03-29","class_agreement":1.0,"top_reasons":"is_persistent=1 (+0.83); dist_industrial_km=186 (+0.60); n_active_days=25 (+0.38); month_entropy=0.7719 (+0.34)"}},{"type":"Feature","geometry":{"type":"Point","coordinates":[91.92467,29.26385]},"properties":{"cell_id":"5853_18385","pred_class":"gas_flare","n_detections":162,"frp_mean":1.3909,"frp_max":2.84,"night_frac":1.0,"first_seen":"2024-02-13","last_seen":"2026-04-24","class_agreement":1.0,"top_reasons":"is_persistent=1 (+0.78); dist_any_industry_km=185.8 (-0.72); dist_industrial_km=185.8 (+0.67); month_entropy=0.9615 (+0.39)"}},{"type":"Feature","geometry":{"type":"Point","coordinates":[91.15008,29.37566]},"properties":{"cell_id":"5875_18230","pred_class":"gas_flare","n_detections":171,"frp_mean":1.3164,"frp_max":3.22,"night_frac":0.9942,"first_seen":"2024-04-11","last_seen":"2026-04-27","class_agreement":1.0,"top_reasons":"is_persistent=1 (+0.89); dist_industrial_km=261.2 (+0.69); dist_any_industry_km=261.2 (-0.48); month_entropy=0.8788 (+0.38)"}},{"type":"Feature","geometry":{"type":"Point","coordinates":[91.15042,29.37797]},"properties":{"cell_id":"5876_18230","pred_class":"gas_flare","n_detections":25,"frp_mean":1.3204,"frp_max":2.28,"night_frac":1.0,"first_seen":"2024-05-10","last_seen":"2025-11-20","class_agreement":1.0,"top_reasons":"is_persistent=1 (+0.80); dist_industrial_km=261.2 (+0.57); n_active_days=23 (+0.35); inside_industrial=0 (+0.33)"}},{"type":"Feature","geometry":{"type":"Point","coordinates":[76.86595,29.45608]},"properties":{"cell_id":"5891_15373","pred_class":"industrial_plant","n_detections":24,"frp_mean":2.2408,"frp_max":7.28,"night_frac":0.9583,"first_seen":"2024-01-11","last_seen":"2026-02-28","class_agreement":1.0,"top_reasons":"dist_industrial_km=0.4574 (+3.11); is_persistent=1 (+2.42); inside_industrial=1 (+2.18); dist_thermal_plant_km=6.59 (+1.02)"}},{"type":"Feature","geometry":{"type":"Point","coordinates":[76.86913,29.45632]},"properties":{"cell_id":"5891_15374","pred_class":"industrial_plant","n_detections":29,"frp_mean":1.9424,"frp_max":6.56,"night_frac":0.8621,"first_seen":"2024-01-23","last_seen":"2026-02-28","class_agreement":1.0,"top_reasons":"dist_industrial_km=0.6837 (+3.10); is_persistent=1 (+2.42); inside_industrial=1 (+2.21); dist_thermal_plant_km=6.577 (+1.00)"}},{"type":"Feature","geometry":{"type":"Point","coordinates":[76.86559,29.45899]},"properties":{"cell_id":"5892_15373","pred_class":"industrial_plant","n_detections":46,"frp_mean":2.358,"frp_max":14.09,"night_frac":0.9348,"first_seen":"2024-02-09","last_seen":"2026-03-02","class_agreement":1.0,"top_reasons":"dist_industrial_km=0.7445 (+3.11); is_persistent=1 (+2.43); inside_industrial=1 (+2.19); dist_thermal_plant_km=6.915 (+1.00)"}},{"type":"Feature","geometry":{"type":"Point","coordinates":[76.86903,29.45923]},"properties":{"cell_id":"5892_15374","pred_class":"industrial_plant","n_detections":29,"frp_mean":1.96,"frp_max":15.49,"night_frac":0.8276,"first_seen":"2024-01-13","last_seen":"2026-03-06","class_agreement":1.0,"top_reasons":"dist_industrial_km=0.9135 (+4.75); is_persistent=1 (+2.38); dist_thermal_plant_km=6.9 (+0.85); dist_mining_km=81.18 (+0.62)"}},{"type":"Feature","geometry":{"type":"Point","coordinates":[76.88596,29.46084]},"properties":{"cell_id":"5892_15377","pred_class":"industrial_plant","n_detections":17,"frp_mean":1.5394,"frp_max":7.81,"night_frac":0.9412,"first_seen":"2024-03-04","last_seen":"2026-03-29","class_agreement":1.0,"top_reasons":"dist_industrial_km=0.9819 (+3.10); is_persistent=1 (+2.37); inside_industrial=1 (+2.03); dist_thermal_plant_km=7.105 (+0.96)"}},{"type":"Feature","geometry":{"type":"Point","coordinates":[76.8897,29.46036]},"properties":{"cell_id":"5892_15378","pred_class":"industrial_plant","n_detections":40,"frp_mean":1.7477,"frp_max":5.76,"night_frac":0.875,"first_seen":"2024-02-07","last_seen":"2026-03-23","class_agreement":1.0,"top_reasons":"dist_industrial_km=0.6748 (+3.18); is_persistent=1 (+2.44); inside_industrial=1 (+2.04); dist_thermal_plant_km=7.11 (+1.00)"}},{"type":"Feature","geometry":{"type":"Point","coordinates":[90.89934,29.65873]},"properties":{"cell_id":"5932_18180","pred_class":"gas_flare","n_detections":51,"frp_mean":0.9888,"frp_max":1.79,"night_frac":1.0,"first_seen":"2024-04-27","last_seen":"2026-04-06","class_agreement":1.0,"top_reasons":"is_persistent=1 (+0.79); dist_industrial_km=294 (+0.66); dist_any_industry_km=294 (-0.37); month_entropy=0.8569 (+0.36)"}},{"type":"Feature","geometry":{"type":"Point","coordinates":[90.9053,29.66138]},"properties":{"cell_id":"5932_18181","pred_class":"thermal_power","n_detections":20,"frp_mean":1.092,"frp_max":2.1,"night_frac":1.0,"first_seen":"2024-09-18","last_seen":"2025-11-29","class_agreement":1.0,"top_reasons":"lc_built_1km=0.5868 (+0.38); is_persistent=1 (+0.27); dist_thermal_plant_km=5.341 (-0.23); frp_mean=1.092 (+0.17)"}},{"type":"Feature","geometry":{"type":"Point","coordinates":[91.60504,29.78831]},"properties":{"cell_id":"5958_18321","pred_class":"gas_flare","n_detections":20,"frp_mean":1.0005,"frp_max":1.99,"night_frac":1.0,"first_seen":"2024-06-05","last_seen":"2025-11-17","class_agreement":1.0,"top_reasons":"is_persistent=1 (+0.81); dist_industrial_km=238.2 (+0.63); month_entropy=0.6594 (+0.41); n_detections=20 (+0.40)"}},{"type":"Feature","geometry":{"type":"Point","coordinates":[74.94995,29.90666]},"properties":{"cell_id":"5981_14990","pred_class":"industrial_plant","n_detections":23,"frp_mean":3.9391,"frp_max":37.68,"night_frac":0.913,"first_seen":"2024-01-10","last_seen":"2026-03-15","class_agreement":1.0,"top_reasons":"dist_industrial_km=1.354 (+5.09); is_persistent=1 (+2.50); dist_thermal_plant_km=27.75 (+0.88); dist_mining_km=62.85 (+0.72)"}},{"type":"Feature","geometry":{"type":"Point","coordinates":[74.9456,29.90994]},"properties":{"cell_id":"5982_14989","pred_class":"industrial_plant","n_detections":62,"frp_mean":3.5745,"frp_max":37.68,"night_frac":0.9677,"first_seen":"2024-01-04","last_seen":"2026-03-29","class_agreement":1.0,"top_reasons":"dist_industrial_km=1.291 (+5.07); is_persistent=1 (+2.50); dist_thermal_plant_km=28.15 (+0.88); dist_mining_km=63.12 (+0.71)"}},{"type":"Feature","geometry":{"type":"Point","coordinates":[74.94976,29.90972]},"properties":{"cell_id":"5982_14990","pred_class":"industrial_plant","n_detections":149,"frp_mean":3.5021,"frp_max":37.68,"night_frac":0.8054,"first_seen":"2024-01-04","last_seen":"2026-03-29","class_agreement":1.0,"top_reasons":"dist_industrial_km=1.057 (+2.78); is_persistent=1 (+2.50); inside_industrial=1 (+2.21); dist_thermal_plant_km=27.75 (+1.01)"}},{"type":"Feature","geometry":{"type":"Point","coordinates":[74.95403,29.91015]},"properties":{"cell_id":"5982_14991","pred_class":"industrial_plant","n_detections":30,"frp_mean":4.1193,"frp_max":35.3,"night_frac":0.8667,"first_seen":"2024-01-04","last_seen":"2026-03-15","class_agreement":1.0,"top_reasons":"dist_industrial_km=0.8707 (+2.94); is_persistent=1 (+2.50); inside_industrial=1 (+2.11); dist_thermal_plant_km=27.33 (+1.01)"}},{"type":"Feature","geometry":{"type":"Point","coordinates":[96.97873,30.06693]},"properties":{"cell_id":"6013_19396","pred_class":"gas_flare","n_detections":18,"frp_mean":1.1917,"frp_max":3.28,"night_frac":1.0,"first_seen":"2024-01-07","last_seen":"2026-04-18","class_agreement":1.0,"top_reasons":"is_persistent=1 (+0.98); dist_any_industry_km=266 (-0.60); dist_industrial_km=266 (+0.53); month_entropy=0.8725 (+0.44)"}},{"type":"Feature","geometry":{"type":"Point","coordinates":[96.9768,30.06865]},"properties":{"cell_id":"6014_19395","pred_class":"gas_flare","n_detections":34,"frp_mean":1.2182,"frp_max":1.85,"night_frac":1.0,"first_seen":"2024-03-27","last_seen":"2026-04-08","class_agreement":1.0,"top_reasons":"is_persistent=1 (+0.87); dist_any_industry_km=266.1 (-0.74); dist_industrial_km=266.1 (+0.55); month_entropy=0.9155 (+0.45)"}},{"type":"Feature","geometry":{"type":"Point","coordinates":[96.979,30.06873]},"properties":{"cell_id":"6014_19396","pred_class":"gas_flare","n_detections":78,"frp_mean":1.2151,"frp_max":3.07,"night_frac":1.0,"first_seen":"2024-01-13","last_seen":"2026-03-22","class_agreement":1.0,"top_reasons":"is_persistent=1 (+0.87); dist_any_industry_km=266.2 (-0.80); dist_industrial_km=266.2 (+0.58); month_entropy=0.9661 (+0.45)"}},{"type":"Feature","geometry":{"type":"Point","coordinates":[75.17161,30.26463]},"properties":{"cell_id":"6053_15034","pred_class":"thermal_power","n_detections":26,"frp_mean":1.5865,"frp_max":3.55,"night_frac":0.9615,"first_seen":"2024-02-21","last_seen":"2026-03-27","class_agreement":1.0,"top_reasons":"dist_thermal_plant_km=0.5733 (+9.23); is_persistent=1 (+0.54); dist_power_plant_km=0.2422 (+0.38); spread_m=161.3 (+0.09)"}},{"type":"Feature","geometry":{"type":"Point","coordinates":[75.17418,30.26462]},"properties":{"cell_id":"6053_15035","pred_class":"thermal_power","n_detections":62,"frp_mean":1.9744,"frp_max":16.15,"night_frac":0.9194,"first_seen":"2024-02-03","last_seen":"2026-04-12","class_agreement":1.0,"top_reasons":"dist_thermal_plant_km=0.8068 (+9.22); is_persistent=1 (+0.53); dist_power_plant_km=0.4505 (+0.41); spread_m=165.3 (+0.10)"}},{"type":"Feature","geometry":{"type":"Point","coordinates":[70.56625,30.44574]},"properties":{"cell_id":"6089_14113","pred_class":"gas_flare","n_detections":19,"frp_mean":0.8605,"frp_max":1.51,"night_frac":0.9474,"first_seen":"2024-03-17","last_seen":"2026-04-19","class_agreement":1.0,"top_reasons":"is_persistent=1 (+0.86); dist_industrial_km=272.8 (+0.59); n_detections=19 (+0.40); month_entropy=0.6085 (+0.39)"}},{"type":"Feature","geometry":{"type":"Point","coordinates":[70.56854,30.44611]},"properties":{"cell_id":"6089_14114","pred_class":"gas_flare","n_detections":26,"frp_mean":0.775,"frp_max":1.16,"night_frac":1.0,"first_seen":"2024-03-22","last_seen":"2026-04-17","class_agreement":1.0,"top_reasons":"is_persistent=1 (+0.83); dist_industrial_km=272.7 (+0.65); month_entropy=0.667 (+0.43); dist_any_industry_km=272.7 (-0.36)"}},{"type":"Feature","geometry":{"type":"Point","coordinates":[97.3616,30.94924]},"properties":{"cell_id":"6190_19472","pred_class":"gas_flare","n_detections":20,"frp_mean":1.405,"frp_max":4.5,"night_frac":1.0,"first_seen":"2024-08-06","last_seen":"2025-10-22","class_agreement":1.0,"top_reasons":"is_persistent=1 (+0.74); dist_any_industry_km=370.7 (-0.52); dist_industrial_km=370.7 (+0.42); month_entropy=0.6141 (+0.40)"}},{"type":"Feature","geometry":{"type":"Point","coordinates":[97.36389,30.94928]},"properties":{"cell_id":"6190_19473","pred_class":"gas_flare","n_detections":38,"frp_mean":2.0366,"frp_max":12.36,"night_frac":0.8947,"first_seen":"2024-04-15","last_seen":"2026-04-22","class_agreement":1.0,"top_reasons":"is_persistent=1 (+0.89); dist_industrial_km=370.7 (+0.52); month_entropy=0.8317 (+0.41); inside_industrial=0 (+0.38)"}},{"type":"Feature","geometry":{"type":"Point","coordinates":[76.92693,31.25034]},"properties":{"cell_id":"6250_15385","pred_class":"industrial_plant","n_detections":21,"frp_mean":0.6176,"frp_max":1.0,"night_frac":1.0,"first_seen":"2024-01-04","last_seen":"2026-04-14","class_agreement":1.0,"top_reasons":"dist_industrial_km=0.3921 (+5.04); is_persistent=1 (+2.43); dist_thermal_plant_km=39.99 (+0.82); dist_mining_km=3.696 (+0.70)"}},{"type":"Feature","geometry":{"type":"Point","coordinates":[76.9291,31.24999]},"properties":{"cell_id":"6250_15386","pred_class":"industrial_plant","n_detections":106,"frp_mean":0.5267,"frp_max":1.32,"night_frac":1.0,"first_seen":"2024-01-02","last_seen":"2026-04-25","class_agreement":1.0,"top_reasons":"dist_industrial_km=0.4907 (+3.65); is_persistent=1 (+2.39); inside_industrial=1 (+1.76); dist_thermal_plant_km=40.13 (+1.01)"}},{"type":"Feature","geometry":{"type":"Point","coordinates":[76.92571,31.25706]},"properties":{"cell_id":"6251_15385","pred_class":"industrial_plant","n_detections":15,"frp_mean":0.7547,"frp_max":1.38,"night_frac":1.0,"first_seen":"2024-04-06","last_seen":"2026-04-22","class_agreement":1.0,"top_reasons":"dist_industrial_km=0.366 (+3.71); is_persistent=1 (+2.45); inside_industrial=1 (+1.61); dist_thermal_plant_km=40.33 (+0.94)"}},{"type":"Feature","geometry":{"type":"Point","coordinates":[76.92539,31.25923]},"properties":{"cell_id":"6252_15385","pred_class":"industrial_plant","n_detections":118,"frp_mean":0.8018,"frp_max":1.8,"night_frac":1.0,"first_seen":"2024-02-28","last_seen":"2026-04-23","class_agreement":1.0,"top_reasons":"dist_industrial_km=0.6084 (+3.85); is_persistent=1 (+2.46); inside_industrial=1 (+1.72); dist_thermal_plant_km=40.45 (+0.97)"}},{"type":"Feature","geometry":{"type":"Point","coordinates":[76.89457,31.32693]},"properties":{"cell_id":"6265_15379","pred_class":"industrial_plant","n_detections":26,"frp_mean":0.6542,"frp_max":1.09,"night_frac":1.0,"first_seen":"2024-03-28","last_seen":"2026-03-29","class_agreement":1.0,"top_reasons":"dist_industrial_km=0.1728 (+3.77); is_persistent=1 (+2.23); inside_industrial=1 (+1.58); dist_thermal_plant_km=43.3 (+0.98)"}},{"type":"Feature","geometry":{"type":"Point","coordinates":[76.8952,31.32858]},"properties":{"cell_id":"6266_15379","pred_class":"industrial_plant","n_detections":50,"frp_mean":0.7342,"frp_max":1.69,"night_frac":1.0,"first_seen":"2024-01-11","last_seen":"2026-04-19","class_agreement":1.0,"top_reasons":"dist_industrial_km=0.1258 (+3.49); is_persistent=1 (+2.20); inside_industrial=1 (+1.59); dist_thermal_plant_km=43.47 (+0.85)"}},{"type":"Feature","geometry":{"type":"Point","coordinates":[76.8349,31.41347]},"properties":{"cell_id":"6283_15367","pred_class":"industrial_plant","n_detections":33,"frp_mean":0.7288,"frp_max":1.04,"night_frac":1.0,"first_seen":"2024-04-29","last_seen":"2026-04-19","class_agreement":1.0,"top_reasons":"dist_industrial_km=0.2297 (+3.65); is_persistent=1 (+2.39); inside_industrial=1 (+1.73); dist_thermal_plant_km=47.7 (+0.96)"}},{"type":"Feature","geometry":{"type":"Point","coordinates":[74.40548,31.61]},"properties":{"cell_id":"6322_14881","pred_class":"gas_flare","n_detections":48,"frp_mean":0.7956,"frp_max":1.85,"night_frac":1.0,"first_seen":"2024-03-17","last_seen":"2026-04-13","class_agreement":1.0,"top_reasons":"is_persistent=1 (+0.75); dist_any_industry_km=16.6 (-0.64); dist_industrial_km=16.6 (+0.52); month_entropy=0.9014 (+0.44)"}},{"type":"Feature","geometry":{"type":"Point","coordinates":[74.37473,31.61568]},"properties":{"cell_id":"6323_14875","pred_class":"gas_flare","n_detections":117,"frp_mean":0.8228,"frp_max":2.83,"night_frac":1.0,"first_seen":"2024-01-29","last_seen":"2026-04-19","class_agreement":1.0,"top_reasons":"is_persistent=1 (+0.75); dist_any_industry_km=19.25 (-0.71); dist_industrial_km=19.25 (+0.55); month_entropy=0.945 (+0.42)"}},{"type":"Feature","geometry":{"type":"Point","coordinates":[74.42607,31.62058]},"properties":{"cell_id":"6324_14885","pred_class":"gas_flare","n_detections":45,"frp_mean":0.4962,"frp_max":0.93,"night_frac":1.0,"first_seen":"2024-01-29","last_seen":"2026-04-19","class_agreement":0.8667,"top_reasons":"is_persistent=1 (+0.71); dist_any_industry_km=14.4 (-0.49); dist_industrial_km=14.4 (+0.48); month_entropy=0.7133 (+0.32)"}},{"type":"Feature","geometry":{"type":"Point","coordinates":[74.42901,31.62057]},"properties":{"cell_id":"6324_14886","pred_class":"gas_flare","n_detections":21,"frp_mean":0.4714,"frp_max":0.77,"night_frac":1.0,"first_seen":"2024-02-01","last_seen":"2026-02-28","class_agreement":1.0,"top_reasons":"is_persistent=1 (+0.72); dist_industrial_km=14.14 (+0.55); dist_any_industry_km=14.14 (-0.41); month_entropy=0.6563 (+0.39)"}},{"type":"Feature","geometry":{"type":"Point","coordinates":[74.43974,31.62617]},"properties":{"cell_id":"6325_14888","pred_class":"gas_flare","n_detections":16,"frp_mean":0.8831,"frp_max":3.05,"night_frac":1.0,"first_seen":"2024-01-29","last_seen":"2026-02-19","class_agreement":1.0,"top_reasons":"is_persistent=1 (+0.87); dist_industrial_km=12.99 (+0.58); n_active_days=16 (+0.42); dist_any_industry_km=12.99 (-0.38)"}},{"type":"Feature","geometry":{"type":"Point","coordinates":[74.42627,31.63003]},"properties":{"cell_id":"6326_14885","pred_class":"agricultural_burn","n_detections":16,"frp_mean":0.3506,"frp_max":0.53,"night_frac":1.0,"first_seen":"2024-03-18","last_seen":"2026-04-04","class_agreement":0.625,"top_reasons":"lc_crop_1km=0.7769 (+3.77); is_night=1 (-2.17); month=3 (-1.76); lc_crop_5km=0.7372 (+0.43)"}},{"type":"Feature","geometry":{"type":"Point","coordinates":[74.43396,31.64134]},"properties":{"cell_id":"6328_14887","pred_class":"gas_flare","n_detections":16,"frp_mean":0.4894,"frp_max":0.68,"night_frac":1.0,"first_seen":"2024-03-09","last_seen":"2026-04-08","class_agreement":1.0,"top_reasons":"is_persistent=1 (+0.83); dist_industrial_km=13.24 (+0.58); dist_any_industry_km=13.24 (-0.45); n_active_days=16 (+0.39)"}},{"type":"Feature","geometry":{"type":"Point","coordinates":[74.15447,31.64371]},"properties":{"cell_id":"6329_14831","pred_class":"gas_flare","n_detections":31,"frp_mean":0.5865,"frp_max":2.11,"night_frac":1.0,"first_seen":"2024-01-29","last_seen":"2026-04-08","class_agreement":1.0,"top_reasons":"is_persistent=1 (+0.77); dist_industrial_km=39.63 (+0.60); month_entropy=0.6982 (+0.34); inside_mining=0 (+0.31)"}},{"type":"Feature","geometry":{"type":"Point","coordinates":[74.17543,31.65159]},"properties":{"cell_id":"6330_14835","pred_class":"gas_flare","n_detections":59,"frp_mean":1.5768,"frp_max":4.29,"night_frac":1.0,"first_seen":"2024-02-12","last_seen":"2025-04-23","class_agreement":1.0,"top_reasons":"is_persistent=1 (+0.63); dist_industrial_km=37.63 (+0.55); dist_any_industry_km=37.63 (-0.46); month_entropy=0.8811 (+0.46)"}},{"type":"Feature","geometry":{"type":"Point","coordinates":[74.17538,31.65427]},"properties":{"cell_id":"6331_14835","pred_class":"gas_flare","n_detections":137,"frp_mean":1.6845,"frp_max":4.54,"night_frac":1.0,"first_seen":"2024-01-29","last_seen":"2025-04-21","class_agreement":0.8102,"top_reasons":"is_persistent=1 (+0.65); dist_industrial_km=37.63 (+0.58); month_entropy=0.9244 (+0.45); dist_any_industry_km=37.63 (-0.40)"}},{"type":"Feature","geometry":{"type":"Point","coordinates":[74.17826,31.65406]},"properties":{"cell_id":"6331_14836","pred_class":"gas_flare","n_detections":41,"frp_mean":1.9066,"frp_max":7.05,"night_frac":1.0,"first_seen":"2024-01-29","last_seen":"2025-05-17","class_agreement":0.6098,"top_reasons":"is_persistent=1 (+0.65); dist_industrial_km=37.36 (+0.55); dist_any_industry_km=37.36 (-0.48); month_entropy=0.9162 (+0.46)"}},{"type":"Feature","geometry":{"type":"Point","coordinates":[74.26595,32.05679]},"properties":{"cell_id":"6411_14853","pred_class":"agricultural_burn","n_detections":17,"frp_mean":0.6729,"frp_max":1.07,"night_frac":1.0,"first_seen":"2024-10-12","last_seen":"2026-04-13","class_agreement":0.7647,"top_reasons":"lc_crop_1km=0.8347 (+4.66); is_night=1 (-3.31); bright_ti4=308 (-0.79); lc_crop_5km=0.8648 (+0.58)"}},{"type":"Feature","geometry":{"type":"Point","coordinates":[74.26595,32.05868]},"properties":{"cell_id":"6412_14853","pred_class":"gas_flare","n_detections":40,"frp_mean":0.7688,"frp_max":4.08,"night_frac":1.0,"first_seen":"2024-03-09","last_seen":"2026-03-08","class_agreement":1.0,"top_reasons":"is_persistent=1 (+0.80); dist_industrial_km=53.43 (+0.65); dist_any_industry_km=53.43 (-0.52); month_entropy=0.8733 (+0.45)"}},{"type":"Feature","geometry":{"type":"Point","coordinates":[74.16109,32.08593]},"properties":{"cell_id":"6417_14832","pred_class":"gas_flare","n_detections":88,"frp_mean":1.1226,"frp_max":4.33,"night_frac":1.0,"first_seen":"2024-01-17","last_seen":"2026-04-25","class_agreement":1.0,"top_reasons":"is_persistent=1 (+0.71); dist_any_industry_km=61.78 (-0.69); dist_industrial_km=61.78 (+0.62); month_entropy=0.8941 (+0.42)"}},{"type":"Feature","geometry":{"type":"Point","coordinates":[74.16495,32.08582]},"properties":{"cell_id":"6417_14833","pred_class":"gas_flare","n_detections":147,"frp_mean":1.187,"frp_max":4.82,"night_frac":1.0,"first_seen":"2024-02-07","last_seen":"2026-04-26","class_agreement":1.0,"top_reasons":"is_persistent=1 (+0.78); dist_any_industry_km=61.54 (-0.71); dist_industrial_km=61.54 (+0.57); month_entropy=0.9269 (+0.43)"}},{"type":"Feature","geometry":{"type":"Point","coordinates":[74.16831,32.0858]},"properties":{"cell_id":"6417_14834","pred_class":"gas_flare","n_detections":21,"frp_mean":0.9633,"frp_max":2.04,"night_frac":1.0,"first_seen":"2024-02-13","last_seen":"2026-04-26","class_agreement":1.0,"top_reasons":"is_persistent=1 (+0.73); dist_any_industry_km=61.34 (-0.71); dist_industrial_km=61.34 (+0.51); month_entropy=0.7801 (+0.43)"}},{"type":"Feature","geometry":{"type":"Point","coordinates":[74.15088,32.09128]},"properties":{"cell_id":"6418_14830","pred_class":"agricultural_burn","n_detections":15,"frp_mean":0.9,"frp_max":2.42,"night_frac":1.0,"first_seen":"2024-06-09","last_seen":"2026-04-12","class_agreement":0.8667,"top_reasons":"lc_crop_1km=0.5868 (+4.14); is_night=1 (-2.57); bright_ti4=305.2 (-0.67); lc_crop_5km=0.679 (+0.47)"}},{"type":"Feature","geometry":{"type":"Point","coordinates":[74.16138,32.08879]},"properties":{"cell_id":"6418_14832","pred_class":"gas_flare","n_detections":24,"frp_mean":1.2208,"frp_max":2.88,"night_frac":1.0,"first_seen":"2024-04-06","last_seen":"2026-04-26","class_agreement":1.0,"top_reasons":"is_persistent=1 (+0.73); dist_industrial_km=62.01 (+0.55); dist_any_industry_km=62.01 (-0.43); month_entropy=0.8383 (+0.37)"}},{"type":"Feature","geometry":{"type":"Point","coordinates":[74.16436,32.08914]},"properties":{"cell_id":"6418_14833","pred_class":"gas_flare","n_detections":74,"frp_mean":1.0339,"frp_max":3.59,"night_frac":0.9865,"first_seen":"2024-01-27","last_seen":"2026-04-25","class_agreement":1.0,"top_reasons":"is_persistent=1 (+0.75); dist_any_industry_km=61.86 (-0.72); dist_industrial_km=61.86 (+0.56); month_entropy=0.9279 (+0.42)"}},{"type":"Feature","geometry":{"type":"Point","coordinates":[74.17149,32.10363]},"properties":{"cell_id":"6421_14834","pred_class":"gas_flare","n_detections":18,"frp_mean":0.9378,"frp_max":3.68,"night_frac":1.0,"first_seen":"2024-01-17","last_seen":"2026-01-17","class_agreement":1.0,"top_reasons":"is_persistent=1 (+0.74); dist_any_industry_km=62.72 (-0.64); dist_industrial_km=62.72 (+0.49); n_active_days=18 (+0.46)"}},{"type":"Feature","geometry":{"type":"Point","coordinates":[74.17414,32.10376]},"properties":{"cell_id":"6421_14835","pred_class":"gas_flare","n_detections":44,"frp_mean":0.9827,"frp_max":2.58,"night_frac":1.0,"first_seen":"2024-02-14","last_seen":"2026-04-13","class_agreement":1.0,"top_reasons":"is_persistent=1 (+0.78); dist_any_industry_km=62.58 (-0.67); dist_industrial_km=62.58 (+0.54); month_entropy=0.8553 (+0.43)"}},{"type":"Feature","geometry":{"type":"Point","coordinates":[74.18008,32.106]},"properties":{"cell_id":"6421_14836","pred_class":"gas_flare","n_detections":70,"frp_mean":1.1674,"frp_max":5.25,"night_frac":1.0,"first_seen":"2024-05-29","last_seen":"2026-04-21","class_agreement":1.0,"top_reasons":"is_persistent=1 (+0.70); dist_any_industry_km=62.44 (-0.55); dist_industrial_km=62.44 (+0.42); month_entropy=0.9026 (+0.39)"}},{"type":"Feature","geometry":{"type":"Point","coordinates":[74.17941,32.10842]},"properties":{"cell_id":"6422_14836","pred_class":"gas_flare","n_detections":32,"frp_mean":1.0916,"frp_max":2.92,"night_frac":1.0,"first_seen":"2024-09-25","last_seen":"2026-04-21","class_agreement":1.0,"top_reasons":"is_persistent=1 (+0.74); dist_any_industry_km=62.69 (-0.71); dist_industrial_km=62.69 (+0.52); month_entropy=0.8902 (+0.44)"}},{"type":"Feature","geometry":{"type":"Point","coordinates":[74.17609,32.13092]},"properties":{"cell_id":"6426_14835","pred_class":"gas_flare","n_detections":66,"frp_mean":1.2903,"frp_max":9.79,"night_frac":1.0,"first_seen":"2024-02-24","last_seen":"2026-04-11","class_agreement":1.0,"top_reasons":"is_persistent=1 (+0.76); dist_any_industry_km=64.9 (-0.75); dist_industrial_km=64.9 (+0.55); month_entropy=0.9182 (+0.43)"}},{"type":"Feature","geometry":{"type":"Point","coordinates":[74.17845,32.13076]},"properties":{"cell_id":"6426_14836","pred_class":"gas_flare","n_detections":34,"frp_mean":0.8326,"frp_max":2.47,"night_frac":1.0,"first_seen":"2024-02-20","last_seen":"2026-02-28","class_agreement":1.0,"top_reasons":"is_persistent=1 (+0.69); dist_any_industry_km=64.76 (-0.61); dist_industrial_km=64.76 (+0.49); month_entropy=0.8405 (+0.45)"}},{"type":"Feature","geometry":{"type":"Point","coordinates":[74.1762,32.13333]},"properties":{"cell_id":"6427_14835","pred_class":"gas_flare","n_detections":20,"frp_mean":1.274,"frp_max":4.16,"night_frac":1.0,"first_seen":"2024-06-23","last_seen":"2026-02-25","class_agreement":1.0,"top_reasons":"is_persistent=1 (+0.70); n_active_days=19 (+0.56); dist_any_industry_km=65.12 (-0.52); dist_industrial_km=65.12 (+0.47)"}},{"type":"Feature","geometry":{"type":"Point","coordinates":[74.22092,32.20377]},"properties":{"cell_id":"6441_14844","pred_class":"gas_flare","n_detections":19,"frp_mean":0.8568,"frp_max":2.39,"night_frac":1.0,"first_seen":"2024-01-18","last_seen":"2025-12-06","class_agreement":1.0,"top_reasons":"is_persistent=1 (+0.74); dist_any_industry_km=67.76 (-0.57); n_active_days=19 (+0.45); dist_industrial_km=67.76 (+0.44)"}},{"type":"Feature","geometry":{"type":"Point","coordinates":[70.73054,32.29186]},"properties":{"cell_id":"6458_14146","pred_class":"gas_flare","n_detections":73,"frp_mean":1.3364,"frp_max":5.13,"night_frac":1.0,"first_seen":"2024-01-04","last_seen":"2026-02-19","class_agreement":1.0,"top_reasons":"is_persistent=1 (+0.81); dist_industrial_km=360.1 (+0.72); dist_any_industry_km=360.1 (-0.60); month_entropy=0.9143 (+0.43)"}},{"type":"Feature","geometry":{"type":"Point","coordinates":[70.73581,32.29004]},"properties":{"cell_id":"6458_14147","pred_class":"gas_flare","n_detections":48,"frp_mean":1.3958,"frp_max":4.43,"night_frac":1.0,"first_seen":"2024-02-04","last_seen":"2026-04-12","class_agreement":1.0,"top_reasons":"is_persistent=1 (+0.79); dist_any_industry_km=359.7 (-0.75); dist_industrial_km=359.7 (+0.69); month_entropy=0.8603 (+0.47)"}},{"type":"Feature","geometry":{"type":"Point","coordinates":[70.73934,32.28998]},"properties":{"cell_id":"6458_14148","pred_class":"gas_flare","n_detections":149,"frp_mean":1.1918,"frp_max":3.38,"night_frac":0.9933,"first_seen":"2024-02-05","last_seen":"2026-04-27","class_agreement":1.0,"top_reasons":"is_persistent=1 (+0.79); dist_industrial_km=359.4 (+0.69); dist_any_industry_km=359.4 (-0.51); month_entropy=0.8656 (+0.42)"}},{"type":"Feature","geometry":{"type":"Point","coordinates":[70.73039,32.29406]},"properties":{"cell_id":"6459_14146","pred_class":"gas_flare","n_detections":286,"frp_mean":1.48,"frp_max":5.53,"night_frac":1.0,"first_seen":"2024-01-16","last_seen":"2026-03-31","class_agreement":1.0,"top_reasons":"is_persistent=1 (+0.78); dist_any_industry_km=360.1 (-0.74); dist_industrial_km=360.1 (+0.70); month_entropy=0.9575 (+0.47)"}},{"type":"Feature","geometry":{"type":"Point","coordinates":[70.7331,32.29395]},"properties":{"cell_id":"6459_14147","pred_class":"gas_flare","n_detections":46,"frp_mean":1.3478,"frp_max":3.34,"night_frac":1.0,"first_seen":"2024-05-18","last_seen":"2026-03-14","class_agreement":1.0,"top_reasons":"is_persistent=1 (+0.77); dist_industrial_km=359.8 (+0.67); dist_any_industry_km=359.8 (-0.65); month_entropy=0.8814 (+0.47)"}},{"type":"Feature","geometry":{"type":"Point","coordinates":[74.31155,32.29522]},"properties":{"cell_id":"6459_14862","pred_class":"gas_flare","n_detections":30,"frp_mean":0.9567,"frp_max":2.19,"night_frac":1.0,"first_seen":"2024-02-04","last_seen":"2026-03-08","class_agreement":1.0,"top_reasons":"is_persistent=1 (+0.86); dist_industrial_km=63.03 (+0.64); dist_any_industry_km=63.03 (-0.60); month_entropy=0.927 (+0.42)"}},{"type":"Feature","geometry":{"type":"Point","coordinates":[74.31403,32.29512]},"properties":{"cell_id":"6459_14863","pred_class":"gas_flare","n_detections":27,"frp_mean":0.8407,"frp_max":3.12,"night_frac":1.0,"first_seen":"2024-02-04","last_seen":"2026-02-23","class_agreement":1.0,"top_reasons":"is_persistent=1 (+0.70); dist_industrial_km=62.86 (+0.56); dist_any_industry_km=62.86 (-0.52); n_active_days=26 (+0.45)"}},{"type":"Feature","geometry":{"type":"Point","coordinates":[72.13908,32.3797]},"properties":{"cell_id":"6476_14428","pred_class":"gas_flare","n_detections":60,"frp_mean":0.9247,"frp_max":3.42,"night_frac":1.0,"first_seen":"2024-03-04","last_seen":"2026-03-26","class_agreement":1.0,"top_reasons":"is_persistent=1 (+0.66); dist_industrial_km=232.8 (+0.51); dist_any_industry_km=232.8 (-0.43); month_entropy=0.7696 (+0.33)"}},{"type":"Feature","geometry":{"type":"Point","coordinates":[72.56088,32.57566]},"properties":{"cell_id":"6515_14512","pred_class":"gas_flare","n_detections":58,"frp_mean":1.2036,"frp_max":3.3,"night_frac":1.0,"first_seen":"2024-05-02","last_seen":"2026-04-25","class_agreement":1.0,"top_reasons":"is_persistent=1 (+0.77); dist_industrial_km=187.8 (+0.62); dist_any_industry_km=187.8 (-0.62); month_entropy=0.9196 (+0.42)"}},{"type":"Feature","geometry":{"type":"Point","coordinates":[72.56462,32.57501]},"properties":{"cell_id":"6515_14513","pred_class":"gas_flare","n_detections":131,"frp_mean":1.1502,"frp_max":3.07,"night_frac":1.0,"first_seen":"2024-01-18","last_seen":"2026-04-05","class_agreement":1.0,"top_reasons":"is_persistent=1 (+0.78); dist_any_industry_km=187.5 (-0.71); dist_industrial_km=187.5 (+0.65); month_entropy=0.9075 (+0.43)"}},{"type":"Feature","geometry":{"type":"Point","coordinates":[72.97598,32.64391]},"properties":{"cell_id":"6529_14595","pred_class":"gas_flare","n_detections":29,"frp_mean":0.6693,"frp_max":1.49,"night_frac":1.0,"first_seen":"2024-03-11","last_seen":"2026-04-13","class_agreement":1.0,"top_reasons":"is_persistent=1 (+0.70); dist_industrial_km=149.2 (+0.54); dist_any_industry_km=149.2 (-0.54); n_active_days=28 (+0.38)"}},{"type":"Feature","geometry":{"type":"Point","coordinates":[72.7751,32.7166]},"properties":{"cell_id":"6543_14555","pred_class":"gas_flare","n_detections":61,"frp_mean":0.8954,"frp_max":1.56,"night_frac":1.0,"first_seen":"2024-02-24","last_seen":"2026-04-24","class_agreement":1.0,"top_reasons":"is_persistent=1 (+0.76); dist_industrial_km=163.4 (+0.71); dist_any_industry_km=163.4 (-0.68); month_entropy=0.8228 (+0.43)"}},{"type":"Feature","geometry":{"type":"Point","coordinates":[72.77496,32.71861]},"properties":{"cell_id":"6544_14555","pred_class":"gas_flare","n_detections":69,"frp_mean":0.9725,"frp_max":2.44,"night_frac":1.0,"first_seen":"2024-01-01","last_seen":"2026-04-19","class_agreement":1.0,"top_reasons":"is_persistent=1 (+0.76); dist_industrial_km=163.3 (+0.70); dist_any_industry_km=163.3 (-0.68); month_entropy=0.8068 (+0.43)"}},{"type":"Feature","geometry":{"type":"Point","coordinates":[72.92215,32.72075]},"properties":{"cell_id":"6544_14584","pred_class":"gas_flare","n_detections":24,"frp_mean":1.0558,"frp_max":3.09,"night_frac":0.9583,"first_seen":"2024-03-21","last_seen":"2026-04-11","class_agreement":1.0,"top_reasons":"is_persistent=1 (+0.89); dist_industrial_km=150.4 (+0.74); dist_any_industry_km=150.4 (-0.45); month_entropy=0.8795 (+0.43)"}},{"type":"Feature","geometry":{"type":"Point","coordinates":[72.92433,32.72107]},"properties":{"cell_id":"6544_14585","pred_class":"gas_flare","n_detections":82,"frp_mean":1.0795,"frp_max":3.09,"night_frac":0.9878,"first_seen":"2024-01-13","last_seen":"2026-04-13","class_agreement":1.0,"top_reasons":"is_persistent=1 (+0.84); dist_industrial_km=150.2 (+0.72); dist_any_industry_km=150.2 (-0.58); month_entropy=0.9406 (+0.43)"}},{"type":"Feature","geometry":{"type":"Point","coordinates":[72.81683,32.72561]},"properties":{"cell_id":"6545_14563","pred_class":"gas_flare","n_detections":30,"frp_mean":1.0377,"frp_max":1.66,"night_frac":1.0,"first_seen":"2024-01-01","last_seen":"2026-03-04","class_agreement":1.0,"top_reasons":"is_persistent=1 (+0.75); dist_any_industry_km=159.3 (-0.70); dist_industrial_km=159.3 (+0.64); month_entropy=0.7957 (+0.44)"}},{"type":"Feature","geometry":{"type":"Point","coordinates":[72.81867,32.72583]},"properties":{"cell_id":"6545_14564","pred_class":"gas_flare","n_detections":53,"frp_mean":1.1577,"frp_max":4.63,"night_frac":1.0,"first_seen":"2024-01-07","last_seen":"2026-03-06","class_agreement":1.0,"top_reasons":"is_persistent=1 (+0.76); dist_any_industry_km=159.2 (-0.75); dist_industrial_km=159.2 (+0.71); month_entropy=0.782 (+0.43)"}},{"type":"Feature","geometry":{"type":"Point","coordinates":[72.92418,32.72299]},"properties":{"cell_id":"6545_14585","pred_class":"gas_flare","n_detections":22,"frp_mean":0.9414,"frp_max":1.9,"night_frac":1.0,"first_seen":"2024-03-16","last_seen":"2026-02-01","class_agreement":1.0,"top_reasons":"is_persistent=1 (+0.84); dist_industrial_km=150.1 (+0.69); n_active_days=22 (+0.50); dist_any_industry_km=150.1 (-0.42)"}},{"type":"Feature","geometry":{"type":"Point","coordinates":[73.13979,32.72619]},"properties":{"cell_id":"6545_14628","pred_class":"gas_flare","n_detections":68,"frp_mean":1.0846,"frp_max":3.95,"night_frac":1.0,"first_seen":"2024-01-18","last_seen":"2026-04-13","class_agreement":1.0,"top_reasons":"dist_any_industry_km=131.4 (-0.77); is_persistent=1 (+0.76); dist_industrial_km=131.4 (+0.68); month_entropy=0.9319 (+0.42)"}},{"type":"Feature","geometry":{"type":"Point","coordinates":[71.6011,32.82847]},"properties":{"cell_id":"6566_14320","pred_class":"gas_flare","n_detections":55,"frp_mean":1.0718,"frp_max":4.28,"night_frac":1.0,"first_seen":"2024-03-08","last_seen":"2026-04-13","class_agreement":1.0,"top_reasons":"is_persistent=1 (+0.73); dist_industrial_km=266.5 (+0.58); month_entropy=0.8538 (+0.37); inside_mining=0 (+0.31)"}},{"type":"Feature","geometry":{"type":"Point","coordinates":[71.60356,32.82881]},"properties":{"cell_id":"6566_14321","pred_class":"gas_flare","n_detections":27,"frp_mean":0.9244,"frp_max":2.89,"night_frac":1.0,"first_seen":"2024-03-15","last_seen":"2026-04-05","class_agreement":1.0,"top_reasons":"is_persistent=1 (+0.80); dist_industrial_km=266.2 (+0.65); month_entropy=0.7443 (+0.41); n_active_days=27 (+0.35)"}},{"type":"Feature","geometry":{"type":"Point","coordinates":[71.61573,32.88685]},"properties":{"cell_id":"6577_14323","pred_class":"thermal_power","n_detections":72,"frp_mean":1.3481,"frp_max":3.81,"night_frac":0.9861,"first_seen":"2024-01-09","last_seen":"2026-03-01","class_agreement":1.0,"top_reasons":"dist_thermal_plant_km=2.072 (+9.23); is_persistent=1 (+0.72); frp_mean=1.348 (+0.24); n_detections=72 (+0.17)"}},{"type":"Feature","geometry":{"type":"Point","coordinates":[71.61817,32.88686]},"properties":{"cell_id":"6577_14324","pred_class":"thermal_power","n_detections":19,"frp_mean":1.5726,"frp_max":3.72,"night_frac":0.9474,"first_seen":"2024-05-04","last_seen":"2026-03-23","class_agreement":1.0,"top_reasons":"dist_thermal_plant_km=2.122 (+9.05); is_persistent=1 (+0.74); frp_mean=1.573 (+0.26); n_detections=19 (+0.20)"}},{"type":"Feature","geometry":{"type":"Point","coordinates":[71.61594,32.88914]},"properties":{"cell_id":"6578_14323","pred_class":"thermal_power","n_detections":308,"frp_mean":1.6848,"frp_max":5.67,"night_frac":0.9805,"first_seen":"2024-01-16","last_seen":"2026-03-27","class_agreement":1.0,"top_reasons":"dist_thermal_plant_km=1.825 (+9.21); is_persistent=1 (+0.74); frp_mean=1.685 (+0.25); n_detections=308 (+0.17)"}},{"type":"Feature","geometry":{"type":"Point","coordinates":[71.61837,32.8893]},"properties":{"cell_id":"6578_14324","pred_class":"thermal_power","n_detections":123,"frp_mean":1.5139,"frp_max":7.17,"night_frac":0.9512,"first_seen":"2024-01-05","last_seen":"2026-03-23","class_agreement":1.0,"top_reasons":"dist_thermal_plant_km=1.868 (+9.21); is_persistent=1 (+0.71); frp_mean=1.514 (+0.25); n_detections=123 (+0.17)"}},{"type":"Feature","geometry":{"type":"Point","coordinates":[71.6056,32.89587]},"properties":{"cell_id":"6579_14321","pred_class":"thermal_power","n_detections":34,"frp_mean":1.7018,"frp_max":5.43,"night_frac":1.0,"first_seen":"2024-06-14","last_seen":"2025-11-19","class_agreement":1.0,"top_reasons":"dist_thermal_plant_km=1.192 (+9.19); is_persistent=1 (+0.75); frp_mean=1.702 (+0.19); n_detections=34 (+0.18)"}},{"type":"Feature","geometry":{"type":"Point","coordinates":[71.51154,33.23523]},"properties":{"cell_id":"6647_14302","pred_class":"gas_flare","n_detections":23,"frp_mean":1.1474,"frp_max":4.96,"night_frac":1.0,"first_seen":"2024-06-23","last_seen":"2026-03-13","class_agreement":1.0,"top_reasons":"is_persistent=1 (+0.75); dist_industrial_km=258.2 (+0.58); dist_any_industry_km=258.2 (-0.53); n_active_days=21 (+0.50)"}},{"type":"Feature","geometry":{"type":"Point","coordinates":[71.51489,33.23556]},"properties":{"cell_id":"6647_14303","pred_class":"gas_flare","n_detections":149,"frp_mean":0.8089,"frp_max":3.05,"night_frac":0.9329,"first_seen":"2024-04-06","last_seen":"2026-04-26","class_agreement":1.0,"top_reasons":"is_persistent=1 (+0.72); dist_industrial_km=257.9 (+0.56); month_entropy=0.8665 (+0.33); n_active_days=123 (+0.32)"}},{"type":"Feature","geometry":{"type":"Point","coordinates":[71.51489,33.23802]},"properties":{"cell_id":"6648_14303","pred_class":"gas_flare","n_detections":21,"frp_mean":1.4267,"frp_max":13.24,"night_frac":0.9524,"first_seen":"2024-04-22","last_seen":"2025-11-29","class_agreement":1.0,"top_reasons":"is_persistent=1 (+0.76); dist_industrial_km=257.7 (+0.60); month_entropy=0.7639 (+0.42); n_active_days=20 (+0.39)"}},{"type":"Feature","geometry":{"type":"Point","coordinates":[71.30993,33.26687]},"properties":{"cell_id":"6653_14262","pred_class":"gas_flare","n_detections":20,"frp_mean":2.025,"frp_max":6.03,"night_frac":0.7,"first_seen":"2024-01-23","last_seen":"2026-03-31","class_agreement":1.0,"top_reasons":"is_persistent=1 (+0.90); dist_industrial_km=274.2 (+0.59); dist_any_industry_km=274.2 (-0.49); inside_mining=0 (+0.41)"}},{"type":"Feature","geometry":{"type":"Point","coordinates":[71.31017,33.26948]},"properties":{"cell_id":"6654_14262","pred_class":"gas_flare","n_detections":74,"frp_mean":2.6609,"frp_max":17.16,"night_frac":0.6622,"first_seen":"2024-02-13","last_seen":"2026-03-31","class_agreement":1.0,"top_reasons":"is_persistent=1 (+0.76); dist_any_industry_km=274.1 (-0.69); dist_industrial_km=274.1 (+0.61); month_entropy=0.9155 (+0.41)"}},{"type":"Feature","geometry":{"type":"Point","coordinates":[71.59059,33.27135]},"properties":{"cell_id":"6654_14318","pred_class":"gas_flare","n_detections":32,"frp_mean":2.2094,"frp_max":21.72,"night_frac":0.8438,"first_seen":"2024-10-31","last_seen":"2026-04-21","class_agreement":1.0,"top_reasons":"is_persistent=1 (+0.78); dist_industrial_km=249.8 (+0.56); dist_any_industry_km=249.8 (-0.37); month_entropy=0.7444 (+0.31)"}},{"type":"Feature","geometry":{"type":"Point","coordinates":[71.59021,33.27355]},"properties":{"cell_id":"6655_14318","pred_class":"gas_flare","n_detections":26,"frp_mean":1.4065,"frp_max":3.94,"night_frac":0.8846,"first_seen":"2025-05-19","last_seen":"2026-04-26","class_agreement":1.0,"top_reasons":"is_persistent=1 (+0.78); dist_industrial_km=249.8 (+0.62); month_entropy=0.6797 (+0.39); dist_any_industry_km=249.8 (-0.37)"}},{"type":"Feature","geometry":{"type":"Point","coordinates":[72.14527,33.27559]},"properties":{"cell_id":"6655_14429","pred_class":"gas_flare","n_detections":22,"frp_mean":0.8773,"frp_max":3.33,"night_frac":0.9091,"first_seen":"2024-03-18","last_seen":"2026-04-23","class_agreement":1.0,"top_reasons":"is_persistent=1 (+0.84); dist_industrial_km=203.1 (+0.61); n_active_days=21 (+0.40); n_detections=22 (+0.37)"}},{"type":"Feature","geometry":{"type":"Point","coordinates":[71.18476,33.29509]},"properties":{"cell_id":"6659_14237","pred_class":"gas_flare","n_detections":50,"frp_mean":3.392,"frp_max":14.4,"night_frac":0.72,"first_seen":"2024-01-02","last_seen":"2026-04-26","class_agreement":1.0,"top_reasons":"is_persistent=1 (+0.83); dist_industrial_km=284 (+0.61); dist_any_industry_km=284 (-0.50); month_entropy=0.9336 (+0.40)"}},{"type":"Feature","geometry":{"type":"Point","coordinates":[71.93915,33.40645]},"properties":{"cell_id":"6681_14388","pred_class":"gas_flare","n_detections":40,"frp_mean":0.8565,"frp_max":5.95,"night_frac":0.975,"first_seen":"2024-01-17","last_seen":"2026-03-27","class_agreement":1.0,"top_reasons":"is_persistent=1 (+0.80); dist_any_industry_km=214.1 (-0.67); dist_industrial_km=214.1 (+0.64); inside_mining=0 (+0.41)"}},{"type":"Feature","geometry":{"type":"Point","coordinates":[71.93938,33.40838]},"properties":{"cell_id":"6682_14388","pred_class":"gas_flare","n_detections":48,"frp_mean":0.8404,"frp_max":3.04,"night_frac":0.9583,"first_seen":"2024-04-06","last_seen":"2026-03-23","class_agreement":1.0,"top_reasons":"is_persistent=1 (+0.79); dist_industrial_km=214 (+0.61); dist_any_industry_km=214 (-0.55); month_entropy=0.9212 (+0.40)"}},{"type":"Feature","geometry":{"type":"Point","coordinates":[71.58492,33.45396]},"properties":{"cell_id":"6691_14317","pred_class":"gas_flare","n_detections":20,"frp_mean":2.354,"frp_max":6.43,"night_frac":0.85,"first_seen":"2024-03-19","last_seen":"2026-02-18","class_agreement":1.0,"top_reasons":"is_persistent=1 (+0.78); dist_any_industry_km=243.1 (-0.52); dist_industrial_km=243.1 (+0.48); month_entropy=0.6754 (+0.43)"}},{"type":"Feature","geometry":{"type":"Point","coordinates":[71.55055,33.54604]},"properties":{"cell_id":"6709_14310","pred_class":"gas_flare","n_detections":98,"frp_mean":0.9017,"frp_max":3.08,"night_frac":1.0,"first_seen":"2024-02-08","last_seen":"2026-04-23","class_agreement":1.0,"top_reasons":"is_persistent=1 (+0.71); dist_any_industry_km=243.1 (-0.70); dist_industrial_km=243.1 (+0.64); month_entropy=0.9225 (+0.42)"}},{"type":"Feature","geometry":{"type":"Point","coordinates":[71.55063,33.54888]},"properties":{"cell_id":"6710_14310","pred_class":"gas_flare","n_detections":24,"frp_mean":0.9325,"frp_max":2.47,"night_frac":1.0,"first_seen":"2024-01-06","last_seen":"2026-03-31","class_agreement":1.0,"top_reasons":"is_persistent=1 (+0.76); dist_any_industry_km=243 (-0.56); dist_industrial_km=243 (+0.52); month_entropy=0.6482 (+0.37)"}},{"type":"Feature","geometry":{"type":"Point","coordinates":[72.71069,33.68708]},"properties":{"cell_id":"6737_14542","pred_class":"gas_flare","n_detections":21,"frp_mean":1.5105,"frp_max":4.69,"night_frac":1.0,"first_seen":"2024-04-01","last_seen":"2026-02-24","class_agreement":1.0,"top_reasons":"is_persistent=1 (+0.76); dist_industrial_km=136.2 (+0.61); dist_any_industry_km=136.2 (-0.53); month_entropy=0.8219 (+0.44)"}},{"type":"Feature","geometry":{"type":"Point","coordinates":[72.71335,33.68717]},"properties":{"cell_id":"6737_14543","pred_class":"gas_flare","n_detections":15,"frp_mean":0.9053,"frp_max":1.59,"night_frac":1.0,"first_seen":"2024-03-16","last_seen":"2026-03-24","class_agreement":1.0,"top_reasons":"is_persistent=1 (+0.89); dist_any_industry_km=135.9 (-0.63); dist_industrial_km=135.9 (+0.53); month_entropy=0.7873 (+0.41)"}},{"type":"Feature","geometry":{"type":"Point","coordinates":[72.71088,33.68901]},"properties":{"cell_id":"6738_14542","pred_class":"gas_flare","n_detections":110,"frp_mean":1.2932,"frp_max":4.06,"night_frac":1.0,"first_seen":"2024-01-07","last_seen":"2026-04-15","class_agreement":1.0,"top_reasons":"is_persistent=1 (+0.79); dist_any_industry_km=136.1 (-0.76); dist_industrial_km=136.1 (+0.69); month_entropy=0.9335 (+0.43)"}},{"type":"Feature","geometry":{"type":"Point","coordinates":[72.71347,33.68916]},"properties":{"cell_id":"6738_14543","pred_class":"gas_flare","n_detections":54,"frp_mean":1.2644,"frp_max":3.9,"night_frac":1.0,"first_seen":"2024-02-19","last_seen":"2026-04-13","class_agreement":1.0,"top_reasons":"is_persistent=1 (+0.79); dist_any_industry_km=135.8 (-0.77); dist_industrial_km=135.8 (+0.69); month_entropy=0.892 (+0.43)"}},{"type":"Feature","geometry":{"type":"Point","coordinates":[72.09669,33.80114]},"properties":{"cell_id":"6760_14419","pred_class":"gas_flare","n_detections":19,"frp_mean":0.6826,"frp_max":0.92,"night_frac":1.0,"first_seen":"2024-02-05","last_seen":"2026-04-26","class_agreement":1.0,"top_reasons":"is_persistent=1 (+0.82); dist_industrial_km=187.2 (+0.56); dist_any_industry_km=187.2 (-0.46); month_entropy=0.7112 (+0.39)"}},{"type":"Feature","geometry":{"type":"Point","coordinates":[72.09893,33.80091]},"properties":{"cell_id":"6760_14420","pred_class":"gas_flare","n_detections":41,"frp_mean":0.7595,"frp_max":1.21,"night_frac":1.0,"first_seen":"2024-03-14","last_seen":"2026-04-21","class_agreement":1.0,"top_reasons":"is_persistent=1 (+0.75); dist_industrial_km=187 (+0.60); dist_any_industry_km=187 (-0.40); month_entropy=0.7367 (+0.39)"}},{"type":"Feature","geometry":{"type":"Point","coordinates":[72.72027,33.81582]},"properties":{"cell_id":"6763_14544","pred_class":"gas_flare","n_detections":42,"frp_mean":0.8779,"frp_max":1.7,"night_frac":1.0,"first_seen":"2024-03-08","last_seen":"2026-04-09","class_agreement":1.0,"top_reasons":"is_persistent=1 (+0.78); dist_any_industry_km=130.8 (-0.44); dist_thermal_plant_km=144.4 (+0.43); dist_industrial_km=130.8 (+0.42)"}},{"type":"Feature","geometry":{"type":"Point","coordinates":[72.83067,33.82881]},"properties":{"cell_id":"6766_14566","pred_class":"gas_flare","n_detections":62,"frp_mean":1.0561,"frp_max":2.81,"night_frac":0.9839,"first_seen":"2024-01-06","last_seen":"2026-03-04","class_agreement":1.0,"top_reasons":"is_persistent=1 (+0.79); dist_any_industry_km=120.6 (-0.69); dist_industrial_km=120.6 (+0.68); month_entropy=0.9513 (+0.42)"}},{"type":"Feature","geometry":{"type":"Point","coordinates":[72.87086,33.85014]},"properties":{"cell_id":"6770_14574","pred_class":"gas_flare","n_detections":73,"frp_mean":1.021,"frp_max":2.92,"night_frac":1.0,"first_seen":"2024-01-17","last_seen":"2026-03-22","class_agreement":1.0,"top_reasons":"is_persistent=1 (+0.83); dist_any_industry_km=116.4 (-0.71); dist_industrial_km=116.4 (+0.54); month_entropy=0.9419 (+0.41)"}},{"type":"Feature","geometry":{"type":"Point","coordinates":[72.87321,33.8503]},"properties":{"cell_id":"6770_14575","pred_class":"gas_flare","n_detections":28,"frp_mean":0.9761,"frp_max":2.58,"night_frac":0.9643,"first_seen":"2024-01-07","last_seen":"2026-02-07","class_agreement":1.0,"top_reasons":"is_persistent=1 (+0.82); dist_any_industry_km=116.2 (-0.62); dist_industrial_km=116.2 (+0.50); month_entropy=0.8545 (+0.42)"}},{"type":"Feature","geometry":{"type":"Point","coordinates":[71.46195,33.90124]},"properties":{"cell_id":"6780_14292","pred_class":"gas_flare","n_detections":15,"frp_mean":0.72,"frp_max":2.48,"night_frac":1.0,"first_seen":"2024-05-16","last_seen":"2026-02-20","class_agreement":1.0,"top_reasons":"is_persistent=1 (+0.77); dist_any_industry_km=243.4 (-0.50); dist_industrial_km=243.4 (+0.40); month_entropy=0.7923 (+0.33)"}},{"type":"Feature","geometry":{"type":"Point","coordinates":[71.46404,33.90093]},"properties":{"cell_id":"6780_14293","pred_class":"gas_flare","n_detections":30,"frp_mean":0.6247,"frp_max":2.75,"night_frac":1.0,"first_seen":"2024-02-13","last_seen":"2026-04-13","class_agreement":1.0,"top_reasons":"is_persistent=1 (+0.74); dist_any_industry_km=243.2 (-0.74); dist_industrial_km=243.2 (+0.63); month_entropy=0.8449 (+0.44)"}},{"type":"Feature","geometry":{"type":"Point","coordinates":[71.91523,33.90419]},"properties":{"cell_id":"6781_14383","pred_class":"gas_flare","n_detections":101,"frp_mean":0.9623,"frp_max":4.61,"night_frac":1.0,"first_seen":"2024-01-01","last_seen":"2026-04-19","class_agreement":1.0,"top_reasons":"is_persistent=1 (+0.74); dist_any_industry_km=201.8 (-0.73); dist_industrial_km=201.8 (+0.68); month_entropy=0.9454 (+0.46)"}},{"type":"Feature","geometry":{"type":"Point","coordinates":[71.48101,34.25006]},"properties":{"cell_id":"6850_14296","pred_class":"gas_flare","n_detections":24,"frp_mean":0.5429,"frp_max":1.09,"night_frac":1.0,"first_seen":"2024-02-28","last_seen":"2026-03-26","class_agreement":1.0,"top_reasons":"is_persistent=1 (+0.74); dist_industrial_km=240.3 (+0.67); dist_any_industry_km=240.3 (-0.56); month_entropy=0.833 (+0.44)"}},{"type":"Feature","geometry":{"type":"Point","coordinates":[68.68566,35.96622]},"properties":{"cell_id":"7193_13737","pred_class":"gas_flare","n_detections":94,"frp_mean":1.0044,"frp_max":2.39,"night_frac":1.0,"first_seen":"2024-03-13","last_seen":"2026-04-25","class_agreement":1.0,"top_reasons":"is_persistent=1 (+0.71); dist_any_industry_km=532.7 (-0.50); dist_industrial_km=532.7 (+0.48); month_entropy=0.8952 (+0.37)"}},{"type":"Feature","geometry":{"type":"Point","coordinates":[68.68538,35.96868]},"properties":{"cell_id":"7194_13737","pred_class":"gas_flare","n_detections":71,"frp_mean":0.9341,"frp_max":2.0,"night_frac":1.0,"first_seen":"2024-03-19","last_seen":"2026-04-25","class_agreement":1.0,"top_reasons":"is_persistent=1 (+0.71); dist_any_industry_km=532.9 (-0.51); dist_industrial_km=532.9 (+0.50); month_entropy=0.8637 (+0.39)"}},{"type":"Feature","geometry":{"type":"Point","coordinates":[94.83038,35.9905]},"properties":{"cell_id":"7198_18966","pred_class":"gas_flare","n_detections":96,"frp_mean":1.2256,"frp_max":1.96,"night_frac":1.0,"first_seen":"2024-04-06","last_seen":"2026-04-27","class_agreement":1.0,"top_reasons":"is_persistent=1 (+0.78); dist_any_industry_km=816.2 (-0.68); dist_industrial_km=816.2 (+0.65); month_entropy=0.8136 (+0.45)"}},{"type":"Feature","geometry":{"type":"Point","coordinates":[95.22106,36.7744]},"properties":{"cell_id":"7355_19044","pred_class":"gas_flare","n_detections":20,"frp_mean":1.0755,"frp_max":2.9,"night_frac":0.95,"first_seen":"2024-05-03","last_seen":"2025-08-28","class_agreement":1.0,"top_reasons":"is_persistent=1 (+0.77); dist_industrial_km=907.5 (+0.59); dist_any_industry_km=907.5 (-0.49); month_entropy=0.5817 (+0.43)"}},{"type":"Feature","geometry":{"type":"Point","coordinates":[95.22383,36.77492]},"properties":{"cell_id":"7355_19045","pred_class":"gas_flare","n_detections":17,"frp_mean":1.0341,"frp_max":4.74,"night_frac":0.9412,"first_seen":"2024-01-31","last_seen":"2025-03-06","class_agreement":1.0,"top_reasons":"is_persistent=1 (+0.76); dist_industrial_km=907.6 (+0.38); n_detections=17 (+0.36); dist_any_industry_km=907.6 (-0.33)"}},{"type":"Feature","geometry":{"type":"Point","coordinates":[80.19177,36.99849]},"properties":{"cell_id":"7400_16038","pred_class":"gas_flare","n_detections":22,"frp_mean":1.1264,"frp_max":1.67,"night_frac":1.0,"first_seen":"2024-03-29","last_seen":"2026-04-04","class_agreement":1.0,"top_reasons":"is_persistent=1 (+0.91); dist_industrial_km=396.1 (+0.64); n_active_days=22 (+0.40); month_entropy=0.6814 (+0.39)"}},{"type":"Feature","geometry":{"type":"Point","coordinates":[80.19414,36.99858]},"properties":{"cell_id":"7400_16039","pred_class":"gas_flare","n_detections":27,"frp_mean":1.0426,"frp_max":1.63,"night_frac":1.0,"first_seen":"2024-03-23","last_seen":"2026-04-24","class_agreement":1.0,"top_reasons":"is_persistent=1 (+0.85); dist_industrial_km=396.2 (+0.65); month_entropy=0.6597 (+0.43); dist_any_industry_km=396.2 (-0.40)"}},{"type":"Feature","geometry":{"type":"Point","coordinates":[79.49668,37.14364]},"properties":{"cell_id":"7429_15899","pred_class":"gas_flare","n_detections":17,"frp_mean":1.1724,"frp_max":1.83,"night_frac":1.0,"first_seen":"2024-04-08","last_seen":"2026-04-02","class_agreement":1.0,"top_reasons":"is_persistent=1 (+0.89); dist_industrial_km=376.9 (+0.59); dist_any_industry_km=376.9 (-0.40); n_active_days=17 (+0.40)"}},{"type":"Feature","geometry":{"type":"Point","coordinates":[79.49907,37.1436]},"properties":{"cell_id":"7429_15900","pred_class":"gas_flare","n_detections":38,"frp_mean":0.9921,"frp_max":1.44,"night_frac":1.0,"first_seen":"2024-03-17","last_seen":"2026-04-15","class_agreement":1.0,"top_reasons":"is_persistent=1 (+0.77); dist_industrial_km=377 (+0.58); dist_any_industry_km=377 (-0.40); month_entropy=0.724 (+0.39)"}},{"type":"Feature","geometry":{"type":"Point","coordinates":[97.37933,37.28903]},"properties":{"cell_id":"7458_19476","pred_class":"gas_flare","n_detections":22,"frp_mean":0.9218,"frp_max":1.72,"night_frac":1.0,"first_seen":"2024-04-06","last_seen":"2025-09-02","class_agreement":1.0,"top_reasons":"is_persistent=1 (+0.83); dist_industrial_km=1013 (+0.46); n_active_days=20 (+0.41); month_entropy=0.6635 (+0.37)"}},{"type":"Feature","geometry":{"type":"Point","coordinates":[97.40984,37.34646]},"properties":{"cell_id":"7469_19482","pred_class":"gas_flare","n_detections":45,"frp_mean":0.9376,"frp_max":1.87,"night_frac":1.0,"first_seen":"2024-05-19","last_seen":"2025-11-01","class_agreement":1.0,"top_reasons":"is_persistent=1 (+0.87); dist_industrial_km=1020 (+0.62); dist_any_industry_km=1020 (-0.49); month_entropy=0.7231 (+0.43)"}},{"type":"Feature","geometry":{"type":"Point","coordinates":[97.40964,37.3484]},"properties":{"cell_id":"7470_19482","pred_class":"gas_flare","n_detections":44,"frp_mean":1.0234,"frp_max":1.85,"night_frac":1.0,"first_seen":"2024-04-21","last_seen":"2025-10-21","class_agreement":1.0,"top_reasons":"is_persistent=1 (+0.75); dist_industrial_km=1020 (+0.44); month_entropy=0.7003 (+0.37); dist_any_industry_km=1020 (-0.34)"}}]}